driver,abbr,team,lap,time_s,distance_m,speed_kph,rpm,gear,throttle_pct,brake,drs,x_m,y_m,z_m
1,VER,Red Bull Racing,68,0.0,0.18,284.3,11236,7,100,0,0,335.3,91.1,13.1
1,VER,Red Bull Racing,68,0.09,7.35,285.0,11262,7,100,0,0,336.3,84.5,13.1
1,VER,Red Bull Racing,68,0.31,24.89,286.9,11325,7,100,0,0,338.2,67.2,12.8
1,VER,Red Bull Racing,68,0.326,26.16,287.0,11330,7,100,0,0,338.3,65.3,12.8
1,VER,Red Bull Racing,68,0.486,38.92,287.0,11331,7,100,0,0,339.4,42.9,12.7
1,VER,Red Bull Racing,68,0.51,40.84,287.1,11336,7,100,0,0,339.5,40.1,12.7
1,VER,Red Bull Racing,68,0.846,67.82,289.0,11399,7,100,0,0,339.3,22.3,12.8
1,VER,Red Bull Racing,68,0.91,72.94,288.6,11399,7,100,0,0,339.2,19.3,12.8
1,VER,Red Bull Racing,68,1.006,80.62,288.0,11399,7,100,0,0,339.0,13.7,12.8
1,VER,Red Bull Racing,68,1.13,90.52,288.0,11406,7,100,0,0,338.3,1.7,12.9
1,VER,Red Bull Racing,68,1.27,101.71,288.0,11414,7,100,0,0,336.3,-20.6,13.0
1,VER,Red Bull Racing,68,1.367,109.5,288.0,11420,7,100,0,0,335.2,-32.0,13.0
1,VER,Red Bull Racing,68,1.527,122.34,289.0,11370,7,83,0,0,334.3,-40.0,13.0
1,VER,Red Bull Racing,68,1.727,137.67,276.0,10849,7,0,1,0,333.3,-46.6,13.0
1,VER,Red Bull Racing,68,1.769,140.8,273.2,10767,7,0,1,0,333.0,-49.0,13.0
1,VER,Red Bull Racing,68,1.949,153.8,261.2,10415,7,0,1,0,331.4,-62.2,13.1
1,VER,Red Bull Racing,68,2.087,162.87,252.0,10145,7,0,1,0,330.4,-71.9,13.2
1,VER,Red Bull Racing,68,2.189,168.95,234.9,10169,7,0,1,0,329.7,-78.5,13.2
1,VER,Red Bull Racing,68,2.289,174.5,218.1,10193,7,0,1,0,329.1,-84.6,13.2
1,VER,Red Bull Racing,68,2.367,178.82,205.0,10211,7,0,1,0,328.7,-89.6,13.2
1,VER,Red Bull Racing,68,2.607,191.95,197.0,10957,7,0,1,0,328.1,-105.5,13.4
1,VER,Red Bull Racing,68,2.63,193.11,194.9,10863,7,0,1,0,328.1,-106.7,13.4
1,VER,Red Bull Racing,68,3.007,209.84,161.0,9330,4,0,1,0,329.1,-121.3,13.3
1,VER,Red Bull Racing,68,3.03,210.82,160.1,9270,4,0,1,0,329.2,-122.2,13.3
1,VER,Red Bull Racing,68,3.11,214.25,156.9,9061,4,0,1,0,329.7,-125.5,13.3
1,VER,Red Bull Racing,68,3.207,218.34,153.0,8807,4,0,1,0,330.6,-129.4,13.3
1,VER,Red Bull Racing,68,3.33,223.32,148.8,8637,4,0,1,0,332.0,-134.0,13.3
1,VER,Red Bull Racing,68,3.527,230.96,142.0,8366,4,0,1,0,335.1,-140.9,13.3
1,VER,Red Bull Racing,68,3.57,232.61,141.1,8315,4,0,1,0,335.9,-142.4,13.3
1,VER,Red Bull Racing,68,3.807,241.54,136.0,8033,4,2,0,0,341.7,-150.3,13.4
1,VER,Red Bull Racing,68,3.87,243.89,135.5,8018,4,3,0,0,343.3,-152.1,13.4
1,VER,Red Bull Racing,68,4.17,254.9,133.0,7949,4,7,0,0,351.1,-159.2,13.4
1,VER,Red Bull Racing,68,4.287,259.14,132.0,7922,4,8,0,0,354.6,-161.7,13.5
1,VER,Red Bull Racing,68,4.35,261.42,130.8,7842,4,8,0,0,356.6,-163.1,13.5
1,VER,Red Bull Racing,68,4.447,264.87,129.0,7718,4,8,0,0,359.8,-165.1,13.5
1,VER,Red Bull Racing,68,4.647,271.71,123.0,8128,4,0,1,0,366.5,-169.0,13.5
1,VER,Red Bull Racing,68,4.69,273.14,121.7,8097,4,0,1,0,367.8,-169.7,13.5
1,VER,Red Bull Racing,68,4.847,278.21,117.0,7982,3,0,1,0,371.8,-171.8,13.4
1,VER,Red Bull Racing,68,4.91,280.1,114.3,7796,3,0,1,0,373.6,-172.8,13.4
1,VER,Red Bull Racing,68,5.23,288.71,100.5,6850,3,0,1,0,383.8,-180.0,13.5
1,VER,Red Bull Racing,68,5.287,290.18,98.0,6681,3,0,1,0,384.8,-180.8,13.5
1,VER,Red Bull Racing,68,5.53,296.46,93.9,6217,3,0,1,0,386.4,-183.5,13.5
1,VER,Red Bull Racing,68,5.647,299.38,92.0,5993,3,0,1,0,387.4,-185.9,13.5
1,VER,Red Bull Racing,68,5.77,302.36,88.3,5933,3,0,1,0,388.4,-188.8,13.5
1,VER,Red Bull Racing,68,5.847,304.16,86.0,5896,3,0,0,0,388.7,-190.5,13.5
1,VER,Red Bull Racing,68,5.99,307.37,82.4,5745,3,0,0,0,388.8,-194.0,13.5
1,VER,Red Bull Racing,68,6.126,310.29,79.0,5601,3,0,0,0,388.2,-198.4,13.5
1,VER,Red Bull Racing,68,6.29,313.71,75.7,5356,3,0,0,0,387.1,-203.2,13.6
1,VER,Red Bull Racing,68,6.326,314.45,75.0,5302,3,0,0,0,386.9,-203.9,13.6
1,VER,Red Bull Racing,68,6.57,319.52,75.0,5721,3,10,0,0,386.0,-206.4,13.7
1,VER,Red Bull Racing,68,6.646,321.12,75.0,5851,3,13,0,0,385.5,-207.7,13.7
1,VER,Red Bull Racing,68,6.77,323.76,76.2,5892,3,16,0,0,384.3,-210.2,13.8
1,VER,Red Bull Racing,68,6.846,325.4,77.0,5917,3,18,0,0,383.5,-211.7,13.8
1,VER,Red Bull Racing,68,7.046,329.79,79.0,6052,3,25,0,0,381.0,-215.4,14.0
1,VER,Red Bull Racing,68,7.11,331.24,80.3,6116,3,27,0,0,380.3,-216.3,14.0
1,VER,Red Bull Racing,68,7.246,334.4,83.0,6251,3,31,0,0,379.0,-217.8,14.1
1,VER,Red Bull Racing,68,7.27,334.96,83.4,6268,3,32,0,0,378.7,-218.1,14.1
1,VER,Red Bull Racing,68,7.486,340.2,87.0,6418,3,40,0,0,374.7,-221.3,14.2
1,VER,Red Bull Racing,68,7.53,341.3,88.4,6589,3,42,0,0,373.9,-221.9,14.2
1,VER,Red Bull Racing,68,7.646,344.29,92.0,7039,3,49,0,0,371.9,-223.1,14.2
1,VER,Red Bull Racing,68,7.87,350.55,100.0,7533,3,58,0,0,367.9,-224.8,14.3
1,VER,Red Bull Racing,68,7.927,352.25,102.0,7659,3,60,0,0,366.5,-225.2,14.3
1,VER,Red Bull Racing,68,8.049,356.0,105.9,7891,3,62,0,0,363.0,-226.0,14.4
1,VER,Red Bull Racing,68,8.329,365.16,114.8,8422,3,68,0,0,354.5,-227.0,14.7
1,VER,Red Bull Racing,68,8.367,366.42,116.0,8494,3,69,0,0,353.3,-227.1,14.8
1,VER,Red Bull Racing,68,8.509,371.22,121.0,9146,3,75,0,0,348.6,-227.3,15.0
1,VER,Red Bull Racing,68,8.567,373.26,123.0,9412,3,78,0,0,346.8,-227.3,15.1
1,VER,Red Bull Racing,68,8.727,379.12,132.0,9857,3,87,0,0,341.2,-227.2,15.3
1,VER,Red Bull Racing,68,8.749,379.93,132.0,9926,3,87,0,0,340.2,-227.2,15.3
1,VER,Red Bull Racing,68,8.887,384.99,132.0,10356,3,87,0,0,332.6,-226.8,15.7
1,VER,Red Bull Racing,68,8.929,386.62,134.2,10307,3,88,0,0,330.5,-226.7,15.8
1,VER,Red Bull Racing,68,9.25,400.6,150.9,9932,3,97,0,0,320.4,-225.5,16.2
1,VER,Red Bull Racing,68,9.367,405.92,157.0,9796,4,100,0,0,313.7,-224.2,16.4
1,VER,Red Bull Racing,68,9.53,413.4,164.3,10431,4,100,0,0,303.2,-221.9,16.8
1,VER,Red Bull Racing,68,9.567,415.15,166.0,10575,4,100,0,0,301.2,-221.4,16.9
1,VER,Red Bull Racing,68,9.91,432.19,178.4,11104,4,100,0,0,287.1,-217.2,17.2
1,VER,Red Bull Racing,68,9.927,433.05,179.0,11130,4,100,0,0,286.4,-217.0,17.2
1,VER,Red Bull Racing,68,10.09,441.22,181.3,11262,4,100,0,0,278.5,-214.4,17.4
1,VER,Red Bull Racing,68,10.207,447.28,183.0,11357,4,100,0,0,271.1,-211.9,17.5
1,VER,Red Bull Racing,68,10.43,459.63,196.5,10602,4,100,0,0,255.2,-206.1,17.7
1,VER,Red Bull Racing,68,10.487,462.84,200.0,10409,5,100,0,0,251.6,-204.6,17.7
1,VER,Red Bull Racing,68,10.687,474.11,203.0,10698,5,100,0,0,240.6,-199.7,17.8
1,VER,Red Bull Racing,68,10.81,481.26,207.9,10852,5,100,0,0,235.3,-197.1,17.8
1,VER,Red Bull Racing,68,10.887,485.84,211.0,10949,5,100,0,0,232.6,-195.7,17.8
1,VER,Red Bull Racing,68,11.13,500.83,219.1,11266,5,100,0,0,224.8,-191.3,17.8
1,VER,Red Bull Racing,68,11.247,508.14,223.0,11418,5,100,0,0,219.2,-187.9,17.8
1,VER,Red Bull Racing,68,11.407,518.14,225.0,11568,5,100,0,0,210.4,-182.3,17.7
1,VER,Red Bull Racing,68,11.41,518.33,225.1,11571,5,100,0,0,210.2,-182.2,17.7
1,VER,Red Bull Racing,68,11.567,528.36,230.0,11747,5,100,0,0,201.9,-176.7,17.7
1,VER,Red Bull Racing,68,11.59,529.84,230.3,11650,5,100,0,0,200.7,-175.9,17.7
1,VER,Red Bull Racing,68,11.79,542.82,233.2,10806,5,100,0,0,190.2,-168.5,17.6
1,VER,Red Bull Racing,68,11.847,546.56,234.0,10566,6,100,0,0,186.0,-165.4,17.6
1,VER,Red Bull Racing,68,12.047,559.78,238.0,10690,6,100,0,0,169.3,-153.0,17.6
1,VER,Red Bull Racing,68,12.05,559.98,238.0,10691,6,100,0,0,169.1,-152.9,17.6
1,VER,Red Bull Racing,68,12.327,578.6,242.0,10803,6,100,0,0,159.4,-145.4,17.6
1,VER,Red Bull Racing,68,12.47,588.22,242.0,10875,6,100,0,0,154.4,-141.3,17.6
1,VER,Red Bull Racing,68,12.65,600.31,242.0,10966,6,100,0,0,144.9,-133.6,17.6
1,VER,Red Bull Racing,68,12.687,602.8,242.0,10985,6,100,0,0,143.3,-132.3,17.6
1,VER,Red Bull Racing,68,12.83,612.43,239.6,10860,6,60,0,0,135.5,-125.9,17.6
1,VER,Red Bull Racing,68,12.99,622.9,236.9,10720,6,16,0,0,115.9,-110.2,17.6
1,VER,Red Bull Racing,68,13.046,626.34,236.0,10671,6,0,1,0,110.7,-106.0,17.6
1,VER,Red Bull Racing,68,13.326,641.97,201.0,10313,6,0,1,0,103.6,-100.1,17.6
1,VER,Red Bull Racing,68,13.45,648.58,195.8,10159,6,0,1,0,101.2,-97.7,17.6
1,VER,Red Bull Racing,68,13.65,658.83,187.5,9911,6,0,1,0,93.7,-90.4,17.5
1,VER,Red Bull Racing,68,13.686,660.57,186.0,9866,5,0,1,0,92.4,-89.0,17.5
1,VER,Red Bull Racing,68,13.886,669.68,164.0,9491,4,0,1,0,86.0,-81.7,17.4
1,VER,Red Bull Racing,68,13.91,670.72,162.7,9441,4,0,1,0,85.3,-80.8,17.4
1,VER,Red Bull Racing,68,14.09,678.26,153.0,9066,4,0,1,0,80.8,-74.4,17.3
1,VER,Red Bull Racing,68,14.126,679.75,151.0,8991,4,0,1,0,80.0,-73.1,17.3
1,VER,Red Bull Racing,68,14.326,687.91,147.0,8643,4,0,1,0,76.5,-65.9,17.1
1,VER,Red Bull Racing,68,14.33,688.08,146.9,8642,4,0,1,0,76.4,-65.8,17.1
1,VER,Red Bull Racing,68,14.45,692.86,144.5,8599,4,3,1,0,75.1,-61.4,17.0
1,VER,Red Bull Racing,68,14.527,695.9,143.0,8572,4,5,0,0,74.6,-58.5,17.0
1,VER,Red Bull Racing,68,14.629,699.88,141.7,8436,4,8,0,0,74.2,-54.6,16.9
1,VER,Red Bull Racing,68,14.767,705.23,140.0,8252,4,13,0,0,74.4,-49.2,16.8
1,VER,Red Bull Racing,68,14.829,707.63,139.6,8274,4,18,0,0,74.6,-46.7,16.8
1,VER,Red Bull Racing,68,14.927,711.41,139.0,8308,4,26,0,0,75.1,-42.8,16.7
1,VER,Red Bull Racing,68,15.087,717.59,139.0,8473,4,55,0,0,76.1,-36.4,16.5
1,VER,Red Bull Racing,68,15.129,719.23,139.6,8573,4,57,0,0,76.3,-34.7,16.4
1,VER,Red Bull Racing,68,15.367,728.71,143.0,9138,4,65,0,0,77.0,-25.4,16.1
1,VER,Red Bull Racing,68,15.389,729.6,143.6,9177,4,66,0,0,77.0,-24.5,16.1
1,VER,Red Bull Racing,68,15.409,730.42,144.1,9213,4,66,0,0,77.0,-23.7,16.1
1,VER,Red Bull Racing,68,15.607,738.64,149.0,9568,4,72,0,0,76.4,-14.9,15.8
1,VER,Red Bull Racing,68,15.67,741.33,150.9,9466,4,65,0,0,76.1,-12.1,15.7
1,VER,Red Bull Racing,68,15.807,747.25,155.0,9244,4,50,0,0,75.1,-6.3,15.4
1,VER,Red Bull Racing,68,15.85,749.11,155.0,9289,4,49,0,0,74.7,-4.5,15.3
1,VER,Red Bull Racing,68,16.05,757.7,155.0,9498,4,43,0,0,72.3,3.5,14.9
1,VER,Red Bull Racing,68,16.127,761.03,155.0,9579,4,41,0,0,71.2,6.2,14.8
1,VER,Red Bull Racing,68,16.27,767.27,157.0,9787,4,61,0,0,68.7,11.2,14.5
1,VER,Red Bull Racing,68,16.407,773.4,159.0,9986,4,80,0,0,65.3,16.5,14.3
1,VER,Red Bull Racing,68,16.45,775.37,160.3,10107,4,82,0,0,64.2,18.1,14.2
1,VER,Red Bull Racing,68,16.77,790.6,169.9,11010,4,98,0,0,54.9,30.2,13.8
1,VER,Red Bull Racing,68,16.807,792.4,171.0,11114,4,100,0,0,53.2,32.3,13.7
1,VER,Red Bull Racing,68,17.007,802.29,178.0,11436,4,100,0,0,43.0,45.0,13.3
1,VER,Red Bull Racing,68,17.03,803.47,179.0,11394,4,100,0,0,42.2,46.0,13.3
1,VER,Red Bull Racing,68,17.33,819.65,192.4,10845,4,100,0,0,36.9,52.5,13.2
1,VER,Red Bull Racing,68,17.367,821.69,194.0,10777,4,100,0,0,35.2,54.5,13.2
1,VER,Red Bull Racing,68,17.55,831.83,199.5,10578,4,100,0,0,24.1,68.0,13.0
1,VER,Red Bull Racing,68,17.567,832.8,200.0,10560,5,100,0,0,23.3,69.0,13.0
1,VER,Red Bull Racing,68,17.847,849.29,212.0,10797,5,100,0,0,16.4,77.4,13.0
1,VER,Red Bull Racing,68,18.07,862.78,217.6,11171,5,100,0,0,9.2,84.5,13.0
1,VER,Red Bull Racing,68,18.087,863.82,218.0,11199,5,100,0,0,8.3,85.4,13.0
1,VER,Red Bull Racing,68,18.247,873.73,223.0,11501,5,100,0,0,-2.2,95.4,13.0
1,VER,Red Bull Racing,68,18.29,876.43,223.7,11491,5,100,0,0,-5.0,97.9,13.0
1,VER,Red Bull Racing,68,18.67,900.74,229.7,11407,5,100,0,0,-23.9,113.3,13.0
1,VER,Red Bull Racing,68,18.687,901.84,230.0,11403,5,100,0,0,-24.5,113.8,13.0
1,VER,Red Bull Racing,68,18.887,914.9,235.0,10654,6,100,0,0,-31.0,118.9,13.1
1,VER,Red Bull Racing,68,18.97,920.43,237.1,10740,6,100,0,0,-34.3,121.5,13.1
1,VER,Red Bull Racing,68,19.17,934.01,242.1,10946,6,100,0,0,-44.7,129.9,13.1
1,VER,Red Bull Racing,68,19.247,939.3,244.0,11026,6,100,0,0,-48.7,133.3,13.1
1,VER,Red Bull Racing,68,19.37,947.79,245.8,11110,6,100,0,0,-54.8,138.9,13.1
1,VER,Red Bull Racing,68,19.67,968.75,250.2,11317,6,100,0,0,-67.9,154.3,13.1
1,VER,Red Bull Racing,68,19.726,972.7,251.0,11355,6,100,0,0,-70.0,157.6,13.1
1,VER,Red Bull Racing,68,19.91,985.73,253.6,11411,6,100,0,0,-76.1,169.0,13.1
1,VER,Red Bull Racing,68,20.07,997.15,255.8,11459,6,100,0,0,-80.7,179.5,13.0
1,VER,Red Bull Racing,68,20.086,998.3,256.0,11464,6,100,0,0,-81.1,180.6,13.0
1,VER,Red Bull Racing,68,20.23,1008.63,257.2,11472,6,100,0,0,-84.7,190.4,13.0
1,VER,Red Bull Racing,68,20.39,1020.16,258.5,11482,6,100,0,0,-88.3,201.3,13.0
1,VER,Red Bull Racing,68,20.446,1024.2,259.0,11485,6,100,0,0,-89.4,205.1,13.0
1,VER,Red Bull Racing,68,20.69,1041.82,259.9,11595,6,100,0,0,-92.7,222.2,13.0
1,VER,Red Bull Racing,68,20.726,1044.42,260.0,11611,6,100,0,0,-93.0,224.9,13.0
1,VER,Red Bull Racing,68,20.886,1055.97,260.0,11708,6,100,0,0,-94.0,237.2,12.9
1,VER,Red Bull Racing,68,20.95,1060.61,260.4,11686,6,100,0,0,-94.2,242.1,12.9
1,VER,Red Bull Racing,68,21.046,1067.57,261.0,11654,6,100,0,0,-94.4,249.2,12.9
1,VER,Red Bull Racing,68,21.13,1073.68,261.4,11677,6,100,0,0,-94.4,255.3,12.9
1,VER,Red Bull Racing,68,21.247,1082.2,262.0,11710,6,100,0,0,-94.3,263.8,12.9
1,VER,Red Bull Racing,68,21.389,1092.56,262.5,11670,6,76,0,0,-94.1,274.2,13.0
1,VER,Red Bull Racing,68,21.429,1095.48,262.7,11659,6,69,0,0,-94.0,277.1,13.0
1,VER,Red Bull Racing,68,21.527,1102.66,263.0,11632,6,53,0,0,-93.7,284.3,13.0
1,VER,Red Bull Racing,68,21.649,1111.64,263.0,11362,6,26,0,0,-93.4,293.1,13.1
1,VER,Red Bull Racing,68,21.767,1120.19,263.0,11100,6,0,0,0,-93.0,301.4,13.1
1,VER,Red Bull Racing,68,21.909,1130.1,254.6,10794,6,0,0,0,-92.5,311.3,13.2
1,VER,Red Bull Racing,68,22.087,1141.88,244.0,10410,6,0,1,0,-91.5,323.9,13.4
1,VER,Red Bull Racing,68,22.15,1145.87,236.8,10304,6,0,1,0,-91.3,328.1,13.5
1,VER,Red Bull Racing,68,22.287,1154.16,221.0,10074,6,0,1,0,-91.1,336.3,13.7
1,VER,Red Bull Racing,68,22.39,1159.99,213.6,10074,6,0,1,0,-91.2,342.1,13.8
1,VER,Red Bull Racing,68,22.57,1169.71,200.7,10074,6,0,1,0,-91.9,351.8,13.9
1,VER,Red Bull Racing,68,22.607,1171.76,198.0,10074,5,0,1,0,-92.1,353.5,13.9
1,VER,Red Bull Racing,68,22.79,1182.05,198.0,10074,5,0,1,0,-93.6,362.4,14.0
1,VER,Red Bull Racing,68,22.847,1184.96,198.0,10074,5,0,1,0,-94.7,366.5,14.1
1,VER,Red Bull Racing,68,22.95,1189.62,182.0,10180,5,0,1,0,-97.0,374.2,14.2
1,VER,Red Bull Racing,68,23.207,1199.16,142.0,10444,4,0,1,0,-101.1,383.2,14.4
1,VER,Red Bull Racing,68,23.367,1204.98,131.0,9324,3,0,1,0,-103.3,385.6,14.5
1,VER,Red Bull Racing,68,23.41,1206.44,128.0,9070,3,0,1,0,-104.0,386.4,14.5
1,VER,Red Bull Racing,68,23.567,1211.48,117.0,8143,3,0,1,0,-107.4,390.1,14.7
1,VER,Red Bull Racing,68,23.57,1211.58,117.0,8137,3,0,1,0,-107.5,390.2,14.7
1,VER,Red Bull Racing,68,23.75,1217.36,115.5,7802,3,0,1,0,-115.5,395.6,14.9
1,VER,Red Bull Racing,68,23.807,1219.15,115.0,7696,3,0,1,0,-117.8,396.8,14.9
1,VER,Red Bull Racing,68,24.047,1226.28,107.0,7332,3,0,0,0,-124.4,398.2,15.0
1,VER,Red Bull Racing,68,24.13,1228.61,104.6,7304,3,2,0,0,-126.2,398.3,15.0
1,VER,Red Bull Racing,68,24.327,1233.98,99.0,7239,3,7,0,0,-130.0,398.4,15.1
1,VER,Red Bull Racing,68,24.487,1238.34,98.0,7267,3,18,0,0,-132.9,398.4,15.2
1,VER,Red Bull Racing,68,24.67,1243.35,98.7,7510,3,29,0,0,-137.6,398.1,15.3
1,VER,Red Bull Racing,68,24.767,1246.04,99.0,7639,3,35,0,0,-140.8,397.8,15.3
1,VER,Red Bull Racing,68,24.83,1247.79,99.8,7791,3,41,0,0,-142.2,397.7,15.3
1,VER,Red Bull Racing,68,24.927,1250.52,101.0,8024,3,50,0,0,-142.3,397.7,15.3
1,VER,Red Bull Racing,68,25.03,1253.55,104.3,8231,3,56,0,0,-141.8,397.8,15.3
1,VER,Red Bull Racing,68,25.207,1259.08,110.0,8588,3,67,0,0,-144.9,397.5,15.4
1,VER,Red Bull Racing,68,25.41,1266.1,119.6,9033,3,77,0,0,-151.7,397.0,15.5
1,VER,Red Bull Racing,68,25.567,1271.78,127.0,9377,3,85,0,0,-157.1,397.0,15.5
1,VER,Red Bull Racing,68,25.65,1274.8,128.7,9535,3,84,0,0,-160.0,397.1,15.6
1,VER,Red Bull Racing,68,25.767,1279.06,131.0,9757,3,82,0,0,-164.2,397.5,15.7
1,VER,Red Bull Racing,68,25.83,1281.33,131.0,9497,3,79,0,0,-166.4,397.8,15.8
1,VER,Red Bull Racing,68,26.007,1287.79,131.0,8765,3,72,0,0,-172.0,399.0,15.9
1,VER,Red Bull Racing,68,26.05,1289.44,133.7,8775,3,71,0,0,-174.0,399.8,15.9
1,VER,Red Bull Racing,68,26.167,1294.06,141.0,8802,4,67,0,0,-181.2,403.4,16.0
1,VER,Red Bull Racing,68,26.25,1297.4,143.6,8931,4,70,0,0,-185.9,405.9,16.0
1,VER,Red Bull Racing,68,26.326,1300.51,146.0,9050,4,73,0,0,-188.7,407.5,16.0
1,VER,Red Bull Racing,68,26.59,1311.5,149.8,9676,4,85,0,0,-192.5,411.1,16.2
1,VER,Red Bull Racing,68,26.606,1312.17,150.0,9714,4,86,0,0,-192.9,411.5,16.2
1,VER,Red Bull Racing,68,26.806,1320.78,155.0,9868,4,91,0,0,-199.2,417.8,16.3
1,VER,Red Bull Racing,68,26.81,1320.96,155.2,9876,4,91,0,0,-199.3,417.9,16.3
1,VER,Red Bull Racing,68,27.07,1333.13,167.4,10425,4,98,0,0,-206.6,427.3,16.3
1,VER,Red Bull Racing,68,27.126,1335.89,170.0,10543,4,100,0,0,-208.1,429.5,16.3
1,VER,Red Bull Racing,68,27.31,1345.3,178.3,10991,4,100,0,0,-212.7,437.3,16.4
1,VER,Red Bull Racing,68,27.49,1354.86,186.4,11429,4,100,0,0,-216.5,445.4,16.4
1,VER,Red Bull Racing,68,27.526,1356.78,188.0,11517,4,100,0,0,-217.2,447.0,16.4
1,VER,Red Bull Racing,68,27.61,1361.31,189.9,11270,4,100,0,0,-218.8,451.2,16.5
1,VER,Red Bull Racing,68,27.927,1378.73,197.0,10339,5,100,0,0,-225.4,475.3,16.5
1,VER,Red Bull Racing,68,27.929,1378.84,197.1,10343,5,100,0,0,-225.4,475.4,16.5
1,VER,Red Bull Racing,68,28.209,1394.9,205.8,10888,5,100,0,0,-226.9,483.2,16.6
1,VER,Red Bull Racing,68,28.247,1397.13,207.0,10962,5,100,0,0,-227.2,485.0,16.6
1,VER,Red Bull Racing,68,28.369,1404.38,211.9,11102,5,100,0,0,-228.4,492.5,16.5
1,VER,Red Bull Racing,68,28.447,1409.07,215.0,11192,5,100,0,0,-229.1,497.4,16.5
1,VER,Red Bull Racing,68,28.727,1426.26,221.0,11248,5,100,0,0,-231.4,515.1,16.4
1,VER,Red Bull Racing,68,28.73,1426.45,221.1,11252,5,100,0,0,-231.4,515.3,16.4
1,VER,Red Bull Racing,68,28.89,1436.48,225.1,11463,5,100,0,0,-232.6,525.2,16.5
1,VER,Red Bull Racing,68,28.927,1438.82,226.0,11512,5,100,0,0,-232.9,527.5,16.5
1,VER,Red Bull Racing,68,29.07,1447.94,228.3,11240,5,100,0,0,-233.8,536.6,16.5
1,VER,Red Bull Racing,68,29.23,1458.3,230.8,10936,5,100,0,0,-234.9,546.8,16.6
1,VER,Red Bull Racing,68,29.367,1467.29,233.0,10675,6,100,0,0,-235.8,555.2,16.6
1,VER,Red Bull Racing,68,29.51,1476.81,237.1,10814,6,100,0,0,-236.6,563.8,16.6
1,VER,Red Bull Racing,68,29.647,1486.04,241.0,10948,6,100,0,0,-237.5,572.9,16.7
1,VER,Red Bull Racing,68,29.65,1486.24,241.1,10952,6,100,0,0,-237.5,573.1,16.7
1,VER,Red Bull Racing,68,29.847,1499.71,246.0,11199,6,100,0,0,-239.3,593.9,16.5
1,VER,Red Bull Racing,68,29.95,1506.83,248.1,11191,6,100,0,0,-240.0,603.2,16.4
1,VER,Red Bull Racing,68,30.047,1513.59,250.0,11183,6,100,0,0,-240.4,608.6,16.3
1,VER,Red Bull Racing,68,30.247,1527.65,253.0,11407,6,100,0,0,-240.8,614.7,16.2
1,VER,Red Bull Racing,68,30.27,1529.28,253.3,11417,6,100,0,0,-240.9,615.8,16.2
1,VER,Red Bull Racing,68,30.487,1544.72,256.0,11516,6,100,0,0,-241.9,630.9,16.1
1,VER,Red Bull Racing,68,30.59,1552.1,257.1,11123,6,100,0,0,-242.4,638.6,16.0
1,VER,Red Bull Racing,68,30.767,1564.86,259.0,10448,6,100,0,0,-243.1,651.4,16.0
1,VER,Red Bull Racing,68,30.77,1565.08,259.0,10449,6,100,0,0,-243.1,651.6,16.0
1,VER,Red Bull Racing,68,31.007,1582.33,262.0,10539,7,100,0,0,-244.1,673.3,16.3
1,VER,Red Bull Racing,68,31.01,1582.55,262.1,10541,7,100,0,0,-244.1,673.5,16.3
1,VER,Red Bull Racing,68,31.167,1594.15,266.0,10634,7,100,0,0,-244.4,682.3,16.4
1,VER,Red Bull Racing,68,31.25,1600.35,267.7,10677,7,100,0,0,-244.5,686.8,16.4
1,VER,Red Bull Racing,68,31.367,1609.15,270.0,10738,7,100,0,0,-244.6,694.5,16.3
1,VER,Red Bull Racing,68,31.567,1624.26,272.0,10788,7,100,0,0,-244.9,710.4,16.2
1,VER,Red Bull Racing,68,31.63,1629.06,273.2,10812,7,100,0,0,-244.9,715.3,16.3
1,VER,Red Bull Racing,68,31.727,1636.48,275.0,10849,7,100,0,0,-244.9,722.7,16.5
1,VER,Red Bull Racing,68,31.73,1636.71,275.0,10850,7,100,0,0,-244.9,722.9,16.5
1,VER,Red Bull Racing,68,31.89,1649.01,276.0,10911,7,100,0,0,-244.6,735.1,16.4
1,VER,Red Bull Racing,68,32.207,1673.55,278.0,11032,7,100,0,0,-243.8,759.4,16.3
1,VER,Red Bull Racing,68,32.25,1676.89,278.3,11049,7,100,0,0,-243.6,762.8,16.3
1,VER,Red Bull Racing,68,32.41,1689.37,279.5,11113,7,100,0,0,-242.9,775.3,16.3
1,VER,Red Bull Racing,68,32.607,1704.77,281.0,11191,7,100,0,0,-241.9,789.4,16.3
1,VER,Red Bull Racing,68,32.65,1708.14,281.2,11201,7,100,0,0,-241.5,794.0,16.3
1,VER,Red Bull Racing,68,32.807,1720.44,282.0,11239,7,100,0,0,-239.3,816.0,16.4
1,VER,Red Bull Racing,68,32.83,1722.25,282.2,11248,7,100,0,0,-239.0,819.0,16.4
1,VER,Red Bull Racing,68,33.046,1739.29,284.0,11328,7,100,0,0,-236.7,839.0,16.4
1,VER,Red Bull Racing,68,33.19,1750.65,284.0,11229,7,100,0,0,-235.6,847.2,16.3
1,VER,Red Bull Racing,68,33.246,1755.07,284.0,11190,7,100,0,0,-235.3,849.8,16.3
1,VER,Red Bull Racing,68,33.566,1780.4,285.0,11274,7,100,0,0,-233.2,863.6,16.3
1,VER,Red Bull Racing,68,33.65,1787.05,285.0,11272,7,100,0,0,-231.7,872.2,16.3
1,VER,Red Bull Racing,68,33.726,1793.07,285.0,11271,7,100,0,0,-229.9,882.5,16.3
1,VER,Red Bull Racing,68,33.81,1799.72,285.0,11282,7,100,0,0,-227.8,894.0,16.4
1,VER,Red Bull Racing,68,34.046,1818.4,285.0,11314,7,100,0,0,-224.7,910.2,16.4
1,VER,Red Bull Racing,68,34.206,1831.12,286.0,11284,7,100,0,0,-223.4,915.3,16.4
1,VER,Red Bull Racing,68,34.29,1837.82,286.0,11279,7,95,0,0,-222.3,920.0,16.4
1,VER,Red Bull Racing,68,34.469,1852.2,286.0,11268,7,84,0,0,-219.0,933.9,16.5
1,VER,Red Bull Racing,68,34.647,1866.15,286.0,11258,7,74,0,0,-215.7,947.6,16.5
1,VER,Red Bull Racing,68,34.649,1866.3,285.8,11250,7,73,0,0,-215.7,947.8,16.5
1,VER,Red Bull Racing,68,34.789,1876.89,274.8,10712,7,30,0,0,-213.1,958.4,16.4
1,VER,Red Bull Racing,68,34.887,1883.95,267.0,10336,7,0,1,0,-211.4,965.5,16.4
1,VER,Red Bull Racing,68,35.069,1896.03,248.3,9966,7,0,1,0,-208.5,978.1,16.4
1,VER,Red Bull Racing,68,35.247,1906.95,230.0,9604,7,0,1,0,-205.8,990.0,16.5
1,VER,Red Bull Racing,68,35.31,1910.69,224.0,9740,7,0,1,0,-204.9,994.2,16.5
1,VER,Red Bull Racing,68,35.487,1920.75,207.0,10121,6,0,1,0,-202.3,1005.9,16.5
1,VER,Red Bull Racing,68,35.51,1921.99,204.0,10161,6,0,1,0,-202.0,1007.2,16.5
1,VER,Red Bull Racing,68,35.647,1929.02,186.0,10401,5,0,1,0,-200.7,1012.9,16.5
1,VER,Red Bull Racing,68,35.79,1935.72,172.4,9677,5,0,1,0,-199.1,1018.6,16.5
1,VER,Red Bull Racing,68,35.847,1938.29,167.0,9389,4,0,1,0,-198.2,1021.8,16.5
1,VER,Red Bull Racing,68,36.007,1945.32,158.0,8751,4,0,1,0,-195.1,1031.9,16.5
1,VER,Red Bull Racing,68,36.03,1946.26,156.1,8681,4,0,1,0,-194.7,1033.0,16.5
1,VER,Red Bull Racing,68,36.287,1955.82,135.0,7898,4,0,1,0,-192.4,1038.9,16.4
1,VER,Red Bull Racing,68,36.41,1960.19,130.9,7662,4,0,1,0,-191.1,1041.1,16.4
1,VER,Red Bull Racing,68,36.527,1964.28,127.0,7437,4,0,1,0,-189.2,1044.2,16.4
1,VER,Red Bull Racing,68,36.65,1968.5,125.1,7355,4,0,1,0,-186.7,1047.7,16.5
1,VER,Red Bull Racing,68,36.847,1975.13,122.0,7224,4,0,0,0,-182.1,1051.9,16.5
1,VER,Red Bull Racing,68,36.89,1976.57,121.6,7223,4,3,0,0,-181.0,1052.6,16.5
1,VER,Red Bull Racing,68,37.087,1983.13,120.0,7216,4,15,0,0,-175.3,1055.3,16.5
1,VER,Red Bull Racing,68,37.11,1983.88,119.6,7229,4,16,0,0,-174.5,1055.6,16.5
1,VER,Red Bull Racing,68,37.247,1988.33,117.0,7305,4,23,0,0,-169.3,1056.9,16.5
1,VER,Red Bull Racing,68,37.39,1993.03,118.2,7807,4,44,0,0,-163.7,1058.2,16.5
1,VER,Red Bull Racing,68,37.487,1996.26,119.0,8148,4,58,0,0,-160.2,1059.1,16.5
1,VER,Red Bull Racing,68,37.767,2005.83,123.0,8699,4,71,0,0,-150.8,1062.4,16.3
1,VER,Red Bull Racing,68,37.77,2005.94,123.1,8697,4,71,0,0,-150.7,1062.4,16.3
1,VER,Red Bull Racing,68,38.007,2014.76,134.0,8559,4,46,0,0,-142.9,1066.5,16.3
1,VER,Red Bull Racing,68,38.21,2022.43,135.5,8645,4,50,0,0,-136.4,1070.8,16.2
1,VER,Red Bull Racing,68,38.39,2029.32,136.9,8722,4,54,0,0,-131.1,1075.2,16.1
1,VER,Red Bull Racing,68,38.407,2029.98,137.0,8729,4,54,0,0,-130.6,1075.7,16.1
1,VER,Red Bull Racing,68,38.47,2032.44,138.6,8802,4,62,0,0,-128.9,1077.4,16.1
1,VER,Red Bull Racing,68,38.607,2037.87,142.0,8960,4,78,0,0,-125.2,1081.3,16.0
1,VER,Red Bull Racing,68,38.69,2041.26,144.4,9089,4,82,0,0,-123.0,1083.9,16.0
1,VER,Red Bull Racing,68,38.847,2047.81,149.0,9332,4,89,0,0,-119.1,1089.2,15.9
1,VER,Red Bull Racing,68,38.89,2049.62,149.9,9433,4,90,0,0,-118.1,1090.6,15.9
1,VER,Red Bull Racing,68,39.11,2059.08,154.8,9951,4,98,0,0,-113.2,1098.9,15.9
1,VER,Red Bull Racing,68,39.167,2061.67,156.0,10085,4,100,0,0,-111.6,1102.3,15.9
1,VER,Red Bull Racing,68,39.39,2072.51,167.6,10601,4,100,0,0,-105.3,1117.4,15.8
1,VER,Red Bull Racing,68,39.646,2085.76,181.0,11193,4,100,0,0,-103.1,1123.7,15.7
1,VER,Red Bull Racing,68,39.69,2088.05,183.0,11008,4,100,0,0,-102.7,1125.1,15.7
1,VER,Red Bull Racing,68,39.846,2096.31,190.0,10353,4,100,0,0,-100.6,1132.3,15.8
1,VER,Red Bull Racing,68,40.03,2106.47,196.0,10426,4,100,0,0,-97.7,1142.6,15.9
1,VER,Red Bull Racing,68,40.19,2115.62,201.2,10490,4,100,0,0,-95.5,1151.2,15.9
1,VER,Red Bull Racing,68,40.246,2118.87,203.0,10512,5,100,0,0,-94.3,1156.0,15.9
1,VER,Red Bull Racing,68,40.39,2127.31,209.5,10890,5,100,0,0,-90.8,1170.3,15.9
1,VER,Red Bull Racing,68,40.446,2130.64,212.0,11037,5,100,0,0,-89.8,1174.3,15.9
1,VER,Red Bull Racing,68,40.81,2152.93,219.4,11420,5,100,0,0,-86.8,1186.7,16.0
1,VER,Red Bull Racing,68,40.887,2157.72,221.0,11501,5,100,0,0,-85.8,1190.9,16.0
1,VER,Red Bull Racing,68,41.089,2170.37,225.2,11725,5,100,0,0,-82.5,1205.0,15.9
1,VER,Red Bull Racing,68,41.127,2172.78,226.0,11767,5,100,0,0,-81.9,1207.8,15.9
1,VER,Red Bull Racing,68,41.367,2188.32,233.0,10514,5,100,0,0,-78.1,1225.9,15.9
1,VER,Red Bull Racing,68,41.509,2197.64,235.8,10662,5,100,0,0,-76.0,1236.9,15.9
1,VER,Red Bull Racing,68,41.567,2201.48,237.0,10722,6,100,0,0,-75.2,1241.4,15.9
1,VER,Red Bull Racing,68,41.807,2217.68,243.0,10997,6,100,0,0,-71.9,1259.9,15.8
1,VER,Red Bull Racing,68,41.91,2224.77,246.2,11083,6,100,0,0,-70.8,1266.3,15.8
1,VER,Red Bull Racing,68,41.967,2228.71,248.0,11130,6,100,0,0,-70.3,1269.3,15.8
1,VER,Red Bull Racing,68,42.167,2242.54,249.0,11290,6,100,0,0,-69.0,1277.7,15.9
1,VER,Red Bull Racing,68,42.27,2249.78,251.0,11329,6,100,0,0,-68.2,1282.7,15.9
1,VER,Red Bull Racing,68,42.527,2268.14,256.0,11426,6,100,0,0,-65.6,1299.3,15.9
1,VER,Red Bull Racing,68,42.53,2268.35,256.0,11416,6,100,0,0,-65.6,1299.5,15.9
1,VER,Red Bull Racing,68,42.73,2282.76,258.5,10773,6,100,0,0,-63.6,1313.7,15.9
1,VER,Red Bull Racing,68,42.847,2291.25,260.0,10396,6,100,0,0,-62.4,1322.0,15.9
1,VER,Red Bull Racing,68,42.89,2294.38,260.6,10417,6,100,0,0,-62.0,1325.1,15.9
1,VER,Red Bull Racing,68,43.127,2311.78,264.0,10535,7,100,0,0,-59.9,1342.2,15.9
1,VER,Red Bull Racing,68,43.17,2314.97,264.6,10554,7,100,0,0,-59.6,1345.4,15.9
1,VER,Red Bull Racing,68,43.327,2326.62,267.0,10624,7,100,0,0,-58.4,1357.0,15.9
1,VER,Red Bull Racing,68,43.35,2328.32,267.0,10637,7,100,0,0,-58.3,1358.7,15.9
1,VER,Red Bull Racing,68,43.487,2338.48,267.0,10715,7,100,0,0,-57.5,1368.8,15.9
1,VER,Red Bull Racing,68,43.53,2341.7,267.9,10735,7,100,0,0,-57.3,1372.0,15.9
1,VER,Red Bull Racing,68,43.687,2353.54,271.0,10807,7,100,0,0,-56.6,1383.8,15.9
1,VER,Red Bull Racing,68,43.71,2355.28,271.2,10812,7,100,0,0,-56.5,1385.5,15.9
1,VER,Red Bull Racing,68,43.83,2364.38,272.2,10836,7,100,0,0,-56.1,1394.6,15.9
1,VER,Red Bull Racing,68,43.927,2371.74,273.0,10855,7,100,0,0,-55.9,1402.0,15.9
1,VER,Red Bull Racing,68,44.087,2383.92,274.0,10928,7,100,0,0,-55.6,1414.2,15.8
1,VER,Red Bull Racing,68,44.13,2387.22,274.7,10956,7,100,0,0,-55.5,1417.5,15.8
1,VER,Red Bull Racing,68,44.29,2399.59,277.4,11059,7,100,0,0,-55.3,1429.8,15.9
1,VER,Red Bull Racing,68,44.327,2402.45,278.0,11083,7,100,0,0,-55.3,1432.7,15.9
1,VER,Red Bull Racing,68,44.49,2415.03,278.0,11050,7,100,0,0,-55.2,1445.4,15.9
1,VER,Red Bull Racing,68,44.567,2420.98,278.0,11034,7,100,0,0,-55.2,1451.4,15.9
1,VER,Red Bull Racing,68,44.67,2428.96,278.3,11059,7,100,0,0,-55.3,1459.3,15.8
1,VER,Red Bull Racing,68,44.887,2445.78,279.0,11111,7,100,0,0,-55.8,1475.7,15.8
1,VER,Red Bull Racing,68,44.91,2447.57,279.0,11108,7,100,0,0,-55.9,1477.8,15.8
1,VER,Red Bull Racing,68,45.127,2464.38,279.0,11081,7,100,0,0,-58.0,1501.1,15.7
1,VER,Red Bull Racing,68,45.19,2469.28,279.2,11072,7,100,0,0,-58.6,1507.0,15.7
1,VER,Red Bull Racing,68,45.407,2486.16,280.0,11041,7,100,0,0,-60.5,1520.2,15.7
1,VER,Red Bull Racing,68,45.59,2500.34,279.3,11045,7,100,0,0,-62.6,1530.1,15.7
1,VER,Red Bull Racing,68,45.687,2507.86,279.0,11047,7,100,0,0,-64.2,1537.2,15.7
1,VER,Red Bull Racing,68,45.79,2515.85,279.3,11062,7,100,0,0,-66.0,1545.4,15.7
1,VER,Red Bull Racing,68,45.99,2531.42,279.9,11092,7,100,0,0,-69.5,1560.6,15.7
1,VER,Red Bull Racing,68,46.007,2532.75,280.0,11095,7,100,0,0,-69.8,1561.9,15.7
1,VER,Red Bull Racing,68,46.207,2548.31,280.0,10675,7,0,0,0,-73.3,1577.1,15.7
1,VER,Red Bull Racing,68,46.21,2548.53,279.8,10667,7,0,0,0,-73.4,1577.3,15.7
1,VER,Red Bull Racing,68,46.366,2560.14,268.0,10263,7,0,0,0,-76.0,1588.4,15.7
1,VER,Red Bull Racing,68,46.41,2563.35,264.9,10235,7,0,0,0,-76.7,1591.6,15.7
1,VER,Red Bull Racing,68,46.566,2574.25,254.0,10134,7,0,1,0,-79.4,1603.5,15.7
1,VER,Red Bull Racing,68,46.65,2579.44,235.9,10171,7,0,1,0,-80.7,1609.2,15.7
1,VER,Red Bull Racing,68,46.766,2585.98,211.0,10223,7,0,1,0,-82.1,1615.6,15.7
1,VER,Red Bull Racing,68,46.966,2596.36,187.0,10505,7,0,1,0,-83.9,1624.4,15.7
1,VER,Red Bull Racing,68,47.03,2599.41,179.0,10571,7,0,1,0,-84.6,1628.1,15.7
1,VER,Red Bull Racing,68,47.126,2603.79,167.0,10670,7,0,1,0,-85.8,1634.6,15.7
1,VER,Red Bull Racing,68,47.27,2610.11,158.0,10292,7,0,1,0,-87.4,1644.3,15.6
1,VER,Red Bull Racing,68,47.286,2610.76,157.0,10250,5,0,1,0,-87.5,1645.2,15.6
1,VER,Red Bull Racing,68,47.647,2623.2,124.0,10422,3,0,1,0,-88.0,1655.9,15.6
1,VER,Red Bull Racing,68,47.649,2623.26,123.9,10414,3,0,1,0,-88.0,1655.9,15.6
1,VER,Red Bull Racing,68,47.887,2630.73,113.0,9483,2,0,1,0,-87.7,1660.1,15.6
1,VER,Red Bull Racing,68,47.969,2633.11,108.9,9027,2,0,1,0,-87.1,1662.1,15.6
1,VER,Red Bull Racing,68,48.207,2639.35,97.0,7704,2,0,1,0,-83.5,1669.4,15.5
1,VER,Red Bull Racing,68,48.229,2639.89,95.8,7623,2,0,1,0,-83.1,1670.0,15.5
1,VER,Red Bull Racing,68,48.527,2646.47,80.0,6522,2,0,1,0,-78.9,1673.7,15.6
1,VER,Red Bull Racing,68,48.67,2649.36,76.4,6129,2,0,1,0,-76.7,1674.5,15.6
1,VER,Red Bull Racing,68,48.87,2653.24,71.4,5579,2,0,1,0,-72.9,1675.7,15.6
1,VER,Red Bull Racing,68,48.887,2653.57,71.0,5532,2,0,1,0,-72.5,1675.8,15.6
1,VER,Red Bull Racing,68,49.087,2657.34,68.0,5261,2,0,0,0,-68.2,1676.0,15.6
1,VER,Red Bull Racing,68,49.09,2657.4,67.9,5258,2,0,0,0,-68.1,1676.0,15.6
1,VER,Red Bull Racing,68,49.37,2662.03,61.6,4988,2,1,0,0,-64.4,1675.3,15.5
1,VER,Red Bull Racing,68,49.527,2664.43,58.0,4837,2,2,0,0,-62.2,1674.3,15.5
1,VER,Red Bull Racing,68,49.71,2667.16,55.4,5141,2,9,0,0,-59.6,1672.8,15.5
1,VER,Red Bull Racing,68,49.807,2668.63,54.0,5302,2,13,0,0,-58.4,1671.8,15.5
1,VER,Red Bull Racing,68,49.93,2670.55,55.5,5417,2,16,0,0,-57.0,1670.5,15.5
1,VER,Red Bull Racing,68,50.07,2672.83,57.3,5547,2,20,0,0,-55.6,1668.7,15.5
1,VER,Red Bull Racing,68,50.127,2673.79,58.0,5600,2,21,0,0,-54.9,1667.7,15.5
1,VER,Red Bull Racing,68,50.327,2677.29,63.0,6029,2,25,0,0,-51.9,1663.1,15.5
1,VER,Red Bull Racing,68,50.37,2678.06,63.5,6106,2,27,0,0,-51.4,1662.2,15.5
1,VER,Red Bull Racing,68,50.487,2680.18,65.0,6315,2,32,0,0,-50.4,1660.2,15.5
1,VER,Red Bull Racing,68,50.647,2683.15,67.0,6625,2,37,0,0,-49.7,1658.5,15.6
1,VER,Red Bull Racing,68,50.75,2685.15,69.1,6958,2,41,0,0,-49.5,1658.0,15.6
1,VER,Red Bull Racing,68,50.887,2687.95,72.0,7400,2,46,0,0,-49.4,1658.0,15.5
1,VER,Red Bull Racing,68,50.91,2688.45,73.2,7452,2,46,0,0,-49.4,1657.9,15.5
1,VER,Red Bull Racing,68,51.047,2691.51,80.0,7762,2,49,0,0,-48.9,1656.6,15.5
1,VER,Red Bull Racing,68,51.09,2692.52,81.3,7932,2,52,0,0,-48.6,1655.9,15.5
1,VER,Red Bull Racing,68,51.27,2696.99,86.8,8644,2,62,0,0,-47.2,1651.8,15.5
1,VER,Red Bull Racing,68,51.407,2700.61,91.0,9186,2,70,0,0,-46.1,1648.4,15.5
1,VER,Red Bull Racing,68,51.51,2703.43,96.2,9620,2,73,0,0,-45.3,1645.8,15.5
1,VER,Red Bull Racing,68,51.567,2705.01,99.0,9860,2,74,0,0,-44.9,1644.3,15.5
1,VER,Red Bull Racing,68,51.73,2709.61,102.4,10093,2,81,0,0,-43.9,1639.9,15.5
1,VER,Red Bull Racing,68,51.807,2711.94,104.0,10203,2,84,0,0,-43.5,1637.7,15.5
1,VER,Red Bull Racing,68,51.97,2717.37,116.2,10097,2,89,0,0,-42.6,1632.8,15.5
1,VER,Red Bull Racing,68,52.047,2720.08,122.0,10047,2,92,0,0,-42.2,1630.2,15.5
1,VER,Red Bull Racing,68,52.21,2725.99,128.8,10946,2,95,0,0,-41.4,1624.4,15.5
1,VER,Red Bull Racing,68,52.287,2728.88,132.0,11370,3,96,0,0,-41.1,1621.6,15.5
1,VER,Red Bull Racing,68,52.37,2732.07,135.7,11327,3,98,0,0,-40.8,1618.4,15.5
1,VER,Red Bull Racing,68,52.487,2736.71,141.0,11267,3,100,0,0,-40.4,1613.8,15.5
1,VER,Red Bull Racing,68,52.57,2740.1,144.7,10867,3,100,0,0,-40.2,1610.4,15.5
1,VER,Red Bull Racing,68,52.687,2745.04,150.0,10304,4,100,0,0,-39.9,1605.6,15.5
1,VER,Red Bull Racing,68,52.79,2749.59,154.8,10336,4,100,0,0,-39.5,1601.1,15.5
1,VER,Red Bull Racing,68,52.99,2758.89,164.2,10399,4,100,0,0,-38.6,1592.0,15.5
1,VER,Red Bull Racing,68,53.007,2759.71,165.0,10404,4,100,0,0,-38.5,1591.3,15.5
1,VER,Red Bull Racing,68,53.21,2769.78,173.6,10971,4,100,0,0,-37.2,1581.5,15.5
1,VER,Red Bull Racing,68,53.406,2779.88,182.0,11519,4,100,0,0,-34.0,1566.0,15.4
1,VER,Red Bull Racing,68,53.43,2781.14,183.2,11519,4,100,0,0,-33.6,1564.5,15.4
1,VER,Red Bull Racing,68,53.566,2788.33,190.0,11519,4,100,0,0,-32.2,1558.8,15.4
1,VER,Red Bull Racing,68,53.75,2798.41,195.8,11003,4,100,0,0,-30.5,1554.0,15.3
1,VER,Red Bull Racing,68,53.886,2806.1,200.0,10622,5,100,0,0,-28.4,1547.7,15.2
1,VER,Red Bull Racing,68,54.01,2813.26,206.2,10654,5,100,0,0,-25.7,1540.3,15.1
1,VER,Red Bull Racing,68,54.047,2815.41,208.0,10663,5,100,0,0,-24.8,1537.8,15.1
1,VER,Red Bull Racing,68,54.207,2824.78,211.0,11084,5,100,0,0,-20.2,1526.5,14.9
1,VER,Red Bull Racing,68,54.269,2828.49,213.0,11168,5,100,0,0,-18.7,1522.7,14.8
1,VER,Red Bull Racing,68,54.487,2841.9,220.0,11463,5,100,0,0,-14.6,1513.0,14.7
1,VER,Red Bull Racing,68,54.549,2845.79,221.7,11365,5,100,0,0,-13.4,1510.2,14.7
1,VER,Red Bull Racing,68,54.849,2865.09,230.0,10892,5,100,0,0,-6.0,1492.7,14.6
1,VER,Red Bull Racing,68,54.887,2867.56,231.0,10832,5,100,0,0,-5.0,1490.2,14.6
1,VER,Red Bull Racing,68,55.087,2880.67,236.0,10729,6,100,0,0,0.5,1477.3,14.6
1,VER,Red Bull Racing,68,55.09,2880.87,236.0,10732,6,100,0,0,0.6,1477.1,14.6
1,VER,Red Bull Racing,68,55.247,2891.25,238.0,10871,6,100,0,0,4.3,1468.3,14.6
1,VER,Red Bull Racing,68,55.29,2894.13,239.1,10894,6,100,0,0,5.8,1464.8,14.6
1,VER,Red Bull Racing,68,55.47,2906.37,243.6,10988,6,100,0,0,13.9,1446.0,14.6
1,VER,Red Bull Racing,68,55.527,2910.31,245.0,11018,6,100,0,0,15.5,1442.3,14.6
1,VER,Red Bull Racing,68,55.77,2927.42,251.1,11288,6,100,0,0,18.3,1435.8,14.6
1,VER,Red Bull Racing,68,55.927,2938.64,255.0,11462,6,100,0,0,23.6,1423.7,14.6
1,VER,Red Bull Racing,68,56.127,2953.03,259.0,11524,6,100,0,0,32.1,1404.2,14.5
1,VER,Red Bull Racing,68,56.15,2954.69,259.2,11475,6,100,0,0,32.9,1402.4,14.5
1,VER,Red Bull Racing,68,56.51,2980.97,262.5,10715,6,100,0,0,41.1,1383.7,14.5
1,VER,Red Bull Racing,68,56.567,2985.17,263.0,10595,6,100,0,0,42.7,1380.1,14.5
1,VER,Red Bull Racing,68,56.67,2992.79,265.1,10642,6,100,0,0,45.7,1373.0,14.4
1,VER,Red Bull Racing,68,56.767,3000.01,267.0,10687,7,100,0,0,48.5,1366.4,14.4
1,VER,Red Bull Racing,68,56.89,3009.25,268.8,10747,7,100,0,0,52.1,1357.9,14.3
1,VER,Red Bull Racing,68,57.15,3029.04,272.7,10875,7,100,0,0,59.7,1339.8,14.1
1,VER,Red Bull Racing,68,57.167,3030.34,273.0,10883,7,100,0,0,60.2,1338.7,14.1
1,VER,Red Bull Racing,68,57.31,3041.32,274.6,10945,7,100,0,0,64.4,1328.6,13.9
1,VER,Red Bull Racing,68,57.527,3058.04,277.0,11040,7,100,0,0,74.2,1304.7,13.5
1,VER,Red Bull Racing,68,57.53,3058.27,277.0,11041,7,100,0,0,74.3,1304.4,13.5
1,VER,Red Bull Racing,68,57.687,3070.35,277.0,11081,7,100,0,0,79.0,1292.7,13.3
1,VER,Red Bull Racing,68,57.887,3085.91,280.0,11139,7,100,0,0,81.9,1285.0,13.2
1,VER,Red Bull Racing,68,58.03,3097.13,281.5,11186,7,100,0,0,85.1,1276.8,13.2
1,VER,Red Bull Racing,68,58.09,3101.85,282.2,11206,7,100,0,0,86.8,1272.4,13.2
1,VER,Red Bull Racing,68,58.167,3107.92,283.0,11231,7,100,0,0,88.9,1266.7,13.2
1,VER,Red Bull Racing,68,58.31,3119.19,283.7,11267,7,100,0,0,92.7,1256.2,13.1
1,VER,Red Bull Racing,68,58.367,3123.69,284.0,11282,7,100,0,0,94.2,1252.0,13.1
1,VER,Red Bull Racing,68,58.53,3136.67,285.5,11334,7,100,0,0,98.4,1239.7,13.1
1,VER,Red Bull Racing,68,58.807,3158.89,288.0,11422,7,100,0,0,105.2,1218.6,13.1
1,VER,Red Bull Racing,68,58.81,3159.14,288.0,11422,7,100,0,0,105.3,1218.4,13.1
1,VER,Red Bull Racing,68,58.97,3171.97,288.7,11425,7,100,0,0,109.0,1206.2,13.0
1,VER,Red Bull Racing,68,59.047,3178.16,289.0,11427,7,100,0,0,111.0,1199.2,13.0
1,VER,Red Bull Racing,68,59.25,3194.57,290.3,10767,7,100,0,0,116.5,1179.8,13.0
1,VER,Red Bull Racing,68,59.367,3204.03,291.0,10387,7,100,0,0,118.7,1171.8,13.0
1,VER,Red Bull Racing,68,59.527,3216.96,291.0,10432,8,100,0,0,121.2,1162.5,13.0
1,VER,Red Bull Racing,68,59.55,3218.83,291.2,10439,8,100,0,0,121.6,1161.0,13.0
1,VER,Red Bull Racing,68,59.81,3240.11,293.8,10513,8,100,0,0,126.8,1140.4,13.0
1,VER,Red Bull Racing,68,59.926,3249.66,295.0,10546,8,100,0,0,129.1,1131.1,13.0
1,VER,Red Bull Racing,68,60.07,3261.52,295.9,10574,8,100,0,0,132.0,1119.7,12.9
1,VER,Red Bull Racing,68,60.23,3274.73,296.9,10606,8,100,0,0,135.1,1106.9,12.9
1,VER,Red Bull Racing,68,60.246,3276.06,297.0,10609,8,100,0,0,135.4,1105.7,12.9
1,VER,Red Bull Racing,68,60.47,3294.66,298.9,10663,8,100,0,0,139.7,1087.5,12.9
1,VER,Red Bull Racing,68,60.486,3295.99,299.0,10667,8,100,0,0,140.1,1085.8,12.9
1,VER,Red Bull Racing,68,60.71,3314.66,299.7,10698,8,100,0,0,146.5,1058.3,12.8
1,VER,Red Bull Racing,68,60.807,3322.74,300.0,10711,8,100,0,0,148.3,1050.8,12.8
1,VER,Red Bull Racing,68,61.047,3342.74,300.0,10707,8,100,0,0,150.8,1040.2,12.8
1,VER,Red Bull Racing,68,61.069,3344.58,300.2,10720,8,100,0,0,151.1,1038.8,12.8
1,VER,Red Bull Racing,68,61.249,3359.68,301.4,10825,8,100,0,0,154.5,1024.1,12.8
1,VER,Red Bull Racing,68,61.327,3366.23,302.0,10870,8,100,0,0,156.0,1017.7,12.8
1,VER,Red Bull Racing,68,61.549,3384.91,302.8,10814,8,100,0,0,160.3,999.6,12.7
1,VER,Red Bull Racing,68,61.607,3389.8,303.0,10800,8,100,0,0,161.5,994.5,12.7
1,VER,Red Bull Racing,68,61.77,3403.56,303.8,10841,8,100,0,0,164.9,979.8,12.6
1,VER,Red Bull Racing,68,61.807,3406.69,304.0,10850,8,100,0,0,165.6,976.6,12.6
1,VER,Red Bull Racing,68,61.97,3420.45,304.0,10861,8,100,0,0,168.7,963.3,12.7
1,VER,Red Bull Racing,68,62.007,3423.57,304.0,10863,8,100,0,0,169.4,960.2,12.7
1,VER,Red Bull Racing,68,62.15,3435.69,304.7,10885,8,100,0,0,172.2,948.5,12.7
1,VER,Red Bull Racing,68,62.31,3449.3,305.5,10910,8,100,0,0,174.9,936.9,12.6
1,VER,Red Bull Racing,68,62.407,3457.57,306.0,10925,8,100,0,0,176.8,929.0,12.6
1,VER,Red Bull Racing,68,62.49,3464.67,306.7,10936,8,100,0,0,178.4,921.9,12.6
1,VER,Red Bull Racing,68,62.647,3478.11,308.0,10957,8,100,0,0,181.4,908.8,12.6
1,VER,Red Bull Racing,68,62.73,3485.21,308.0,10959,8,100,0,0,183.0,901.9,12.6
1,VER,Red Bull Racing,68,62.847,3495.22,308.0,10961,8,100,0,0,185.2,892.2,12.6
1,VER,Red Bull Racing,68,63.03,3510.92,308.5,10973,8,100,0,0,188.8,876.9,12.6
1,VER,Red Bull Racing,68,63.05,3512.63,308.5,10974,8,100,0,0,189.2,875.2,12.6
1,VER,Red Bull Racing,68,63.247,3529.55,309.0,10987,8,100,0,0,192.9,858.7,12.6
1,VER,Red Bull Racing,68,63.33,3536.67,309.0,10974,8,100,0,0,194.5,851.8,12.6
1,VER,Red Bull Racing,68,63.407,3543.29,309.0,10961,8,100,0,0,195.9,845.4,12.6
1,VER,Red Bull Racing,68,63.51,3552.14,309.3,10969,8,100,0,0,197.9,836.7,12.6
1,VER,Red Bull Racing,68,63.807,3577.73,310.0,10992,8,100,0,0,204.5,807.7,12.7
1,VER,Red Bull Racing,68,63.83,3579.71,310.0,10998,8,100,0,0,205.3,804.3,12.7
1,VER,Red Bull Racing,68,63.99,3593.48,310.0,11038,8,100,0,0,211.3,778.3,12.7
1,VER,Red Bull Racing,68,64.087,3601.84,310.0,11062,8,100,0,0,213.4,769.3,12.7
1,VER,Red Bull Racing,68,64.33,3622.82,310.6,11040,8,100,0,0,215.3,761.4,12.7
1,VER,Red Bull Racing,68,64.487,3636.4,311.0,11025,8,100,0,0,218.3,748.6,12.8
1,VER,Red Bull Racing,68,64.55,3641.85,311.0,11002,8,100,0,0,219.7,742.9,12.8
1,VER,Red Bull Racing,68,64.727,3657.13,311.0,10939,8,100,0,0,223.3,728.0,12.7
1,VER,Red Bull Racing,68,64.79,3662.54,310.5,10939,8,100,0,0,224.6,722.8,12.7
1,VER,Red Bull Racing,68,65.07,3686.48,308.1,10939,8,100,0,0,230.2,699.4,12.8
1,VER,Red Bull Racing,68,65.087,3687.93,308.0,10939,8,100,0,0,230.5,698.0,12.8
1,VER,Red Bull Racing,68,65.247,3701.62,308.0,10907,8,100,0,0,233.6,684.7,12.8
1,VER,Red Bull Racing,68,65.25,3701.87,308.0,10906,8,100,0,0,233.7,684.5,12.8
1,VER,Red Bull Racing,68,65.407,3715.26,307.0,10831,8,100,0,0,236.8,671.5,12.9
1,VER,Red Bull Racing,68,65.41,3715.52,307.0,10832,8,99,0,0,236.9,671.2,12.9
1,VER,Red Bull Racing,68,65.727,3742.37,305.0,10906,8,0,1,0,245.7,634.1,13.0
1,VER,Red Bull Racing,68,65.75,3744.23,302.1,10761,8,0,1,0,246.1,632.3,13.0
1,VER,Red Bull Racing,68,65.927,3757.93,280.0,9646,8,0,1,0,247.7,625.6,13.0
1,VER,Red Bull Racing,68,66.07,3768.15,260.7,9696,8,0,1,0,249.2,619.2,13.1
1,VER,Red Bull Racing,68,66.127,3771.99,253.0,9716,8,0,1,0,250.4,614.2,13.1
1,VER,Red Bull Racing,68,66.29,3782.19,234.8,9945,8,0,1,0,254.3,597.4,13.2
1,VER,Red Bull Racing,68,66.486,3793.23,213.0,10221,7,0,1,0,256.2,589.5,13.2
1,VER,Red Bull Racing,68,66.65,3801.71,194.3,9916,7,0,1,0,257.1,584.5,13.2
1,VER,Red Bull Racing,68,66.766,3807.3,181.0,9701,6,0,1,0,258.3,577.2,13.2
1,VER,Red Bull Racing,68,66.93,3814.66,170.6,9258,6,0,1,0,260.1,565.9,13.2
1,VER,Red Bull Racing,68,67.207,3826.05,153.0,8509,4,0,1,0,260.9,558.7,13.2
1,VER,Red Bull Racing,68,67.31,3830.16,147.3,8342,4,0,1,0,260.5,555.6,13.2
1,VER,Red Bull Racing,68,67.407,3833.94,142.0,8185,4,0,1,0,259.8,551.3,13.2
1,VER,Red Bull Racing,68,67.569,3839.95,136.9,8029,4,2,1,0,258.3,543.3,13.1
1,VER,Red Bull Racing,68,67.727,3845.67,132.0,7877,4,4,1,0,256.7,538.3,13.1
1,VER,Red Bull Racing,68,67.967,3854.4,131.0,7868,4,5,0,0,253.5,533.3,13.1
1,VER,Red Bull Racing,68,68.009,3855.93,130.9,7897,4,9,0,0,252.7,532.1,13.1
1,VER,Red Bull Racing,68,68.069,3858.1,130.8,7938,4,16,0,0,251.5,530.2,13.1
1,VER,Red Bull Racing,68,68.29,3866.09,130.3,8090,4,39,0,0,246.9,522.7,13.0
1,VER,Red Bull Racing,68,68.447,3871.74,130.0,8198,4,55,0,0,244.3,517.4,12.9
1,VER,Red Bull Racing,68,68.57,3876.14,130.0,8029,4,45,0,0,242.8,513.8,12.9
1,VER,Red Bull Racing,68,68.647,3878.96,130.0,7924,4,38,0,0,242.0,512.0,12.9
1,VER,Red Bull Racing,68,68.847,3886.57,137.0,8402,4,14,0,0,240.4,504.8,12.9
1,VER,Red Bull Racing,68,68.85,3886.68,137.0,8404,4,14,0,0,240.4,504.6,12.9
1,VER,Red Bull Racing,68,68.97,3891.2,136.4,8496,4,31,0,0,239.5,494.7,12.8
1,VER,Red Bull Racing,68,69.047,3894.12,136.0,8555,4,41,0,0,239.2,490.1,12.8
1,VER,Red Bull Racing,68,69.39,3907.86,143.8,9328,4,80,0,0,239.7,483.6,12.8
1,VER,Red Bull Racing,68,69.487,3911.97,146.0,9546,4,91,0,0,239.9,480.0,12.8
1,VER,Red Bull Racing,68,69.59,3916.45,150.3,9845,4,94,0,0,240.3,475.2,12.7
1,VER,Red Bull Racing,68,69.847,3928.07,161.0,10592,4,100,0,0,242.2,461.5,12.6
1,VER,Red Bull Racing,68,69.87,3929.13,161.9,10613,4,100,0,0,242.4,460.2,12.6
1,VER,Red Bull Racing,68,70.087,3939.4,170.0,10806,4,100,0,0,245.1,446.9,12.6
1,VER,Red Bull Racing,68,70.33,3952.07,181.6,11253,4,100,0,0,247.9,435.0,12.6
1,VER,Red Bull Racing,68,70.527,3962.75,191.0,11616,4,100,0,0,248.9,431.0,12.6
1,VER,Red Bull Racing,68,70.63,3968.31,193.6,11563,4,100,0,0,250.1,426.6,12.6
1,VER,Red Bull Racing,68,70.687,3971.41,195.0,11533,4,100,0,0,251.2,422.7,12.6
1,VER,Red Bull Racing,68,70.87,3981.66,200.1,11210,4,100,0,0,255.6,407.2,12.7
1,VER,Red Bull Racing,68,71.007,3989.55,204.0,10969,5,100,0,0,257.5,400.7,12.7
1,VER,Red Bull Racing,68,71.247,4003.75,213.0,10969,5,100,0,0,259.8,392.9,12.7
1,VER,Red Bull Racing,68,71.27,4005.13,213.6,11014,5,100,0,0,260.2,391.4,12.7
1,VER,Red Bull Racing,68,71.487,4018.35,219.0,11441,5,100,0,0,265.5,372.7,12.7
1,VER,Red Bull Racing,68,71.49,4018.53,219.1,11442,5,100,0,0,265.6,372.5,12.7
1,VER,Red Bull Racing,68,71.767,4036.0,227.0,11569,5,100,0,0,268.9,360.5,12.7
1,VER,Red Bull Racing,68,71.85,4041.38,229.1,11410,5,100,0,0,269.9,356.7,12.7
1,VER,Red Bull Racing,68,72.05,4054.56,234.1,11028,5,100,0,0,273.2,344.2,12.7
1,VER,Red Bull Racing,68,72.167,4062.34,237.0,10805,6,100,0,0,275.0,337.1,12.7
1,VER,Red Bull Racing,68,72.31,4071.87,239.4,10919,6,100,0,0,277.5,327.5,12.8
1,VER,Red Bull Racing,68,72.407,4078.4,241.0,10996,6,100,0,0,279.7,318.9,12.8
1,VER,Red Bull Racing,68,72.59,4090.95,245.1,11116,6,100,0,0,284.2,301.1,12.8
1,VER,Red Bull Racing,68,72.767,4103.3,249.0,11233,6,100,0,0,287.7,287.3,12.8
1,VER,Red Bull Racing,68,73.03,4121.92,253.6,11378,6,100,0,0,291.5,272.5,12.8
1,VER,Red Bull Racing,68,73.167,4131.75,256.0,11454,6,100,0,0,292.9,266.9,12.8
1,VER,Red Bull Racing,68,73.33,4143.54,258.9,11540,6,100,0,0,295.1,258.6,12.8
1,VER,Red Bull Racing,68,73.446,4151.97,261.0,11601,6,100,0,0,297.7,248.8,12.8
1,VER,Red Bull Racing,68,73.63,4165.41,262.8,10957,6,100,0,0,302.1,231.9,12.8
1,VER,Red Bull Racing,68,73.646,4166.58,263.0,10901,6,100,0,0,302.4,230.8,12.8
1,VER,Red Bull Racing,68,73.847,4181.38,265.0,10656,7,100,0,0,304.9,220.9,12.8
1,VER,Red Bull Racing,68,73.91,4186.01,265.0,10661,7,100,0,0,305.8,217.6,12.8
1,VER,Red Bull Racing,68,74.047,4196.1,265.0,10671,7,100,0,0,308.1,208.7,12.8
1,VER,Red Bull Racing,68,74.269,4212.74,268.7,10799,7,100,0,0,312.6,191.7,12.8
1,VER,Red Bull Racing,68,74.407,4223.2,271.0,10878,7,100,0,0,315.3,181.6,12.8
1,VER,Red Bull Racing,68,74.429,4224.88,271.3,10887,7,100,0,0,315.7,180.0,12.8
1,VER,Red Bull Racing,68,74.629,4240.14,274.2,10972,7,100,0,0,319.5,165.2,12.9
1,VER,Red Bull Racing,68,74.687,4244.59,275.0,10996,7,100,0,0,320.7,160.5,12.9
1,VER,Red Bull Racing,68,74.81,4254.06,276.3,11022,7,100,0,0,323.3,150.3,12.9
1,VER,Red Bull Racing,68,74.967,4266.21,278.0,11055,7,100,0,0,326.2,138.2,12.9
1,VER,Red Bull Racing,68,75.05,4272.68,278.9,11093,7,100,0,0,327.7,131.7,12.9
1,VER,Red Bull Racing,68,75.247,4288.07,281.0,11184,7,100,0,0,331.0,115.9,12.8
1,VER,Red Bull Racing,68,75.31,4292.98,281.0,11198,7,100,0,0,331.8,111.8,12.8
1,VER,Red Bull Racing,68,75.407,4300.56,281.0,11220,7,100,0,0,332.8,106.9,12.8
1,VER,Red Bull Racing,68,75.53,4310.24,282.8,11293,7,100,0,0,334.1,99.4,12.8
1,VER,Red Bull Racing,68,75.594,4315.31,283.7,11331,7,100,0,0,335.0,92.9,12.8
14,ALO,Aston Martin,62,0.0,-0.01,280.0,10357,8,100,0,0,335.4,91.7,12.8
14,ALO,Aston Martin,62,0.028,2.18,280.0,10361,8,100,0,0,335.6,90.4,12.8
14,ALO,Aston Martin,62,0.253,19.79,281.6,10346,8,100,0,0,337.2,77.9,12.8
14,ALO,Aston Martin,62,0.308,24.11,282.0,10342,8,100,0,0,337.6,74.4,12.8
14,ALO,Aston Martin,62,0.473,37.08,282.4,10374,8,100,0,0,338.7,60.8,12.8
14,ALO,Aston Martin,62,0.693,54.38,282.9,10416,8,100,0,0,339.5,32.5,12.8
14,ALO,Aston Martin,62,0.748,58.7,283.0,10427,8,100,0,0,339.6,27.2,12.8
14,ALO,Aston Martin,62,0.948,74.42,283.0,10441,8,100,0,0,339.3,17.4,12.9
14,ALO,Aston Martin,62,1.133,89.01,283.8,10465,8,100,0,0,338.7,8.9,12.9
14,ALO,Aston Martin,62,1.188,93.36,284.0,10472,8,100,0,0,338.4,5.1,12.9
14,ALO,Aston Martin,62,1.348,105.98,284.0,10472,8,100,0,0,337.5,-7.9,12.9
14,ALO,Aston Martin,62,1.353,106.37,283.9,10463,8,98,0,0,337.5,-8.3,12.9
14,ALO,Aston Martin,62,1.588,124.58,279.0,10052,8,0,0,0,335.6,-26.6,13.0
14,ALO,Aston Martin,62,1.592,124.88,278.9,10050,8,0,0,0,335.6,-26.9,13.0
14,ALO,Aston Martin,62,1.732,135.54,275.4,9990,8,0,0,0,334.4,-37.5,13.0
14,ALO,Aston Martin,62,1.828,142.78,273.0,9949,8,0,0,0,333.6,-44.4,13.0
14,ALO,Aston Martin,62,1.892,147.56,271.8,9801,8,0,0,0,333.0,-49.4,13.0
14,ALO,Aston Martin,62,1.988,154.78,270.0,9579,8,0,0,0,332.0,-58.1,13.0
14,ALO,Aston Martin,62,2.212,171.7,270.0,9203,8,0,0,0,329.6,-79.0,13.2
14,ALO,Aston Martin,62,2.229,172.85,270.0,9175,8,0,1,0,329.5,-80.2,13.2
14,ALO,Aston Martin,62,2.549,190.72,201.0,9416,8,0,1,0,328.4,-94.3,13.3
14,ALO,Aston Martin,62,2.592,192.94,198.4,9459,8,0,1,0,328.3,-96.2,13.3
14,ALO,Aston Martin,62,2.752,201.16,188.7,9619,8,0,1,0,328.1,-104.4,13.3
14,ALO,Aston Martin,62,2.829,205.03,184.0,9696,6,0,1,0,328.1,-108.2,13.3
14,ALO,Aston Martin,62,3.029,214.75,175.0,8953,5,0,1,0,328.6,-117.5,13.4
14,ALO,Aston Martin,62,3.052,215.85,174.2,9082,5,0,1,0,328.7,-118.6,13.4
14,ALO,Aston Martin,62,3.229,224.09,168.0,10073,5,0,1,0,330.1,-127.0,13.3
14,ALO,Aston Martin,62,3.273,226.07,166.5,9988,5,0,1,0,330.5,-128.9,13.3
14,ALO,Aston Martin,62,3.453,233.92,160.5,9642,5,0,1,0,332.8,-136.0,13.3
14,ALO,Aston Martin,62,3.589,239.69,156.0,9381,4,0,1,0,335.1,-141.1,13.3
14,ALO,Aston Martin,62,3.653,242.37,154.1,9308,4,0,1,0,336.4,-143.3,13.3
14,ALO,Aston Martin,62,3.753,246.53,151.1,9194,4,0,1,0,338.7,-146.7,13.3
14,ALO,Aston Martin,62,3.789,248.02,150.0,9153,4,0,1,0,339.8,-148.1,13.3
14,ALO,Aston Martin,62,3.988,256.15,147.0,8946,4,0,1,0,348.0,-156.5,13.4
14,ALO,Aston Martin,62,4.033,257.97,146.3,8982,4,0,1,0,349.5,-157.9,13.4
14,ALO,Aston Martin,62,4.228,265.68,143.0,9138,4,0,0,0,353.4,-161.1,13.5
14,ALO,Aston Martin,62,4.353,270.29,138.1,8978,4,0,0,0,355.9,-162.7,13.5
14,ALO,Aston Martin,62,4.613,279.12,127.8,8644,4,0,0,0,364.2,-167.7,13.5
14,ALO,Aston Martin,62,4.708,282.21,124.0,8522,3,0,1,0,367.1,-169.3,13.5
14,ALO,Aston Martin,62,4.908,288.49,113.0,9279,3,0,1,0,372.9,-172.4,13.4
14,ALO,Aston Martin,62,4.933,289.24,111.8,9181,3,0,1,0,373.7,-172.9,13.4
14,ALO,Aston Martin,62,5.108,294.21,103.0,8494,2,0,1,0,379.3,-176.4,13.4
14,ALO,Aston Martin,62,5.133,294.9,102.2,8448,2,0,1,0,380.0,-176.8,13.4
14,ALO,Aston Martin,62,5.348,300.55,95.0,8056,2,0,1,0,383.7,-179.8,13.5
14,ALO,Aston Martin,62,5.493,304.15,90.7,7638,2,0,1,0,385.4,-181.9,13.5
14,ALO,Aston Martin,62,5.548,305.49,89.0,7480,2,0,1,0,386.1,-182.9,13.5
14,ALO,Aston Martin,62,5.673,308.47,87.3,7245,2,0,1,0,387.5,-185.5,13.5
14,ALO,Aston Martin,62,5.753,310.34,86.2,7095,2,0,1,0,388.1,-187.3,13.5
14,ALO,Aston Martin,62,5.908,313.89,84.0,6804,2,0,0,0,388.8,-190.7,13.5
14,ALO,Aston Martin,62,5.973,315.36,83.2,6800,2,0,0,0,388.8,-192.3,13.5
14,ALO,Aston Martin,62,6.228,321.0,80.0,6784,2,0,0,0,387.7,-200.4,13.6
14,ALO,Aston Martin,62,6.293,322.41,79.3,6754,2,4,0,0,387.4,-202.1,13.6
14,ALO,Aston Martin,62,6.508,326.99,77.0,6656,2,18,0,0,386.6,-205.3,13.6
14,ALO,Aston Martin,62,6.693,330.88,76.5,6808,2,21,0,0,385.5,-207.7,13.7
14,ALO,Aston Martin,62,6.868,334.59,76.0,6951,2,23,0,0,383.5,-211.4,13.8
14,ALO,Aston Martin,62,6.973,336.87,77.3,7134,2,26,0,0,382.2,-213.7,13.9
14,ALO,Aston Martin,62,7.108,339.86,79.0,7369,2,30,0,0,380.5,-216.1,14.0
14,ALO,Aston Martin,62,7.308,344.47,83.0,7775,2,37,0,0,377.7,-219.1,14.1
14,ALO,Aston Martin,62,7.353,345.57,84.3,7885,2,39,0,0,377.0,-219.7,14.1
14,ALO,Aston Martin,62,7.573,351.36,90.8,8423,2,47,0,0,372.7,-222.7,14.2
14,ALO,Aston Martin,62,7.633,353.01,92.6,8570,2,49,0,0,371.4,-223.4,14.2
14,ALO,Aston Martin,62,7.748,356.2,96.0,8851,2,53,0,0,368.6,-224.5,14.3
14,ALO,Aston Martin,62,7.833,358.58,98.5,9180,2,56,0,0,366.4,-225.2,14.4
14,ALO,Aston Martin,62,7.948,361.87,102.0,9625,2,59,0,0,363.3,-226.0,14.5
14,ALO,Aston Martin,62,8.013,363.79,103.9,9842,2,62,0,0,361.4,-226.3,14.5
14,ALO,Aston Martin,62,8.228,370.42,110.0,10558,2,72,0,0,354.8,-227.0,14.7
14,ALO,Aston Martin,62,8.232,370.55,110.1,10568,2,72,0,0,354.7,-227.0,14.7
14,ALO,Aston Martin,62,8.428,376.81,115.0,11043,2,75,0,0,348.1,-227.2,15.0
14,ALO,Aston Martin,62,8.532,380.47,120.9,10747,2,75,0,0,344.5,-227.3,15.2
14,ALO,Aston Martin,62,8.632,384.18,126.7,10462,2,75,0,0,340.9,-227.3,15.3
14,ALO,Aston Martin,62,8.708,387.0,131.0,10245,2,75,0,0,338.1,-227.2,15.4
14,ALO,Aston Martin,62,8.869,393.04,135.0,10943,3,77,0,0,332.0,-226.8,15.7
14,ALO,Aston Martin,62,8.872,393.16,135.2,10949,3,77,0,0,331.9,-226.8,15.7
14,ALO,Aston Martin,62,9.212,407.58,152.2,11608,3,98,0,0,318.0,-225.2,16.2
14,ALO,Aston Martin,62,9.229,408.34,153.0,11641,3,99,0,0,317.1,-225.0,16.2
14,ALO,Aston Martin,62,9.412,416.74,161.5,11016,3,100,0,0,307.5,-223.0,16.6
14,ALO,Aston Martin,62,9.509,421.25,166.0,10685,4,100,0,0,304.1,-222.2,16.7
14,ALO,Aston Martin,62,9.652,427.91,168.4,11171,4,100,0,0,298.5,-220.6,16.9
14,ALO,Aston Martin,62,9.749,432.58,170.0,11501,4,100,0,0,291.4,-218.5,17.1
14,ALO,Aston Martin,62,9.873,438.87,178.3,10922,4,100,0,0,281.4,-215.4,17.3
14,ALO,Aston Martin,62,9.989,444.98,186.0,10381,4,100,0,0,274.8,-213.2,17.3
14,ALO,Aston Martin,62,10.153,453.82,192.6,10496,4,100,0,0,267.9,-210.8,17.3
14,ALO,Aston Martin,62,10.189,455.76,194.0,10521,5,100,0,0,266.3,-210.2,17.3
14,ALO,Aston Martin,62,10.389,466.54,194.0,11066,5,100,0,0,257.0,-206.8,17.7
14,ALO,Aston Martin,62,10.453,470.1,197.6,11066,5,100,0,0,253.8,-205.5,17.8
14,ALO,Aston Martin,62,10.549,475.56,203.0,11066,5,100,0,0,248.9,-203.4,17.8
14,ALO,Aston Martin,62,10.633,480.42,205.7,10988,5,100,0,0,244.5,-201.5,17.8
14,ALO,Aston Martin,62,10.813,491.09,211.5,10822,5,100,0,0,235.2,-197.0,17.8
14,ALO,Aston Martin,62,10.828,491.99,212.0,10808,5,100,0,0,234.4,-196.6,17.8
14,ALO,Aston Martin,62,10.973,500.77,217.4,10498,5,100,0,0,226.8,-192.5,17.8
14,ALO,Aston Martin,62,10.988,501.68,218.0,10466,5,100,0,0,226.0,-192.1,17.8
14,ALO,Aston Martin,62,11.188,513.9,220.0,10726,6,100,0,0,215.6,-185.7,17.8
14,ALO,Aston Martin,62,11.193,514.21,220.2,10731,6,100,0,0,215.3,-185.5,17.8
14,ALO,Aston Martin,62,11.393,526.86,226.8,10916,6,100,0,0,204.7,-178.6,17.7
14,ALO,Aston Martin,62,11.428,529.1,228.0,10948,6,100,0,0,202.8,-177.3,17.7
14,ALO,Aston Martin,62,11.633,542.38,231.6,11082,6,100,0,0,192.0,-169.8,17.6
14,ALO,Aston Martin,62,11.828,555.21,235.0,11209,6,100,0,0,181.7,-162.3,17.6
14,ALO,Aston Martin,62,11.893,559.53,236.0,11236,6,100,0,0,178.3,-159.8,17.6
14,ALO,Aston Martin,62,12.093,572.93,239.2,11319,6,100,0,0,167.7,-151.8,17.7
14,ALO,Aston Martin,62,12.268,584.79,242.0,11392,6,100,0,0,158.4,-144.5,17.6
14,ALO,Aston Martin,62,12.293,586.49,242.0,11354,6,97,0,0,157.1,-143.5,17.6
14,ALO,Aston Martin,62,12.973,632.25,242.0,10327,6,2,0,0,121.1,-114.4,17.6
14,ALO,Aston Martin,62,12.988,633.19,242.0,10304,6,0,1,0,120.3,-113.8,17.6
14,ALO,Aston Martin,62,13.188,645.08,214.0,10371,6,0,1,0,109.8,-105.1,17.6
14,ALO,Aston Martin,62,13.333,652.46,196.7,10215,6,0,1,0,103.3,-99.6,17.6
14,ALO,Aston Martin,62,13.548,662.18,171.0,9984,5,0,1,0,96.4,-93.2,17.5
14,ALO,Aston Martin,62,13.673,667.84,167.2,9697,5,0,1,0,93.0,-89.7,17.5
14,ALO,Aston Martin,62,13.873,676.7,161.1,9237,5,0,1,0,87.3,-83.2,17.5
14,ALO,Aston Martin,62,13.908,678.18,160.0,9156,4,0,1,0,86.2,-81.7,17.5
14,ALO,Aston Martin,62,14.173,688.72,143.9,8770,4,0,1,0,78.1,-69.4,17.2
14,ALO,Aston Martin,62,14.188,689.3,143.0,8748,4,0,1,0,77.8,-68.9,17.2
14,ALO,Aston Martin,62,14.428,698.64,140.0,8715,4,15,0,0,75.7,-64.0,17.0
14,ALO,Aston Martin,62,14.513,701.87,138.6,8714,4,16,0,0,75.2,-61.8,17.0
14,ALO,Aston Martin,62,14.668,707.7,136.0,8712,4,18,0,0,74.3,-56.3,16.9
14,ALO,Aston Martin,62,14.672,707.85,136.0,8711,4,18,0,0,74.3,-56.1,16.9
14,ALO,Aston Martin,62,14.912,716.98,136.9,8646,4,37,0,0,74.6,-47.0,16.8
14,ALO,Aston Martin,62,14.948,718.36,137.0,8636,4,40,0,0,74.8,-45.6,16.8
14,ALO,Aston Martin,62,15.132,725.46,138.8,9263,4,60,0,0,75.8,-38.3,16.5
14,ALO,Aston Martin,62,15.148,726.08,139.0,9317,4,62,0,0,75.9,-37.7,16.5
14,ALO,Aston Martin,62,15.308,732.39,142.0,9526,4,62,0,0,76.7,-31.4,16.4
14,ALO,Aston Martin,62,15.352,734.16,143.0,9584,4,61,0,0,76.8,-29.6,16.3
14,ALO,Aston Martin,62,15.532,741.55,146.9,9820,4,59,0,0,76.9,-22.3,16.0
14,ALO,Aston Martin,62,15.629,745.68,149.0,9948,4,57,0,0,76.7,-18.3,15.9
14,ALO,Aston Martin,62,15.692,748.41,152.2,9946,4,57,0,0,76.5,-15.6,15.8
14,ALO,Aston Martin,62,15.789,752.65,157.0,9944,4,58,0,0,76.0,-11.5,15.6
14,ALO,Aston Martin,62,15.912,757.99,157.0,10037,4,57,0,0,75.1,-6.2,15.4
14,ALO,Aston Martin,62,16.072,764.96,157.0,10157,4,55,0,0,73.4,0.4,15.0
14,ALO,Aston Martin,62,16.109,766.61,157.0,10185,4,55,0,0,72.9,1.9,14.9
14,ALO,Aston Martin,62,16.292,774.98,162.9,10592,4,61,0,0,69.9,9.1,14.6
14,ALO,Aston Martin,62,16.389,779.52,166.0,10807,4,64,0,0,67.5,13.2,14.4
14,ALO,Aston Martin,62,16.533,786.34,169.6,11063,4,77,0,0,63.3,19.4,14.2
14,ALO,Aston Martin,62,16.629,790.99,172.0,11233,4,85,0,0,60.4,23.3,14.1
14,ALO,Aston Martin,62,16.733,796.15,177.2,11824,4,95,0,0,57.1,27.4,13.9
14,ALO,Aston Martin,62,16.789,798.99,180.0,12142,4,100,0,0,55.3,29.7,13.8
14,ALO,Aston Martin,62,17.013,810.81,188.8,11140,4,100,0,0,48.0,38.7,13.5
14,ALO,Aston Martin,62,17.069,813.84,191.0,10890,4,100,0,0,46.4,40.7,13.4
14,ALO,Aston Martin,62,17.173,819.54,193.9,10982,4,100,0,0,43.3,44.6,13.3
14,ALO,Aston Martin,62,17.389,831.62,200.0,11173,5,100,0,0,34.8,55.1,13.2
14,ALO,Aston Martin,62,17.393,831.85,200.1,11179,5,100,0,0,34.6,55.3,13.2
14,ALO,Aston Martin,62,17.613,844.55,207.5,11503,5,100,0,0,26.6,65.0,13.0
14,ALO,Aston Martin,62,17.628,845.43,208.0,11525,5,100,0,0,25.9,65.8,13.0
14,ALO,Aston Martin,62,17.853,858.92,215.5,11686,5,100,0,0,14.1,79.4,12.9
14,ALO,Aston Martin,62,17.868,859.83,216.0,11697,5,100,0,0,13.4,80.1,12.9
14,ALO,Aston Martin,62,18.028,869.61,220.0,10618,5,100,0,0,7.9,86.1,12.9
14,ALO,Aston Martin,62,18.213,881.16,224.6,10679,5,100,0,0,2.0,91.6,13.0
14,ALO,Aston Martin,62,18.228,882.11,225.0,10684,6,100,0,0,1.4,92.1,13.0
14,ALO,Aston Martin,62,18.513,900.53,231.4,11011,6,100,0,0,-12.4,104.1,13.0
14,ALO,Aston Martin,62,18.628,908.11,234.0,11143,6,100,0,0,-18.3,108.9,13.0
14,ALO,Aston Martin,62,18.713,913.75,236.1,11224,6,100,0,0,-22.7,112.4,13.0
14,ALO,Aston Martin,62,18.908,926.85,241.0,11409,6,100,0,0,-33.0,120.5,13.1
14,ALO,Aston Martin,62,18.933,928.55,241.5,11348,6,100,0,0,-34.3,121.5,13.1
14,ALO,Aston Martin,62,19.133,942.34,245.5,10856,6,100,0,0,-44.9,130.1,13.1
14,ALO,Aston Martin,62,19.308,954.52,249.0,10425,6,100,0,0,-55.6,139.9,13.1
14,ALO,Aston Martin,62,19.353,957.65,249.4,10452,6,100,0,0,-58.0,142.2,13.1
14,ALO,Aston Martin,62,19.508,968.46,251.0,10546,7,100,0,0,-63.9,148.1,13.1
14,ALO,Aston Martin,62,19.653,978.7,253.1,10674,7,100,0,0,-69.1,156.1,13.1
14,ALO,Aston Martin,62,19.788,988.3,255.0,10793,7,100,0,0,-76.1,169.9,13.0
14,ALO,Aston Martin,62,19.893,995.78,255.6,10764,7,100,0,0,-81.1,180.5,13.0
14,ALO,Aston Martin,62,20.148,1014.0,257.0,10692,7,100,0,0,-86.2,194.5,13.0
14,ALO,Aston Martin,62,20.253,1021.51,257.3,10714,7,100,0,0,-87.7,200.0,13.0
14,ALO,Aston Martin,62,20.493,1038.72,258.0,10763,7,100,0,0,-92.0,216.6,13.0
14,ALO,Aston Martin,62,20.508,1039.8,258.0,10766,7,100,0,0,-92.2,217.6,13.0
14,ALO,Aston Martin,62,20.713,1054.54,258.6,10813,7,100,0,0,-93.6,230.1,13.0
14,ALO,Aston Martin,62,20.828,1062.82,259.0,10839,7,100,0,0,-94.0,236.8,12.9
14,ALO,Aston Martin,62,20.933,1070.38,259.3,10845,7,100,0,0,-94.2,244.7,12.9
14,ALO,Aston Martin,62,21.188,1088.82,260.0,10859,7,100,0,0,-94.1,273.2,13.0
14,ALO,Aston Martin,62,21.193,1089.18,260.1,10861,7,100,0,0,-94.1,273.7,13.0
14,ALO,Aston Martin,62,21.348,1100.46,262.0,10933,7,91,0,0,-93.7,286.3,13.1
14,ALO,Aston Martin,62,21.472,1109.4,258.9,10881,7,20,0,0,-93.4,293.9,13.1
14,ALO,Aston Martin,62,21.508,1111.93,258.0,10866,7,0,0,0,-93.3,295.9,13.1
14,ALO,Aston Martin,62,21.828,1133.44,242.0,10324,7,0,1,0,-92.5,310.6,13.1
14,ALO,Aston Martin,62,21.972,1143.5,242.0,10126,7,0,1,0,-92.0,317.9,13.2
14,ALO,Aston Martin,62,22.109,1152.33,242.0,9938,6,0,1,0,-91.4,326.0,13.4
14,ALO,Aston Martin,62,22.132,1153.64,236.9,9978,6,0,1,0,-91.3,327.5,13.4
14,ALO,Aston Martin,62,22.412,1166.76,174.8,10468,6,0,1,0,-91.5,347.0,13.8
14,ALO,Aston Martin,62,22.429,1167.53,171.0,10498,5,0,1,0,-91.5,347.9,13.8
14,ALO,Aston Martin,62,22.749,1182.73,171.0,9871,5,0,1,0,-93.0,359.1,14.0
14,ALO,Aston Martin,62,22.752,1182.88,171.0,9868,5,0,1,0,-93.0,359.2,14.0
14,ALO,Aston Martin,62,22.832,1186.8,171.0,9801,5,0,1,0,-93.7,362.8,14.0
14,ALO,Aston Martin,62,22.949,1192.23,171.0,9702,5,0,1,0,-95.5,368.9,14.1
14,ALO,Aston Martin,62,23.213,1201.58,129.5,9174,5,0,1,0,-100.9,381.9,14.4
14,ALO,Aston Martin,62,23.229,1202.11,127.0,9142,3,0,1,0,-101.1,382.4,14.4
14,ALO,Aston Martin,62,23.493,1210.71,119.7,8310,3,0,1,0,-103.9,386.2,14.5
14,ALO,Aston Martin,62,23.629,1215.0,116.0,7882,3,0,1,0,-106.3,388.9,14.6
14,ALO,Aston Martin,62,23.693,1216.96,113.2,7818,3,0,1,0,-107.6,390.2,14.7
14,ALO,Aston Martin,62,23.789,1219.84,109.0,7723,3,0,1,0,-109.7,392.0,14.8
14,ALO,Aston Martin,62,23.913,1223.47,106.5,7523,3,1,1,0,-112.7,394.0,14.8
14,ALO,Aston Martin,62,23.989,1225.67,105.0,7401,3,2,0,0,-114.6,395.0,14.8
14,ALO,Aston Martin,62,24.148,1230.27,104.0,7594,3,11,0,0,-118.8,396.8,14.9
14,ALO,Aston Martin,62,24.213,1232.1,102.9,7553,3,12,0,0,-120.5,397.3,14.9
14,ALO,Aston Martin,62,24.373,1236.52,100.3,7453,3,14,0,0,-124.9,398.1,15.0
14,ALO,Aston Martin,62,24.388,1236.93,100.0,7444,3,14,0,0,-125.3,398.1,15.0
14,ALO,Aston Martin,62,24.533,1240.94,100.0,7551,3,23,0,0,-129.4,398.4,15.1
14,ALO,Aston Martin,62,24.668,1244.71,100.0,7651,3,31,0,0,-133.2,398.4,15.2
14,ALO,Aston Martin,62,24.713,1245.98,100.5,7723,3,34,0,0,-134.6,398.3,15.2
14,ALO,Aston Martin,62,24.913,1251.7,102.7,8046,3,45,0,0,-140.5,397.9,15.3
14,ALO,Aston Martin,62,25.028,1255.11,104.0,8231,3,52,0,0,-141.4,397.8,15.3
14,ALO,Aston Martin,62,25.188,1260.05,111.0,8717,3,57,0,0,-142.2,397.8,15.4
14,ALO,Aston Martin,62,25.213,1260.84,111.9,8791,3,58,0,0,-142.9,397.7,15.4
14,ALO,Aston Martin,62,25.388,1266.6,118.0,9308,3,68,0,0,-151.0,397.1,15.5
14,ALO,Aston Martin,62,25.413,1267.46,119.0,9367,3,69,0,0,-152.1,397.0,15.5
14,ALO,Aston Martin,62,25.628,1275.13,128.0,9875,3,78,0,0,-158.9,397.0,15.6
14,ALO,Aston Martin,62,25.793,1281.39,135.4,9152,3,64,0,0,-163.1,397.3,15.7
14,ALO,Aston Martin,62,25.828,1282.75,137.0,8999,3,61,0,0,-164.1,397.4,15.7
14,ALO,Aston Martin,62,25.988,1289.06,142.0,9136,3,52,0,0,-169.3,398.1,15.8
14,ALO,Aston Martin,62,26.073,1292.43,142.6,9295,3,54,0,0,-173.6,399.6,15.9
14,ALO,Aston Martin,62,26.233,1298.84,143.7,9594,3,59,0,0,-184.3,404.8,16.1
14,ALO,Aston Martin,62,26.268,1300.26,144.0,9660,4,60,0,0,-186.3,405.9,16.1
14,ALO,Aston Martin,62,26.428,1306.83,148.0,10033,4,72,0,0,-192.7,410.5,16.2
14,ALO,Aston Martin,62,26.668,1317.17,155.0,10123,4,77,0,0,-197.5,416.0,16.3
14,ALO,Aston Martin,62,26.693,1318.3,155.9,10192,4,77,0,0,-198.0,416.5,16.3
14,ALO,Aston Martin,62,27.068,1336.06,170.0,11223,4,85,0,0,-205.9,426.1,16.4
14,ALO,Aston Martin,62,27.113,1338.17,170.0,11422,4,85,0,0,-207.2,428.2,16.4
14,ALO,Aston Martin,62,27.228,1343.61,170.0,11929,4,85,0,0,-211.1,434.8,16.4
14,ALO,Aston Martin,62,27.333,1348.79,174.8,11317,4,85,0,0,-214.5,440.9,16.4
14,ALO,Aston Martin,62,27.468,1355.68,181.0,10529,4,85,0,0,-217.3,446.7,16.4
14,ALO,Aston Martin,62,27.708,1368.28,189.0,10506,5,100,0,0,-220.1,455.1,16.5
14,ALO,Aston Martin,62,27.713,1368.55,189.1,10514,5,100,0,0,-220.2,455.3,16.5
14,ALO,Aston Martin,62,27.932,1380.41,194.0,10852,5,100,0,0,-223.5,466.7,16.5
14,ALO,Aston Martin,62,28.108,1390.28,198.0,11123,5,100,0,0,-225.5,476.1,16.6
14,ALO,Aston Martin,62,28.112,1390.51,198.2,11126,5,100,0,0,-225.6,476.4,16.6
14,ALO,Aston Martin,62,28.332,1403.31,206.4,11305,5,100,0,0,-229.0,496.6,16.5
14,ALO,Aston Martin,62,28.428,1408.95,210.0,11383,5,100,0,0,-229.8,501.8,16.5
14,ALO,Aston Martin,62,28.669,1423.21,213.0,11243,5,100,0,0,-230.5,507.9,16.5
14,ALO,Aston Martin,62,28.672,1423.39,213.1,11239,5,100,0,0,-230.5,508.0,16.5
14,ALO,Aston Martin,62,28.952,1441.15,224.3,10906,5,100,0,0,-232.5,524.7,16.5
14,ALO,Aston Martin,62,29.069,1448.65,229.0,10766,6,100,0,0,-233.5,533.6,16.6
14,ALO,Aston Martin,62,29.172,1455.19,229.0,10890,6,100,0,0,-234.3,540.9,16.6
14,ALO,Aston Martin,62,29.229,1458.83,229.0,10959,6,100,0,0,-234.7,544.3,16.6
14,ALO,Aston Martin,62,29.412,1470.77,234.3,11217,6,100,0,0,-235.6,553.8,16.6
14,ALO,Aston Martin,62,29.469,1474.56,236.0,11298,6,100,0,0,-236.0,557.4,16.6
14,ALO,Aston Martin,62,29.673,1488.38,241.8,11504,6,100,0,0,-237.4,572.3,16.7
14,ALO,Aston Martin,62,29.749,1493.54,244.0,11581,6,100,0,0,-237.9,577.6,16.7
14,ALO,Aston Martin,62,29.909,1504.38,244.0,11301,6,100,0,0,-238.8,588.3,16.5
14,ALO,Aston Martin,62,29.913,1504.66,244.1,11284,6,100,0,0,-238.8,588.6,16.5
14,ALO,Aston Martin,62,30.109,1518.27,250.0,10461,7,100,0,0,-239.9,602.2,16.4
14,ALO,Aston Martin,62,30.133,1519.96,250.4,10461,7,100,0,0,-240.0,603.8,16.4
14,ALO,Aston Martin,62,30.333,1534.11,254.0,10461,7,100,0,0,-241.0,616.4,16.2
14,ALO,Aston Martin,62,30.389,1538.11,255.0,10461,7,100,0,0,-241.2,620.2,16.2
14,ALO,Aston Martin,62,30.493,1545.56,257.1,10634,7,100,0,0,-241.7,627.7,16.1
14,ALO,Aston Martin,62,30.589,1552.49,259.0,10794,7,100,0,0,-242.2,635.5,16.0
14,ALO,Aston Martin,62,30.813,1568.91,262.4,10869,7,100,0,0,-243.3,653.8,16.0
14,ALO,Aston Martin,62,30.988,1581.86,265.0,10928,7,100,0,0,-243.8,663.9,16.1
14,ALO,Aston Martin,62,31.093,1589.66,266.1,11020,7,100,0,0,-244.0,671.4,16.2
14,ALO,Aston Martin,62,31.268,1602.71,268.0,11173,7,100,0,0,-244.5,690.0,16.2
14,ALO,Aston Martin,62,31.413,1613.56,269.2,11286,7,100,0,0,-244.9,704.3,16.2
14,ALO,Aston Martin,62,31.628,1629.81,271.0,11454,7,100,0,0,-245.0,714.3,16.5
14,ALO,Aston Martin,62,31.733,1637.85,273.0,11454,7,100,0,0,-244.9,719.5,16.5
14,ALO,Aston Martin,62,31.933,1653.28,276.7,11454,7,100,0,0,-244.7,734.8,16.3
14,ALO,Aston Martin,62,31.948,1654.43,277.0,11454,7,100,0,0,-244.7,736.0,16.3
14,ALO,Aston Martin,62,32.108,1666.74,277.0,11551,7,100,0,0,-244.2,748.5,16.3
14,ALO,Aston Martin,62,32.213,1674.88,278.1,11301,7,100,0,0,-243.9,756.4,16.3
14,ALO,Aston Martin,62,32.373,1687.35,279.8,10919,7,100,0,0,-243.3,768.8,16.3
14,ALO,Aston Martin,62,32.388,1688.52,280.0,10883,7,100,0,0,-243.2,770.1,16.3
14,ALO,Aston Martin,62,32.588,1704.13,281.0,10404,8,100,0,0,-241.8,790.0,16.3
14,ALO,Aston Martin,62,32.633,1707.67,281.7,10427,8,100,0,0,-241.5,793.7,16.3
14,ALO,Aston Martin,62,32.788,1719.91,284.0,10508,8,100,0,0,-240.7,802.9,16.4
14,ALO,Aston Martin,62,32.873,1726.65,284.5,10507,8,100,0,0,-240.2,807.9,16.4
14,ALO,Aston Martin,62,33.113,1745.73,285.8,10503,8,100,0,0,-238.2,826.8,16.4
14,ALO,Aston Martin,62,33.148,1748.51,286.0,10503,8,100,0,0,-237.9,829.6,16.4
14,ALO,Aston Martin,62,33.308,1761.22,286.0,10503,8,100,0,0,-236.3,842.2,16.3
14,ALO,Aston Martin,62,33.453,1772.73,286.0,10513,8,100,0,0,-234.7,853.5,16.3
14,ALO,Aston Martin,62,33.613,1785.45,286.0,10524,8,100,0,0,-232.7,866.1,16.3
14,ALO,Aston Martin,62,33.628,1786.64,286.0,10525,8,100,0,0,-232.5,867.3,16.3
14,ALO,Aston Martin,62,33.773,1798.2,286.9,10552,8,100,0,0,-230.6,878.7,16.4
14,ALO,Aston Martin,62,33.788,1799.4,287.0,10555,8,100,0,0,-230.4,880.0,16.4
14,ALO,Aston Martin,62,33.973,1814.17,287.0,10560,8,100,0,0,-227.1,897.5,16.4
14,ALO,Aston Martin,62,34.233,1834.89,287.0,10568,8,100,0,0,-222.7,918.2,16.4
14,ALO,Aston Martin,62,34.268,1837.66,287.0,10569,8,100,0,0,-222.0,921.2,16.4
14,ALO,Aston Martin,62,34.468,1853.44,284.0,10141,8,0,0,0,-217.7,939.4,16.5
14,ALO,Aston Martin,62,34.472,1853.76,283.9,10138,8,0,0,0,-217.6,939.8,16.5
14,ALO,Aston Martin,62,34.668,1868.94,279.0,10016,8,0,0,0,-213.2,958.1,16.5
14,ALO,Aston Martin,62,34.872,1884.35,270.2,10055,8,0,0,0,-209.5,973.9,16.4
14,ALO,Aston Martin,62,35.109,1900.79,260.0,10101,8,0,1,0,-207.0,984.2,16.5
14,ALO,Aston Martin,62,35.172,1904.71,247.1,9954,8,0,1,0,-206.4,987.1,16.5
14,ALO,Aston Martin,62,35.349,1914.86,211.0,9541,7,0,1,0,-204.2,997.2,16.5
14,ALO,Aston Martin,62,35.452,1920.39,201.4,9714,7,0,1,0,-202.9,1003.2,16.5
14,ALO,Aston Martin,62,35.629,1929.25,185.0,10012,7,0,1,0,-200.7,1012.3,16.5
14,ALO,Aston Martin,62,35.732,1934.0,174.7,9791,7,0,1,0,-199.5,1017.1,16.5
14,ALO,Aston Martin,62,35.909,1941.46,157.0,9412,5,0,1,0,-197.4,1024.6,16.5
14,ALO,Aston Martin,62,35.912,1941.58,156.8,9409,5,0,1,0,-197.4,1024.7,16.5
14,ALO,Aston Martin,62,36.112,1948.95,143.2,9232,5,0,1,0,-194.9,1032.4,16.5
14,ALO,Aston Martin,62,36.233,1953.04,134.9,9125,5,0,1,0,-193.0,1037.1,16.4
14,ALO,Aston Martin,62,36.349,1956.98,127.0,9022,4,0,1,0,-190.2,1042.4,16.4
14,ALO,Aston Martin,62,36.473,1961.23,125.4,8891,4,0,1,0,-186.6,1047.8,16.5
14,ALO,Aston Martin,62,36.669,1967.91,123.0,8685,3,0,0,0,-181.6,1052.7,16.5
14,ALO,Aston Martin,62,36.869,1974.53,119.0,8576,3,0,0,0,-177.2,1054.6,16.5
14,ALO,Aston Martin,62,36.913,1975.97,118.7,8554,3,3,0,0,-176.4,1054.9,16.5
14,ALO,Aston Martin,62,37.149,1983.63,117.0,8438,3,18,0,0,-172.3,1056.3,16.5
14,ALO,Aston Martin,62,37.193,1985.02,116.1,8466,3,22,0,0,-171.3,1056.5,16.5
14,ALO,Aston Martin,62,37.349,1989.9,113.0,8564,3,35,0,0,-166.5,1057.5,16.5
14,ALO,Aston Martin,62,37.433,1992.6,114.6,8805,3,42,0,0,-163.5,1058.2,16.5
14,ALO,Aston Martin,62,37.708,2001.87,120.0,9596,3,65,0,0,-152.6,1061.7,16.3
14,ALO,Aston Martin,62,37.773,2004.19,122.8,9525,3,68,0,0,-150.3,1062.6,16.3
14,ALO,Aston Martin,62,37.988,2012.14,132.0,9292,3,77,0,0,-144.1,1065.8,16.2
14,ALO,Aston Martin,62,38.133,2017.57,134.9,9495,3,65,0,0,-141.2,1067.6,16.2
14,ALO,Aston Martin,62,38.188,2019.69,136.0,9572,4,60,0,0,-140.3,1068.2,16.2
14,ALO,Aston Martin,62,38.313,2024.68,142.2,9729,4,58,0,0,-138.2,1069.7,16.2
14,ALO,Aston Martin,62,38.348,2026.09,144.0,9773,4,57,0,0,-137.3,1070.4,16.2
14,ALO,Aston Martin,62,38.473,2031.13,145.3,9607,4,58,0,0,-133.1,1073.6,16.1
14,ALO,Aston Martin,62,38.628,2037.53,147.0,9402,4,60,0,0,-128.3,1077.9,16.0
14,ALO,Aston Martin,62,38.793,2044.73,153.7,9788,4,81,0,0,-123.8,1082.8,16.0
14,ALO,Aston Martin,62,38.948,2051.75,160.0,10151,4,100,0,0,-119.9,1087.9,16.0
14,ALO,Aston Martin,62,38.973,2052.89,160.8,10151,4,100,0,0,-119.1,1089.1,16.0
14,ALO,Aston Martin,62,39.188,2062.95,168.0,10151,4,100,0,0,-111.5,1102.7,15.9
14,ALO,Aston Martin,62,39.233,2065.14,169.8,10325,4,100,0,0,-110.4,1104.7,15.9
14,ALO,Aston Martin,62,39.453,2076.36,178.6,11173,4,100,0,0,-108.4,1109.3,15.9
14,ALO,Aston Martin,62,39.588,2083.39,184.0,11694,4,100,0,0,-106.3,1114.9,15.9
14,ALO,Aston Martin,62,39.733,2090.97,187.6,11211,4,100,0,0,-103.4,1122.8,15.8
14,ALO,Aston Martin,62,39.828,2096.06,190.0,10894,4,100,0,0,-101.8,1127.8,15.8
14,ALO,Aston Martin,62,39.933,2101.86,193.8,10989,4,100,0,0,-100.2,1133.2,15.8
14,ALO,Aston Martin,62,40.113,2112.2,200.4,11151,4,100,0,0,-97.6,1142.8,15.9
14,ALO,Aston Martin,62,40.268,2121.24,206.0,11291,5,100,0,0,-95.3,1151.9,15.9
14,ALO,Aston Martin,62,40.468,2133.01,212.0,11541,5,100,0,0,-92.4,1163.9,15.9
14,ALO,Aston Martin,62,40.473,2133.31,212.1,11519,5,100,0,0,-92.3,1164.2,15.9
14,ALO,Aston Martin,62,40.708,2147.61,219.0,10473,5,100,0,0,-89.1,1177.0,15.8
14,ALO,Aston Martin,62,40.733,2149.16,219.7,10499,5,100,0,0,-88.8,1178.4,15.8
14,ALO,Aston Martin,62,40.948,2162.68,226.0,10720,6,100,0,0,-85.6,1191.4,15.9
14,ALO,Aston Martin,62,41.072,2170.61,229.1,10868,6,100,0,0,-83.8,1199.0,15.9
14,ALO,Aston Martin,62,41.148,2175.51,231.0,10958,6,100,0,0,-82.8,1203.6,15.9
14,ALO,Aston Martin,62,41.172,2177.07,231.4,10983,6,100,0,0,-82.4,1205.3,15.9
14,ALO,Aston Martin,62,41.428,2193.87,236.0,11247,6,100,0,0,-77.2,1230.8,15.9
14,ALO,Aston Martin,62,41.492,2198.13,237.4,11325,6,100,0,0,-76.0,1236.8,15.9
14,ALO,Aston Martin,62,41.709,2212.76,242.0,11590,6,100,0,0,-73.3,1251.6,15.8
14,ALO,Aston Martin,62,41.872,2223.91,244.9,11215,6,100,0,0,-72.0,1259.6,15.8
14,ALO,Aston Martin,62,41.989,2231.97,247.0,10945,6,100,0,0,-71.1,1264.7,15.8
14,ALO,Aston Martin,62,42.232,2248.86,250.0,10704,6,100,0,0,-69.0,1277.4,15.9
14,ALO,Aston Martin,62,42.309,2254.28,251.0,10628,7,100,0,0,-68.0,1283.7,15.9
14,ALO,Aston Martin,62,42.509,2268.56,257.0,10739,7,100,0,0,-65.0,1303.4,15.9
14,ALO,Aston Martin,62,42.532,2270.22,257.5,10754,7,100,0,0,-64.7,1305.6,15.9
14,ALO,Aston Martin,62,42.749,2286.03,262.0,10892,7,100,0,0,-62.2,1323.9,15.9
14,ALO,Aston Martin,62,42.909,2297.76,264.0,10967,7,100,0,0,-60.8,1334.8,15.9
14,ALO,Aston Martin,62,42.953,2301.0,264.5,10988,7,100,0,0,-60.5,1337.4,15.9
14,ALO,Aston Martin,62,43.189,2318.53,267.0,11100,7,100,0,0,-59.2,1348.5,15.9
14,ALO,Aston Martin,62,43.233,2321.81,267.4,11126,7,100,0,0,-59.0,1350.6,15.9
14,ALO,Aston Martin,62,43.389,2333.47,269.0,11218,7,100,0,0,-58.2,1358.9,15.9
14,ALO,Aston Martin,62,43.589,2348.53,271.0,11325,7,100,0,0,-57.0,1375.6,15.9
14,ALO,Aston Martin,62,43.593,2348.83,271.0,11327,7,100,0,0,-57.0,1376.1,15.9
14,ALO,Aston Martin,62,43.753,2361.0,272.8,11399,7,100,0,0,-56.0,1397.3,15.9
14,ALO,Aston Martin,62,43.949,2376.03,275.0,11488,7,100,0,0,-55.4,1417.6,15.9
14,ALO,Aston Martin,62,44.109,2388.34,277.0,11536,7,100,0,0,-55.3,1428.8,15.8
14,ALO,Aston Martin,62,44.233,2397.93,278.0,11267,7,100,0,0,-55.2,1435.8,15.8
14,ALO,Aston Martin,62,44.348,2406.86,279.0,11017,7,100,0,0,-55.1,1441.2,15.8
14,ALO,Aston Martin,62,44.573,2424.36,279.6,10633,7,100,0,0,-55.2,1453.8,15.8
14,ALO,Aston Martin,62,44.748,2437.97,280.0,10334,8,100,0,0,-55.8,1472.7,15.8
14,ALO,Aston Martin,62,44.853,2446.14,280.0,10341,8,100,0,0,-56.2,1483.2,15.8
14,ALO,Aston Martin,62,44.988,2456.64,280.0,10349,8,100,0,0,-56.7,1492.1,15.8
14,ALO,Aston Martin,62,45.193,2472.58,280.0,10333,8,100,0,0,-57.8,1501.7,15.7
14,ALO,Aston Martin,62,45.228,2475.3,280.0,10330,8,100,0,0,-58.1,1503.9,15.7
14,ALO,Aston Martin,62,45.433,2491.25,280.0,10277,8,100,0,0,-60.7,1520.1,15.7
14,ALO,Aston Martin,62,45.468,2493.97,280.0,10268,8,100,0,0,-61.3,1523.5,15.7
14,ALO,Aston Martin,62,45.668,2509.47,279.0,9729,8,0,0,0,-65.9,1545.0,15.7
14,ALO,Aston Martin,62,45.693,2511.38,278.3,9729,8,0,0,0,-66.5,1547.6,15.7
14,ALO,Aston Martin,62,45.988,2533.47,270.0,9724,8,0,0,0,-72.5,1573.7,15.7
14,ALO,Aston Martin,62,46.093,2541.18,266.1,9743,8,0,0,0,-73.9,1579.6,15.7
14,ALO,Aston Martin,62,46.148,2545.2,264.0,9753,8,0,0,0,-74.4,1581.8,15.7
14,ALO,Aston Martin,62,46.353,2559.93,257.2,9253,8,0,0,0,-75.9,1588.1,15.7
14,ALO,Aston Martin,62,46.388,2562.27,256.0,9168,8,0,1,0,-76.3,1589.8,15.7
14,ALO,Aston Martin,62,46.653,2578.2,218.1,9351,8,0,1,0,-80.3,1607.3,15.7
14,ALO,Aston Martin,62,46.668,2579.07,216.0,9361,8,0,1,0,-80.5,1608.2,15.7
14,ALO,Aston Martin,62,46.833,2588.74,209.6,9375,8,0,1,0,-82.4,1617.3,15.7
14,ALO,Aston Martin,62,47.028,2599.27,202.0,9391,8,0,1,0,-84.4,1627.2,15.7
14,ALO,Aston Martin,62,47.073,2601.38,193.6,9311,8,0,1,0,-84.9,1629.8,15.7
14,ALO,Aston Martin,62,47.308,2610.94,150.0,8896,7,0,1,0,-87.3,1644.6,15.6
14,ALO,Aston Martin,62,47.353,2612.66,146.2,8895,7,0,1,0,-87.6,1646.6,15.6
14,ALO,Aston Martin,62,47.508,2618.33,133.0,8893,5,0,1,0,-88.0,1650.0,15.6
14,ALO,Aston Martin,62,47.652,2623.03,118.6,8430,5,0,1,0,-88.0,1652.0,15.6
14,ALO,Aston Martin,62,47.668,2623.53,117.0,8379,4,0,1,0,-88.0,1652.3,15.6
14,ALO,Aston Martin,62,47.932,2631.1,104.6,8342,4,0,1,0,-87.5,1660.2,15.6
14,ALO,Aston Martin,62,47.988,2632.59,102.0,8334,3,0,1,0,-87.2,1661.7,15.6
14,ALO,Aston Martin,62,48.152,2636.79,95.0,7753,3,0,1,0,-85.9,1665.6,15.5
14,ALO,Aston Martin,62,48.269,2639.62,90.0,7338,2,0,1,0,-84.7,1668.0,15.6
14,ALO,Aston Martin,62,48.332,2641.09,88.0,7173,2,0,1,0,-83.8,1669.2,15.6
14,ALO,Aston Martin,62,48.549,2645.92,81.0,6604,2,0,1,0,-79.2,1673.2,15.6
14,ALO,Aston Martin,62,48.572,2646.41,80.4,6564,2,0,1,0,-78.7,1673.5,15.6
14,ALO,Aston Martin,62,48.749,2650.14,76.0,6255,2,0,1,0,-75.9,1674.9,15.6
14,ALO,Aston Martin,62,48.852,2652.27,74.7,6068,2,0,1,0,-74.4,1675.3,15.6
14,ALO,Aston Martin,62,48.909,2653.43,74.0,5964,2,0,1,0,-73.4,1675.5,15.6
14,ALO,Aston Martin,62,49.189,2658.8,69.0,5669,2,0,0,0,-67.9,1676.0,15.6
14,ALO,Aston Martin,62,49.192,2658.85,69.0,5664,2,0,0,0,-67.8,1676.0,15.6
14,ALO,Aston Martin,62,49.353,2661.79,67.0,5390,2,0,0,0,-64.5,1675.4,15.5
14,ALO,Aston Martin,62,49.509,2664.57,65.0,5125,2,0,0,0,-62.0,1674.3,15.5
14,ALO,Aston Martin,62,49.533,2665.0,64.8,5133,2,1,0,0,-61.6,1674.1,15.5
14,ALO,Aston Martin,62,49.693,2667.82,63.8,5185,2,9,0,0,-59.2,1672.6,15.5
14,ALO,Aston Martin,62,49.829,2670.17,63.0,5230,2,16,0,0,-57.6,1671.1,15.5
14,ALO,Aston Martin,62,49.933,2671.93,62.0,5471,2,18,0,0,-56.5,1669.9,15.5
14,ALO,Aston Martin,62,50.029,2673.56,61.0,5693,2,20,0,0,-55.5,1668.6,15.5
14,ALO,Aston Martin,62,50.273,2677.94,64.5,6021,2,24,0,0,-53.0,1665.0,15.5
14,ALO,Aston Martin,62,50.309,2678.62,65.0,6069,2,25,0,0,-52.6,1664.4,15.5
14,ALO,Aston Martin,62,50.493,2682.22,68.6,6376,2,29,0,0,-50.8,1661.1,15.5
14,ALO,Aston Martin,62,50.669,2685.82,72.0,6669,2,32,0,0,-49.2,1657.2,15.5
14,ALO,Aston Martin,62,50.773,2688.0,74.2,6900,2,36,0,0,-48.8,1656.2,15.5
14,ALO,Aston Martin,62,50.909,2690.95,77.0,7203,2,42,0,0,-49.3,1657.7,15.6
14,ALO,Aston Martin,62,50.993,2692.87,80.7,7553,2,44,0,0,-49.4,1658.1,15.6
14,ALO,Aston Martin,62,51.068,2694.66,84.0,7865,2,46,0,0,-49.1,1657.1,15.6
14,ALO,Aston Martin,62,51.233,2698.84,89.0,8358,2,51,0,0,-47.5,1652.6,15.5
14,ALO,Aston Martin,62,51.428,2704.16,95.0,8940,2,57,0,0,-46.0,1648.0,15.5
14,ALO,Aston Martin,62,51.453,2704.87,96.1,9027,2,58,0,0,-45.8,1647.2,15.5
14,ALO,Aston Martin,62,51.673,2711.38,105.5,9790,2,63,0,0,-43.4,1637.5,15.5
14,ALO,Aston Martin,62,51.708,2712.48,107.0,9912,2,64,0,0,-43.1,1636.4,15.5
14,ALO,Aston Martin,62,51.993,2722.23,119.1,9807,2,74,0,0,-42.3,1631.2,15.5
14,ALO,Aston Martin,62,52.108,2726.26,124.0,9764,3,78,0,0,-41.8,1627.6,15.5
14,ALO,Aston Martin,62,52.233,2730.58,124.0,9860,3,78,0,0,-41.3,1623.0,15.5
14,ALO,Aston Martin,62,52.268,2731.77,124.0,9887,3,78,0,0,-41.2,1621.8,15.5
14,ALO,Aston Martin,62,52.393,2735.95,124.0,10674,3,88,0,0,-40.8,1617.5,15.5
14,ALO,Aston Martin,62,52.468,2738.66,124.0,11147,3,94,0,0,-40.6,1614.8,15.5
14,ALO,Aston Martin,62,52.628,2745.28,149.0,11584,3,100,0,0,-40.1,1608.6,15.5
14,ALO,Aston Martin,62,52.733,2750.0,155.6,11255,3,100,0,0,-39.8,1604.4,15.5
14,ALO,Aston Martin,62,52.868,2756.22,164.0,10832,3,99,0,0,-39.3,1598.7,15.5
14,ALO,Aston Martin,62,52.893,2757.36,164.0,10834,3,99,0,0,-39.2,1597.4,15.5
14,ALO,Aston Martin,62,53.028,2763.51,164.0,10843,3,100,0,0,-38.2,1589.0,15.5
14,ALO,Aston Martin,62,53.153,2769.47,169.4,11064,3,100,0,0,-37.2,1581.5,15.5
14,ALO,Aston Martin,62,53.308,2777.2,176.0,11338,4,100,0,0,-36.3,1575.8,15.5
14,ALO,Aston Martin,62,53.468,2785.42,185.0,11111,4,99,0,0,-35.2,1571.0,15.5
14,ALO,Aston Martin,62,53.473,2785.68,185.1,11105,4,99,0,0,-35.2,1570.8,15.5
14,ALO,Aston Martin,62,53.693,2797.32,189.9,10833,4,100,0,0,-32.3,1559.8,15.4
14,ALO,Aston Martin,62,53.788,2802.48,192.0,10715,4,100,0,0,-30.0,1552.8,15.3
14,ALO,Aston Martin,62,53.993,2813.95,198.1,11029,4,100,0,0,-24.3,1536.8,15.0
14,ALO,Aston Martin,62,54.228,2827.54,205.0,11388,5,100,0,0,-21.1,1528.4,14.9
14,ALO,Aston Martin,62,54.392,2837.26,212.4,11307,5,100,0,0,-18.7,1522.8,14.8
14,ALO,Aston Martin,62,54.428,2839.43,214.0,11289,5,100,0,0,-18.0,1521.1,14.8
14,ALO,Aston Martin,62,54.572,2848.27,219.8,10882,5,99,0,0,-14.4,1512.6,14.7
14,ALO,Aston Martin,62,54.628,2851.76,222.0,10724,6,99,0,0,-12.8,1508.8,14.7
14,ALO,Aston Martin,62,54.788,2861.9,228.0,10854,6,99,0,0,-7.8,1497.0,14.6
14,ALO,Aston Martin,62,54.832,2864.71,228.5,10887,6,99,0,0,-6.6,1494.2,14.6
14,ALO,Aston Martin,62,55.152,2885.43,232.5,11129,6,100,0,0,-0.1,1478.9,14.6
14,ALO,Aston Martin,62,55.189,2887.85,233.0,11157,6,100,0,0,0.8,1476.9,14.6
14,ALO,Aston Martin,62,55.332,2897.26,236.6,11386,6,99,0,0,4.4,1468.2,14.6
14,ALO,Aston Martin,62,55.389,2901.07,238.0,11477,6,99,0,0,5.8,1464.8,14.6
14,ALO,Aston Martin,62,55.492,2908.07,241.4,11515,6,99,0,0,8.4,1458.7,14.6
14,ALO,Aston Martin,62,55.629,2917.47,246.0,11565,6,100,0,0,11.9,1450.5,14.6
14,ALO,Aston Martin,62,55.692,2921.77,246.0,11455,6,100,0,0,13.7,1446.4,14.6
14,ALO,Aston Martin,62,55.789,2928.4,246.0,11285,6,100,0,0,16.7,1439.6,14.6
14,ALO,Aston Martin,62,56.029,2945.27,253.0,10428,7,100,0,0,24.6,1421.3,14.6
14,ALO,Aston Martin,62,56.073,2948.41,254.0,10475,7,100,0,0,25.9,1418.3,14.6
14,ALO,Aston Martin,62,56.349,2968.38,260.0,10767,7,99,0,0,32.9,1402.5,14.5
14,ALO,Aston Martin,62,56.393,2971.6,260.7,10799,7,99,0,0,33.9,1400.1,14.5
14,ALO,Aston Martin,62,56.613,2987.81,264.1,10957,7,100,0,0,39.7,1386.8,14.5
14,ALO,Aston Martin,62,56.669,2991.94,265.0,10997,7,100,0,0,41.8,1382.0,14.5
14,ALO,Aston Martin,62,56.829,3003.72,265.0,11113,7,100,0,0,48.4,1366.7,14.4
14,ALO,Aston Martin,62,56.833,3004.01,265.1,11115,7,100,0,0,48.5,1366.4,14.4
14,ALO,Aston Martin,62,57.069,3021.72,270.0,11224,7,99,0,0,54.5,1352.2,14.3
14,ALO,Aston Martin,62,57.269,3036.88,273.0,11342,7,100,0,0,58.9,1341.8,14.1
14,ALO,Aston Martin,62,57.273,3037.19,273.0,11345,7,100,0,0,59.0,1341.5,14.1
14,ALO,Aston Martin,62,57.469,3052.16,275.0,11510,7,100,0,0,64.7,1327.6,13.9
14,ALO,Aston Martin,62,57.493,3054.0,275.2,11520,7,100,0,0,65.4,1326.0,13.9
14,ALO,Aston Martin,62,57.629,3064.43,276.0,11575,7,100,0,0,69.2,1316.9,13.8
14,ALO,Aston Martin,62,57.673,3067.82,276.5,11543,7,100,0,0,70.7,1313.2,13.7
14,ALO,Aston Martin,62,57.908,3086.05,279.0,11370,7,100,0,0,81.0,1287.7,13.3
14,ALO,Aston Martin,62,57.913,3086.44,279.1,11357,7,100,0,0,81.1,1287.3,13.3
14,ALO,Aston Martin,62,58.153,3105.3,281.7,10723,7,100,0,0,84.4,1278.5,13.2
14,ALO,Aston Martin,62,58.268,3114.35,283.0,10419,8,100,0,0,87.0,1271.5,13.2
14,ALO,Aston Martin,62,58.473,3130.45,283.0,10517,8,100,0,0,93.2,1254.9,13.1
14,ALO,Aston Martin,62,58.508,3133.22,283.0,10534,8,100,0,0,94.1,1252.4,13.1
14,ALO,Aston Martin,62,58.673,3146.34,285.4,10549,8,99,0,0,98.3,1239.9,13.1
14,ALO,Aston Martin,62,58.788,3155.54,287.0,10559,8,99,0,0,103.0,1225.1,13.1
14,ALO,Aston Martin,62,58.953,3168.77,288.0,10617,8,99,0,0,110.0,1202.5,13.0
14,ALO,Aston Martin,62,59.108,3181.23,289.0,10672,8,99,0,0,113.3,1191.4,13.0
14,ALO,Aston Martin,62,59.293,3196.12,289.7,10706,8,100,0,0,115.8,1182.5,13.0
14,ALO,Aston Martin,62,59.388,3203.78,290.0,10724,8,100,0,0,117.7,1175.4,13.0
14,ALO,Aston Martin,62,59.473,3210.66,290.6,10747,8,100,0,0,119.6,1168.5,13.0
14,ALO,Aston Martin,62,59.593,3220.39,291.5,10780,8,99,0,0,122.1,1159.1,12.9
14,ALO,Aston Martin,62,59.668,3226.49,292.0,10800,8,99,0,0,123.6,1153.2,12.9
14,ALO,Aston Martin,62,59.813,3238.31,293.0,10828,8,100,0,0,126.5,1141.8,13.0
14,ALO,Aston Martin,62,59.948,3249.36,294.0,10855,8,100,0,0,129.1,1131.1,13.0
14,ALO,Aston Martin,62,60.033,3256.34,294.7,10876,8,100,0,0,130.8,1124.3,13.0
14,ALO,Aston Martin,62,60.188,3269.09,296.0,10915,8,99,0,0,133.8,1112.0,12.9
14,ALO,Aston Martin,62,60.313,3279.39,296.3,10922,8,99,0,0,136.2,1102.0,12.9
14,ALO,Aston Martin,62,60.453,3290.95,296.7,10930,8,100,0,0,138.9,1090.8,12.9
14,ALO,Aston Martin,62,60.548,3298.79,297.0,10935,8,100,0,0,140.6,1083.7,12.9
14,ALO,Aston Martin,62,60.673,3309.13,297.3,10954,8,100,0,0,143.0,1073.2,12.9
14,ALO,Aston Martin,62,60.908,3328.59,298.0,10991,8,99,0,0,149.5,1045.2,12.8
14,ALO,Aston Martin,62,60.992,3335.55,298.2,11008,8,99,0,0,151.3,1037.7,12.8
14,ALO,Aston Martin,62,61.252,3357.12,298.7,11060,8,99,0,0,154.0,1026.3,12.8
14,ALO,Aston Martin,62,61.389,3368.54,299.0,11087,8,99,0,0,156.6,1015.3,12.8
14,ALO,Aston Martin,62,61.432,3372.14,299.4,11094,8,99,0,0,157.4,1011.7,12.8
14,ALO,Aston Martin,62,61.709,3395.39,302.0,11142,8,99,0,0,162.2,991.1,12.5
14,ALO,Aston Martin,62,61.772,3400.67,302.0,11143,8,99,0,0,163.9,984.0,12.5
14,ALO,Aston Martin,62,61.909,3412.17,302.0,11146,8,100,0,0,168.6,964.0,12.6
14,ALO,Aston Martin,62,61.972,3417.47,302.6,11170,8,100,0,0,170.4,956.2,12.7
14,ALO,Aston Martin,62,62.109,3429.05,304.0,11223,8,99,0,0,172.5,947.0,12.8
14,ALO,Aston Martin,62,62.312,3446.25,304.7,11222,8,100,0,0,174.2,939.7,12.7
14,ALO,Aston Martin,62,62.389,3452.78,305.0,11222,8,100,0,0,175.7,933.4,12.7
14,ALO,Aston Martin,62,62.513,3463.28,305.0,11238,8,99,0,0,178.5,921.6,12.6
14,ALO,Aston Martin,62,62.589,3469.72,305.0,11247,8,99,0,0,179.9,915.4,12.6
14,ALO,Aston Martin,62,62.789,3486.72,306.0,11239,8,100,0,0,183.5,900.0,12.6
14,ALO,Aston Martin,62,62.833,3490.46,306.0,11243,8,100,0,0,184.6,895.1,12.6
14,ALO,Aston Martin,62,62.993,3504.09,306.0,11257,8,100,0,0,189.5,873.6,12.6
14,ALO,Aston Martin,62,63.229,3524.12,306.0,11277,8,100,0,0,193.5,856.1,12.5
14,ALO,Aston Martin,62,63.389,3537.63,304.0,11196,8,99,0,0,195.1,849.3,12.5
14,ALO,Aston Martin,62,63.473,3544.73,304.0,11202,8,100,0,0,196.3,843.9,12.6
14,ALO,Aston Martin,62,63.549,3551.14,304.0,11208,8,100,0,0,197.6,837.9,12.7
14,ALO,Aston Martin,62,63.593,3554.85,303.8,11199,8,100,0,0,198.5,834.0,12.7
14,ALO,Aston Martin,62,63.789,3571.34,303.0,11157,8,99,0,0,202.9,814.7,12.6
14,ALO,Aston Martin,62,63.793,3571.68,303.0,11157,8,99,0,0,203.0,814.3,12.6
14,ALO,Aston Martin,62,64.013,3590.2,303.0,11134,8,99,0,0,207.2,796.3,12.7
14,ALO,Aston Martin,62,64.029,3591.54,303.0,11132,8,99,0,0,207.5,795.0,12.7
14,ALO,Aston Martin,62,64.189,3605.01,303.0,11136,8,100,0,0,210.4,782.1,12.7
14,ALO,Aston Martin,62,64.213,3607.03,303.0,11133,8,100,0,0,210.9,780.1,12.7
14,ALO,Aston Martin,62,64.389,3621.84,303.0,11113,8,100,0,0,214.3,765.7,12.7
14,ALO,Aston Martin,62,64.493,3630.57,302.6,11133,8,100,0,0,216.3,757.2,12.7
14,ALO,Aston Martin,62,64.668,3645.25,302.0,11166,8,100,0,0,219.7,742.9,12.7
14,ALO,Aston Martin,62,64.713,3649.02,302.0,11145,8,100,0,0,220.6,739.2,12.7
14,ALO,Aston Martin,62,64.828,3658.67,302.0,11091,8,100,0,0,222.9,729.6,12.7
14,ALO,Aston Martin,62,64.913,3665.78,301.6,11094,8,100,0,0,224.5,722.9,12.7
14,ALO,Aston Martin,62,65.068,3678.74,301.0,11100,8,100,0,0,227.1,711.9,12.8
14,ALO,Aston Martin,62,65.153,3685.87,301.0,11133,8,65,0,0,229.2,703.4,12.8
14,ALO,Aston Martin,62,65.308,3698.8,301.0,11192,8,0,0,0,234.4,681.5,12.9
14,ALO,Aston Martin,62,65.313,3699.21,300.8,11183,8,0,0,0,234.6,680.8,12.9
14,ALO,Aston Martin,62,65.668,3727.7,289.0,10567,8,0,0,0,241.4,652.0,13.0
14,ALO,Aston Martin,62,65.753,3734.5,287.4,10470,8,0,0,0,242.4,647.9,13.0
14,ALO,Aston Martin,62,65.988,3752.86,283.0,10203,8,0,0,0,244.8,637.7,13.0
14,ALO,Aston Martin,62,66.033,3756.15,277.9,10141,8,0,0,0,245.6,634.3,13.0
14,ALO,Aston Martin,62,66.293,3773.68,248.3,9784,8,0,0,0,252.1,606.8,13.1
14,ALO,Aston Martin,62,66.348,3777.06,242.0,9708,8,0,1,0,253.0,603.0,13.1
14,ALO,Aston Martin,62,66.653,3793.83,207.3,9410,8,0,1,0,255.1,593.9,13.2
14,ALO,Aston Martin,62,66.788,3800.53,192.0,9278,7,0,1,0,256.5,587.0,13.2
14,ALO,Aston Martin,62,66.973,3809.17,177.7,8988,7,0,1,0,258.7,576.2,13.2
14,ALO,Aston Martin,62,67.188,3818.41,161.0,8651,5,0,1,0,260.0,567.5,13.2
14,ALO,Aston Martin,62,67.352,3824.84,148.1,8550,5,0,1,0,260.4,561.9,13.2
14,ALO,Aston Martin,62,67.468,3829.23,139.0,8478,5,0,1,0,260.5,557.6,13.2
14,ALO,Aston Martin,62,67.612,3834.65,136.6,9118,5,0,1,0,260.3,552.3,13.1
14,ALO,Aston Martin,62,67.672,3836.89,135.6,9385,5,0,1,0,260.0,550.2,13.1
14,ALO,Aston Martin,62,67.708,3838.23,135.0,9545,4,0,0,0,259.8,549.0,13.1
14,ALO,Aston Martin,62,67.832,3842.77,133.2,9460,4,0,0,0,258.8,545.1,13.1
14,ALO,Aston Martin,62,67.989,3848.45,131.0,9352,3,0,0,0,256.9,540.1,13.1
14,ALO,Aston Martin,62,68.189,3855.62,129.0,9446,3,13,0,0,253.6,533.8,13.1
14,ALO,Aston Martin,62,68.232,3857.13,128.6,9468,3,17,0,0,252.9,532.5,13.1
14,ALO,Aston Martin,62,68.472,3865.5,126.3,9588,3,40,0,0,248.7,525.6,13.0
14,ALO,Aston Martin,62,68.509,3866.82,126.0,9606,3,44,0,0,248.0,524.5,13.0
14,ALO,Aston Martin,62,68.712,3874.28,131.1,8949,3,49,0,0,244.6,518.2,13.0
14,ALO,Aston Martin,62,68.789,3877.16,133.0,8700,3,51,0,0,243.5,515.7,13.0
14,ALO,Aston Martin,62,69.033,3886.38,135.6,8681,3,37,0,0,240.8,506.7,12.9
14,ALO,Aston Martin,62,69.069,3887.74,136.0,8678,4,35,0,0,240.5,505.2,12.9
14,ALO,Aston Martin,62,69.229,3893.78,136.0,8765,4,55,0,0,239.7,497.9,12.8
14,ALO,Aston Martin,62,69.273,3895.48,137.0,8842,4,57,0,0,239.6,496.1,12.8
14,ALO,Aston Martin,62,69.629,3909.9,145.0,9462,4,69,0,0,239.6,484.0,12.8
14,ALO,Aston Martin,62,69.653,3910.91,146.1,9556,4,70,0,0,239.7,483.1,12.8
14,ALO,Aston Martin,62,69.753,3915.19,150.7,9950,4,74,0,0,240.0,479.0,12.8
14,ALO,Aston Martin,62,69.869,3920.3,156.0,10407,4,78,0,0,240.5,473.8,12.8
14,ALO,Aston Martin,62,70.073,3929.67,164.0,10607,4,80,0,0,241.7,464.2,12.7
14,ALO,Aston Martin,62,70.149,3933.28,167.0,10682,4,81,0,0,242.2,460.9,12.7
14,ALO,Aston Martin,62,70.349,3943.06,176.0,11269,4,99,0,0,243.9,452.3,12.6
14,ALO,Aston Martin,62,70.353,3943.26,176.1,11279,4,99,0,0,243.9,452.1,12.6
14,ALO,Aston Martin,62,70.589,3955.26,183.0,11857,4,100,0,0,246.5,440.5,12.6
14,ALO,Aston Martin,62,70.653,3958.65,187.0,11689,4,100,0,0,247.3,437.2,12.6
14,ALO,Aston Martin,62,70.749,3963.84,193.0,11437,4,100,0,0,248.6,432.2,12.6
14,ALO,Aston Martin,62,70.813,3967.34,194.9,11237,4,100,0,0,249.5,429.0,12.6
14,ALO,Aston Martin,62,70.949,3974.9,199.0,10813,5,100,0,0,251.3,422.2,12.7
14,ALO,Aston Martin,62,70.993,3977.37,200.1,10857,5,100,0,0,252.1,419.4,12.7
14,ALO,Aston Martin,62,71.188,3988.51,205.0,11051,5,100,0,0,256.9,402.7,12.7
14,ALO,Aston Martin,62,71.233,3991.11,206.1,11103,5,100,0,0,257.8,399.5,12.7
14,ALO,Aston Martin,62,71.428,4002.57,211.0,11331,5,99,0,0,259.9,392.5,12.7
14,ALO,Aston Martin,62,71.613,4013.95,217.7,10967,5,100,0,0,262.2,384.6,12.7
14,ALO,Aston Martin,62,71.788,4024.97,224.0,10623,6,100,0,0,267.1,367.2,12.7
14,ALO,Aston Martin,62,71.833,4027.82,224.9,10695,6,100,0,0,268.3,362.9,12.7
14,ALO,Aston Martin,62,72.028,4040.24,229.0,11009,6,100,0,0,272.0,349.0,12.7
14,ALO,Aston Martin,62,72.233,4053.63,234.1,11144,6,99,0,0,274.5,339.1,12.8
14,ALO,Aston Martin,62,72.308,4058.59,236.0,11194,6,99,0,0,275.4,335.7,12.8
14,ALO,Aston Martin,62,72.508,4071.98,241.0,11506,6,100,0,0,277.6,327.0,12.8
14,ALO,Aston Martin,62,72.713,4086.01,245.4,11099,6,99,0,0,280.5,315.7,12.8
14,ALO,Aston Martin,62,72.773,4090.16,246.7,10980,6,99,0,0,281.5,311.7,12.8
14,ALO,Aston Martin,62,72.788,4091.19,247.0,10950,6,99,0,0,281.8,310.7,12.8
14,ALO,Aston Martin,62,72.973,4104.08,250.1,10620,6,100,0,0,284.9,298.3,12.8
14,ALO,Aston Martin,62,73.028,4107.93,251.0,10522,7,100,0,0,285.8,294.6,12.8
14,ALO,Aston Martin,62,73.228,4121.98,253.0,10663,7,100,0,0,289.3,281.0,12.8
14,ALO,Aston Martin,62,73.273,4125.14,253.0,10663,7,100,0,0,290.1,277.9,12.8
14,ALO,Aston Martin,62,73.388,4133.23,253.0,10663,7,100,0,0,292.2,270.0,12.8
14,ALO,Aston Martin,62,73.433,4136.44,254.4,10706,7,100,0,0,293.0,266.9,12.8
14,ALO,Aston Martin,62,73.673,4154.02,261.9,10934,7,99,0,0,297.3,250.1,12.8
14,ALO,Aston Martin,62,73.708,4156.61,263.0,10967,7,99,0,0,298.1,247.1,12.8
14,ALO,Aston Martin,62,73.972,4176.27,267.0,11138,7,100,0,0,304.4,222.8,12.8
14,ALO,Aston Martin,62,74.108,4186.49,269.0,11226,7,100,0,0,306.3,215.8,12.8
14,ALO,Aston Martin,62,74.312,4201.94,271.9,11310,7,99,0,0,309.4,203.9,12.8
14,ALO,Aston Martin,62,74.388,4207.73,273.0,11341,7,99,0,0,311.8,194.9,12.8
14,ALO,Aston Martin,62,74.512,4217.21,274.5,11425,7,100,0,0,316.0,178.8,12.8
14,ALO,Aston Martin,62,74.629,4226.2,276.0,11504,7,100,0,0,318.6,169.0,12.8
14,ALO,Aston Martin,62,74.869,4244.8,279.0,11596,7,100,0,0,320.8,160.7,12.9
14,ALO,Aston Martin,62,74.972,4252.83,279.7,11235,7,100,0,0,322.2,154.9,12.9
14,ALO,Aston Martin,62,75.149,4266.66,281.0,10616,7,99,0,0,325.8,140.0,12.8
14,ALO,Aston Martin,62,75.172,4268.46,281.0,10587,7,99,0,0,326.3,137.8,12.8
14,ALO,Aston Martin,62,75.349,4282.27,281.0,10361,8,100,0,0,330.1,120.1,12.9
14,ALO,Aston Martin,62,75.392,4285.63,281.0,10367,8,100,0,0,330.9,116.4,12.9
14,ALO,Aston Martin,62,75.589,4301.0,281.0,10395,8,100,0,0,333.4,103.9,12.8
14,ALO,Aston Martin,62,75.673,4307.57,281.3,10400,8,100,0,0,334.3,98.0,12.8
14,ALO,Aston Martin,62,75.779,4315.87,281.6,10406,8,100,0,0,335.6,88.6,12.8
44,HAM,Mercedes,47,0.0,-0.0,285.0,10531,8,100,0,0,335.0,93.9,13.0
44,HAM,Mercedes,47,0.191,15.12,285.0,10496,8,100,0,0,337.1,79.0,12.8
44,HAM,Mercedes,47,0.219,17.34,285.0,10499,8,100,0,0,337.3,76.8,12.8
44,HAM,Mercedes,47,0.351,27.79,285.0,10515,8,100,0,0,338.3,66.2,12.8
44,HAM,Mercedes,47,0.419,33.17,285.0,10498,8,100,0,0,338.7,61.0,12.8
44,HAM,Mercedes,47,0.659,52.17,285.0,10438,8,100,0,0,339.5,42.0,12.7
44,HAM,Mercedes,47,0.671,53.12,285.0,10435,8,100,0,0,339.5,40.5,12.7
44,HAM,Mercedes,47,0.839,66.44,285.0,10435,8,100,0,0,339.1,16.7,12.8
44,HAM,Mercedes,47,1.111,87.95,285.0,10435,8,100,0,0,338.4,1.2,12.9
44,HAM,Mercedes,47,1.279,101.16,283.3,10420,8,100,0,0,337.6,-6.8,12.9
44,HAM,Mercedes,47,1.311,103.68,283.0,10417,8,100,0,0,337.4,-9.1,12.9
44,HAM,Mercedes,47,1.359,107.44,282.8,10409,8,98,0,0,337.0,-13.1,12.9
44,HAM,Mercedes,47,1.631,128.74,282.0,10361,8,87,0,0,333.6,-43.3,13.1
44,HAM,Mercedes,47,1.719,135.61,280.2,10309,8,58,0,0,332.8,-50.4,13.1
44,HAM,Mercedes,47,1.832,144.26,278.0,10242,8,20,1,0,332.3,-55.2,13.1
44,HAM,Mercedes,47,1.979,154.96,265.1,9694,8,8,1,0,331.7,-60.4,13.1
44,HAM,Mercedes,47,2.072,161.4,257.0,9347,8,0,1,0,330.9,-67.3,13.2
44,HAM,Mercedes,47,2.139,165.89,249.5,9064,8,0,1,0,330.3,-72.6,13.2
44,HAM,Mercedes,47,2.312,176.73,230.0,8332,8,0,1,0,329.2,-83.3,13.2
44,HAM,Mercedes,47,2.339,178.29,226.6,8378,8,0,1,0,329.1,-84.9,13.2
44,HAM,Mercedes,47,2.579,190.91,196.6,8790,8,0,1,0,328.2,-99.2,13.3
44,HAM,Mercedes,47,2.632,193.62,190.0,8881,8,0,1,0,328.1,-102.2,13.3
44,HAM,Mercedes,47,2.792,201.8,184.0,9411,8,0,1,0,328.1,-110.6,13.4
44,HAM,Mercedes,47,2.86,205.11,180.6,9479,8,0,1,0,328.3,-114.0,13.4
44,HAM,Mercedes,47,3.02,212.51,172.6,9638,8,0,1,0,329.1,-121.8,13.3
44,HAM,Mercedes,47,3.112,216.73,168.0,9730,7,0,1,0,329.7,-125.7,13.3
44,HAM,Mercedes,47,3.312,225.9,165.0,9679,5,0,1,0,331.7,-133.2,13.3
44,HAM,Mercedes,47,3.36,227.99,162.6,9590,5,0,1,0,332.4,-135.1,13.3
44,HAM,Mercedes,47,3.38,228.84,161.6,9553,5,0,1,0,332.7,-135.9,13.3
44,HAM,Mercedes,47,3.62,238.53,149.6,9110,5,0,1,0,337.2,-144.5,13.3
44,HAM,Mercedes,47,3.672,240.6,147.0,9014,4,0,1,0,338.3,-146.2,13.3
44,HAM,Mercedes,47,3.8,245.68,144.7,8857,4,0,1,0,341.6,-150.3,13.4
44,HAM,Mercedes,47,3.952,251.64,142.0,8671,4,0,0,0,347.4,-155.8,13.5
44,HAM,Mercedes,47,4.16,259.51,138.2,8428,4,0,0,0,355.5,-162.3,13.5
44,HAM,Mercedes,47,4.392,268.02,134.0,8158,4,0,1,0,360.0,-165.3,13.5
44,HAM,Mercedes,47,4.42,269.04,133.1,8179,4,0,1,0,360.6,-165.7,13.5
44,HAM,Mercedes,47,4.552,273.75,129.0,8276,4,0,1,0,364.5,-167.9,13.5
44,HAM,Mercedes,47,4.68,277.93,121.5,8168,4,0,1,0,368.8,-170.2,13.5
44,HAM,Mercedes,47,4.792,281.42,115.0,8073,3,0,1,0,372.1,-172.0,13.5
44,HAM,Mercedes,47,4.92,285.36,111.0,7770,3,0,1,0,375.6,-173.9,13.5
44,HAM,Mercedes,47,4.952,286.31,110.0,7694,3,0,1,0,376.4,-174.4,13.5
44,HAM,Mercedes,47,5.1,290.5,103.8,7244,3,0,1,0,380.0,-176.8,13.4
44,HAM,Mercedes,47,5.191,292.95,100.0,6967,3,0,1,0,381.9,-178.2,13.4
44,HAM,Mercedes,47,5.38,297.82,95.7,6683,3,0,1,0,385.3,-181.8,13.5
44,HAM,Mercedes,47,5.58,302.79,91.2,6382,3,0,1,0,388.2,-187.9,13.5
44,HAM,Mercedes,47,5.591,303.06,91.0,6365,3,0,0,0,388.3,-188.2,13.5
44,HAM,Mercedes,47,5.791,307.95,88.0,6445,3,0,0,0,388.9,-191.6,13.5
44,HAM,Mercedes,47,5.88,310.02,85.8,6290,3,0,0,0,388.8,-193.2,13.5
44,HAM,Mercedes,47,6.031,313.41,82.0,6027,3,0,0,0,388.3,-197.1,13.5
44,HAM,Mercedes,47,6.239,318.09,81.3,6000,3,6,0,0,387.1,-203.4,13.6
44,HAM,Mercedes,47,6.311,319.71,81.0,5991,3,8,0,0,386.5,-205.3,13.6
44,HAM,Mercedes,47,6.591,326.09,82.0,6244,3,24,0,0,383.8,-211.2,13.8
44,HAM,Mercedes,47,6.599,326.28,82.1,6254,3,24,0,0,383.7,-211.3,13.8
44,HAM,Mercedes,47,6.831,331.76,85.0,6549,3,36,0,0,381.8,-214.3,14.0
44,HAM,Mercedes,47,6.899,333.37,85.4,6610,3,37,0,0,381.1,-215.3,14.0
44,HAM,Mercedes,47,6.991,335.58,86.0,6693,3,39,0,0,379.8,-216.8,14.1
44,HAM,Mercedes,47,7.151,339.58,90.0,6921,3,47,0,0,376.9,-219.9,14.2
44,HAM,Mercedes,47,7.239,341.77,90.3,7105,3,50,0,0,375.1,-221.3,14.2
44,HAM,Mercedes,47,7.399,345.8,90.9,7438,3,56,0,0,371.5,-223.3,14.2
44,HAM,Mercedes,47,7.431,346.66,91.0,7505,3,57,0,0,370.8,-223.6,14.2
44,HAM,Mercedes,47,7.619,352.03,102.3,7888,3,64,0,0,366.0,-225.4,14.4
44,HAM,Mercedes,47,7.631,352.38,103.0,7912,3,64,0,0,365.5,-225.5,14.4
44,HAM,Mercedes,47,7.791,357.09,106.0,8294,3,68,0,0,357.0,-226.8,14.7
44,HAM,Mercedes,47,7.799,357.34,106.4,8326,3,68,0,0,356.6,-226.9,14.7
44,HAM,Mercedes,47,7.951,362.11,113.0,8940,3,74,0,0,350.6,-227.5,14.9
44,HAM,Mercedes,47,8.259,372.54,121.5,9140,3,73,0,0,343.3,-227.3,15.2
44,HAM,Mercedes,47,8.312,374.45,123.0,9174,3,73,0,0,342.0,-227.3,15.3
44,HAM,Mercedes,47,8.552,383.52,136.0,10336,3,88,0,0,335.4,-227.1,15.5
44,HAM,Mercedes,47,8.599,385.36,137.9,10501,3,89,0,0,333.8,-227.0,15.6
44,HAM,Mercedes,47,8.752,391.52,144.0,11040,3,92,0,0,327.8,-226.5,15.9
44,HAM,Mercedes,47,8.799,393.48,146.1,11125,3,93,0,0,326.0,-226.3,16.0
44,HAM,Mercedes,47,9.072,405.56,158.0,11617,3,100,0,0,315.6,-224.8,16.3
44,HAM,Mercedes,47,9.119,407.75,160.0,11575,3,100,0,0,312.7,-224.2,16.4
44,HAM,Mercedes,47,9.279,415.48,166.6,11433,3,100,0,0,300.2,-221.1,16.8
44,HAM,Mercedes,47,9.552,429.29,178.0,11190,4,100,0,0,287.0,-217.2,17.3
44,HAM,Mercedes,47,9.66,434.89,181.9,11453,4,100,0,0,282.8,-215.8,17.3
44,HAM,Mercedes,47,9.832,443.92,188.0,11872,4,100,0,0,275.2,-213.4,17.1
44,HAM,Mercedes,47,9.9,447.49,189.0,11713,4,100,0,0,271.0,-211.9,17.1
44,HAM,Mercedes,47,10.112,458.85,192.0,11216,4,100,0,0,254.2,-205.7,17.7
44,HAM,Mercedes,47,10.14,460.41,193.2,11237,4,100,0,0,252.7,-205.1,17.8
44,HAM,Mercedes,47,10.38,474.42,203.6,11413,4,100,0,0,247.5,-202.9,17.8
44,HAM,Mercedes,47,10.552,484.64,211.0,11539,5,100,0,0,238.9,-198.9,17.8
44,HAM,Mercedes,47,10.64,489.83,212.1,11591,5,100,0,0,233.9,-196.4,17.8
44,HAM,Mercedes,47,10.712,494.1,213.0,11633,5,100,0,0,230.2,-194.4,17.8
44,HAM,Mercedes,47,10.92,506.86,218.7,11131,5,100,0,0,219.4,-188.1,17.8
44,HAM,Mercedes,47,11.112,518.99,224.0,10668,5,100,0,0,205.9,-179.3,17.7
44,HAM,Mercedes,47,11.18,523.33,225.7,10738,5,100,0,0,201.7,-176.5,17.7
44,HAM,Mercedes,47,11.432,539.62,232.0,10999,6,100,0,0,191.7,-169.6,17.6
44,HAM,Mercedes,47,11.52,545.36,233.2,11048,6,100,0,0,188.1,-167.0,17.6
44,HAM,Mercedes,47,11.72,558.54,236.0,11158,6,100,0,0,177.6,-159.3,17.6
44,HAM,Mercedes,47,11.791,563.25,237.0,11197,6,100,0,0,173.8,-156.5,17.6
44,HAM,Mercedes,47,11.9,570.51,238.0,11248,6,100,0,0,168.1,-152.1,17.6
44,HAM,Mercedes,47,12.1,583.9,239.8,11342,6,100,0,0,157.7,-143.9,17.6
44,HAM,Mercedes,47,12.231,592.71,241.0,11403,6,100,0,0,150.8,-138.4,17.6
44,HAM,Mercedes,47,12.32,598.69,241.7,11435,6,100,0,0,146.2,-134.7,17.6
44,HAM,Mercedes,47,12.471,608.91,243.0,11488,6,100,0,0,138.5,-128.4,17.6
44,HAM,Mercedes,47,12.54,613.62,243.0,11509,6,96,0,0,134.7,-125.3,17.6
44,HAM,Mercedes,47,12.66,621.7,243.0,11546,6,89,0,0,127.6,-119.6,17.6
44,HAM,Mercedes,47,12.671,622.41,243.0,11549,6,88,0,0,127.0,-119.1,17.6
44,HAM,Mercedes,47,12.919,637.16,220.5,10426,6,20,0,0,113.5,-108.2,17.6
44,HAM,Mercedes,47,12.991,641.43,214.0,10100,6,0,1,0,109.6,-104.9,17.6
44,HAM,Mercedes,47,13.191,653.32,214.0,9549,6,0,1,0,99.5,-96.1,17.6
44,HAM,Mercedes,47,13.239,655.8,204.2,9677,6,0,1,0,97.7,-94.4,17.6
44,HAM,Mercedes,47,13.431,664.32,165.0,10190,6,0,1,0,92.8,-89.5,17.5
44,HAM,Mercedes,47,13.479,666.34,163.0,10049,6,0,1,0,91.7,-88.3,17.5
44,HAM,Mercedes,47,13.819,680.2,149.1,9049,6,0,1,0,82.5,-77.0,17.4
44,HAM,Mercedes,47,13.871,682.28,147.0,8896,4,0,1,0,80.9,-74.2,17.3
44,HAM,Mercedes,47,14.019,688.17,143.3,8803,4,0,1,0,76.6,-66.0,17.1
44,HAM,Mercedes,47,14.031,688.64,143.0,8795,4,0,0,0,76.4,-65.5,17.1
44,HAM,Mercedes,47,14.231,696.31,138.0,8958,4,5,0,0,74.8,-61.3,17.0
44,HAM,Mercedes,47,14.339,700.37,136.6,8789,4,9,0,0,74.6,-59.0,17.0
44,HAM,Mercedes,47,14.471,705.31,135.0,8582,4,13,0,0,74.3,-54.3,16.9
44,HAM,Mercedes,47,14.579,709.32,134.5,8570,4,27,0,0,74.3,-50.0,16.8
44,HAM,Mercedes,47,14.671,712.75,134.0,8560,4,39,0,0,74.6,-46.5,16.7
44,HAM,Mercedes,47,14.832,718.83,136.0,9089,4,70,0,0,75.5,-40.6,16.6
44,HAM,Mercedes,47,14.839,719.1,136.1,9090,4,70,0,0,75.5,-40.3,16.6
44,HAM,Mercedes,47,15.032,726.61,140.0,9112,4,80,0,0,76.6,-32.6,16.3
44,HAM,Mercedes,47,15.059,727.69,141.0,9168,4,81,0,0,76.7,-31.5,16.3
44,HAM,Mercedes,47,15.272,736.54,149.0,9611,4,86,0,0,77.0,-23.1,16.1
44,HAM,Mercedes,47,15.279,736.84,149.3,9621,4,85,0,0,77.0,-22.8,16.1
44,HAM,Mercedes,47,15.432,743.48,156.0,9834,4,67,0,0,76.6,-16.4,15.8
44,HAM,Mercedes,47,15.439,743.78,156.1,9842,4,67,0,0,76.6,-16.1,15.8
44,HAM,Mercedes,47,15.659,753.54,159.2,10085,4,65,0,0,75.2,-6.6,15.4
44,HAM,Mercedes,47,15.712,755.92,160.0,10143,4,64,0,0,74.8,-4.6,15.3
44,HAM,Mercedes,47,15.859,762.57,162.8,10115,4,64,0,0,73.1,1.3,15.0
44,HAM,Mercedes,47,15.872,763.17,163.0,10113,4,64,0,0,72.8,2.0,15.0
44,HAM,Mercedes,47,16.072,772.44,167.0,10393,4,78,0,0,66.3,14.7,14.4
44,HAM,Mercedes,47,16.1,773.76,167.7,10487,4,80,0,0,65.5,16.2,14.3
44,HAM,Mercedes,47,16.232,780.04,171.0,10929,4,87,0,0,62.5,21.1,14.1
44,HAM,Mercedes,47,16.5,793.36,178.7,11596,4,99,0,0,57.1,27.4,13.9
44,HAM,Mercedes,47,16.512,793.97,179.0,11626,4,100,0,0,56.7,27.9,13.9
44,HAM,Mercedes,47,16.54,795.39,180.0,11670,4,100,0,0,55.8,29.0,13.8
44,HAM,Mercedes,47,16.672,802.19,185.0,11875,4,100,0,0,51.6,34.2,13.5
44,HAM,Mercedes,47,16.9,814.34,191.6,11399,4,100,0,0,44.0,43.7,13.3
44,HAM,Mercedes,47,16.912,814.99,192.0,11374,4,100,0,0,43.5,44.3,13.3
44,HAM,Mercedes,47,17.072,823.79,198.0,10830,4,100,0,0,37.0,52.4,13.2
44,HAM,Mercedes,47,17.12,826.49,200.1,10896,4,100,0,0,35.2,54.6,13.2
44,HAM,Mercedes,47,17.232,832.9,205.0,11050,5,100,0,0,31.7,58.9,13.2
44,HAM,Mercedes,47,17.392,842.14,208.0,11363,5,100,0,0,28.0,63.4,13.1
44,HAM,Mercedes,47,17.52,849.7,210.8,11552,5,100,0,0,24.2,67.9,13.0
44,HAM,Mercedes,47,17.7,860.53,214.7,11818,5,100,0,0,17.2,75.9,12.9
44,HAM,Mercedes,47,17.712,861.25,215.0,11836,5,100,0,0,16.7,76.4,12.9
44,HAM,Mercedes,47,17.82,867.8,217.7,11080,5,100,0,0,12.3,81.3,12.9
44,HAM,Mercedes,47,17.872,870.99,219.0,10716,5,100,0,0,10.2,83.5,12.9
44,HAM,Mercedes,47,18.02,880.27,225.5,10738,5,100,0,0,3.7,90.0,13.0
44,HAM,Mercedes,47,18.032,881.03,226.0,10740,6,100,0,0,3.0,90.6,13.0
44,HAM,Mercedes,47,18.34,900.91,232.0,11014,6,100,0,0,-18.6,109.1,13.0
44,HAM,Mercedes,47,18.392,904.33,233.0,11060,6,100,0,0,-21.3,111.4,13.0
44,HAM,Mercedes,47,18.551,914.89,239.0,11268,6,100,0,0,-27.0,115.9,13.1
44,HAM,Mercedes,47,18.711,925.55,240.0,11374,6,100,0,0,-31.4,119.3,13.2
44,HAM,Mercedes,47,18.8,931.56,241.3,11454,6,100,0,0,-35.4,122.4,13.1
44,HAM,Mercedes,47,18.86,935.64,242.2,11507,6,100,0,0,-38.6,124.9,13.0
44,HAM,Mercedes,47,19.08,950.75,245.5,11704,6,100,0,0,-50.0,134.5,13.1
44,HAM,Mercedes,47,19.111,952.89,246.0,11732,6,100,0,0,-51.6,135.9,13.1
44,HAM,Mercedes,47,19.259,963.13,248.1,11140,6,100,0,0,-58.8,143.0,13.1
44,HAM,Mercedes,47,19.391,972.33,250.0,10612,7,100,0,0,-64.6,149.8,13.1
44,HAM,Mercedes,47,19.499,979.91,251.5,10614,7,100,0,0,-68.9,155.8,13.1
44,HAM,Mercedes,47,19.671,992.09,254.0,10618,7,100,0,0,-74.9,166.4,13.0
44,HAM,Mercedes,47,19.779,999.8,255.4,10637,7,100,0,0,-78.1,173.3,13.0
44,HAM,Mercedes,47,19.939,1011.28,257.4,10666,7,100,0,0,-82.4,184.0,13.0
44,HAM,Mercedes,47,19.991,1015.02,258.0,10675,7,100,0,0,-83.8,188.0,13.0
44,HAM,Mercedes,47,20.151,1026.53,259.0,10761,7,100,0,0,-88.3,201.5,13.0
44,HAM,Mercedes,47,20.179,1028.55,259.1,10770,7,100,0,0,-88.9,203.7,13.0
44,HAM,Mercedes,47,20.391,1043.87,260.0,10837,7,100,0,0,-92.2,218.4,13.0
44,HAM,Mercedes,47,20.399,1044.44,260.0,10838,7,100,0,0,-92.3,219.0,13.0
44,HAM,Mercedes,47,20.579,1057.39,259.5,10849,7,100,0,0,-93.8,233.9,13.0
44,HAM,Mercedes,47,20.759,1070.33,259.1,10860,7,100,0,0,-94.3,247.0,13.0
44,HAM,Mercedes,47,20.791,1072.64,259.0,10862,7,100,0,0,-94.3,249.2,13.0
44,HAM,Mercedes,47,20.879,1079.01,259.6,10859,7,100,0,0,-94.4,255.1,13.0
44,HAM,Mercedes,47,21.071,1092.94,261.0,10853,7,100,0,0,-94.2,269.7,13.0
44,HAM,Mercedes,47,21.139,1097.9,261.5,10845,7,100,0,0,-94.1,274.7,13.0
44,HAM,Mercedes,47,21.351,1113.4,263.0,10820,7,100,0,0,-93.6,288.7,13.0
44,HAM,Mercedes,47,21.479,1122.8,261.9,10413,7,65,0,0,-93.1,299.4,13.1
44,HAM,Mercedes,47,21.592,1130.87,261.0,10054,7,35,1,0,-92.5,311.5,13.2
44,HAM,Mercedes,47,21.639,1134.1,256.1,9942,7,28,1,0,-92.2,315.9,13.2
44,HAM,Mercedes,47,21.832,1146.6,236.0,9482,7,0,1,0,-91.5,325.5,13.4
44,HAM,Mercedes,47,21.939,1153.07,224.0,9482,7,0,1,0,-91.3,329.7,13.5
44,HAM,Mercedes,47,22.072,1160.54,209.0,9482,7,0,1,0,-91.2,336.8,13.7
44,HAM,Mercedes,47,22.199,1166.96,186.0,9546,7,0,1,0,-91.3,344.0,13.8
44,HAM,Mercedes,47,22.232,1168.54,180.0,9563,7,0,1,0,-91.4,345.7,13.8
44,HAM,Mercedes,47,22.359,1174.26,170.5,9521,7,0,1,0,-91.9,351.6,13.9
44,HAM,Mercedes,47,22.512,1180.9,159.0,9471,7,0,1,0,-92.9,358.6,13.9
44,HAM,Mercedes,47,22.66,1187.62,159.0,9182,7,0,1,0,-94.2,364.9,14.0
44,HAM,Mercedes,47,22.792,1193.27,159.0,8924,4,0,1,0,-95.4,369.8,14.1
44,HAM,Mercedes,47,22.92,1198.0,144.4,8385,4,0,1,0,-97.4,374.9,14.2
44,HAM,Mercedes,47,23.072,1203.15,127.0,7744,4,0,1,0,-101.0,382.1,14.4
44,HAM,Mercedes,47,23.08,1203.42,126.8,7720,4,0,1,0,-101.2,382.4,14.4
44,HAM,Mercedes,47,23.232,1208.66,124.0,7260,4,0,1,0,-103.0,385.4,14.5
44,HAM,Mercedes,47,23.34,1212.2,120.1,7088,4,0,1,0,-104.2,386.7,14.5
44,HAM,Mercedes,47,23.512,1217.53,114.0,6814,4,0,1,0,-107.7,390.1,14.7
44,HAM,Mercedes,47,23.66,1221.93,107.5,6435,4,0,1,0,-111.4,393.2,14.8
44,HAM,Mercedes,47,23.672,1222.28,107.0,6404,4,0,1,0,-111.7,393.4,14.8
44,HAM,Mercedes,47,23.84,1227.09,103.5,5955,4,0,1,0,-116.0,395.7,14.9
44,HAM,Mercedes,47,23.912,1229.08,102.0,5763,4,0,0,0,-117.8,396.4,14.9
44,HAM,Mercedes,47,24.08,1233.57,97.8,6116,4,8,0,0,-122.4,397.7,15.0
44,HAM,Mercedes,47,24.152,1235.48,96.0,6268,4,11,0,0,-125.2,398.0,15.0
44,HAM,Mercedes,47,24.3,1239.46,96.6,6318,4,18,0,0,-131.1,398.4,15.1
44,HAM,Mercedes,47,24.392,1241.95,97.0,6349,4,23,0,0,-133.5,398.4,15.2
44,HAM,Mercedes,47,24.64,1248.76,98.8,6469,4,41,0,0,-137.9,398.0,15.3
44,HAM,Mercedes,47,24.672,1249.65,99.0,6484,4,43,0,0,-138.7,397.9,15.3
44,HAM,Mercedes,47,24.872,1255.37,103.0,6928,4,57,0,0,-145.4,397.4,15.4
44,HAM,Mercedes,47,24.96,1258.1,106.5,7117,4,61,0,0,-148.1,397.2,15.4
44,HAM,Mercedes,47,25.351,1271.6,122.0,7956,4,80,0,0,-156.6,397.0,15.6
44,HAM,Mercedes,47,25.36,1271.93,122.3,7976,4,80,0,0,-156.9,397.0,15.6
44,HAM,Mercedes,47,25.52,1277.75,128.0,8330,4,75,0,0,-162.4,397.3,15.7
44,HAM,Mercedes,47,25.631,1281.87,132.0,8576,4,72,0,0,-166.3,397.8,15.7
44,HAM,Mercedes,47,25.76,1286.77,134.8,8690,4,75,0,0,-170.9,398.8,15.8
44,HAM,Mercedes,47,25.911,1292.6,138.0,8824,4,79,0,0,-176.2,400.6,15.9
44,HAM,Mercedes,47,25.919,1292.92,138.2,8848,4,79,0,0,-176.5,400.7,15.9
44,HAM,Mercedes,47,26.111,1300.49,142.0,9422,4,79,0,0,-182.9,403.9,16.1
44,HAM,Mercedes,47,26.139,1301.64,143.0,9469,4,79,0,0,-184.1,404.7,16.1
44,HAM,Mercedes,47,26.339,1310.12,150.6,9802,4,83,0,0,-194.6,413.1,16.2
44,HAM,Mercedes,47,26.431,1314.18,154.0,9955,4,84,0,0,-198.1,416.2,16.2
44,HAM,Mercedes,47,26.631,1323.29,164.0,10429,4,91,0,0,-201.7,420.3,16.2
44,HAM,Mercedes,47,26.799,1331.24,168.2,10866,4,95,0,0,-204.7,424.6,16.3
44,HAM,Mercedes,47,27.031,1342.63,174.0,11470,4,100,0,0,-210.7,433.8,16.4
44,HAM,Mercedes,47,27.059,1344.03,175.2,11503,4,100,0,0,-211.4,435.0,16.4
44,HAM,Mercedes,47,27.219,1352.2,181.8,11693,4,100,0,0,-215.0,442.0,16.3
44,HAM,Mercedes,47,27.271,1354.89,184.0,11755,4,100,0,0,-216.0,444.2,16.3
44,HAM,Mercedes,47,27.379,1360.55,187.2,11440,4,100,0,0,-218.2,449.6,16.4
44,HAM,Mercedes,47,27.511,1367.63,191.0,11055,4,100,0,0,-221.5,460.3,16.4
44,HAM,Mercedes,47,27.639,1374.71,195.8,10991,4,100,0,0,-224.3,470.3,16.4
44,HAM,Mercedes,47,27.751,1380.96,200.0,10935,5,100,0,0,-225.5,474.7,16.4
44,HAM,Mercedes,47,27.939,1391.39,200.0,11131,5,100,0,0,-226.2,479.0,16.5
44,HAM,Mercedes,47,27.952,1392.13,200.0,11145,5,100,0,0,-226.3,479.5,16.5
44,HAM,Mercedes,47,28.159,1404.29,210.4,11523,5,100,0,0,-228.2,491.4,16.5
44,HAM,Mercedes,47,28.192,1406.26,212.0,11583,5,100,0,0,-228.5,493.5,16.5
44,HAM,Mercedes,47,28.339,1415.1,214.2,11212,5,100,0,0,-229.9,502.9,16.5
44,HAM,Mercedes,47,28.592,1430.48,218.0,10573,5,100,0,0,-231.8,518.7,16.5
44,HAM,Mercedes,47,28.679,1435.82,219.8,10577,5,100,0,0,-232.4,523.6,16.5
44,HAM,Mercedes,47,28.832,1445.35,223.0,10583,6,100,0,0,-233.3,531.8,16.5
44,HAM,Mercedes,47,28.879,1448.35,225.4,10698,6,100,0,0,-233.7,535.3,16.5
44,HAM,Mercedes,47,29.032,1458.29,233.0,11072,6,100,0,0,-235.4,551.3,16.6
44,HAM,Mercedes,47,29.08,1461.43,233.6,11110,6,100,0,0,-235.9,556.4,16.6
44,HAM,Mercedes,47,29.48,1487.99,238.6,11424,6,100,0,0,-238.5,584.8,16.6
44,HAM,Mercedes,47,29.512,1490.16,239.0,11449,6,100,0,0,-238.6,586.2,16.6
44,HAM,Mercedes,47,29.672,1501.09,246.0,11280,6,100,0,0,-239.1,591.1,16.5
44,HAM,Mercedes,47,29.82,1511.32,248.2,10643,6,100,0,0,-239.6,597.7,16.4
44,HAM,Mercedes,47,29.872,1514.93,249.0,10419,6,100,0,0,-239.9,601.2,16.4
44,HAM,Mercedes,47,29.94,1519.65,249.7,10474,6,100,0,0,-240.2,606.0,16.3
44,HAM,Mercedes,47,30.152,1534.53,252.0,10647,7,100,0,0,-241.2,618.3,16.2
44,HAM,Mercedes,47,30.32,1546.61,256.8,10717,7,100,0,0,-242.1,632.7,16.1
44,HAM,Mercedes,47,30.432,1554.75,260.0,10763,7,100,0,0,-242.9,647.2,16.0
44,HAM,Mercedes,47,30.48,1558.24,260.4,10799,7,100,0,0,-243.2,652.8,16.0
44,HAM,Mercedes,47,30.752,1578.13,263.0,11001,7,100,0,0,-243.9,664.4,16.2
44,HAM,Mercedes,47,30.952,1592.9,266.0,11090,7,100,0,0,-244.3,678.1,16.3
44,HAM,Mercedes,47,30.96,1593.5,266.1,11092,7,100,0,0,-244.3,679.1,16.3
44,HAM,Mercedes,47,31.08,1602.44,267.4,11123,7,100,0,0,-244.8,696.9,16.3
44,HAM,Mercedes,47,31.232,1613.83,269.0,11163,7,100,0,0,-245.1,710.9,16.4
44,HAM,Mercedes,47,31.392,1625.87,271.0,11318,7,100,0,0,-245.0,715.4,16.5
44,HAM,Mercedes,47,31.52,1635.57,272.3,11315,7,100,0,0,-244.9,721.0,16.5
44,HAM,Mercedes,47,31.592,1641.04,273.0,11314,7,100,0,0,-244.9,725.5,16.4
44,HAM,Mercedes,47,31.7,1649.26,273.7,11355,7,100,0,0,-244.7,734.6,16.3
44,HAM,Mercedes,47,31.912,1665.48,275.0,11435,7,100,0,0,-243.7,759.8,16.3
44,HAM,Mercedes,47,31.92,1666.1,275.1,11437,7,100,0,0,-243.7,760.6,16.3
44,HAM,Mercedes,47,32.271,1693.2,278.0,11542,7,100,0,0,-242.6,778.6,16.4
44,HAM,Mercedes,47,32.28,1693.91,278.2,11527,7,100,0,0,-242.6,779.1,16.4
44,HAM,Mercedes,47,32.431,1705.74,282.0,11270,7,100,0,0,-241.8,789.7,16.3
44,HAM,Mercedes,47,32.499,1711.07,282.0,11020,7,100,0,0,-241.3,796.0,16.3
44,HAM,Mercedes,47,32.671,1724.54,282.0,10388,8,100,0,0,-239.4,815.6,16.4
44,HAM,Mercedes,47,32.739,1729.86,282.0,10383,8,100,0,0,-238.7,822.4,16.4
44,HAM,Mercedes,47,32.951,1746.47,282.0,10368,8,100,0,0,-237.2,835.2,16.4
44,HAM,Mercedes,47,33.099,1758.06,282.0,10413,8,100,0,0,-236.2,842.6,16.4
44,HAM,Mercedes,47,33.151,1762.14,282.0,10429,8,100,0,0,-235.8,845.8,16.4
44,HAM,Mercedes,47,33.359,1778.47,282.6,10423,8,100,0,0,-233.3,862.9,16.3
44,HAM,Mercedes,47,33.511,1790.44,283.0,10418,8,100,0,0,-230.0,881.8,16.4
44,HAM,Mercedes,47,33.619,1798.95,283.3,10429,8,100,0,0,-227.8,893.9,16.4
44,HAM,Mercedes,47,33.871,1818.84,284.0,10455,8,100,0,0,-225.4,906.1,16.4
44,HAM,Mercedes,47,34.059,1833.67,284.0,10459,8,100,0,0,-223.5,914.5,16.4
44,HAM,Mercedes,47,34.071,1834.62,284.0,10459,8,100,0,0,-223.3,915.3,16.4
44,HAM,Mercedes,47,34.159,1841.54,283.8,10432,8,91,0,0,-221.8,922.2,16.5
44,HAM,Mercedes,47,34.399,1860.39,283.1,10360,8,68,0,0,-217.4,940.6,16.5
44,HAM,Mercedes,47,34.431,1862.92,283.0,10350,8,65,0,0,-216.8,943.2,16.5
44,HAM,Mercedes,47,34.672,1881.73,281.0,9946,8,9,1,0,-212.1,962.9,16.4
44,HAM,Mercedes,47,34.699,1883.73,278.3,9840,8,8,1,0,-211.6,964.9,16.4
44,HAM,Mercedes,47,34.992,1903.86,249.0,8693,8,0,1,0,-207.1,983.9,16.5
44,HAM,Mercedes,47,35.099,1910.6,237.3,8430,8,0,1,0,-205.7,990.3,16.5
44,HAM,Mercedes,47,35.179,1915.42,228.5,8233,8,0,1,0,-204.7,995.0,16.5
44,HAM,Mercedes,47,35.312,1922.88,214.0,7905,8,0,1,0,-203.1,1002.5,16.5
44,HAM,Mercedes,47,35.399,1927.36,201.3,8158,8,0,1,0,-202.0,1007.1,16.5
44,HAM,Mercedes,47,35.592,1936.34,173.0,8718,8,0,1,0,-199.7,1016.4,16.5
44,HAM,Mercedes,47,35.62,1937.56,170.6,8745,8,0,1,0,-199.4,1017.7,16.5
44,HAM,Mercedes,47,35.86,1947.45,150.0,8973,8,0,1,0,-196.2,1028.7,16.5
44,HAM,Mercedes,47,35.872,1947.93,149.0,8984,8,0,1,0,-196.0,1029.2,16.5
44,HAM,Mercedes,47,35.98,1952.17,144.5,8676,8,0,1,0,-194.7,1032.9,16.5
44,HAM,Mercedes,47,36.112,1957.19,139.0,8299,7,0,1,0,-193.2,1037.1,16.4
44,HAM,Mercedes,47,36.24,1961.86,134.2,8030,7,0,1,0,-191.0,1041.3,16.4
44,HAM,Mercedes,47,36.352,1965.86,130.0,7794,4,0,1,0,-187.9,1045.6,16.4
44,HAM,Mercedes,47,36.512,1971.55,128.0,7741,4,0,0,0,-182.9,1051.3,16.5
44,HAM,Mercedes,47,36.52,1971.83,127.8,7737,4,0,0,0,-182.7,1051.5,16.5
44,HAM,Mercedes,47,36.752,1979.68,122.0,7629,4,10,0,0,-178.5,1054.4,16.5
44,HAM,Mercedes,47,36.88,1983.95,120.4,7638,4,10,0,0,-175.7,1055.2,16.5
44,HAM,Mercedes,47,36.912,1985.02,120.0,7640,4,10,0,0,-174.8,1055.4,16.5
44,HAM,Mercedes,47,37.152,1993.15,122.0,7887,4,44,0,0,-166.5,1057.6,16.5
44,HAM,Mercedes,47,37.16,1993.42,122.1,7897,4,45,0,0,-166.2,1057.7,16.5
44,HAM,Mercedes,47,37.42,2002.58,126.8,8230,4,62,0,0,-157.2,1059.9,16.4
44,HAM,Mercedes,47,37.432,2003.03,127.0,8245,4,63,0,0,-156.7,1060.1,16.4
44,HAM,Mercedes,47,37.62,2010.27,134.3,8663,4,67,0,0,-148.6,1063.4,16.3
44,HAM,Mercedes,47,37.792,2017.13,141.0,9046,4,71,0,0,-142.9,1066.3,16.3
44,HAM,Mercedes,47,38.02,2026.25,143.1,9318,4,69,0,0,-136.7,1070.6,16.2
44,HAM,Mercedes,47,38.12,2030.28,144.0,9437,4,68,0,0,-133.6,1073.1,16.1
44,HAM,Mercedes,47,38.232,2034.85,145.0,9570,4,67,0,0,-130.2,1076.1,16.0
44,HAM,Mercedes,47,38.36,2040.14,147.7,9888,4,75,0,0,-126.5,1079.8,16.0
44,HAM,Mercedes,47,38.512,2046.59,151.0,10266,4,84,0,0,-122.4,1084.7,16.0
44,HAM,Mercedes,47,38.62,2051.35,157.1,10238,4,85,0,0,-119.6,1088.5,16.0
44,HAM,Mercedes,47,38.672,2053.71,160.0,10225,4,85,0,0,-118.3,1090.4,16.0
44,HAM,Mercedes,47,38.82,2060.69,166.4,10648,4,93,0,0,-114.8,1096.1,15.9
44,HAM,Mercedes,47,38.951,2067.04,172.0,11022,4,100,0,0,-111.9,1101.6,15.9
44,HAM,Mercedes,47,39.019,2070.34,173.7,11133,4,100,0,0,-110.5,1104.6,15.9
44,HAM,Mercedes,47,39.111,2074.86,176.0,11283,4,100,0,0,-108.7,1108.7,15.9
44,HAM,Mercedes,47,39.119,2075.26,176.4,11305,4,100,0,0,-108.5,1109.1,15.9
44,HAM,Mercedes,47,39.271,2082.99,183.0,11725,4,100,0,0,-105.7,1116.2,15.8
44,HAM,Mercedes,47,39.299,2084.46,184.1,11653,4,100,0,0,-105.2,1117.6,15.8
44,HAM,Mercedes,47,39.631,2102.69,197.0,10805,4,100,0,0,-99.9,1134.4,15.9
44,HAM,Mercedes,47,39.639,2103.14,197.2,10817,4,100,0,0,-99.8,1134.8,15.9
44,HAM,Mercedes,47,39.799,2112.15,202.0,11052,4,100,0,0,-97.5,1143.3,15.9
44,HAM,Mercedes,47,39.831,2113.97,203.0,11099,5,100,0,0,-97.0,1145.0,15.9
44,HAM,Mercedes,47,39.991,2123.12,206.0,11341,5,100,0,0,-94.8,1153.9,15.9
44,HAM,Mercedes,47,39.999,2123.58,206.1,11353,5,100,0,0,-94.7,1154.3,15.9
44,HAM,Mercedes,47,40.151,2132.37,208.0,11579,5,100,0,0,-92.6,1162.7,15.9
44,HAM,Mercedes,47,40.179,2134.0,208.5,11552,5,100,0,0,-92.2,1164.5,15.9
44,HAM,Mercedes,47,40.499,2153.03,213.8,11243,5,100,0,0,-86.3,1188.9,15.9
44,HAM,Mercedes,47,40.511,2153.77,214.0,11231,5,100,0,0,-86.1,1189.6,15.9
44,HAM,Mercedes,47,40.791,2171.42,227.0,10832,5,100,0,0,-83.5,1200.4,15.9
44,HAM,Mercedes,47,40.819,2173.22,227.7,10863,5,100,0,0,-83.2,1201.7,15.9
44,HAM,Mercedes,47,41.019,2186.21,232.7,11084,5,100,0,0,-80.3,1214.8,15.8
44,HAM,Mercedes,47,41.071,2189.62,234.0,11141,6,100,0,0,-79.3,1219.8,15.8
44,HAM,Mercedes,47,41.232,2200.27,238.0,11281,6,100,0,0,-75.9,1237.0,15.9
44,HAM,Mercedes,47,41.239,2200.73,238.1,11286,6,100,0,0,-75.8,1237.6,15.9
44,HAM,Mercedes,47,41.392,2210.98,241.0,11396,6,100,0,0,-74.1,1246.7,15.9
44,HAM,Mercedes,47,41.632,2227.38,246.0,11583,6,100,0,0,-72.8,1254.2,15.9
44,HAM,Mercedes,47,41.659,2229.24,246.3,11486,6,100,0,0,-72.6,1255.6,15.9
44,HAM,Mercedes,47,41.879,2244.49,249.1,10698,6,100,0,0,-70.0,1271.2,15.9
44,HAM,Mercedes,47,41.952,2249.6,250.0,10436,7,100,0,0,-69.2,1276.3,15.9
44,HAM,Mercedes,47,42.099,2260.0,253.2,10555,7,100,0,0,-67.6,1286.4,15.9
44,HAM,Mercedes,47,42.22,2268.65,255.7,10652,7,100,0,0,-66.2,1295.5,15.9
44,HAM,Mercedes,47,42.232,2269.51,256.0,10662,7,100,0,0,-66.1,1296.4,15.9
44,HAM,Mercedes,47,42.46,2286.0,259.6,10832,7,100,0,0,-63.6,1313.2,15.9
44,HAM,Mercedes,47,42.552,2292.71,261.0,10901,7,100,0,0,-62.9,1318.6,15.9
44,HAM,Mercedes,47,42.64,2299.15,262.1,10932,7,100,0,0,-62.2,1323.9,15.9
44,HAM,Mercedes,47,42.792,2310.31,264.0,10985,7,100,0,0,-60.8,1335.1,15.9
44,HAM,Mercedes,47,42.9,2318.25,264.7,11023,7,100,0,0,-59.8,1343.5,15.9
44,HAM,Mercedes,47,42.952,2322.09,265.0,11042,7,100,0,0,-59.4,1347.5,15.9
44,HAM,Mercedes,47,43.2,2340.61,268.5,11192,7,100,0,0,-57.8,1365.7,15.9
44,HAM,Mercedes,47,43.232,2343.01,269.0,11211,7,100,0,0,-57.6,1368.1,15.9
44,HAM,Mercedes,47,43.32,2349.64,269.9,11246,7,100,0,0,-57.1,1374.6,15.9
44,HAM,Mercedes,47,43.512,2364.17,272.0,11322,7,100,0,0,-56.3,1389.0,15.9
44,HAM,Mercedes,47,43.62,2372.39,273.0,11348,7,100,0,0,-56.0,1397.2,15.9
44,HAM,Mercedes,47,43.82,2387.69,274.9,11397,7,100,0,0,-55.6,1412.5,15.9
44,HAM,Mercedes,47,43.832,2388.61,275.0,11400,7,100,0,0,-55.6,1413.4,15.9
44,HAM,Mercedes,47,43.992,2400.88,276.0,11504,7,100,0,0,-55.3,1425.7,15.9
44,HAM,Mercedes,47,44.0,2401.49,276.0,11506,7,100,0,0,-55.3,1426.3,15.9
44,HAM,Mercedes,47,44.28,2423.03,276.9,11562,7,100,0,0,-55.2,1449.9,15.9
44,HAM,Mercedes,47,44.312,2425.5,277.0,11569,7,100,0,0,-55.2,1453.1,15.9
44,HAM,Mercedes,47,44.48,2438.47,277.6,11507,7,100,0,0,-55.6,1469.9,15.8
44,HAM,Mercedes,47,44.592,2447.12,278.0,11466,7,100,0,0,-55.8,1477.5,15.8
44,HAM,Mercedes,47,44.76,2460.11,278.0,11420,7,100,0,0,-56.4,1486.8,15.8
44,HAM,Mercedes,47,44.792,2462.57,278.0,11411,7,100,0,0,-56.6,1489.0,15.8
44,HAM,Mercedes,47,44.94,2473.88,276.4,11468,7,100,0,0,-57.7,1500.5,15.7
44,HAM,Mercedes,47,45.072,2483.96,275.0,11519,7,100,0,0,-59.1,1510.5,15.7
44,HAM,Mercedes,47,45.12,2487.63,275.2,11502,7,100,0,0,-59.7,1514.1,15.7
44,HAM,Mercedes,47,45.272,2499.29,276.0,11450,7,100,0,0,-61.8,1525.6,15.7
44,HAM,Mercedes,47,45.42,2510.6,275.1,11450,7,100,0,0,-64.1,1536.9,15.7
44,HAM,Mercedes,47,45.431,2511.44,275.0,11450,7,100,0,0,-64.3,1537.7,15.7
44,HAM,Mercedes,47,45.591,2523.66,275.0,11364,7,100,0,0,-67.0,1549.8,15.7
44,HAM,Mercedes,47,45.619,2525.8,274.9,11328,7,98,0,0,-67.5,1551.9,15.7
44,HAM,Mercedes,47,45.779,2537.97,274.1,11124,7,87,0,0,-70.2,1563.8,15.7
44,HAM,Mercedes,47,45.791,2538.88,274.0,11109,7,86,0,0,-70.4,1564.7,15.7
44,HAM,Mercedes,47,46.071,2559.18,261.0,10327,7,3,1,0,-75.0,1584.2,15.7
44,HAM,Mercedes,47,46.099,2560.99,256.6,10178,7,3,1,0,-75.6,1586.6,15.7
44,HAM,Mercedes,47,46.359,2575.53,215.6,8793,7,1,1,0,-81.1,1610.9,15.7
44,HAM,Mercedes,47,46.471,2581.18,198.0,8196,7,0,1,0,-82.3,1616.3,15.7
44,HAM,Mercedes,47,46.699,2592.15,179.0,8472,7,0,1,0,-83.2,1621.0,15.7
44,HAM,Mercedes,47,46.831,2597.98,168.0,8631,6,0,1,0,-84.2,1626.5,15.7
44,HAM,Mercedes,47,46.979,2603.96,152.0,8604,6,0,1,0,-85.6,1633.5,15.6
44,HAM,Mercedes,47,47.071,2607.45,142.0,8588,6,0,1,0,-86.3,1637.3,15.6
44,HAM,Mercedes,47,47.179,2611.34,132.6,9031,6,0,1,0,-87.0,1641.4,15.6
44,HAM,Mercedes,47,47.219,2612.73,129.0,9196,6,0,1,0,-87.2,1642.9,15.6
44,HAM,Mercedes,47,47.231,2613.14,128.0,9245,6,0,1,0,-87.3,1643.4,15.6
44,HAM,Mercedes,47,47.559,2623.15,110.7,9050,6,0,1,0,-87.9,1656.9,15.6
44,HAM,Mercedes,47,47.591,2624.04,109.0,9031,4,0,1,0,-87.9,1657.9,15.6
44,HAM,Mercedes,47,47.952,2633.26,92.0,7777,2,0,1,0,-86.5,1664.2,15.6
44,HAM,Mercedes,47,47.979,2633.91,91.2,7683,2,0,1,0,-86.3,1664.7,15.6
44,HAM,Mercedes,47,48.179,2638.6,85.5,6987,2,0,1,0,-83.9,1669.0,15.5
44,HAM,Mercedes,47,48.219,2639.5,84.4,6847,2,0,1,0,-83.3,1669.7,15.5
44,HAM,Mercedes,47,48.232,2639.79,84.0,6802,2,0,1,0,-83.1,1669.9,15.5
44,HAM,Mercedes,47,48.439,2644.25,79.4,6428,2,0,1,0,-79.6,1672.9,15.5
44,HAM,Mercedes,47,48.592,2647.39,76.0,6151,2,0,1,0,-75.7,1674.6,15.5
44,HAM,Mercedes,47,48.82,2651.93,72.9,5907,2,0,1,0,-69.9,1676.1,15.6
44,HAM,Mercedes,47,49.032,2655.95,70.0,5680,2,0,0,0,-67.3,1676.0,15.6
44,HAM,Mercedes,47,49.08,2656.83,69.0,5697,2,0,0,0,-66.7,1675.9,15.6
44,HAM,Mercedes,47,49.272,2660.28,65.0,5765,2,0,0,0,-63.5,1675.1,15.6
44,HAM,Mercedes,47,49.28,2660.43,65.0,5775,2,0,0,0,-63.3,1675.0,15.6
44,HAM,Mercedes,47,49.512,2664.55,64.0,6065,2,11,0,0,-58.7,1671.9,15.5
44,HAM,Mercedes,47,49.64,2666.85,64.6,5960,2,14,0,0,-56.5,1670.0,15.5
44,HAM,Mercedes,47,49.712,2668.16,65.0,5901,2,15,0,0,-55.5,1669.0,15.5
44,HAM,Mercedes,47,49.952,2672.69,68.0,6484,2,30,0,0,-53.5,1666.2,15.5
44,HAM,Mercedes,47,50.06,2674.78,68.9,6685,2,32,0,0,-52.7,1664.7,15.5
44,HAM,Mercedes,47,50.192,2677.36,70.0,6930,2,34,0,0,-51.6,1662.7,15.5
44,HAM,Mercedes,47,50.32,2679.91,71.6,7124,2,39,0,0,-50.7,1660.8,15.5
44,HAM,Mercedes,47,50.512,2683.94,74.0,7416,2,46,0,0,-49.7,1658.9,15.5
44,HAM,Mercedes,47,50.6,2685.95,77.1,7601,2,48,0,0,-49.4,1658.1,15.5
44,HAM,Mercedes,47,50.8,2690.86,84.1,8020,2,52,0,0,-48.5,1655.4,15.5
44,HAM,Mercedes,47,50.912,2693.72,88.0,8255,2,55,0,0,-47.5,1652.4,15.5
44,HAM,Mercedes,47,51.08,2698.08,92.7,8763,2,61,0,0,-45.6,1646.9,15.5
44,HAM,Mercedes,47,51.272,2703.52,98.0,9343,2,67,0,0,-44.0,1641.3,15.5
44,HAM,Mercedes,47,51.9,2726.55,127.7,11683,2,87,0,0,-41.4,1624.2,15.5
44,HAM,Mercedes,47,52.032,2731.81,134.0,12175,2,91,0,0,-41.0,1619.3,15.5
44,HAM,Mercedes,47,52.179,2737.7,140.5,11834,2,95,0,0,-40.5,1613.6,15.5
44,HAM,Mercedes,47,52.339,2744.39,147.5,11464,2,100,0,0,-40.0,1607.1,15.5
44,HAM,Mercedes,47,52.351,2744.92,148.0,11436,3,100,0,0,-40.0,1606.5,15.5
44,HAM,Mercedes,47,52.631,2757.91,167.0,11145,3,100,0,0,-38.4,1590.8,15.5
44,HAM,Mercedes,47,52.699,2761.12,168.4,11120,3,100,0,0,-38.1,1587.7,15.5
44,HAM,Mercedes,47,52.831,2767.41,171.0,11070,4,100,0,0,-37.6,1583.5,15.5
44,HAM,Mercedes,47,52.939,2772.73,174.6,11369,4,100,0,0,-37.0,1580.1,15.5
44,HAM,Mercedes,47,53.071,2779.34,179.0,11734,4,100,0,0,-35.9,1574.3,15.5
44,HAM,Mercedes,47,53.259,2788.78,181.4,11447,4,100,0,0,-33.6,1564.4,15.4
44,HAM,Mercedes,47,53.311,2791.48,182.0,11368,4,100,0,0,-32.9,1561.7,15.3
44,HAM,Mercedes,47,53.359,2794.01,185.3,11182,4,100,0,0,-32.2,1559.3,15.3
44,HAM,Mercedes,47,53.471,2800.05,193.0,10749,4,100,0,0,-30.4,1553.5,15.2
44,HAM,Mercedes,47,53.659,2810.49,199.6,11221,4,100,0,0,-26.9,1543.6,15.2
44,HAM,Mercedes,47,53.671,2811.16,200.0,11251,5,100,0,0,-26.7,1543.0,15.2
44,HAM,Mercedes,47,53.911,2824.9,206.0,11491,5,100,0,0,-21.7,1530.0,14.9
44,HAM,Mercedes,47,53.919,2825.37,206.2,11477,5,100,0,0,-21.5,1529.6,14.9
44,HAM,Mercedes,47,54.179,2841.02,213.8,11019,5,100,0,0,-15.6,1515.3,14.7
44,HAM,Mercedes,47,54.319,2849.71,217.9,10772,5,100,0,0,-12.2,1507.4,14.7
44,HAM,Mercedes,47,54.392,2854.29,220.0,10643,5,100,0,0,-10.4,1503.2,14.7
44,HAM,Mercedes,47,54.479,2859.8,222.7,10760,5,100,0,0,-8.3,1498.3,14.6
44,HAM,Mercedes,47,54.679,2872.63,228.8,11030,5,100,0,0,-3.6,1487.3,14.6
44,HAM,Mercedes,47,54.752,2877.39,231.0,11129,6,100,0,0,-1.7,1482.8,14.6
44,HAM,Mercedes,47,54.859,2884.44,234.7,11165,6,100,0,0,1.1,1476.0,14.6
44,HAM,Mercedes,47,54.952,2890.61,238.0,11197,6,100,0,0,3.4,1470.4,14.6
44,HAM,Mercedes,47,55.112,2901.28,240.0,11197,6,100,0,0,7.3,1461.2,14.6
44,HAM,Mercedes,47,55.119,2901.75,240.1,11208,6,100,0,0,7.5,1460.8,14.6
44,HAM,Mercedes,47,55.299,2913.92,243.1,11497,6,100,0,0,12.5,1449.1,14.6
44,HAM,Mercedes,47,55.352,2917.55,244.0,11582,6,100,0,0,14.4,1444.7,14.6
44,HAM,Mercedes,47,55.62,2936.15,249.7,10912,6,100,0,0,25.1,1420.3,14.6
44,HAM,Mercedes,47,55.632,2936.99,250.0,10882,7,100,0,0,25.5,1419.5,14.6
44,HAM,Mercedes,47,55.832,2951.1,254.0,10565,7,100,0,0,29.5,1410.3,14.6
44,HAM,Mercedes,47,55.9,2955.96,255.4,10633,7,100,0,0,30.9,1407.1,14.6
44,HAM,Mercedes,47,56.072,2968.37,259.0,10805,7,100,0,0,35.3,1396.8,14.5
44,HAM,Mercedes,47,56.18,2976.2,260.2,10859,7,100,0,0,38.3,1390.0,14.5
44,HAM,Mercedes,47,56.352,2988.75,262.0,10946,7,100,0,0,42.8,1379.9,14.5
44,HAM,Mercedes,47,56.46,2996.71,263.9,10988,7,100,0,0,46.5,1371.3,14.4
44,HAM,Mercedes,47,56.632,3009.51,267.0,11056,7,100,0,0,54.5,1352.4,14.2
44,HAM,Mercedes,47,56.68,3013.12,267.7,11087,7,100,0,0,56.3,1348.1,14.2
44,HAM,Mercedes,47,56.98,3035.9,272.2,11279,7,100,0,0,61.5,1335.6,14.1
44,HAM,Mercedes,47,57.032,3039.85,273.0,11312,7,100,0,0,62.7,1332.8,14.0
44,HAM,Mercedes,47,57.272,3058.05,273.0,11392,7,100,0,0,69.9,1315.2,13.7
44,HAM,Mercedes,47,57.32,3061.72,273.6,11410,7,100,0,0,71.3,1311.8,13.6
44,HAM,Mercedes,47,57.5,3075.62,275.8,11475,7,100,0,0,76.4,1298.9,13.4
44,HAM,Mercedes,47,57.68,3089.64,278.1,11541,7,100,0,0,84.9,1277.3,13.2
44,HAM,Mercedes,47,57.752,3095.25,279.0,11567,7,100,0,0,87.7,1269.9,13.1
44,HAM,Mercedes,47,57.992,3113.98,281.0,11314,7,100,0,0,93.4,1254.0,13.1
44,HAM,Mercedes,47,58.12,3124.01,281.8,10992,7,100,0,0,95.6,1247.8,13.1
44,HAM,Mercedes,47,58.312,3139.14,283.0,10509,8,100,0,0,98.4,1240.0,13.1
44,HAM,Mercedes,47,58.54,3157.24,285.8,10573,8,100,0,0,104.1,1222.3,13.0
44,HAM,Mercedes,47,58.552,3158.2,286.0,10576,8,100,0,0,104.6,1220.7,13.0
44,HAM,Mercedes,47,58.7,3170.08,287.6,10606,8,100,0,0,110.9,1199.7,13.0
44,HAM,Mercedes,47,58.911,3187.12,290.0,10649,8,100,0,0,114.1,1188.6,13.0
44,HAM,Mercedes,47,59.019,3195.85,290.4,10726,8,100,0,0,115.3,1184.4,13.0
44,HAM,Mercedes,47,59.151,3206.52,291.0,10819,8,100,0,0,117.8,1175.4,13.0
44,HAM,Mercedes,47,59.319,3220.16,291.8,10834,8,100,0,0,121.6,1161.0,13.0
44,HAM,Mercedes,47,59.479,3233.19,292.5,10848,8,100,0,0,124.8,1148.4,13.0
44,HAM,Mercedes,47,59.591,3242.33,293.0,10858,8,100,0,0,127.1,1139.5,13.0
44,HAM,Mercedes,47,59.659,3247.9,293.6,10859,8,100,0,0,128.4,1134.2,13.0
44,HAM,Mercedes,47,59.831,3262.0,295.0,10860,8,100,0,0,131.6,1121.4,13.0
44,HAM,Mercedes,47,59.879,3265.95,295.3,10868,8,100,0,0,132.7,1116.8,13.0
44,HAM,Mercedes,47,60.151,3288.4,297.0,10916,8,100,0,0,140.5,1083.8,12.9
44,HAM,Mercedes,47,60.159,3289.06,297.0,10916,8,100,0,0,140.7,1083.1,12.9
44,HAM,Mercedes,47,60.431,3311.58,298.0,10926,8,100,0,0,143.3,1072.0,12.9
44,HAM,Mercedes,47,60.459,3313.91,298.3,10941,8,100,0,0,143.7,1070.3,12.9
44,HAM,Mercedes,47,60.631,3328.25,300.0,11030,8,100,0,0,147.7,1053.3,12.9
44,HAM,Mercedes,47,60.819,3343.91,300.0,11050,8,100,0,0,152.4,1033.0,12.8
44,HAM,Mercedes,47,60.872,3348.33,300.0,11055,8,100,0,0,153.3,1029.2,12.8
44,HAM,Mercedes,47,61.139,3370.64,300.7,11092,8,100,0,0,156.4,1016.0,12.8
44,HAM,Mercedes,47,61.232,3378.43,301.0,11105,8,100,0,0,158.0,1009.0,12.8
44,HAM,Mercedes,47,61.392,3391.85,302.0,11155,8,100,0,0,161.5,994.4,12.8
44,HAM,Mercedes,47,61.459,3397.49,302.4,11120,8,100,0,0,162.7,989.1,12.7
44,HAM,Mercedes,47,61.539,3404.22,302.9,11078,8,100,0,0,164.0,983.4,12.5
44,HAM,Mercedes,47,61.552,3405.32,303.0,11071,8,100,0,0,164.2,982.4,12.5
44,HAM,Mercedes,47,61.712,3418.78,303.0,11148,8,100,0,0,167.4,968.9,12.6
44,HAM,Mercedes,47,61.779,3424.42,303.0,11158,8,100,0,0,168.8,962.9,12.7
44,HAM,Mercedes,47,61.912,3435.62,303.0,11178,8,100,0,0,171.6,951.1,12.7
44,HAM,Mercedes,47,62.02,3444.7,303.0,11192,8,100,0,0,173.8,941.6,12.7
44,HAM,Mercedes,47,62.22,3461.54,303.0,11218,8,100,0,0,177.6,925.1,12.6
44,HAM,Mercedes,47,62.232,3462.55,303.0,11220,8,100,0,0,177.8,924.2,12.6
44,HAM,Mercedes,47,62.392,3476.06,304.0,11179,8,100,0,0,180.3,913.5,12.6
44,HAM,Mercedes,47,62.46,3481.8,304.0,11183,8,100,0,0,182.0,906.2,12.6
44,HAM,Mercedes,47,62.62,3495.31,304.0,11192,8,100,0,0,187.5,882.4,12.6
44,HAM,Mercedes,47,62.632,3496.33,304.0,11193,8,100,0,0,187.8,881.0,12.6
44,HAM,Mercedes,47,62.872,3516.66,305.0,11232,8,100,0,0,190.6,869.0,12.6
44,HAM,Mercedes,47,62.98,3525.81,305.0,11241,8,100,0,0,191.7,864.2,12.6
44,HAM,Mercedes,47,63.032,3530.22,305.0,11246,8,100,0,0,192.5,860.8,12.6
44,HAM,Mercedes,47,63.26,3549.53,305.0,11261,8,100,0,0,196.9,841.0,12.6
44,HAM,Mercedes,47,63.312,3553.94,305.0,11264,8,100,0,0,197.8,836.9,12.6
44,HAM,Mercedes,47,63.5,3569.87,305.0,11241,8,100,0,0,201.5,821.0,12.6
44,HAM,Mercedes,47,63.712,3587.83,305.0,11216,8,100,0,0,207.6,794.4,12.7
44,HAM,Mercedes,47,63.72,3588.51,305.0,11214,8,100,0,0,207.8,793.6,12.7
44,HAM,Mercedes,47,63.952,3608.1,304.0,11154,8,100,0,0,210.8,780.5,12.7
44,HAM,Mercedes,47,64.02,3613.82,303.6,11142,8,100,0,0,211.7,776.8,12.7
44,HAM,Mercedes,47,64.112,3621.56,303.0,11125,8,100,0,0,213.2,770.3,12.7
44,HAM,Mercedes,47,64.312,3638.4,303.0,11120,8,100,0,0,217.3,752.9,12.8
44,HAM,Mercedes,47,64.32,3639.07,302.9,11118,8,100,0,0,217.5,752.2,12.8
44,HAM,Mercedes,47,64.5,3654.13,301.7,11066,8,100,0,0,221.0,737.6,12.7
44,HAM,Mercedes,47,64.592,3661.81,301.0,11039,8,100,0,0,222.8,730.1,12.6
44,HAM,Mercedes,47,64.72,3672.48,300.5,11012,8,100,0,0,225.3,719.7,12.6
44,HAM,Mercedes,47,64.832,3681.81,300.0,10988,8,100,0,0,227.5,710.6,12.7
44,HAM,Mercedes,47,64.9,3687.46,299.6,10967,8,100,0,0,228.8,705.1,12.8
44,HAM,Mercedes,47,64.992,3695.1,299.0,10939,8,100,0,0,230.5,697.7,12.8
44,HAM,Mercedes,47,65.1,3704.01,297.8,10914,8,100,0,0,232.6,689.0,12.8
44,HAM,Mercedes,47,65.272,3718.12,296.0,10873,8,100,0,0,235.9,675.1,12.9
44,HAM,Mercedes,47,65.359,3725.22,295.4,10846,8,100,0,0,237.6,668.2,12.9
44,HAM,Mercedes,47,65.439,3731.74,294.8,10821,8,99,0,0,239.1,661.8,12.9
44,HAM,Mercedes,47,65.552,3740.98,294.0,10786,8,99,0,0,241.4,651.9,12.9
44,HAM,Mercedes,47,65.791,3760.44,293.0,10597,8,74,1,0,246.5,630.9,13.1
44,HAM,Mercedes,47,65.799,3761.06,292.2,10554,8,72,1,0,246.6,630.3,13.1
44,HAM,Mercedes,47,66.039,3778.74,268.9,9258,8,23,1,0,249.9,616.0,13.1
44,HAM,Mercedes,47,66.151,3786.24,258.0,8654,8,0,1,0,251.6,608.9,13.1
44,HAM,Mercedes,47,66.279,3794.21,235.1,8503,8,0,1,0,253.5,600.9,13.2
44,HAM,Mercedes,47,66.391,3800.57,215.0,8371,8,0,1,0,254.9,595.0,13.2
44,HAM,Mercedes,47,66.519,3807.05,199.0,8546,8,0,1,0,256.5,587.7,13.2
44,HAM,Mercedes,47,66.739,3817.02,171.5,8847,8,0,1,0,259.5,571.3,13.2
44,HAM,Mercedes,47,66.751,3817.57,170.0,8863,8,0,1,0,259.6,570.6,13.2
44,HAM,Mercedes,47,66.991,3828.5,164.0,9095,8,0,1,0,260.5,564.0,13.2
44,HAM,Mercedes,47,67.119,3833.86,154.9,8848,8,0,1,0,260.5,561.0,13.2
44,HAM,Mercedes,47,67.231,3838.3,147.0,8632,5,0,1,0,260.6,557.0,13.1
44,HAM,Mercedes,47,67.319,3841.7,144.4,8604,5,1,1,0,260.4,553.5,13.1
44,HAM,Mercedes,47,67.632,3853.34,135.0,8506,4,5,0,0,257.5,541.2,13.1
44,HAM,Mercedes,47,67.659,3854.34,134.7,8483,4,6,0,0,257.2,540.3,13.1
44,HAM,Mercedes,47,67.872,3862.14,132.0,8298,4,12,0,0,254.1,534.2,13.1
44,HAM,Mercedes,47,67.959,3865.24,130.3,8490,4,22,0,0,252.5,531.7,13.1
44,HAM,Mercedes,47,68.072,3869.25,128.0,8740,4,35,0,0,250.2,528.1,13.0
44,HAM,Mercedes,47,68.119,3870.95,129.0,8732,4,44,0,0,249.3,526.6,13.0
44,HAM,Mercedes,47,68.319,3878.4,133.3,8696,4,81,0,0,245.6,520.3,13.0
44,HAM,Mercedes,47,68.352,3879.67,134.0,8690,4,87,0,0,245.0,519.2,13.0
44,HAM,Mercedes,47,68.62,3890.39,143.6,9226,4,72,0,0,241.3,509.2,12.9
44,HAM,Mercedes,47,68.632,3890.87,144.0,9250,4,71,0,0,241.2,508.7,12.9
44,HAM,Mercedes,47,68.84,3899.34,146.2,9209,4,59,0,0,239.9,500.6,12.8
44,HAM,Mercedes,47,68.912,3902.31,147.0,9195,4,55,0,0,239.7,497.6,12.8
44,HAM,Mercedes,47,69.0,3905.96,148.5,9466,4,62,0,0,239.5,493.9,12.8
44,HAM,Mercedes,47,69.152,3912.37,151.0,9934,4,74,0,0,239.5,488.0,12.8
44,HAM,Mercedes,47,69.24,3916.16,153.2,10119,4,74,0,0,239.6,484.4,12.8
44,HAM,Mercedes,47,69.392,3922.84,157.0,10439,4,74,0,0,240.1,477.7,12.7
44,HAM,Mercedes,47,69.44,3924.99,158.4,10528,4,76,0,0,240.3,475.5,12.7
44,HAM,Mercedes,47,69.56,3930.48,161.7,10750,4,80,0,0,240.9,470.0,12.7
44,HAM,Mercedes,47,69.712,3937.6,166.0,11031,4,86,0,0,241.9,462.9,12.7
44,HAM,Mercedes,47,69.9,3946.67,173.5,11379,4,99,0,0,243.5,454.0,12.6
44,HAM,Mercedes,47,69.912,3947.26,174.0,11401,4,100,0,0,243.6,453.4,12.6
44,HAM,Mercedes,47,70.072,3955.31,181.0,11620,4,100,0,0,245.3,445.5,12.6
44,HAM,Mercedes,47,70.12,3957.78,182.7,11400,4,100,0,0,245.9,443.1,12.6
44,HAM,Mercedes,47,70.272,3965.75,188.0,10702,4,100,0,0,247.8,435.4,12.6
44,HAM,Mercedes,47,70.32,3968.32,189.7,10737,4,100,0,0,248.4,432.9,12.6
44,HAM,Mercedes,47,70.472,3976.58,195.0,10849,5,100,0,0,250.6,424.8,12.6
44,HAM,Mercedes,47,70.48,3977.03,195.3,10859,5,100,0,0,250.7,424.4,12.6
44,HAM,Mercedes,47,70.712,3990.12,203.0,11162,5,100,0,0,254.3,411.8,12.7
44,HAM,Mercedes,47,70.74,3991.72,203.7,11221,5,100,0,0,254.7,410.3,12.7
44,HAM,Mercedes,47,70.952,4004.05,209.0,11670,5,100,0,0,258.1,398.4,12.7
44,HAM,Mercedes,47,70.98,4005.73,210.1,11612,5,100,0,0,258.6,396.8,12.7
44,HAM,Mercedes,47,71.2,4019.44,218.6,11155,5,100,0,0,262.4,384.1,12.7
44,HAM,Mercedes,47,71.392,4031.67,226.0,10757,5,100,0,0,265.9,371.5,12.7
44,HAM,Mercedes,47,71.4,4032.18,226.1,10762,5,100,0,0,266.1,370.9,12.7
44,HAM,Mercedes,47,71.632,4047.01,230.0,10901,6,100,0,0,270.9,353.1,12.7
44,HAM,Mercedes,47,71.78,4056.67,233.3,11084,6,100,0,0,273.4,343.5,12.7
44,HAM,Mercedes,47,71.992,4070.81,238.0,11346,6,100,0,0,275.8,334.4,12.8
44,HAM,Mercedes,47,72.039,4073.98,239.0,11214,6,100,0,0,276.4,332.0,12.8
44,HAM,Mercedes,47,72.239,4087.64,243.5,10650,6,100,0,0,279.7,318.9,12.7
44,HAM,Mercedes,47,72.351,4095.34,246.0,10334,6,100,0,0,281.6,311.4,12.7
44,HAM,Mercedes,47,72.499,4105.53,247.6,10392,6,100,0,0,284.1,301.6,12.8
44,HAM,Mercedes,47,72.631,4114.71,249.0,10443,7,100,0,0,286.4,292.7,12.8
44,HAM,Mercedes,47,72.679,4118.08,250.4,10488,7,100,0,0,287.2,289.5,12.8
44,HAM,Mercedes,47,72.831,4128.87,255.0,10629,7,100,0,0,289.7,279.4,12.8
44,HAM,Mercedes,47,72.899,4133.74,256.1,10684,7,100,0,0,291.0,274.4,12.8
44,HAM,Mercedes,47,73.151,4151.98,260.0,10886,7,100,0,0,296.5,253.1,12.8
44,HAM,Mercedes,47,73.219,4156.93,260.8,10897,7,100,0,0,297.9,247.9,12.8
44,HAM,Mercedes,47,73.391,4169.52,263.0,10925,7,100,0,0,300.7,237.1,12.8
44,HAM,Mercedes,47,73.591,4184.29,266.0,11120,7,100,0,0,303.8,225.6,12.8
44,HAM,Mercedes,47,73.599,4184.89,266.1,11125,7,100,0,0,303.9,225.1,12.8
44,HAM,Mercedes,47,73.779,4198.37,268.7,11234,7,100,0,0,307.3,212.1,12.8
44,HAM,Mercedes,47,73.871,4205.29,270.0,11290,7,100,0,0,309.0,205.4,12.8
44,HAM,Mercedes,47,73.959,4211.93,270.9,11305,7,100,0,0,310.7,199.0,12.8
44,HAM,Mercedes,47,74.072,4220.48,272.0,11324,7,100,0,0,312.9,190.7,12.8
44,HAM,Mercedes,47,74.199,4230.17,273.4,11374,7,100,0,0,315.3,181.4,12.8
44,HAM,Mercedes,47,74.399,4245.54,275.6,11454,7,100,0,0,319.2,166.6,12.8
44,HAM,Mercedes,47,74.432,4248.08,276.0,11467,7,100,0,0,319.8,164.2,12.8
44,HAM,Mercedes,47,74.579,4259.42,277.1,11548,7,100,0,0,322.6,153.2,12.9
44,HAM,Mercedes,47,74.712,4269.7,278.0,11622,7,100,0,0,325.0,143.2,12.9
44,HAM,Mercedes,47,74.839,4279.57,279.3,11655,7,100,0,0,327.2,133.5,12.9
44,HAM,Mercedes,47,74.912,4285.26,280.0,11674,7,100,0,0,328.5,127.8,12.9
44,HAM,Mercedes,47,74.999,4292.07,280.9,11281,7,100,0,0,329.9,121.3,12.9
44,HAM,Mercedes,47,75.192,4307.27,283.0,10408,7,100,0,0,332.5,108.5,13.0
44,HAM,Mercedes,47,75.2,4307.9,283.0,10409,7,100,0,0,332.6,107.9,13.0
44,HAM,Mercedes,47,75.352,4319.89,284.0,10420,8,100,0,0,334.6,95.9,13.1
44,HAM,Mercedes,47,75.396,4323.36,283.9,10424,8,100,0,0,335.2,92.0,13.1
16,LEC,Ferrari,47,0.0,0.03,284.7,11536,7,99,0,0,334.9,94.8,12.9
16,LEC,Ferrari,47,0.174,13.87,285.7,11538,7,99,0,0,336.8,81.3,12.9
16,LEC,Ferrari,47,0.226,18.03,286.0,11538,7,99,0,0,337.3,77.3,12.9
16,LEC,Ferrari,47,0.354,28.29,287.4,11540,7,99,0,0,338.2,67.0,12.8
16,LEC,Ferrari,47,0.506,40.51,289.0,11542,7,99,0,0,339.0,51.1,12.8
16,LEC,Ferrari,47,0.714,57.16,288.5,11540,7,99,0,0,339.5,30.2,12.8
16,LEC,Ferrari,47,0.946,75.71,288.0,11538,7,99,0,0,339.3,19.0,12.8
16,LEC,Ferrari,47,0.974,77.95,288.0,11533,7,99,0,0,339.2,17.4,12.8
16,LEC,Ferrari,47,1.106,88.51,288.0,11512,7,99,0,0,338.6,7.6,12.8
16,LEC,Ferrari,47,1.234,98.75,288.0,11503,7,99,0,0,337.9,-3.3,12.9
16,LEC,Ferrari,47,1.346,107.71,288.0,11496,7,99,0,0,337.1,-12.3,13.0
16,LEC,Ferrari,47,1.474,117.91,287.2,11466,7,99,0,0,336.1,-22.3,13.0
16,LEC,Ferrari,47,1.506,120.46,287.0,11459,7,99,0,0,335.8,-24.8,13.0
16,LEC,Ferrari,47,1.654,132.3,285.8,11271,7,99,0,0,334.5,-36.5,13.0
16,LEC,Ferrari,47,1.745,139.38,285.0,11155,7,99,1,0,333.7,-43.2,13.0
16,LEC,Ferrari,47,1.934,153.23,269.4,11003,7,56,1,0,331.9,-58.2,13.1
16,LEC,Ferrari,47,2.134,166.68,252.9,10842,7,11,1,0,329.7,-77.9,13.2
16,LEC,Ferrari,47,2.145,167.38,252.0,10833,7,8,1,0,329.6,-78.7,13.2
16,LEC,Ferrari,47,2.345,179.72,222.0,10177,7,8,1,0,328.8,-87.5,13.3
16,LEC,Ferrari,47,2.434,185.11,218.7,10428,7,8,1,0,328.6,-91.1,13.3
16,LEC,Ferrari,47,2.585,193.92,213.0,10855,5,8,1,0,328.3,-99.9,13.4
16,LEC,Ferrari,47,2.793,204.46,187.7,10784,5,8,1,0,328.3,-113.8,13.4
16,LEC,Ferrari,47,2.865,207.84,179.0,10760,4,8,1,0,328.6,-117.8,13.4
16,LEC,Ferrari,47,3.145,220.36,161.0,9662,4,7,1,0,330.7,-129.7,13.3
16,LEC,Ferrari,47,3.153,220.72,160.9,9647,4,7,1,0,330.8,-130.0,13.3
16,LEC,Ferrari,47,3.385,230.96,159.0,9221,4,5,1,0,332.6,-135.8,13.3
16,LEC,Ferrari,47,3.453,233.8,154.3,9182,4,5,1,0,333.4,-137.6,13.3
16,LEC,Ferrari,47,3.545,237.54,148.0,9130,4,5,1,0,334.8,-140.4,13.3
16,LEC,Ferrari,47,3.705,243.94,144.0,8889,4,5,1,0,338.2,-146.0,13.3
16,LEC,Ferrari,47,3.793,247.4,142.7,8824,4,6,1,0,340.4,-148.9,13.3
16,LEC,Ferrari,47,3.953,253.59,140.5,8707,4,8,1,0,344.7,-153.5,13.4
16,LEC,Ferrari,47,3.985,254.83,140.0,8683,4,8,0,0,345.5,-154.3,13.4
16,LEC,Ferrari,47,4.173,262.04,138.1,8611,4,38,0,0,351.1,-159.1,13.4
16,LEC,Ferrari,47,4.185,262.49,138.0,8606,4,40,0,0,351.7,-159.5,13.4
16,LEC,Ferrari,47,4.345,268.49,135.0,8407,4,35,0,0,360.8,-165.7,13.5
16,LEC,Ferrari,47,4.353,268.79,134.9,8442,4,33,0,0,361.2,-166.0,13.5
16,LEC,Ferrari,47,4.505,274.41,133.0,9107,4,0,1,0,367.3,-169.7,13.5
16,LEC,Ferrari,47,4.813,284.44,118.5,9211,4,1,1,0,373.2,-172.6,13.5
16,LEC,Ferrari,47,4.866,286.04,116.0,9229,3,1,1,0,374.2,-173.1,13.5
16,LEC,Ferrari,47,5.106,292.9,103.0,8565,2,1,1,0,378.8,-175.9,13.5
16,LEC,Ferrari,47,5.153,294.17,101.1,8510,2,1,1,0,379.7,-176.6,13.5
16,LEC,Ferrari,47,5.306,298.18,95.0,8330,2,1,1,0,382.8,-179.2,13.5
16,LEC,Ferrari,47,5.353,299.42,94.7,8165,2,1,1,0,383.7,-180.0,13.5
16,LEC,Ferrari,47,5.626,306.45,93.0,7208,2,1,1,0,387.4,-184.8,13.5
16,LEC,Ferrari,47,5.673,307.57,91.5,7158,2,1,1,0,387.8,-186.3,13.5
16,LEC,Ferrari,47,5.833,311.15,86.5,6989,2,1,1,0,388.8,-192.6,13.5
16,LEC,Ferrari,47,6.106,316.85,78.0,6701,2,0,0,0,388.6,-197.3,13.6
16,LEC,Ferrari,47,6.214,319.12,76.8,6547,2,1,0,0,388.2,-198.7,13.6
16,LEC,Ferrari,47,6.386,322.68,75.0,6302,2,2,0,0,387.5,-201.9,13.6
16,LEC,Ferrari,47,6.454,324.05,74.3,6428,2,10,0,0,387.0,-203.6,13.6
16,LEC,Ferrari,47,6.666,328.28,72.0,6822,2,37,0,0,384.4,-209.9,13.8
16,LEC,Ferrari,47,6.694,328.86,72.4,6862,2,38,0,0,384.1,-210.5,13.8
16,LEC,Ferrari,47,6.934,334.1,76.3,7201,2,44,0,0,383.1,-212.3,13.8
16,LEC,Ferrari,47,7.106,337.94,79.0,7445,2,49,0,0,381.2,-215.1,13.9
16,LEC,Ferrari,47,7.194,339.89,80.1,7574,2,52,0,0,380.0,-216.7,14.0
16,LEC,Ferrari,47,7.266,341.54,81.0,7680,2,55,0,0,379.0,-217.9,14.1
16,LEC,Ferrari,47,7.474,346.72,87.2,7907,2,58,0,0,375.4,-221.0,14.2
16,LEC,Ferrari,47,7.666,351.87,93.0,8117,2,61,0,0,369.6,-224.1,14.3
16,LEC,Ferrari,47,7.734,353.73,94.9,8131,2,63,0,0,367.6,-224.9,14.3
16,LEC,Ferrari,47,7.986,360.94,102.0,8183,3,69,0,0,362.3,-226.2,14.4
16,LEC,Ferrari,47,8.074,363.65,105.7,8457,3,71,0,0,360.2,-226.5,14.5
16,LEC,Ferrari,47,8.274,370.19,114.0,9081,3,75,0,0,353.9,-227.1,14.8
16,LEC,Ferrari,47,8.345,372.6,117.0,9302,3,77,0,0,351.6,-227.2,14.9
16,LEC,Ferrari,47,8.454,376.4,120.5,9655,3,79,0,0,347.9,-227.3,15.0
16,LEC,Ferrari,47,8.654,383.64,126.8,10301,3,82,0,0,340.8,-227.3,15.3
16,LEC,Ferrari,47,8.785,388.62,131.0,10725,3,84,0,0,335.9,-227.1,15.5
16,LEC,Ferrari,47,8.874,392.1,135.8,11107,3,87,0,0,332.5,-226.9,15.7
16,LEC,Ferrari,47,9.025,398.22,144.0,11756,3,91,0,0,326.5,-226.3,15.9
16,LEC,Ferrari,47,9.094,401.09,147.1,11477,3,94,0,0,323.7,-226.0,16.0
16,LEC,Ferrari,47,9.214,406.23,152.5,10991,3,99,0,0,318.6,-225.3,16.2
16,LEC,Ferrari,47,9.225,406.72,153.0,10946,3,99,0,0,318.2,-225.2,16.2
16,LEC,Ferrari,47,9.473,418.05,163.1,10903,3,99,0,0,307.3,-223.0,16.6
16,LEC,Ferrari,47,9.545,421.47,166.0,10890,4,99,0,0,302.4,-221.7,16.8
16,LEC,Ferrari,47,9.745,431.25,176.0,11318,4,99,0,0,286.0,-216.8,17.3
16,LEC,Ferrari,47,9.793,433.64,177.4,11382,4,99,0,0,283.1,-215.9,17.3
16,LEC,Ferrari,47,9.985,443.45,183.0,11640,4,99,0,0,275.9,-213.5,16.9
16,LEC,Ferrari,47,10.033,446.0,184.9,11570,4,99,0,0,274.3,-213.0,16.9
16,LEC,Ferrari,47,10.373,464.97,198.0,11070,4,99,0,0,257.1,-206.8,17.7
16,LEC,Ferrari,47,10.425,467.89,200.0,10994,5,99,0,0,252.8,-205.0,17.8
16,LEC,Ferrari,47,10.573,476.23,202.8,11158,5,100,0,0,240.5,-199.7,17.8
16,LEC,Ferrari,47,10.585,476.92,203.0,11171,5,100,0,0,239.8,-199.4,17.8
16,LEC,Ferrari,47,10.785,488.53,209.0,11328,5,99,0,0,233.4,-196.2,17.8
16,LEC,Ferrari,47,10.893,495.0,213.0,11533,5,99,0,0,230.1,-194.3,17.8
16,LEC,Ferrari,47,11.025,503.06,218.0,11783,5,99,0,0,223.6,-190.5,17.8
16,LEC,Ferrari,47,11.133,509.73,220.7,11775,5,99,0,0,217.5,-186.9,17.8
16,LEC,Ferrari,47,11.225,515.45,223.0,11768,5,99,0,0,212.6,-183.8,17.8
16,LEC,Ferrari,47,11.386,525.56,226.0,10648,6,99,0,0,204.2,-178.2,17.7
16,LEC,Ferrari,47,11.393,526.0,226.2,10652,6,99,0,0,203.8,-178.0,17.7
16,LEC,Ferrari,47,11.586,538.39,231.0,10773,6,99,0,0,193.5,-170.9,17.6
16,LEC,Ferrari,47,11.613,540.15,231.7,10792,6,99,0,0,192.1,-169.9,17.6
16,LEC,Ferrari,47,11.826,554.19,237.0,10944,6,99,0,0,180.8,-161.7,17.6
16,LEC,Ferrari,47,11.833,554.65,237.0,10948,6,99,0,0,180.4,-161.4,17.6
16,LEC,Ferrari,47,11.986,564.77,238.0,11041,6,99,0,0,172.3,-155.3,17.6
16,LEC,Ferrari,47,11.993,565.23,238.1,11043,6,99,0,0,171.9,-155.0,17.6
16,LEC,Ferrari,47,12.213,580.08,242.1,11107,6,99,0,0,160.2,-146.0,17.6
16,LEC,Ferrari,47,12.266,583.67,243.0,11123,6,99,0,0,157.6,-143.9,17.6
16,LEC,Ferrari,47,12.413,593.63,243.9,11192,6,99,0,0,149.7,-137.5,17.6
16,LEC,Ferrari,47,12.426,594.51,244.0,11198,6,99,0,0,148.8,-136.8,17.6
16,LEC,Ferrari,47,12.626,608.12,245.0,11285,6,99,0,0,132.4,-123.4,17.6
16,LEC,Ferrari,47,12.654,610.03,245.0,11290,6,99,0,0,130.4,-121.8,17.6
16,LEC,Ferrari,47,12.786,619.01,245.0,11311,6,99,1,0,123.3,-116.1,17.6
16,LEC,Ferrari,47,13.054,636.77,238.3,10157,6,9,1,0,113.8,-108.5,17.6
16,LEC,Ferrari,47,13.066,637.52,238.0,10105,6,5,1,0,113.2,-108.0,17.6
16,LEC,Ferrari,47,13.094,639.25,233.8,10018,6,5,1,0,111.9,-106.9,17.6
16,LEC,Ferrari,47,13.226,647.03,214.0,9607,6,4,1,0,106.2,-102.1,17.6
16,LEC,Ferrari,47,13.454,659.1,191.2,9510,6,5,1,0,96.9,-93.6,17.6
16,LEC,Ferrari,47,13.466,659.7,190.0,9505,5,5,1,0,96.3,-93.0,17.6
16,LEC,Ferrari,47,13.626,667.43,174.0,10065,5,6,1,0,88.6,-84.7,17.5
16,LEC,Ferrari,47,13.674,669.67,171.0,9912,5,6,1,0,86.7,-82.6,17.5
16,LEC,Ferrari,47,13.786,674.72,164.0,9556,4,6,1,0,83.5,-78.8,17.5
16,LEC,Ferrari,47,13.946,681.57,154.0,9061,4,6,1,0,81.4,-75.7,17.4
16,LEC,Ferrari,47,14.074,686.81,150.0,8947,4,7,1,0,79.6,-72.4,17.3
16,LEC,Ferrari,47,14.254,693.9,144.4,8786,4,9,1,0,76.6,-66.1,17.1
16,LEC,Ferrari,47,14.266,694.37,144.0,8775,4,9,1,0,76.4,-65.7,17.1
16,LEC,Ferrari,47,14.374,698.52,140.0,8494,4,10,1,0,75.3,-62.0,17.0
16,LEC,Ferrari,47,14.426,700.5,138.0,8359,4,10,1,0,74.9,-60.3,17.0
16,LEC,Ferrari,47,14.574,706.1,136.2,8359,4,10,1,0,74.2,-54.8,16.9
16,LEC,Ferrari,47,14.586,706.55,136.0,8359,4,10,0,0,74.2,-54.3,16.9
16,LEC,Ferrari,47,14.894,717.87,132.6,8457,4,33,0,0,76.0,-37.6,16.5
16,LEC,Ferrari,47,14.946,719.75,132.0,8473,4,37,0,0,76.3,-35.6,16.5
16,LEC,Ferrari,47,15.105,725.44,129.0,8526,4,57,0,0,76.8,-31.5,16.4
16,LEC,Ferrari,47,15.265,731.35,133.0,8815,4,69,0,0,77.0,-28.5,16.3
16,LEC,Ferrari,47,15.354,734.8,135.7,8956,4,69,0,0,77.0,-25.8,16.2
16,LEC,Ferrari,47,15.414,737.19,137.5,9052,4,69,0,0,77.0,-23.6,16.1
16,LEC,Ferrari,47,15.634,746.2,144.1,9401,4,69,0,0,76.4,-15.1,15.8
16,LEC,Ferrari,47,15.665,747.47,145.0,9450,4,69,0,0,76.3,-13.9,15.8
16,LEC,Ferrari,47,15.813,753.51,146.6,9638,4,65,0,0,75.4,-7.8,15.5
16,LEC,Ferrari,47,15.945,758.98,148.0,9806,4,61,0,0,74.3,-2.5,15.2
16,LEC,Ferrari,47,16.053,763.57,150.7,9745,4,61,0,0,73.0,1.7,15.0
16,LEC,Ferrari,47,16.225,771.03,155.0,9649,4,62,0,0,70.2,8.2,14.7
16,LEC,Ferrari,47,16.333,775.77,156.4,9952,4,69,0,0,68.0,12.2,14.5
16,LEC,Ferrari,47,16.493,782.85,158.4,10401,4,79,0,0,64.1,18.2,14.2
16,LEC,Ferrari,47,16.545,785.17,159.0,10547,4,82,0,0,62.7,20.1,14.1
16,LEC,Ferrari,47,16.705,792.37,162.0,10924,4,87,0,0,58.1,26.1,13.9
16,LEC,Ferrari,47,16.733,793.67,163.4,11002,4,88,0,0,57.3,27.1,13.9
16,LEC,Ferrari,47,16.945,803.97,174.0,11590,4,99,0,0,50.9,35.1,13.5
16,LEC,Ferrari,47,16.953,804.37,174.3,11564,4,99,0,0,50.7,35.4,13.5
16,LEC,Ferrari,47,17.133,813.62,181.0,10987,4,99,0,0,45.0,42.4,13.4
16,LEC,Ferrari,47,17.313,823.23,187.8,10409,4,99,0,0,39.2,49.7,13.2
16,LEC,Ferrari,47,17.345,824.97,189.0,10306,5,99,0,0,38.3,50.9,13.2
16,LEC,Ferrari,47,17.433,829.77,192.1,10428,5,99,0,0,35.8,53.8,13.2
16,LEC,Ferrari,47,17.625,840.44,199.0,10695,5,99,0,0,30.8,60.0,13.1
16,LEC,Ferrari,47,17.693,844.28,200.5,10791,5,99,0,0,28.9,62.3,13.0
16,LEC,Ferrari,47,17.905,856.39,205.0,11089,5,99,0,0,22.3,70.3,12.9
16,LEC,Ferrari,47,18.033,863.81,207.7,11220,5,99,0,0,16.2,77.1,12.9
16,LEC,Ferrari,47,18.146,870.45,210.0,11336,5,99,0,0,9.1,84.7,13.0
16,LEC,Ferrari,47,18.193,873.23,211.4,11341,5,99,0,0,6.4,87.4,13.0
16,LEC,Ferrari,47,18.386,884.91,217.0,11364,5,99,0,0,-0.0,93.6,13.0
16,LEC,Ferrari,47,18.493,891.62,221.5,11028,5,99,0,0,-3.4,96.5,13.0
16,LEC,Ferrari,47,18.626,900.05,227.0,10610,5,99,0,0,-9.5,101.6,13.0
16,LEC,Ferrari,47,18.753,908.04,227.0,10698,5,99,0,0,-16.1,107.1,13.0
16,LEC,Ferrari,47,18.786,910.13,227.0,10721,6,99,0,0,-17.8,108.5,13.0
16,LEC,Ferrari,47,18.913,918.35,231.1,10847,6,99,0,0,-24.3,113.7,13.0
16,LEC,Ferrari,47,19.066,928.49,236.0,10998,6,100,0,0,-32.8,120.4,13.0
16,LEC,Ferrari,47,19.214,938.44,239.7,11163,6,100,0,0,-40.9,126.8,13.0
16,LEC,Ferrari,47,19.346,947.39,243.0,11310,6,100,0,0,-47.1,131.8,13.0
16,LEC,Ferrari,47,19.474,956.08,243.9,11406,6,100,0,0,-54.1,138.3,13.0
16,LEC,Ferrari,47,19.626,966.45,245.0,11520,6,100,0,0,-64.5,149.7,13.1
16,LEC,Ferrari,47,19.634,966.99,245.2,11525,6,100,0,0,-64.9,150.2,13.1
16,LEC,Ferrari,47,19.786,977.47,248.0,11622,6,100,0,0,-69.2,155.8,13.1
16,LEC,Ferrari,47,19.894,984.98,249.5,11302,6,100,0,0,-71.0,159.3,13.1
16,LEC,Ferrari,47,20.066,997.07,252.0,10792,6,100,0,0,-76.1,169.3,13.0
16,LEC,Ferrari,47,20.214,1007.59,255.7,10490,6,100,0,0,-80.8,179.9,13.0
16,LEC,Ferrari,47,20.226,1008.45,256.0,10466,7,100,0,0,-81.1,180.7,13.0
16,LEC,Ferrari,47,20.394,1020.42,256.7,10456,7,100,0,0,-85.3,192.2,13.0
16,LEC,Ferrari,47,20.466,1025.58,257.0,10452,7,100,0,0,-86.9,196.5,13.0
16,LEC,Ferrari,47,20.634,1037.69,259.1,10508,7,100,0,0,-90.3,208.6,13.0
16,LEC,Ferrari,47,20.706,1042.91,260.0,10532,7,100,0,0,-91.7,217.4,13.0
16,LEC,Ferrari,47,20.854,1053.72,261.8,10547,7,99,0,0,-94.1,237.1,13.0
16,LEC,Ferrari,47,20.946,1060.45,263.0,10557,7,99,0,0,-94.8,244.3,13.0
16,LEC,Ferrari,47,21.194,1078.49,262.1,10523,7,99,0,0,-94.4,254.8,13.0
16,LEC,Ferrari,47,21.226,1080.82,262.0,10519,7,99,0,0,-94.3,257.3,13.0
16,LEC,Ferrari,47,21.426,1095.38,262.0,10500,7,99,0,0,-93.9,278.7,13.0
16,LEC,Ferrari,47,21.514,1101.74,260.5,10346,7,82,0,0,-93.7,287.0,13.0
16,LEC,Ferrari,47,21.905,1129.18,254.0,9662,7,6,1,0,-92.7,306.7,13.2
16,LEC,Ferrari,47,21.914,1129.77,253.2,9682,7,6,1,0,-92.7,307.2,13.2
16,LEC,Ferrari,47,22.074,1140.15,238.3,10043,7,4,1,0,-92.0,317.8,13.2
16,LEC,Ferrari,47,22.185,1146.91,228.0,10293,7,2,1,0,-91.5,324.7,13.4
16,LEC,Ferrari,47,22.314,1154.2,213.3,10104,7,2,1,0,-91.2,332.2,13.6
16,LEC,Ferrari,47,22.465,1162.15,196.0,9883,7,2,1,0,-91.2,340.7,13.7
16,LEC,Ferrari,47,22.473,1162.56,195.2,9896,7,2,1,0,-91.2,341.1,13.7
16,LEC,Ferrari,47,22.665,1171.99,177.0,10203,7,2,1,0,-91.7,350.2,13.9
16,LEC,Ferrari,47,22.693,1173.26,174.8,10206,7,2,1,0,-91.9,351.8,13.9
16,LEC,Ferrari,47,22.893,1181.66,159.2,10229,7,1,1,0,-94.3,365.2,14.0
16,LEC,Ferrari,47,22.985,1185.5,152.0,10239,4,1,1,0,-95.3,369.5,14.0
16,LEC,Ferrari,47,23.185,1193.94,152.0,9443,3,1,1,0,-96.7,373.8,14.1
16,LEC,Ferrari,47,23.353,1200.1,139.8,9012,3,1,1,0,-98.4,377.0,14.2
16,LEC,Ferrari,47,23.585,1207.61,123.0,8418,3,1,1,0,-102.1,383.6,14.4
16,LEC,Ferrari,47,23.613,1208.51,122.1,8356,3,1,1,0,-102.6,384.4,14.4
16,LEC,Ferrari,47,23.773,1213.64,116.7,8004,3,0,1,0,-105.7,388.3,14.6
16,LEC,Ferrari,47,23.825,1215.28,115.0,7889,3,0,1,0,-106.7,389.4,14.6
16,LEC,Ferrari,47,23.933,1218.61,112.3,7808,3,0,1,0,-109.2,391.6,14.7
16,LEC,Ferrari,47,24.065,1222.54,109.0,7709,3,1,0,0,-114.5,394.6,14.8
16,LEC,Ferrari,47,24.193,1226.17,104.7,7747,3,8,0,0,-119.5,397.0,14.9
16,LEC,Ferrari,47,24.305,1229.28,101.0,7780,3,14,0,0,-121.7,397.9,14.9
16,LEC,Ferrari,47,24.493,1234.5,100.1,7305,3,17,0,0,-123.8,398.0,15.0
16,LEC,Ferrari,47,24.506,1234.86,100.0,7272,3,17,0,0,-124.1,398.0,15.0
16,LEC,Ferrari,47,24.713,1240.54,99.1,7676,3,37,0,0,-130.0,398.4,15.1
16,LEC,Ferrari,47,24.746,1241.46,99.0,7740,3,40,0,0,-131.0,398.4,15.1
16,LEC,Ferrari,47,24.893,1245.58,100.5,7977,3,48,0,0,-135.2,398.2,15.2
16,LEC,Ferrari,47,25.146,1252.9,103.0,8384,3,62,0,0,-139.9,397.9,15.3
16,LEC,Ferrari,47,25.233,1255.5,105.2,8642,3,66,0,0,-141.7,397.8,15.3
16,LEC,Ferrari,47,25.386,1260.17,109.0,9095,3,74,0,0,-145.9,397.4,15.4
16,LEC,Ferrari,47,25.433,1261.64,110.6,9148,3,74,0,0,-147.8,397.3,15.4
16,LEC,Ferrari,47,25.586,1266.61,116.0,9322,3,76,0,0,-155.9,397.0,15.6
16,LEC,Ferrari,47,25.634,1268.26,117.8,9277,3,76,0,0,-158.5,397.0,15.6
16,LEC,Ferrari,47,26.034,1283.26,132.8,8898,3,73,0,0,-174.2,399.8,15.9
16,LEC,Ferrari,47,26.066,1284.48,134.0,8868,3,73,0,0,-174.9,400.0,15.9
16,LEC,Ferrari,47,26.226,1290.61,138.0,9040,4,72,0,0,-177.3,400.9,15.9
16,LEC,Ferrari,47,26.374,1296.45,141.7,9300,4,73,0,0,-180.5,402.6,16.0
16,LEC,Ferrari,47,26.426,1298.56,143.0,9391,4,74,0,0,-182.2,403.6,16.0
16,LEC,Ferrari,47,26.494,1301.36,145.2,9509,4,75,0,0,-184.7,405.1,16.1
16,LEC,Ferrari,47,26.706,1310.38,152.0,9875,4,78,0,0,-190.8,409.2,16.2
16,LEC,Ferrari,47,26.874,1317.62,155.0,10155,4,80,0,0,-197.0,415.5,16.3
16,LEC,Ferrari,47,26.986,1322.59,157.0,10341,4,82,0,0,-202.9,422.5,16.4
16,LEC,Ferrari,47,27.034,1324.78,158.8,10459,4,82,0,0,-205.1,425.2,16.4
16,LEC,Ferrari,47,27.306,1337.61,169.0,11126,4,84,0,0,-209.9,430.7,16.4
16,LEC,Ferrari,47,27.506,1347.28,174.0,11431,4,91,0,0,-213.6,439.2,16.4
16,LEC,Ferrari,47,27.514,1347.67,174.2,11450,4,91,0,0,-213.9,439.8,16.4
16,LEC,Ferrari,47,27.634,1353.66,177.7,11742,4,95,0,0,-218.7,450.9,16.5
16,LEC,Ferrari,47,27.786,1361.44,182.0,12112,4,99,0,0,-222.2,459.8,16.5
16,LEC,Ferrari,47,27.946,1369.84,189.0,11132,4,99,0,0,-222.8,463.0,16.5
16,LEC,Ferrari,47,28.074,1376.77,193.5,10954,4,100,0,0,-223.6,467.1,16.5
16,LEC,Ferrari,47,28.146,1380.73,196.0,10854,5,100,0,0,-224.3,470.3,16.5
16,LEC,Ferrari,47,28.254,1386.72,198.4,10971,5,100,0,0,-225.7,476.9,16.6
16,LEC,Ferrari,47,28.466,1398.77,203.0,11200,5,100,0,0,-228.8,495.5,16.4
16,LEC,Ferrari,47,28.474,1399.24,203.3,11211,5,100,0,0,-228.9,496.1,16.4
16,LEC,Ferrari,47,28.825,1420.31,216.0,11708,5,100,0,0,-230.8,509.5,16.5
16,LEC,Ferrari,47,28.834,1420.85,216.1,11716,5,100,0,0,-230.8,509.9,16.5
16,LEC,Ferrari,47,28.985,1430.0,218.0,11847,5,99,0,0,-231.8,518.2,16.5
16,LEC,Ferrari,47,29.053,1434.18,220.0,11609,5,99,0,0,-232.4,523.2,16.5
16,LEC,Ferrari,47,29.225,1445.0,225.0,11007,5,99,0,0,-234.1,539.0,16.7
16,LEC,Ferrari,47,29.293,1449.36,227.2,10955,5,99,0,0,-234.7,544.6,16.7
16,LEC,Ferrari,47,29.505,1463.2,234.0,10793,6,99,0,0,-235.8,555.2,16.6
16,LEC,Ferrari,47,29.653,1472.92,236.2,10997,6,99,0,0,-236.4,561.5,16.5
16,LEC,Ferrari,47,29.705,1476.37,237.0,11069,6,99,0,0,-236.7,564.2,16.5
16,LEC,Ferrari,47,29.913,1490.4,241.6,11197,6,99,0,0,-238.0,578.8,16.6
16,LEC,Ferrari,47,30.065,1500.87,245.0,11291,6,99,0,0,-239.3,595.4,16.4
16,LEC,Ferrari,47,30.173,1508.39,247.4,11386,6,99,0,0,-240.2,606.2,16.3
16,LEC,Ferrari,47,30.425,1526.17,253.0,11609,6,99,0,0,-241.1,618.7,16.2
16,LEC,Ferrari,47,30.613,1539.48,254.9,11696,6,99,0,0,-241.7,627.3,16.1
16,LEC,Ferrari,47,30.625,1540.33,255.0,11702,6,99,0,0,-241.8,628.1,16.1
16,LEC,Ferrari,47,30.713,1546.62,256.2,11445,6,99,0,0,-242.2,634.4,16.0
16,LEC,Ferrari,47,30.953,1563.99,259.6,10745,6,99,0,0,-243.2,651.7,16.0
16,LEC,Ferrari,47,30.985,1566.33,260.0,10652,7,99,0,0,-243.3,654.1,16.0
16,LEC,Ferrari,47,31.226,1584.14,266.0,10706,7,99,0,0,-244.1,673.1,16.3
16,LEC,Ferrari,47,31.253,1586.15,266.3,10717,7,99,0,0,-244.2,675.1,16.3
16,LEC,Ferrari,47,31.546,1608.05,269.0,10835,7,99,0,0,-244.7,695.9,16.3
16,LEC,Ferrari,47,31.653,1616.13,270.3,10905,7,99,0,0,-244.8,703.6,16.3
16,LEC,Ferrari,47,31.733,1622.19,271.3,10958,7,99,0,0,-244.9,709.6,16.3
16,LEC,Ferrari,47,31.866,1632.32,273.0,11045,7,99,0,0,-244.9,719.6,16.4
16,LEC,Ferrari,47,31.953,1638.97,273.9,11067,7,99,0,0,-244.8,726.4,16.4
16,LEC,Ferrari,47,32.146,1653.78,276.0,11116,7,99,0,0,-244.5,742.5,16.4
16,LEC,Ferrari,47,32.174,1655.94,276.2,11128,7,99,0,0,-244.4,744.8,16.4
16,LEC,Ferrari,47,32.414,1674.47,277.9,11228,7,99,0,0,-243.6,763.3,16.3
16,LEC,Ferrari,47,32.426,1675.41,278.0,11233,7,99,0,0,-243.5,764.2,16.3
16,LEC,Ferrari,47,32.534,1683.81,279.4,11256,7,99,0,0,-243.0,772.7,16.3
16,LEC,Ferrari,47,32.666,1694.14,281.0,11284,7,99,0,0,-242.5,781.5,16.3
16,LEC,Ferrari,47,32.794,1704.19,282.1,11318,7,99,0,0,-241.7,791.4,16.3
16,LEC,Ferrari,47,32.906,1713.01,283.0,11347,7,99,0,0,-240.5,803.7,16.3
16,LEC,Ferrari,47,33.066,1725.63,284.0,11427,7,99,0,0,-238.7,822.1,16.4
16,LEC,Ferrari,47,33.074,1726.26,284.1,11428,7,99,0,0,-238.6,822.8,16.4
16,LEC,Ferrari,47,33.306,1744.69,286.0,11468,7,99,0,0,-237.2,835.3,16.4
16,LEC,Ferrari,47,33.434,1754.93,287.6,11482,7,99,0,0,-236.3,841.8,16.4
16,LEC,Ferrari,47,33.466,1757.49,288.0,11485,7,99,0,0,-236.0,843.9,16.4
16,LEC,Ferrari,47,33.706,1776.69,288.0,11489,7,99,0,0,-233.2,863.3,16.3
16,LEC,Ferrari,47,33.714,1777.33,288.0,11491,7,99,0,0,-233.1,863.9,16.3
16,LEC,Ferrari,47,33.974,1798.14,288.0,11546,7,99,0,0,-229.6,884.5,16.4
16,LEC,Ferrari,47,33.986,1799.09,288.0,11549,7,99,0,0,-229.4,885.6,16.4
16,LEC,Ferrari,47,34.174,1814.09,287.5,11498,7,99,0,0,-225.9,903.7,16.4
16,LEC,Ferrari,47,34.346,1827.79,287.0,11451,7,99,0,0,-223.3,916.0,16.5
16,LEC,Ferrari,47,34.574,1845.99,286.0,11413,7,99,0,0,-220.0,930.1,16.5
16,LEC,Ferrari,47,34.674,1853.91,285.5,11396,7,99,0,0,-218.1,937.8,16.4
16,LEC,Ferrari,47,34.786,1862.63,285.0,11377,7,99,0,0,-216.0,946.5,16.4
16,LEC,Ferrari,47,34.914,1872.41,277.7,11385,7,99,0,0,-213.7,956.2,16.4
16,LEC,Ferrari,47,35.066,1883.55,269.0,11394,7,99,1,0,-211.1,967.2,16.4
16,LEC,Ferrari,47,35.174,1891.0,252.1,11300,7,99,1,0,-209.3,974.6,16.4
16,LEC,Ferrari,47,35.226,1894.39,244.0,11254,7,99,1,0,-208.5,978.0,16.4
16,LEC,Ferrari,47,35.374,1903.28,226.0,10962,7,50,1,0,-206.4,987.3,16.5
16,LEC,Ferrari,47,35.505,1910.67,210.0,10703,7,6,1,0,-204.7,994.9,16.5
16,LEC,Ferrari,47,35.573,1914.5,205.8,10751,7,6,1,0,-203.9,998.7,16.5
16,LEC,Ferrari,47,35.665,1919.56,200.0,10815,7,7,1,0,-202.8,1003.6,16.5
16,LEC,Ferrari,47,35.673,1919.98,199.2,10780,7,7,1,0,-202.7,1004.0,16.5
16,LEC,Ferrari,47,35.825,1927.69,183.0,10115,6,1,1,0,-200.9,1011.6,16.5
16,LEC,Ferrari,47,35.853,1929.09,182.1,10092,6,1,1,0,-200.6,1012.9,16.5
16,LEC,Ferrari,47,36.185,1944.79,171.0,9813,4,3,1,0,-196.5,1027.8,16.5
16,LEC,Ferrari,47,36.193,1945.13,169.8,9814,4,3,1,0,-196.4,1028.1,16.5
16,LEC,Ferrari,47,36.353,1951.36,145.0,9843,4,3,1,0,-194.3,1033.9,16.4
16,LEC,Ferrari,47,36.385,1952.57,140.0,9849,3,3,1,0,-193.9,1035.0,16.4
16,LEC,Ferrari,47,36.545,1958.53,134.0,9098,3,4,1,0,-191.5,1040.3,16.4
16,LEC,Ferrari,47,36.553,1958.81,133.6,9093,3,4,1,0,-191.4,1040.5,16.4
16,LEC,Ferrari,47,36.705,1964.08,125.0,9003,3,4,1,0,-189.0,1044.8,16.4
16,LEC,Ferrari,47,36.733,1965.03,124.6,8981,3,4,1,0,-188.4,1045.6,16.4
16,LEC,Ferrari,47,37.053,1975.69,120.2,8735,3,6,1,0,-178.4,1054.0,16.5
16,LEC,Ferrari,47,37.065,1976.08,120.0,8726,3,6,0,0,-178.1,1054.2,16.5
16,LEC,Ferrari,47,37.345,1985.03,115.0,8973,3,12,0,0,-172.3,1056.3,16.5
16,LEC,Ferrari,47,37.373,1985.9,114.7,8950,3,15,0,0,-171.6,1056.4,16.5
16,LEC,Ferrari,47,37.573,1992.13,112.6,8787,3,37,0,0,-165.0,1057.9,16.5
16,LEC,Ferrari,47,37.625,1993.74,112.0,8744,3,43,0,0,-162.5,1058.6,16.5
16,LEC,Ferrari,47,37.786,1998.75,112.0,8955,3,57,0,0,-154.3,1061.0,16.3
16,LEC,Ferrari,47,37.793,1998.97,112.2,8966,3,57,0,0,-154.0,1061.1,16.3
16,LEC,Ferrari,47,37.946,2003.9,116.0,9214,3,57,0,0,-149.7,1062.6,16.3
16,LEC,Ferrari,47,38.186,2011.97,121.0,9519,3,76,0,0,-146.3,1064.5,16.3
16,LEC,Ferrari,47,38.213,2012.91,121.8,9453,3,76,0,0,-145.7,1064.9,16.3
16,LEC,Ferrari,47,38.433,2020.9,128.7,8918,3,75,0,0,-138.9,1069.1,16.2
16,LEC,Ferrari,47,38.506,2023.61,131.0,8740,4,75,1,0,-136.5,1070.8,16.2
16,LEC,Ferrari,47,38.653,2029.12,134.2,8988,4,73,1,0,-131.9,1074.6,16.1
16,LEC,Ferrari,47,38.774,2033.79,136.7,9193,4,71,1,0,-128.5,1077.8,16.1
16,LEC,Ferrari,47,38.786,2034.27,137.0,9213,4,71,0,0,-128.2,1078.1,16.1
16,LEC,Ferrari,47,39.014,2043.69,146.3,9597,4,80,0,0,-122.2,1084.9,16.0
16,LEC,Ferrari,47,39.106,2047.6,150.0,9752,4,83,0,0,-120.2,1087.6,15.9
16,LEC,Ferrari,47,39.194,2051.37,152.2,9796,4,83,0,0,-118.3,1090.4,15.9
16,LEC,Ferrari,47,39.346,2058.0,156.0,9873,4,82,0,0,-115.0,1095.8,15.9
16,LEC,Ferrari,47,39.454,2062.87,160.7,10383,4,85,0,0,-112.7,1100.0,15.9
16,LEC,Ferrari,47,39.506,2065.25,163.0,10628,4,87,0,0,-111.6,1102.1,15.9
16,LEC,Ferrari,47,39.754,2076.91,169.2,11179,4,98,0,0,-107.0,1112.8,15.8
16,LEC,Ferrari,47,39.786,2078.47,170.0,11250,4,99,0,0,-106.4,1114.2,15.8
16,LEC,Ferrari,47,39.874,2082.82,173.8,11225,4,99,0,0,-104.9,1118.3,15.9
16,LEC,Ferrari,47,40.066,2092.62,182.0,11172,4,99,0,0,-101.9,1127.7,15.8
16,LEC,Ferrari,47,40.174,2098.31,185.7,10964,4,99,0,0,-100.3,1133.1,15.8
16,LEC,Ferrari,47,40.374,2109.12,192.6,10578,4,99,0,0,-97.5,1143.4,15.9
16,LEC,Ferrari,47,40.386,2109.78,193.0,10555,5,99,0,0,-97.3,1144.0,15.9
16,LEC,Ferrari,47,40.546,2118.67,200.0,10695,5,99,0,0,-95.1,1152.7,15.8
16,LEC,Ferrari,47,40.554,2119.12,200.2,10708,5,99,0,0,-95.0,1153.1,15.8
16,LEC,Ferrari,47,40.834,2135.36,208.1,11181,5,99,0,0,-91.2,1168.7,15.9
16,LEC,Ferrari,47,40.866,2137.25,209.0,11235,5,99,0,0,-90.6,1171.0,15.9
16,LEC,Ferrari,47,41.034,2147.21,212.6,11535,5,100,0,0,-87.5,1183.7,15.9
16,LEC,Ferrari,47,41.146,2153.97,215.0,11735,5,100,0,0,-86.1,1189.5,15.9
16,LEC,Ferrari,47,41.314,2164.35,221.7,10912,5,99,0,0,-84.4,1196.7,15.9
16,LEC,Ferrari,47,41.346,2166.36,223.0,10755,5,99,0,0,-84.0,1198.4,15.9
16,LEC,Ferrari,47,41.494,2175.79,227.2,10747,5,99,0,0,-81.8,1207.7,15.9
16,LEC,Ferrari,47,41.626,2184.32,231.0,10739,6,99,0,0,-80.0,1216.1,15.7
16,LEC,Ferrari,47,41.674,2187.44,232.0,10760,6,99,0,0,-79.4,1219.0,15.7
16,LEC,Ferrari,47,41.826,2197.38,235.0,10825,6,99,0,0,-77.8,1227.5,15.8
16,LEC,Ferrari,47,41.974,2207.16,237.8,11006,6,99,0,0,-76.2,1235.9,15.9
16,LEC,Ferrari,47,41.985,2207.89,238.0,11019,6,99,0,0,-76.1,1236.6,15.9
16,LEC,Ferrari,47,42.145,2218.56,240.0,11214,6,99,0,0,-74.1,1247.2,15.9
16,LEC,Ferrari,47,42.173,2220.45,240.8,11224,6,99,0,0,-73.8,1249.1,15.9
16,LEC,Ferrari,47,42.333,2231.4,245.6,11284,6,99,0,0,-71.9,1259.8,15.8
16,LEC,Ferrari,47,42.345,2232.22,246.0,11289,6,99,0,0,-71.8,1260.6,15.8
16,LEC,Ferrari,47,42.625,2251.75,251.0,11582,6,99,0,0,-68.8,1279.1,15.9
16,LEC,Ferrari,47,42.653,2253.72,251.5,11504,6,99,0,0,-68.4,1281.7,15.9
16,LEC,Ferrari,47,42.913,2272.33,256.0,10776,6,99,0,0,-64.1,1309.8,15.9
16,LEC,Ferrari,47,43.025,2280.41,258.0,10463,6,99,0,0,-63.1,1316.5,15.9
16,LEC,Ferrari,47,43.253,2296.94,260.5,10514,6,99,0,0,-62.1,1324.2,15.9
16,LEC,Ferrari,47,43.385,2306.61,262.0,10543,7,99,0,0,-61.0,1332.9,15.9
16,LEC,Ferrari,47,43.533,2317.57,265.1,10632,7,99,0,0,-59.7,1344.5,15.9
16,LEC,Ferrari,47,43.625,2324.41,267.0,10688,7,99,0,0,-59.0,1351.4,15.9
16,LEC,Ferrari,47,43.733,2332.45,267.7,10766,7,99,0,0,-58.3,1359.3,15.9
16,LEC,Ferrari,47,43.773,2335.43,267.9,10794,7,99,0,0,-58.0,1362.3,15.9
16,LEC,Ferrari,47,43.785,2336.32,268.0,10803,7,99,0,0,-57.9,1363.3,15.9
16,LEC,Ferrari,47,44.113,2360.99,270.7,11015,7,99,0,0,-56.1,1395.5,15.9
16,LEC,Ferrari,47,44.145,2363.42,271.0,11036,7,99,0,0,-56.0,1398.1,15.9
16,LEC,Ferrari,47,44.506,2391.2,277.0,11092,7,99,0,0,-55.4,1418.5,15.9
16,LEC,Ferrari,47,44.533,2393.28,277.1,11105,7,99,0,0,-55.4,1420.1,15.9
16,LEC,Ferrari,47,44.733,2408.71,277.8,11198,7,99,0,0,-55.2,1435.9,15.9
16,LEC,Ferrari,47,44.773,2411.81,278.0,11217,7,99,0,0,-55.2,1440.8,15.9
16,LEC,Ferrari,47,44.786,2412.82,278.0,11223,7,99,0,0,-55.2,1442.3,15.9
16,LEC,Ferrari,47,44.993,2429.0,280.3,11291,7,99,0,0,-55.3,1459.2,15.8
16,LEC,Ferrari,47,45.146,2441.02,282.0,11342,7,99,0,0,-56.0,1475.7,15.7
16,LEC,Ferrari,47,45.374,2458.94,282.5,11323,7,99,0,0,-57.6,1499.8,15.7
16,LEC,Ferrari,47,45.586,2475.61,283.0,11305,7,99,0,0,-58.7,1508.2,15.7
16,LEC,Ferrari,47,45.634,2479.39,283.0,11296,7,99,0,0,-59.1,1510.6,15.7
16,LEC,Ferrari,47,45.826,2494.48,283.0,11262,7,99,0,0,-61.8,1525.5,15.7
16,LEC,Ferrari,47,45.834,2495.11,283.0,11263,7,99,0,0,-61.9,1526.2,15.7
16,LEC,Ferrari,47,46.066,2513.28,282.0,11284,7,99,0,0,-67.0,1549.8,15.7
16,LEC,Ferrari,47,46.194,2523.27,281.4,11279,7,99,0,0,-69.7,1561.6,15.7
16,LEC,Ferrari,47,46.266,2528.89,281.0,11276,7,99,0,0,-71.0,1567.2,15.7
16,LEC,Ferrari,47,46.506,2547.49,279.0,11215,7,99,0,0,-74.3,1581.3,15.7
16,LEC,Ferrari,47,46.614,2555.53,270.4,10842,7,55,0,0,-75.7,1587.2,15.7
16,LEC,Ferrari,47,46.746,2564.82,260.0,10387,7,1,1,0,-77.4,1594.6,15.7
16,LEC,Ferrari,47,46.874,2573.01,242.8,10462,7,1,1,0,-79.1,1602.0,15.7
16,LEC,Ferrari,47,47.066,2584.11,217.0,10574,6,2,1,0,-81.6,1613.4,15.7
16,LEC,Ferrari,47,47.154,2588.91,208.9,10364,6,2,1,0,-82.6,1618.3,15.7
16,LEC,Ferrari,47,47.354,2599.07,190.4,9887,6,2,1,0,-84.7,1628.5,15.7
16,LEC,Ferrari,47,47.466,2604.11,180.0,9620,5,2,1,0,-85.8,1634.6,15.7
16,LEC,Ferrari,47,47.634,2610.72,157.1,9302,5,2,1,0,-87.3,1643.5,15.6
16,LEC,Ferrari,47,47.826,2617.21,131.0,8939,4,1,1,0,-88.3,1651.3,15.5
16,LEC,Ferrari,47,48.454,2633.88,99.6,7400,4,1,1,0,-86.2,1664.9,15.5
16,LEC,Ferrari,47,48.586,2636.84,93.0,7076,2,1,1,0,-84.8,1667.5,15.5
16,LEC,Ferrari,47,48.733,2640.01,85.2,6705,2,1,1,0,-82.8,1670.2,15.5
16,LEC,Ferrari,47,48.893,2643.33,76.6,6300,2,1,1,0,-80.2,1672.5,15.5
16,LEC,Ferrari,47,48.905,2643.58,76.0,6270,2,1,1,0,-80.0,1672.7,15.5
16,LEC,Ferrari,47,49.185,2649.18,72.0,5764,2,1,0,0,-73.4,1675.5,15.5
16,LEC,Ferrari,47,49.253,2650.47,70.3,5706,2,1,0,0,-72.2,1675.8,15.5
16,LEC,Ferrari,47,49.385,2652.9,67.0,5594,2,0,0,0,-70.6,1676.1,15.6
16,LEC,Ferrari,47,49.493,2654.84,65.6,5462,2,0,0,0,-69.3,1676.0,15.6
16,LEC,Ferrari,47,49.625,2657.17,64.0,5301,2,0,1,0,-67.2,1675.8,15.6
16,LEC,Ferrari,47,49.813,2660.48,63.2,5157,2,1,1,0,-63.9,1675.1,15.5
16,LEC,Ferrari,47,49.865,2661.37,63.0,5117,2,1,0,0,-63.1,1674.8,15.5
16,LEC,Ferrari,47,49.913,2662.17,61.8,5127,2,3,0,0,-62.4,1674.5,15.5
16,LEC,Ferrari,47,50.025,2663.99,59.0,5151,2,8,0,0,-60.8,1673.6,15.5
16,LEC,Ferrari,47,50.213,2667.07,59.0,5231,2,19,0,0,-58.3,1671.7,15.5
16,LEC,Ferrari,47,50.225,2667.27,59.0,5236,2,20,0,0,-58.2,1671.6,15.5
16,LEC,Ferrari,47,50.465,2671.33,61.0,5766,2,35,0,0,-55.4,1668.6,15.5
16,LEC,Ferrari,47,50.473,2671.48,61.1,5779,2,35,0,0,-55.3,1668.5,15.5
16,LEC,Ferrari,47,50.733,2676.26,65.5,6206,2,43,0,0,-52.7,1664.6,15.5
16,LEC,Ferrari,47,50.873,2679.04,67.8,6436,2,47,0,0,-51.4,1662.2,15.5
16,LEC,Ferrari,47,50.946,2680.55,69.0,6556,2,49,0,0,-50.7,1660.8,15.5
16,LEC,Ferrari,47,51.033,2682.42,71.9,6755,2,52,0,0,-50.1,1659.4,15.5
16,LEC,Ferrari,47,51.233,2686.93,78.6,7214,2,58,0,0,-49.8,1658.9,15.5
16,LEC,Ferrari,47,51.306,2688.65,81.0,7381,2,60,0,0,-49.4,1657.9,15.5
16,LEC,Ferrari,47,51.413,2691.24,84.7,7777,2,62,0,0,-48.5,1655.6,15.5
16,LEC,Ferrari,47,51.506,2693.54,88.0,8122,2,63,0,0,-47.7,1653.4,15.5
16,LEC,Ferrari,47,51.666,2697.63,92.0,8858,2,69,0,0,-46.5,1649.6,15.5
16,LEC,Ferrari,47,51.673,2697.82,92.4,8879,2,69,0,0,-46.4,1649.4,15.5
16,LEC,Ferrari,47,51.853,2703.03,101.4,9414,2,72,0,0,-45.0,1644.7,15.5
16,LEC,Ferrari,47,51.906,2704.57,104.0,9571,2,73,0,0,-44.5,1642.7,15.5
16,LEC,Ferrari,47,52.174,2712.28,104.0,9413,2,80,0,0,-42.3,1630.9,15.5
16,LEC,Ferrari,47,52.186,2712.65,104.0,9406,2,80,0,0,-42.2,1630.5,15.5
16,LEC,Ferrari,47,52.386,2719.43,122.0,9956,3,86,0,0,-41.7,1626.7,15.5
16,LEC,Ferrari,47,52.454,2721.75,123.1,10245,3,90,0,0,-41.5,1625.3,15.5
16,LEC,Ferrari,47,52.626,2727.83,126.0,10975,3,99,0,0,-41.0,1620.0,15.5
16,LEC,Ferrari,47,52.734,2732.17,135.6,10689,3,99,0,0,-40.7,1616.2,15.5
16,LEC,Ferrari,47,52.906,2739.58,151.0,10234,3,99,0,0,-40.3,1610.2,15.5
16,LEC,Ferrari,47,53.014,2744.21,153.3,10475,3,99,0,0,-39.8,1604.6,15.5
16,LEC,Ferrari,47,53.186,2751.79,157.0,10859,4,99,0,0,-38.6,1591.8,15.5
16,LEC,Ferrari,47,53.234,2754.03,159.8,10958,4,99,0,0,-38.3,1588.9,15.5
16,LEC,Ferrari,47,53.534,2769.08,177.0,11578,4,99,0,0,-37.0,1580.1,15.5
16,LEC,Ferrari,47,53.586,2771.79,180.0,11685,4,99,0,0,-36.6,1578.1,15.5
16,LEC,Ferrari,47,53.826,2784.52,191.0,10429,4,99,0,0,-33.8,1565.2,15.4
16,LEC,Ferrari,47,53.874,2787.14,192.3,10484,4,99,0,0,-33.2,1562.8,15.4
16,LEC,Ferrari,47,54.054,2797.19,197.2,10693,4,99,0,0,-30.3,1553.4,15.2
16,LEC,Ferrari,47,54.234,2807.53,202.0,10901,4,99,0,0,-24.6,1537.3,15.0
16,LEC,Ferrari,47,54.306,2811.72,204.0,10984,5,99,0,0,-22.5,1531.8,14.9
16,LEC,Ferrari,47,54.546,2825.92,213.0,11433,5,99,0,0,-17.6,1520.1,14.8
16,LEC,Ferrari,47,54.674,2833.71,216.6,11161,5,99,0,0,-15.6,1515.4,14.7
16,LEC,Ferrari,47,54.866,2845.65,222.0,10752,5,99,0,0,-13.0,1509.2,14.6
16,LEC,Ferrari,47,55.094,2860.21,229.6,10572,5,99,0,0,-7.3,1495.8,14.6
16,LEC,Ferrari,47,55.106,2860.99,230.0,10562,6,99,0,0,-6.8,1494.7,14.6
16,LEC,Ferrari,47,55.254,2870.66,233.3,10751,6,99,0,0,-0.3,1479.3,14.6
16,LEC,Ferrari,47,55.465,2884.72,238.0,11020,6,99,0,0,3.3,1470.8,14.6
16,LEC,Ferrari,47,55.573,2892.02,241.2,11020,6,99,0,0,4.8,1467.3,14.6
16,LEC,Ferrari,47,55.705,2901.05,245.0,11021,6,99,0,0,7.9,1460.0,14.6
16,LEC,Ferrari,47,55.873,2912.77,248.1,11292,6,99,0,0,12.8,1448.5,14.6
16,LEC,Ferrari,47,56.033,2924.1,251.0,11551,6,99,0,0,17.2,1438.4,14.6
16,LEC,Ferrari,47,56.145,2931.98,253.0,11732,6,99,0,0,20.4,1431.1,14.6
16,LEC,Ferrari,47,56.213,2936.74,253.0,11613,6,99,0,0,22.3,1426.8,14.6
16,LEC,Ferrari,47,56.385,2948.84,253.0,11313,6,99,0,0,26.8,1416.3,14.6
16,LEC,Ferrari,47,56.433,2952.29,254.5,11208,6,99,0,0,28.5,1412.5,14.6
16,LEC,Ferrari,47,56.705,2972.22,263.0,10613,7,99,0,0,40.5,1385.1,14.5
16,LEC,Ferrari,47,56.713,2972.81,263.0,10617,7,99,0,0,40.7,1384.5,14.5
16,LEC,Ferrari,47,56.985,2992.75,264.0,10749,7,99,0,0,44.8,1375.2,14.4
16,LEC,Ferrari,47,57.013,2994.83,264.7,10762,7,99,0,0,45.4,1373.7,14.4
16,LEC,Ferrari,47,57.185,3007.7,269.0,10844,7,99,0,0,51.5,1359.3,14.3
16,LEC,Ferrari,47,57.373,3021.94,272.1,10969,7,99,0,0,58.9,1341.8,14.1
16,LEC,Ferrari,47,57.426,3025.97,273.0,11004,7,99,0,0,60.3,1338.4,14.1
16,LEC,Ferrari,47,57.693,3046.42,275.2,11106,7,99,0,0,65.3,1326.3,13.9
16,LEC,Ferrari,47,57.786,3053.57,276.0,11141,7,99,0,0,67.7,1320.5,13.8
16,LEC,Ferrari,47,57.946,3065.93,278.0,11166,7,99,0,0,72.6,1308.5,13.6
16,LEC,Ferrari,47,58.013,3071.13,278.8,11204,7,99,0,0,74.6,1303.5,13.5
16,LEC,Ferrari,47,58.093,3077.36,279.8,11250,7,99,0,0,76.9,1297.7,13.4
16,LEC,Ferrari,47,58.106,3078.37,280.0,11257,7,99,0,0,77.3,1296.8,13.4
16,LEC,Ferrari,47,58.266,3090.86,281.0,11309,7,99,0,0,81.9,1285.2,13.2
16,LEC,Ferrari,47,58.333,3096.12,281.7,11340,7,99,0,0,83.8,1280.2,13.2
16,LEC,Ferrari,47,58.466,3106.59,283.0,11401,7,99,0,0,87.7,1269.7,13.1
16,LEC,Ferrari,47,58.574,3115.11,283.7,11432,7,99,0,0,90.9,1261.1,13.1
16,LEC,Ferrari,47,58.774,3130.96,284.9,11490,7,99,0,0,96.2,1246.1,13.1
16,LEC,Ferrari,47,58.786,3131.92,285.0,11493,7,99,0,0,96.5,1245.3,13.1
16,LEC,Ferrari,47,58.946,3144.72,288.0,11518,7,99,0,0,99.8,1235.7,13.1
16,LEC,Ferrari,47,59.014,3150.17,288.3,11540,7,99,0,0,102.3,1227.9,13.1
16,LEC,Ferrari,47,59.174,3163.02,289.0,11590,7,99,0,0,110.6,1200.7,13.0
16,LEC,Ferrari,47,59.186,3163.99,289.0,11594,7,99,0,0,111.1,1199.1,13.0
16,LEC,Ferrari,47,59.426,3183.25,289.0,11664,7,99,0,0,114.5,1187.6,13.0
16,LEC,Ferrari,47,59.534,3191.97,290.4,11300,7,99,0,0,115.5,1183.7,13.0
16,LEC,Ferrari,47,59.586,3196.19,291.0,11124,7,99,0,0,116.3,1180.6,13.0
16,LEC,Ferrari,47,59.814,3214.73,292.6,10528,7,99,0,0,121.4,1161.7,13.0
16,LEC,Ferrari,47,59.866,3218.97,293.0,10392,8,99,0,0,122.4,1157.7,13.0
16,LEC,Ferrari,47,60.054,3234.36,293.9,10478,8,99,0,0,126.3,1142.8,13.0
16,LEC,Ferrari,47,60.266,3251.75,295.0,10575,8,99,0,0,132.4,1118.0,13.0
16,LEC,Ferrari,47,60.274,3252.41,295.0,10575,8,99,0,0,132.6,1117.3,13.0
16,LEC,Ferrari,47,60.506,3271.49,296.0,10576,8,99,0,0,135.5,1104.9,12.9
16,LEC,Ferrari,47,60.574,3277.11,296.8,10612,8,99,0,0,136.4,1101.2,12.9
16,LEC,Ferrari,47,60.666,3284.73,298.0,10660,8,99,0,0,137.9,1094.8,12.9
16,LEC,Ferrari,47,60.866,3301.34,299.0,10660,8,99,0,0,141.9,1077.7,12.9
16,LEC,Ferrari,47,60.874,3302.01,299.0,10662,8,99,0,0,142.1,1077.0,12.9
16,LEC,Ferrari,47,61.054,3317.0,299.7,10696,8,99,0,0,145.6,1062.4,12.8
16,LEC,Ferrari,47,61.146,3324.68,300.0,10714,8,99,0,0,147.4,1055.0,12.8
16,LEC,Ferrari,47,61.274,3335.37,300.5,10742,8,99,0,0,149.8,1044.6,12.8
16,LEC,Ferrari,47,61.386,3344.74,301.0,10767,8,99,0,0,151.9,1035.5,12.8
16,LEC,Ferrari,47,61.454,3350.44,301.4,10759,8,99,0,0,153.2,1029.9,12.8
16,LEC,Ferrari,47,61.546,3358.16,302.0,10748,8,99,0,0,154.9,1022.4,12.8
16,LEC,Ferrari,47,61.654,3367.24,302.4,10748,8,99,0,0,157.0,1013.5,12.8
16,LEC,Ferrari,47,61.826,3381.73,303.0,10747,8,99,0,0,160.3,999.3,12.8
16,LEC,Ferrari,47,61.913,3389.09,303.6,10772,8,99,0,0,162.0,992.2,12.7
16,LEC,Ferrari,47,61.993,3395.87,304.2,10795,8,99,0,0,163.5,985.7,12.6
16,LEC,Ferrari,47,62.106,3405.45,305.0,10827,8,99,0,0,165.9,975.5,12.6
16,LEC,Ferrari,47,62.345,3425.7,305.0,10886,8,99,0,0,171.1,953.3,12.7
16,LEC,Ferrari,47,62.353,3426.38,305.0,10887,8,99,0,0,171.2,952.7,12.7
16,LEC,Ferrari,47,62.593,3446.77,305.7,10912,8,99,0,0,175.1,936.2,12.6
16,LEC,Ferrari,47,62.705,3456.3,306.0,10924,8,99,0,0,177.2,927.1,12.6
16,LEC,Ferrari,47,62.833,3467.21,306.5,10930,8,99,0,0,179.7,916.3,12.6
16,LEC,Ferrari,47,62.945,3476.77,307.0,10936,8,99,0,0,181.6,908.0,12.6
16,LEC,Ferrari,47,63.073,3487.71,307.4,10942,8,99,0,0,184.3,896.4,12.6
16,LEC,Ferrari,47,63.293,3506.54,308.0,10953,8,99,0,0,191.2,866.4,12.6
16,LEC,Ferrari,47,63.305,3507.57,308.0,10954,8,99,0,0,191.5,865.1,12.6
16,LEC,Ferrari,47,63.545,3528.1,308.0,10980,8,99,0,0,194.3,852.6,12.6
16,LEC,Ferrari,47,63.673,3539.08,308.5,10998,8,99,0,0,195.7,846.3,12.6
16,LEC,Ferrari,47,63.785,3548.7,309.0,11014,8,99,0,0,197.7,837.6,12.6
16,LEC,Ferrari,47,63.873,3556.27,309.2,11009,8,99,0,0,199.5,829.6,12.6
16,LEC,Ferrari,47,64.186,3583.23,310.0,10990,8,99,0,0,206.6,799.0,12.7
16,LEC,Ferrari,47,64.213,3585.55,309.9,10991,8,99,0,0,207.1,796.6,12.7
16,LEC,Ferrari,47,64.426,3603.83,309.0,10998,8,99,0,0,210.9,780.1,12.7
16,LEC,Ferrari,47,64.513,3611.32,309.4,10995,8,99,0,0,212.5,773.3,12.7
16,LEC,Ferrari,47,64.626,3621.05,310.0,10992,8,99,0,0,214.8,763.9,12.7
16,LEC,Ferrari,47,64.673,3625.1,309.8,10992,8,99,0,0,215.7,759.9,12.7
16,LEC,Ferrari,47,64.873,3642.26,309.1,10991,8,99,0,0,219.7,743.2,12.8
16,LEC,Ferrari,47,64.906,3645.09,309.0,10991,8,99,0,0,220.4,740.3,12.8
16,LEC,Ferrari,47,65.174,3668.02,308.0,10836,8,99,0,0,226.0,716.6,12.7
16,LEC,Ferrari,47,65.186,3669.04,308.0,10829,8,99,0,0,226.2,715.6,12.7
16,LEC,Ferrari,47,65.394,3686.69,305.8,10786,8,99,0,0,230.4,698.5,12.8
16,LEC,Ferrari,47,65.466,3692.77,305.0,10771,8,99,0,0,231.8,692.5,12.9
16,LEC,Ferrari,47,65.554,3700.18,304.3,10755,8,99,0,0,233.5,685.3,12.9
16,LEC,Ferrari,47,65.706,3712.97,303.0,10727,8,99,0,0,236.2,674.0,12.9
16,LEC,Ferrari,47,65.794,3720.37,302.6,10708,8,99,0,0,237.8,667.4,12.9
16,LEC,Ferrari,47,65.946,3733.1,302.0,10675,8,99,0,0,240.8,655.0,13.0
16,LEC,Ferrari,47,65.994,3737.08,300.5,10548,8,84,0,0,241.7,651.1,13.0
16,LEC,Ferrari,47,66.114,3746.97,296.8,10230,8,48,0,0,244.0,641.4,13.0
16,LEC,Ferrari,47,66.266,3759.05,292.0,9828,8,1,1,0,246.8,629.6,13.0
16,LEC,Ferrari,47,66.454,3772.99,267.6,9925,8,1,1,0,250.0,615.9,13.1
16,LEC,Ferrari,47,66.466,3773.83,266.0,9931,8,1,1,0,250.2,615.1,13.1
16,LEC,Ferrari,47,66.626,3784.5,240.0,10001,8,1,1,0,252.6,604.5,13.1
16,LEC,Ferrari,47,66.674,3787.5,234.0,9856,8,1,1,0,253.3,601.5,13.1
16,LEC,Ferrari,47,66.826,3796.44,215.0,9398,8,1,1,0,255.4,592.6,13.2
16,LEC,Ferrari,47,66.874,3799.08,208.8,9463,8,1,1,0,256.0,589.9,13.2
16,LEC,Ferrari,47,67.026,3806.94,189.0,9667,6,3,1,0,257.6,582.0,13.2
16,LEC,Ferrari,47,67.034,3807.34,188.4,9668,6,3,1,0,257.7,581.6,13.2
16,LEC,Ferrari,47,67.266,3818.28,170.0,9705,5,3,1,0,259.5,570.6,13.2
16,LEC,Ferrari,47,67.294,3819.51,167.7,9628,5,3,1,0,259.7,569.4,13.2
16,LEC,Ferrari,47,67.506,3828.28,150.0,9046,4,5,1,0,260.5,560.4,13.2
16,LEC,Ferrari,47,67.534,3829.38,149.0,8997,4,5,1,0,260.5,559.3,13.2
16,LEC,Ferrari,47,67.754,3837.68,141.0,8613,4,6,1,0,260.1,551.1,13.1
16,LEC,Ferrari,47,67.946,3844.65,134.0,8278,4,7,1,0,258.7,545.1,13.1
16,LEC,Ferrari,47,67.954,3844.94,133.8,8270,4,7,1,0,258.6,544.8,13.1
16,LEC,Ferrari,47,68.186,3853.25,129.0,8035,4,9,0,0,254.4,535.6,13.1
16,LEC,Ferrari,47,68.334,3858.38,127.4,8226,4,22,0,0,251.7,530.6,13.1
16,LEC,Ferrari,47,68.546,3865.75,125.0,8499,4,41,0,0,249.0,526.1,13.0
16,LEC,Ferrari,47,68.593,3867.46,126.3,8538,4,44,0,0,248.3,525.0,13.0
16,LEC,Ferrari,47,68.793,3874.96,131.9,8705,4,55,0,0,244.8,518.7,13.0
16,LEC,Ferrari,47,68.905,3879.22,135.0,8799,4,62,0,0,243.2,515.0,13.0
16,LEC,Ferrari,47,69.053,3884.82,135.5,8979,4,60,0,0,241.6,510.0,12.9
16,LEC,Ferrari,47,69.185,3889.79,136.0,9139,4,59,0,0,240.6,505.3,12.9
16,LEC,Ferrari,47,69.233,3891.59,136.0,9026,4,60,0,0,240.3,503.5,12.9
16,LEC,Ferrari,47,69.385,3897.35,136.0,8667,4,63,0,0,239.6,497.8,12.8
16,LEC,Ferrari,47,69.453,3900.04,138.3,8876,4,66,0,0,239.5,494.9,12.8
16,LEC,Ferrari,47,69.705,3910.42,147.0,9649,4,78,0,0,239.7,482.3,12.8
16,LEC,Ferrari,47,69.773,3913.23,147.8,9772,4,79,0,0,239.9,479.2,12.8
16,LEC,Ferrari,47,69.945,3920.42,150.0,10082,4,80,0,0,240.5,472.7,12.8
16,LEC,Ferrari,47,70.145,3929.31,160.0,10761,4,99,0,0,241.5,465.6,12.7
16,LEC,Ferrari,47,70.153,3929.68,160.4,10761,4,99,0,0,241.6,465.3,12.7
16,LEC,Ferrari,47,70.333,3938.28,168.7,10761,4,99,0,0,243.0,457.1,12.6
16,LEC,Ferrari,47,70.425,3942.76,173.0,10761,4,99,0,0,243.8,452.8,12.6
16,LEC,Ferrari,47,70.513,3947.04,174.8,11074,4,99,0,0,244.7,448.6,12.6
16,LEC,Ferrari,47,70.626,3952.64,177.0,11476,4,99,0,0,245.9,443.1,12.6
16,LEC,Ferrari,47,70.753,3959.25,182.6,11207,4,99,0,0,247.4,436.8,12.6
16,LEC,Ferrari,47,70.953,3970.13,191.5,10784,4,99,0,0,250.1,426.5,12.6
16,LEC,Ferrari,47,70.986,3971.94,193.0,10714,4,99,0,0,250.6,424.8,12.6
16,LEC,Ferrari,47,71.133,3980.04,196.7,11016,4,99,0,0,252.8,417.0,12.7
16,LEC,Ferrari,47,71.266,3987.5,200.0,11290,5,99,0,0,254.9,409.7,12.7
16,LEC,Ferrari,47,71.393,3994.81,205.7,11362,5,99,0,0,256.9,402.7,12.7
16,LEC,Ferrari,47,71.466,3999.11,209.0,11404,5,99,0,0,258.1,398.7,12.7
16,LEC,Ferrari,47,71.553,4004.32,212.1,11534,5,99,0,0,259.6,393.7,12.7
16,LEC,Ferrari,47,71.746,4016.14,219.0,11822,5,99,0,0,263.2,381.3,12.7
16,LEC,Ferrari,47,71.754,4016.64,219.2,11794,5,99,0,0,263.3,380.8,12.7
16,LEC,Ferrari,47,71.906,4026.1,224.0,11262,5,99,0,0,265.9,371.7,12.7
16,LEC,Ferrari,47,71.954,4029.12,224.8,11204,5,99,0,0,266.7,368.8,12.7
16,LEC,Ferrari,47,72.154,4041.89,228.3,10961,5,99,0,0,270.0,356.5,12.7
16,LEC,Ferrari,47,72.306,4051.77,231.0,10776,6,99,0,0,272.2,348.3,12.8
16,LEC,Ferrari,47,72.454,4061.5,236.6,10978,6,99,0,0,274.6,338.9,12.8
16,LEC,Ferrari,47,72.466,4062.3,237.0,10994,6,99,0,0,274.8,338.0,12.8
16,LEC,Ferrari,47,72.666,4075.69,241.0,11175,6,99,0,0,279.5,319.6,12.7
16,LEC,Ferrari,47,72.734,4080.31,242.5,11215,6,99,0,0,280.9,314.3,12.7
16,LEC,Ferrari,47,72.946,4094.9,247.0,11340,6,99,0,0,283.5,304.0,12.8
16,LEC,Ferrari,47,73.094,4105.21,250.7,11340,6,99,0,0,285.3,296.8,12.8
16,LEC,Ferrari,47,73.106,4106.05,251.0,11340,6,99,0,0,285.5,296.1,12.8
16,LEC,Ferrari,47,73.214,4113.67,252.8,11352,6,99,0,0,287.4,288.7,12.8
16,LEC,Ferrari,47,73.346,4123.05,255.0,11367,6,99,0,0,289.7,279.6,12.8
16,LEC,Ferrari,47,73.434,4129.34,256.1,11089,6,99,0,0,291.3,273.5,12.8
16,LEC,Ferrari,47,73.614,4142.3,258.4,10521,6,99,0,0,294.5,261.0,12.8
16,LEC,Ferrari,47,73.666,4146.08,259.0,10357,7,99,0,0,295.4,257.4,12.8
16,LEC,Ferrari,47,73.814,4156.93,262.7,10506,7,99,0,0,298.1,247.0,12.8
16,LEC,Ferrari,47,73.906,4163.74,265.0,10598,7,99,0,0,299.8,240.3,12.8
16,LEC,Ferrari,47,74.114,4179.29,267.6,10788,7,99,0,0,303.7,225.5,12.8
16,LEC,Ferrari,47,74.306,4193.74,270.0,10963,7,99,0,0,307.1,212.7,12.8
16,LEC,Ferrari,47,74.354,4197.36,270.3,10967,7,99,0,0,308.3,208.2,12.8
16,LEC,Ferrari,47,74.554,4212.47,271.8,10985,7,99,0,0,314.5,184.8,12.8
16,LEC,Ferrari,47,74.586,4214.9,272.0,10988,7,99,0,0,315.1,182.4,12.8
16,LEC,Ferrari,47,74.814,4232.32,274.5,11065,7,99,0,0,317.2,174.4,12.8
16,LEC,Ferrari,47,74.946,4242.5,276.0,11110,7,99,0,0,319.6,165.0,12.9
16,LEC,Ferrari,47,75.014,4247.77,277.1,11151,7,99,0,0,321.0,159.5,12.9
16,LEC,Ferrari,47,75.186,4261.17,280.0,11256,7,99,0,0,324.2,146.4,12.9
16,LEC,Ferrari,47,75.253,4266.41,280.8,11276,7,99,0,0,325.4,141.5,12.9
16,LEC,Ferrari,47,75.346,4273.7,282.0,11304,7,99,0,0,327.0,134.9,12.9
16,LEC,Ferrari,47,75.573,4291.6,283.9,11383,7,99,0,0,330.7,117.6,12.9
16,LEC,Ferrari,47,75.586,4292.63,284.0,11388,7,99,0,0,330.9,116.4,12.9
16,LEC,Ferrari,47,75.793,4309.13,286.3,11500,7,99,0,0,334.7,95.8,12.9
16,LEC,Ferrari,47,75.907,4318.29,287.6,11561,7,99,0,0,336.2,86.3,12.9
55,SAI,Ferrari,47,0.0,0.21,287.1,11511,7,100,0,0,335.9,87.3,12.8
55,SAI,Ferrari,47,0.114,9.35,287.9,11533,7,100,0,0,337.4,76.1,12.8
55,SAI,Ferrari,47,0.125,10.23,288.0,11535,7,100,0,0,337.5,75.2,12.8
55,SAI,Ferrari,47,0.325,26.28,289.0,11573,7,100,0,0,338.6,64.1,12.8
55,SAI,Ferrari,47,0.414,33.43,289.0,11564,7,100,0,0,338.8,58.5,12.8
55,SAI,Ferrari,47,0.565,45.55,289.0,11548,7,100,0,0,339.2,45.1,12.8
55,SAI,Ferrari,47,0.773,62.2,288.3,11539,7,100,0,0,339.4,23.2,12.8
55,SAI,Ferrari,47,0.845,67.95,288.0,11536,7,100,0,0,339.2,16.3,12.8
55,SAI,Ferrari,47,1.125,90.27,287.0,11466,7,100,0,0,337.6,-6.4,12.9
55,SAI,Ferrari,47,1.133,90.91,287.0,11465,7,100,0,0,337.6,-6.9,12.9
55,SAI,Ferrari,47,1.365,109.41,287.0,11440,7,100,0,0,336.4,-18.7,13.0
55,SAI,Ferrari,47,1.433,114.79,286.2,11443,7,100,0,0,336.0,-22.7,13.0
55,SAI,Ferrari,47,1.525,122.07,285.0,11447,7,100,0,0,335.3,-29.1,13.0
55,SAI,Ferrari,47,1.685,134.7,284.0,11129,7,97,0,0,333.8,-42.4,13.0
55,SAI,Ferrari,47,1.773,141.35,277.7,10994,7,68,0,0,333.0,-49.5,13.0
55,SAI,Ferrari,47,1.933,152.94,266.3,10748,7,15,0,0,331.5,-61.4,13.1
55,SAI,Ferrari,47,1.965,155.23,264.0,10699,7,4,1,0,331.2,-63.5,13.1
55,SAI,Ferrari,47,2.153,168.29,249.9,9433,7,0,1,0,329.8,-76.6,13.2
55,SAI,Ferrari,47,2.165,169.06,249.0,9352,7,0,1,0,329.7,-77.7,13.2
55,SAI,Ferrari,47,2.325,178.44,211.0,8792,7,0,1,0,328.4,-94.8,13.3
55,SAI,Ferrari,47,2.333,178.88,210.0,8764,7,0,1,0,328.3,-95.5,13.3
55,SAI,Ferrari,47,2.485,186.93,191.0,8232,7,0,1,0,327.8,-106.1,13.4
55,SAI,Ferrari,47,2.793,202.13,178.2,9571,7,0,1,0,328.4,-115.2,13.4
55,SAI,Ferrari,47,2.846,204.58,176.0,9801,7,0,1,0,328.5,-116.8,13.4
55,SAI,Ferrari,47,3.086,215.04,157.0,9664,5,0,1,0,329.5,-124.6,13.3
55,SAI,Ferrari,47,3.133,217.04,155.6,9601,5,0,1,0,329.9,-126.3,13.3
55,SAI,Ferrari,47,3.286,223.43,151.0,9397,4,0,1,0,331.6,-132.4,13.3
55,SAI,Ferrari,47,3.333,225.36,150.0,9333,4,0,1,0,332.1,-134.1,13.3
55,SAI,Ferrari,47,3.606,236.23,144.0,8963,4,0,0,0,336.1,-143.1,13.3
55,SAI,Ferrari,47,3.653,238.07,143.4,8954,4,4,0,0,337.7,-145.2,13.3
55,SAI,Ferrari,47,3.813,244.22,141.4,8923,4,17,0,0,344.8,-153.6,13.4
55,SAI,Ferrari,47,4.086,254.63,138.0,8871,4,39,0,0,351.0,-159.3,13.5
55,SAI,Ferrari,47,4.194,258.79,138.0,8690,4,32,0,0,353.2,-160.8,13.5
55,SAI,Ferrari,47,4.366,265.37,138.0,8403,4,21,1,0,358.2,-164.2,13.5
55,SAI,Ferrari,47,4.434,267.92,136.1,8230,4,16,1,0,361.0,-165.9,13.5
55,SAI,Ferrari,47,4.646,275.48,130.0,7689,4,1,1,0,371.7,-171.8,13.4
55,SAI,Ferrari,47,4.674,276.39,128.3,7679,4,1,1,0,372.6,-172.3,13.4
55,SAI,Ferrari,47,4.914,283.41,114.2,7598,4,0,1,0,375.5,-173.9,13.5
55,SAI,Ferrari,47,5.086,288.19,104.0,7539,4,0,1,0,379.6,-176.6,13.5
55,SAI,Ferrari,47,5.174,290.68,102.4,7336,4,0,1,0,381.8,-178.2,13.5
55,SAI,Ferrari,47,5.246,292.68,101.0,7170,3,0,1,0,383.3,-179.5,13.5
55,SAI,Ferrari,47,5.454,297.94,94.2,6697,3,0,1,0,386.5,-183.6,13.5
55,SAI,Ferrari,47,5.646,302.46,88.0,6260,3,0,1,0,388.4,-189.4,13.5
55,SAI,Ferrari,47,5.714,304.04,86.7,6153,3,0,1,0,388.8,-191.2,13.5
55,SAI,Ferrari,47,5.966,309.74,82.0,5756,3,0,1,0,388.8,-195.7,13.6
55,SAI,Ferrari,47,6.054,311.59,79.8,5738,3,1,1,0,388.5,-197.3,13.6
55,SAI,Ferrari,47,6.254,315.59,74.8,5698,3,2,1,0,387.6,-201.6,13.6
55,SAI,Ferrari,47,6.325,317.02,73.0,5684,3,3,0,0,387.2,-203.1,13.6
55,SAI,Ferrari,47,6.434,319.28,74.0,5807,3,13,0,0,386.5,-205.2,13.7
55,SAI,Ferrari,47,6.634,323.55,75.8,6032,3,30,0,0,384.9,-209.0,13.8
55,SAI,Ferrari,47,6.765,326.44,77.0,6180,3,42,0,0,383.6,-211.4,13.8
55,SAI,Ferrari,47,6.854,328.44,78.9,6279,3,42,0,0,382.6,-213.1,13.9
55,SAI,Ferrari,47,7.005,331.9,82.0,6446,3,42,0,0,380.6,-216.0,14.1
55,SAI,Ferrari,47,7.074,333.51,83.0,6545,3,43,0,0,379.7,-217.1,14.1
55,SAI,Ferrari,47,7.194,336.36,84.8,6716,3,44,0,0,378.4,-218.5,14.1
55,SAI,Ferrari,47,7.205,336.62,85.0,6732,3,44,0,0,378.3,-218.6,14.1
55,SAI,Ferrari,47,7.453,342.9,90.4,7148,3,53,0,0,375.4,-220.9,14.2
55,SAI,Ferrari,47,7.525,344.8,92.0,7269,3,55,0,0,373.8,-221.8,14.2
55,SAI,Ferrari,47,7.725,350.25,98.0,7725,3,59,0,0,367.8,-224.7,14.4
55,SAI,Ferrari,47,7.773,351.59,99.2,7807,3,60,0,0,366.5,-225.2,14.4
55,SAI,Ferrari,47,7.965,357.18,104.0,8133,3,64,0,0,362.4,-226.1,14.5
55,SAI,Ferrari,47,8.013,358.67,105.9,8107,3,65,0,0,361.4,-226.3,14.5
55,SAI,Ferrari,47,8.353,370.17,119.0,7926,3,71,0,0,350.7,-227.2,14.9
55,SAI,Ferrari,47,8.405,371.97,121.0,7898,4,72,0,0,347.9,-227.2,15.0
55,SAI,Ferrari,47,8.553,377.1,124.7,8326,4,76,0,0,339.5,-227.2,15.3
55,SAI,Ferrari,47,8.565,377.52,125.0,8361,4,76,0,0,339.0,-227.2,15.3
55,SAI,Ferrari,47,8.765,384.86,132.0,8962,4,83,0,0,334.6,-227.0,15.6
55,SAI,Ferrari,47,8.873,389.08,137.4,9242,4,83,0,0,332.2,-226.8,15.7
55,SAI,Ferrari,47,9.005,394.46,144.0,9584,4,83,0,0,327.3,-226.4,15.9
55,SAI,Ferrari,47,9.113,399.01,148.9,9859,4,92,0,0,322.7,-225.9,16.1
55,SAI,Ferrari,47,9.205,402.96,153.0,10094,4,100,0,0,318.8,-225.3,16.3
55,SAI,Ferrari,47,9.366,409.98,157.0,10636,4,100,0,0,312.1,-224.1,16.5
55,SAI,Ferrari,47,9.373,410.29,157.3,10646,4,100,0,0,311.8,-224.0,16.5
55,SAI,Ferrari,47,9.566,419.2,166.0,10923,4,100,0,0,303.5,-222.0,16.8
55,SAI,Ferrari,47,9.593,420.49,167.0,10966,4,100,0,0,302.0,-221.6,16.8
55,SAI,Ferrari,47,9.806,430.87,175.0,11306,4,100,0,0,287.1,-217.2,17.2
55,SAI,Ferrari,47,9.813,431.21,175.0,11325,4,100,0,0,286.7,-217.1,17.2
55,SAI,Ferrari,47,9.966,438.65,175.0,11749,4,100,0,0,279.6,-214.8,17.3
55,SAI,Ferrari,47,9.973,439.0,175.5,11712,4,100,0,0,279.3,-214.7,17.3
55,SAI,Ferrari,47,10.193,450.74,189.6,10559,4,100,0,0,268.4,-211.0,17.2
55,SAI,Ferrari,47,10.246,453.66,193.0,10281,4,100,0,0,265.9,-210.1,17.3
55,SAI,Ferrari,47,10.393,461.81,199.4,10595,4,100,0,0,258.3,-207.3,17.7
55,SAI,Ferrari,47,10.406,462.55,200.0,10623,5,100,0,0,257.4,-206.9,17.7
55,SAI,Ferrari,47,10.606,474.05,207.0,11005,5,100,0,0,241.5,-200.0,17.8
55,SAI,Ferrari,47,10.634,475.66,207.2,11073,5,100,0,0,239.6,-199.2,17.8
55,SAI,Ferrari,47,10.766,483.29,208.0,11392,5,100,0,0,233.3,-196.2,17.8
55,SAI,Ferrari,47,11.034,499.2,213.7,11455,5,100,0,0,225.0,-191.4,17.8
55,SAI,Ferrari,47,11.046,499.93,214.0,11458,5,100,0,0,224.4,-191.0,17.8
55,SAI,Ferrari,47,11.074,501.65,215.6,11461,5,100,0,0,222.9,-190.2,17.8
55,SAI,Ferrari,47,11.206,509.85,223.0,11475,5,100,0,0,216.4,-186.3,17.8
55,SAI,Ferrari,47,11.434,524.15,225.8,10423,5,100,0,0,204.1,-178.1,17.7
55,SAI,Ferrari,47,11.446,524.91,226.0,10368,5,100,0,0,203.2,-177.5,17.7
55,SAI,Ferrari,47,11.606,535.13,230.0,10737,6,100,0,0,190.5,-168.7,17.6
55,SAI,Ferrari,47,11.654,538.25,231.5,10757,6,100,0,0,187.2,-166.4,17.6
55,SAI,Ferrari,47,11.766,545.58,235.0,10803,6,100,0,0,181.3,-162.2,17.6
55,SAI,Ferrari,47,11.926,556.11,237.0,10940,6,100,0,0,176.3,-158.5,17.6
55,SAI,Ferrari,47,12.054,564.61,238.2,10978,6,100,0,0,171.4,-154.7,17.6
55,SAI,Ferrari,47,12.234,576.64,239.9,11031,6,100,0,0,162.0,-147.3,17.6
55,SAI,Ferrari,47,12.246,577.45,240.0,11035,6,100,0,0,161.4,-146.8,17.6
55,SAI,Ferrari,47,12.354,584.7,241.4,11063,6,100,0,0,155.7,-142.3,17.6
55,SAI,Ferrari,47,12.406,588.2,242.0,11076,6,100,0,0,153.1,-140.3,17.6
55,SAI,Ferrari,47,12.554,598.19,242.9,11121,6,100,0,0,145.2,-133.9,17.6
55,SAI,Ferrari,47,12.566,599.0,243.0,11125,6,100,0,0,144.4,-133.2,17.6
55,SAI,Ferrari,47,12.874,619.47,237.9,10782,6,29,0,0,118.7,-112.4,17.6
55,SAI,Ferrari,47,12.926,622.7,237.0,10724,6,17,1,0,115.7,-109.9,17.6
55,SAI,Ferrari,47,13.085,632.2,215.0,9859,6,0,1,0,110.1,-105.5,17.6
55,SAI,Ferrari,47,13.245,641.75,215.0,8821,6,0,1,0,107.0,-102.9,17.6
55,SAI,Ferrari,47,13.334,646.46,203.4,8684,6,0,1,0,104.2,-100.4,17.6
55,SAI,Ferrari,47,13.394,649.32,195.6,8592,6,0,1,0,101.9,-98.3,17.6
55,SAI,Ferrari,47,13.614,658.59,167.0,8253,6,0,1,0,94.3,-91.0,17.5
55,SAI,Ferrari,47,13.645,659.86,163.0,8205,6,0,1,0,93.3,-90.0,17.5
55,SAI,Ferrari,47,13.793,665.87,153.5,8515,6,0,1,0,89.0,-85.2,17.5
55,SAI,Ferrari,47,13.925,671.14,145.0,8792,6,0,1,0,85.5,-81.0,17.5
55,SAI,Ferrari,47,14.033,675.41,143.1,8601,6,0,1,0,83.0,-77.6,17.4
55,SAI,Ferrari,47,14.205,682.03,140.0,8297,4,0,1,0,79.5,-72.0,17.3
55,SAI,Ferrari,47,14.313,685.99,136.3,8176,4,0,1,0,77.7,-68.5,17.2
55,SAI,Ferrari,47,14.473,691.66,130.8,7996,4,0,1,0,75.6,-63.2,17.0
55,SAI,Ferrari,47,14.525,693.5,129.0,7938,4,0,1,0,75.1,-61.5,17.0
55,SAI,Ferrari,47,14.685,699.14,127.0,8061,4,9,0,0,74.4,-56.2,16.9
55,SAI,Ferrari,47,14.713,700.12,126.9,8062,4,12,0,0,74.3,-55.2,16.9
55,SAI,Ferrari,47,14.925,707.54,126.0,8069,4,36,0,0,74.6,-47.8,16.8
55,SAI,Ferrari,47,14.933,707.82,126.1,8082,4,36,0,0,74.6,-47.5,16.8
55,SAI,Ferrari,47,15.113,714.25,127.9,8375,4,46,0,0,75.5,-41.0,16.6
55,SAI,Ferrari,47,15.293,720.81,129.7,8669,4,56,0,0,76.4,-34.4,16.4
55,SAI,Ferrari,47,15.325,721.99,130.0,8721,4,58,0,0,76.5,-33.2,16.4
55,SAI,Ferrari,47,15.413,725.24,131.9,8795,4,63,0,0,76.8,-30.1,16.3
55,SAI,Ferrari,47,15.605,732.56,136.0,8956,4,74,0,0,77.0,-23.0,16.0
55,SAI,Ferrari,47,15.673,735.3,139.2,9049,4,70,0,0,76.9,-20.5,15.9
55,SAI,Ferrari,47,15.885,744.15,149.0,9340,4,59,0,0,76.4,-13.0,15.7
55,SAI,Ferrari,47,16.013,749.5,150.1,9561,4,60,0,0,75.2,-6.9,15.4
55,SAI,Ferrari,47,16.126,754.26,151.0,9756,4,61,0,0,73.4,-0.0,15.0
55,SAI,Ferrari,47,16.173,756.26,152.0,9832,4,63,0,0,72.7,2.5,14.9
55,SAI,Ferrari,47,16.366,764.66,156.0,10144,4,73,0,0,70.5,8.1,14.6
55,SAI,Ferrari,47,16.473,769.49,159.6,10374,4,77,0,0,68.9,10.8,14.5
55,SAI,Ferrari,47,16.606,775.59,164.0,10661,4,81,0,0,65.8,15.6,14.4
55,SAI,Ferrari,47,16.733,781.42,165.6,11235,4,96,0,0,62.2,20.8,14.2
55,SAI,Ferrari,47,16.766,782.97,166.0,11384,4,100,0,0,61.3,22.1,14.1
55,SAI,Ferrari,47,16.893,789.14,171.9,11450,4,100,0,0,57.5,26.9,13.9
55,SAI,Ferrari,47,17.046,796.89,179.0,11530,4,100,0,0,52.4,33.2,13.7
55,SAI,Ferrari,47,17.194,804.6,184.8,10980,4,100,0,0,47.3,39.5,13.5
55,SAI,Ferrari,47,17.326,811.67,190.0,10490,4,100,0,0,43.0,44.9,13.3
55,SAI,Ferrari,47,17.454,818.73,194.6,10690,4,100,0,0,38.7,50.3,13.2
55,SAI,Ferrari,47,17.606,827.23,200.0,10927,5,100,0,0,33.3,56.9,13.1
55,SAI,Ferrari,47,17.614,827.67,200.1,10933,5,100,0,0,33.1,57.2,13.1
55,SAI,Ferrari,47,17.766,836.21,202.0,11052,5,100,0,0,29.8,61.3,13.0
55,SAI,Ferrari,47,17.874,842.45,205.9,11179,5,100,0,0,27.3,64.2,13.0
55,SAI,Ferrari,47,18.046,852.69,212.0,11380,5,100,0,0,21.2,71.4,12.9
55,SAI,Ferrari,47,18.194,861.69,218.5,11671,5,100,0,0,15.0,78.4,12.9
55,SAI,Ferrari,47,18.206,862.43,219.0,11695,5,100,0,0,14.5,79.0,12.9
55,SAI,Ferrari,47,18.374,872.78,221.8,11372,5,100,0,0,7.4,86.3,13.0
55,SAI,Ferrari,47,18.446,877.29,223.0,11233,5,100,0,0,4.5,89.2,13.0
55,SAI,Ferrari,47,18.614,888.04,228.6,10786,5,100,0,0,-3.3,96.5,13.0
55,SAI,Ferrari,47,18.686,892.69,231.0,10595,5,100,0,0,-8.3,100.8,13.0
55,SAI,Ferrari,47,18.834,902.31,233.5,10770,5,100,0,0,-19.3,109.7,13.0
55,SAI,Ferrari,47,18.926,908.36,235.0,10878,6,100,0,0,-23.7,113.2,13.0
55,SAI,Ferrari,47,19.174,925.09,242.1,10999,6,100,0,0,-31.9,119.6,13.1
55,SAI,Ferrari,47,19.206,927.26,243.0,11015,6,100,0,0,-33.7,121.1,13.1
55,SAI,Ferrari,47,19.406,940.93,246.0,11385,6,100,0,0,-49.0,133.8,13.1
55,SAI,Ferrari,47,19.494,947.02,247.3,11438,6,100,0,0,-54.7,138.8,13.1
55,SAI,Ferrari,47,19.885,974.59,253.0,11674,6,100,0,0,-66.8,152.8,13.1
55,SAI,Ferrari,47,19.894,975.23,253.1,11649,6,100,0,0,-67.1,153.2,13.1
55,SAI,Ferrari,47,20.054,986.53,254.2,11197,6,100,0,0,-73.0,162.7,13.1
55,SAI,Ferrari,47,20.165,994.42,255.0,10883,6,100,0,0,-76.6,169.8,13.1
55,SAI,Ferrari,47,20.294,1003.71,257.3,10715,6,100,0,0,-80.2,178.4,13.0
55,SAI,Ferrari,47,20.445,1014.65,260.0,10519,7,100,0,0,-84.2,188.8,13.0
55,SAI,Ferrari,47,20.453,1015.23,260.0,10521,7,100,0,0,-84.4,189.4,13.0
55,SAI,Ferrari,47,20.645,1029.15,261.0,10567,7,100,0,0,-89.4,204.5,13.0
55,SAI,Ferrari,47,20.673,1031.18,261.1,10578,7,100,0,0,-90.0,207.3,13.0
55,SAI,Ferrari,47,20.873,1045.74,261.7,10658,7,100,0,0,-93.6,230.3,13.0
55,SAI,Ferrari,47,20.965,1052.44,262.0,10695,7,100,0,0,-94.5,238.1,13.0
55,SAI,Ferrari,47,21.165,1066.99,262.0,10612,7,100,0,0,-94.7,247.1,12.9
55,SAI,Ferrari,47,21.333,1079.21,262.0,10611,7,100,0,0,-94.4,255.3,12.9
55,SAI,Ferrari,47,21.565,1096.1,262.0,10610,7,100,0,0,-94.2,272.2,13.0
55,SAI,Ferrari,47,21.593,1098.14,261.9,10568,7,96,0,0,-94.1,274.3,13.0
55,SAI,Ferrari,47,21.753,1109.79,261.2,10330,7,75,0,0,-93.7,286.0,13.0
55,SAI,Ferrari,47,21.805,1113.5,261.0,10252,7,68,1,0,-93.6,289.5,13.0
55,SAI,Ferrari,47,21.913,1121.07,253.4,10024,7,37,1,0,-93.2,297.5,13.1
55,SAI,Ferrari,47,22.045,1129.77,244.0,9745,7,0,1,0,-92.4,311.4,13.2
55,SAI,Ferrari,47,22.173,1137.25,223.2,9092,7,0,1,0,-91.6,323.7,13.3
55,SAI,Ferrari,47,22.285,1143.44,205.0,8521,7,0,1,0,-91.3,328.8,13.4
55,SAI,Ferrari,47,22.473,1153.66,195.6,7906,7,0,1,0,-91.2,332.5,13.6
55,SAI,Ferrari,47,22.486,1154.32,195.0,7864,7,0,1,0,-91.2,333.0,13.6
55,SAI,Ferrari,47,22.693,1163.91,169.1,7975,7,0,1,0,-91.3,343.3,13.8
55,SAI,Ferrari,47,22.726,1165.32,165.0,7993,7,0,1,0,-91.4,344.9,13.8
55,SAI,Ferrari,47,22.873,1171.28,155.1,8117,7,0,1,0,-91.9,351.2,13.9
55,SAI,Ferrari,47,23.126,1180.66,138.0,8330,5,0,1,0,-93.4,361.3,14.0
55,SAI,Ferrari,47,23.213,1183.76,134.0,8558,5,0,1,0,-94.1,364.4,14.0
55,SAI,Ferrari,47,23.366,1189.12,127.0,8958,5,0,1,0,-95.5,369.4,14.1
55,SAI,Ferrari,47,23.413,1190.76,126.1,8854,5,0,1,0,-96.1,371.2,14.1
55,SAI,Ferrari,47,23.566,1195.96,123.0,8516,3,0,1,0,-99.1,378.5,14.2
55,SAI,Ferrari,47,23.614,1197.5,121.3,8440,3,0,1,0,-100.2,380.7,14.3
55,SAI,Ferrari,47,24.014,1209.17,107.1,7808,3,0,1,0,-108.1,390.6,14.7
55,SAI,Ferrari,47,24.046,1210.09,106.0,7757,3,0,1,0,-108.5,391.0,14.7
55,SAI,Ferrari,47,24.206,1214.67,103.0,7586,3,0,0,0,-110.0,392.3,14.7
55,SAI,Ferrari,47,24.354,1218.75,100.0,7456,3,3,0,0,-112.1,393.6,14.8
55,SAI,Ferrari,47,24.406,1220.17,99.0,7410,3,4,0,0,-113.3,394.3,14.8
55,SAI,Ferrari,47,24.474,1222.02,98.8,7396,3,10,0,0,-114.9,395.2,14.9
55,SAI,Ferrari,47,24.686,1227.79,98.0,7354,3,28,0,0,-119.3,397.2,15.0
55,SAI,Ferrari,47,24.854,1232.38,98.6,7667,3,39,0,0,-124.8,398.1,15.0
55,SAI,Ferrari,47,24.966,1235.49,99.0,7875,3,47,0,0,-130.5,398.3,15.1
55,SAI,Ferrari,47,25.014,1236.84,99.6,7934,3,48,0,0,-132.7,398.4,15.1
55,SAI,Ferrari,47,25.286,1244.65,103.0,8267,3,55,0,0,-136.9,398.3,15.3
55,SAI,Ferrari,47,25.486,1250.65,108.0,8777,3,67,0,0,-142.6,397.7,15.4
55,SAI,Ferrari,47,25.494,1250.9,108.3,8795,3,67,0,0,-143.0,397.7,15.4
55,SAI,Ferrari,47,25.614,1254.75,113.0,9070,3,72,0,0,-150.7,397.1,15.5
55,SAI,Ferrari,47,25.766,1259.9,119.0,9419,3,78,0,0,-156.9,396.8,15.6
55,SAI,Ferrari,47,25.926,1265.59,128.0,9807,3,78,0,0,-159.2,396.9,15.6
55,SAI,Ferrari,47,26.054,1270.38,133.1,9718,3,71,0,0,-162.0,397.2,15.7
55,SAI,Ferrari,47,26.126,1273.15,136.0,9668,3,67,0,0,-164.2,397.4,15.7
55,SAI,Ferrari,47,26.234,1277.34,138.0,9551,3,67,0,0,-168.5,398.2,15.8
55,SAI,Ferrari,47,26.446,1285.77,142.0,9321,4,67,0,0,-180.4,402.6,16.0
55,SAI,Ferrari,47,26.454,1286.09,142.1,9329,4,67,0,0,-180.8,402.8,16.0
55,SAI,Ferrari,47,26.805,1300.53,148.0,9663,4,70,0,0,-188.9,408.0,16.1
55,SAI,Ferrari,47,26.814,1300.89,148.0,9680,4,70,0,0,-189.1,408.2,16.1
55,SAI,Ferrari,47,26.965,1307.1,148.0,9968,4,78,0,0,-193.6,412.0,16.2
55,SAI,Ferrari,47,27.033,1310.05,152.0,10113,4,79,0,0,-196.1,414.5,16.3
55,SAI,Ferrari,47,27.205,1317.9,162.0,10479,4,82,0,0,-203.4,423.0,16.4
55,SAI,Ferrari,47,27.273,1321.09,164.2,10584,4,81,0,0,-205.8,426.1,16.4
55,SAI,Ferrari,47,27.485,1331.2,171.0,10913,4,78,0,0,-210.1,432.5,16.4
55,SAI,Ferrari,47,27.633,1338.31,173.2,10707,4,75,0,0,-212.3,436.7,16.4
55,SAI,Ferrari,47,27.685,1340.87,174.0,10634,4,74,0,0,-213.2,438.5,16.4
55,SAI,Ferrari,47,27.893,1351.56,182.1,11143,4,89,0,0,-217.7,448.4,16.5
55,SAI,Ferrari,47,28.045,1359.67,188.0,11515,4,100,0,0,-221.6,460.5,16.5
55,SAI,Ferrari,47,28.153,1365.52,191.0,11313,4,100,0,0,-223.9,468.6,16.5
55,SAI,Ferrari,47,28.405,1379.47,198.0,10843,5,100,0,0,-226.2,478.1,16.6
55,SAI,Ferrari,47,28.593,1390.22,205.5,11228,5,100,0,0,-227.2,485.0,16.6
55,SAI,Ferrari,47,28.605,1390.92,206.0,11253,5,100,0,0,-227.3,485.6,16.6
55,SAI,Ferrari,47,28.693,1396.08,208.4,11320,5,100,0,0,-228.1,490.7,16.5
55,SAI,Ferrari,47,28.933,1410.55,215.1,11503,5,100,0,0,-230.1,504.7,16.5
55,SAI,Ferrari,47,28.965,1412.52,216.0,11527,5,100,0,0,-230.4,506.7,16.5
55,SAI,Ferrari,47,29.206,1427.51,224.0,11429,5,100,0,0,-232.3,522.4,16.5
55,SAI,Ferrari,47,29.233,1429.22,224.7,11360,5,100,0,0,-232.5,524.1,16.5
55,SAI,Ferrari,47,29.526,1448.13,232.0,10616,5,100,0,0,-234.4,541.6,16.7
55,SAI,Ferrari,47,29.633,1455.15,234.0,10741,5,100,0,0,-235.1,548.2,16.7
55,SAI,Ferrari,47,29.713,1460.42,235.5,10835,5,100,0,0,-235.6,553.4,16.6
55,SAI,Ferrari,47,29.846,1469.29,238.0,10991,6,100,0,0,-236.5,562.2,16.6
55,SAI,Ferrari,47,29.933,1475.15,240.2,11076,6,100,0,0,-237.0,567.9,16.6
55,SAI,Ferrari,47,30.126,1488.34,245.0,11264,6,100,0,0,-238.1,580.7,16.6
55,SAI,Ferrari,47,30.154,1490.28,245.6,11285,6,100,0,0,-238.3,582.7,16.6
55,SAI,Ferrari,47,30.394,1507.02,250.7,11468,6,100,0,0,-239.8,600.6,16.4
55,SAI,Ferrari,47,30.406,1507.87,251.0,11477,6,100,0,0,-239.9,601.5,16.4
55,SAI,Ferrari,47,30.514,1515.46,252.4,11628,6,100,0,0,-240.4,609.0,16.3
55,SAI,Ferrari,47,30.646,1524.8,254.0,11812,6,100,0,0,-241.0,616.9,16.2
55,SAI,Ferrari,47,30.774,1533.98,256.7,11301,6,100,0,0,-241.6,625.9,16.1
55,SAI,Ferrari,47,30.886,1542.07,259.0,10854,6,100,0,0,-242.3,637.2,16.0
55,SAI,Ferrari,47,31.046,1553.67,261.0,10555,6,100,0,0,-243.3,654.0,16.0
55,SAI,Ferrari,47,31.054,1554.25,261.2,10561,6,100,0,0,-243.3,654.7,16.0
55,SAI,Ferrari,47,31.286,1571.4,266.0,10726,7,100,0,0,-243.9,666.2,16.2
55,SAI,Ferrari,47,31.414,1580.89,266.8,10723,7,100,0,0,-244.1,672.3,16.3
55,SAI,Ferrari,47,31.446,1583.27,267.0,10722,7,100,0,0,-244.2,674.3,16.3
55,SAI,Ferrari,47,31.686,1601.27,270.0,10855,7,100,0,0,-244.7,692.5,16.4
55,SAI,Ferrari,47,31.694,1601.87,270.1,10859,7,100,0,0,-244.7,693.1,16.4
55,SAI,Ferrari,47,31.954,1621.58,272.9,10980,7,100,0,0,-244.9,712.7,16.3
55,SAI,Ferrari,47,31.966,1622.5,273.0,10986,7,100,0,0,-244.9,713.8,16.3
55,SAI,Ferrari,47,32.154,1636.91,275.1,11085,7,100,0,0,-244.7,732.6,16.3
55,SAI,Ferrari,47,32.326,1650.2,277.0,11175,7,100,0,0,-244.4,745.0,16.3
55,SAI,Ferrari,47,32.554,1668.0,279.6,11272,7,100,0,0,-243.8,758.8,16.3
55,SAI,Ferrari,47,32.654,1675.86,280.7,11315,7,100,0,0,-243.4,766.6,16.3
55,SAI,Ferrari,47,32.766,1684.67,282.0,11363,7,100,0,0,-242.9,775.4,16.4
55,SAI,Ferrari,47,32.894,1694.75,282.9,11395,7,100,0,0,-242.2,785.3,16.5
55,SAI,Ferrari,47,33.046,1706.76,284.0,11434,7,100,0,0,-241.2,797.2,16.5
55,SAI,Ferrari,47,33.154,1715.33,285.4,11448,7,100,0,0,-240.4,805.7,16.4
55,SAI,Ferrari,47,33.206,1719.47,286.0,11455,7,100,0,0,-240.0,809.8,16.4
55,SAI,Ferrari,47,33.354,1731.25,286.5,11491,7,100,0,0,-238.8,821.5,16.4
55,SAI,Ferrari,47,33.485,1741.71,287.0,11523,7,100,0,0,-237.6,832.0,16.4
55,SAI,Ferrari,47,33.553,1747.15,287.4,11523,7,100,0,0,-236.9,837.4,16.4
55,SAI,Ferrari,47,33.645,1754.51,288.0,11523,7,100,0,0,-235.9,844.7,16.3
55,SAI,Ferrari,47,33.653,1755.15,288.0,11520,7,100,0,0,-235.8,845.3,16.3
55,SAI,Ferrari,47,33.805,1767.31,288.0,11453,7,100,0,0,-234.1,857.3,16.3
55,SAI,Ferrari,47,33.833,1769.54,287.8,11455,7,100,0,0,-233.8,859.5,16.3
55,SAI,Ferrari,47,34.165,1795.91,286.0,11482,7,100,0,0,-229.4,885.6,16.4
55,SAI,Ferrari,47,34.173,1796.54,286.0,11482,7,100,0,0,-229.3,886.2,16.4
55,SAI,Ferrari,47,34.333,1809.25,286.0,11474,7,100,0,0,-227.0,898.3,16.4
55,SAI,Ferrari,47,34.365,1811.8,286.0,11472,7,100,0,0,-226.5,900.8,16.4
55,SAI,Ferrari,47,34.525,1824.51,286.0,11423,7,100,0,0,-223.8,913.1,16.4
55,SAI,Ferrari,47,34.533,1825.14,286.0,11420,7,100,0,0,-223.7,913.7,16.4
55,SAI,Ferrari,47,34.685,1837.18,285.0,11360,7,100,0,0,-221.1,925.2,16.5
55,SAI,Ferrari,47,34.713,1839.4,284.9,11322,7,98,0,0,-220.5,927.6,16.5
55,SAI,Ferrari,47,35.033,1864.68,284.0,10889,7,79,0,0,-212.8,959.6,16.4
55,SAI,Ferrari,47,35.045,1865.58,284.0,10873,7,78,1,0,-212.6,960.5,16.4
55,SAI,Ferrari,47,35.325,1885.1,251.0,10445,7,0,1,0,-209.4,973.8,16.4
55,SAI,Ferrari,47,35.353,1886.88,247.5,10279,7,0,1,0,-209.1,975.2,16.4
55,SAI,Ferrari,47,35.553,1898.86,222.5,9095,7,0,1,0,-206.3,987.8,16.5
55,SAI,Ferrari,47,35.605,1901.9,216.0,8787,7,0,1,0,-205.3,992.3,16.5
55,SAI,Ferrari,47,35.766,1911.11,206.0,8151,7,0,1,0,-201.9,1007.4,16.4
55,SAI,Ferrari,47,35.773,1911.49,205.1,8132,7,0,1,0,-201.8,1007.9,16.4
55,SAI,Ferrari,47,35.926,1919.38,186.0,7720,7,0,1,0,-200.1,1015.5,16.4
55,SAI,Ferrari,47,36.166,1930.31,164.0,7720,7,0,1,0,-198.7,1020.0,16.5
55,SAI,Ferrari,47,36.193,1931.45,162.1,7799,7,0,1,0,-198.5,1020.9,16.5
55,SAI,Ferrari,47,36.413,1940.17,147.0,8444,7,0,1,0,-195.8,1029.9,16.5
55,SAI,Ferrari,47,36.486,1942.93,142.0,8658,6,0,1,0,-194.9,1032.6,16.5
55,SAI,Ferrari,47,36.633,1948.37,136.2,8988,6,0,1,0,-192.8,1037.7,16.5
55,SAI,Ferrari,47,36.754,1952.7,131.5,9260,6,0,1,0,-190.6,1042.1,16.5
55,SAI,Ferrari,47,36.766,1953.12,131.0,9287,3,0,1,0,-190.4,1042.5,16.5
55,SAI,Ferrari,47,36.994,1960.83,123.9,8961,3,0,1,0,-186.1,1048.4,16.5
55,SAI,Ferrari,47,37.086,1963.88,121.0,8830,3,0,1,0,-184.2,1050.2,16.5
55,SAI,Ferrari,47,37.174,1966.78,119.9,8797,3,7,1,0,-182.2,1051.8,16.5
55,SAI,Ferrari,47,37.326,1971.74,118.0,8740,3,18,0,0,-178.1,1054.1,16.5
55,SAI,Ferrari,47,37.434,1975.23,116.6,8834,3,27,0,0,-174.8,1055.4,16.5
55,SAI,Ferrari,47,37.486,1976.9,116.0,8880,3,32,0,0,-173.2,1055.9,16.5
55,SAI,Ferrari,47,37.734,1984.94,116.9,9000,3,52,0,0,-164.9,1057.9,16.5
55,SAI,Ferrari,47,37.766,1986.0,117.0,9016,3,55,0,0,-163.8,1058.2,16.5
55,SAI,Ferrari,47,37.854,1988.95,119.2,8991,3,56,0,0,-160.9,1058.9,16.4
55,SAI,Ferrari,47,38.046,1995.64,124.0,8936,3,59,0,0,-154.6,1060.8,16.3
55,SAI,Ferrari,47,38.154,1999.63,128.0,8871,3,63,0,0,-151.1,1062.2,16.3
55,SAI,Ferrari,47,38.354,2007.27,135.6,8750,3,71,0,0,-144.6,1065.5,16.3
55,SAI,Ferrari,47,38.366,2007.73,136.0,8743,4,71,0,0,-144.2,1065.7,16.3
55,SAI,Ferrari,47,38.526,2013.87,138.0,9019,4,51,0,0,-139.3,1068.7,16.2
55,SAI,Ferrari,47,38.534,2014.18,138.1,9030,4,51,0,0,-139.1,1068.9,16.2
55,SAI,Ferrari,47,38.814,2025.27,142.5,9399,4,54,0,0,-130.6,1075.7,16.1
55,SAI,Ferrari,47,38.846,2026.58,143.0,9441,4,54,0,0,-129.5,1076.8,16.1
55,SAI,Ferrari,47,39.014,2033.63,148.4,9570,4,67,0,0,-123.4,1083.4,16.0
55,SAI,Ferrari,47,39.126,2038.4,152.0,9656,4,75,0,0,-120.8,1086.6,15.9
55,SAI,Ferrari,47,39.294,2045.59,154.5,9871,4,81,0,0,-117.9,1090.9,15.9
55,SAI,Ferrari,47,39.326,2047.01,155.0,9912,4,82,0,0,-117.2,1092.0,15.9
55,SAI,Ferrari,47,39.474,2053.85,162.9,9986,4,82,0,0,-113.9,1097.8,15.9
55,SAI,Ferrari,47,39.606,2060.23,170.0,10052,4,82,0,0,-111.1,1103.2,15.9
55,SAI,Ferrari,47,39.654,2062.59,171.9,10388,4,86,0,0,-110.1,1105.3,15.9
55,SAI,Ferrari,47,39.806,2070.12,178.0,11452,4,100,0,0,-107.2,1112.1,15.8
55,SAI,Ferrari,47,39.954,2077.42,178.0,11578,4,100,0,0,-104.7,1119.1,15.8
55,SAI,Ferrari,47,39.965,2077.98,178.0,11587,4,100,0,0,-104.5,1119.6,15.8
55,SAI,Ferrari,47,40.125,2086.43,190.0,10467,4,100,0,0,-101.9,1127.6,15.9
55,SAI,Ferrari,47,40.153,2087.93,190.8,10485,4,100,0,0,-101.5,1129.0,15.9
55,SAI,Ferrari,47,40.313,2096.65,195.6,10589,4,100,0,0,-99.1,1137.3,15.9
55,SAI,Ferrari,47,40.325,2097.32,196.0,10597,5,100,0,0,-98.9,1137.9,15.9
55,SAI,Ferrari,47,40.605,2113.34,206.0,10846,5,100,0,0,-95.2,1152.4,15.9
55,SAI,Ferrari,47,40.633,2114.98,206.8,10898,5,100,0,0,-94.7,1154.5,15.9
55,SAI,Ferrari,47,40.893,2130.6,213.9,11385,5,100,0,0,-89.1,1177.3,15.9
55,SAI,Ferrari,47,41.005,2137.45,217.0,11595,5,100,0,0,-87.8,1182.8,15.9
55,SAI,Ferrari,47,41.233,2151.59,222.1,11253,5,100,0,0,-86.2,1189.2,15.9
55,SAI,Ferrari,47,41.365,2159.95,225.0,11055,5,100,0,0,-84.5,1196.4,15.9
55,SAI,Ferrari,47,41.513,2169.52,229.9,10807,5,100,0,0,-82.2,1206.3,15.9
55,SAI,Ferrari,47,41.605,2175.48,233.0,10653,6,100,0,0,-80.8,1212.5,15.8
55,SAI,Ferrari,47,41.713,2182.46,233.0,10783,6,100,0,0,-79.5,1218.9,15.7
55,SAI,Ferrari,47,41.753,2185.06,233.0,10831,6,100,0,0,-79.1,1220.8,15.7
55,SAI,Ferrari,47,41.765,2185.84,233.0,10845,6,100,0,0,-79.0,1221.4,15.7
55,SAI,Ferrari,47,42.093,2207.84,241.2,11199,6,100,0,0,-73.9,1248.3,15.9
55,SAI,Ferrari,47,42.125,2210.04,242.0,11233,6,100,0,0,-73.5,1250.5,15.9
55,SAI,Ferrari,47,42.486,2235.21,251.0,11538,6,100,0,0,-70.5,1268.5,15.9
55,SAI,Ferrari,47,42.513,2237.11,251.4,11550,6,100,0,0,-70.2,1270.1,15.9
55,SAI,Ferrari,47,42.713,2251.26,254.2,11642,6,100,0,0,-68.0,1283.9,15.9
55,SAI,Ferrari,47,42.753,2254.11,254.8,11660,6,100,0,0,-67.6,1286.7,15.9
55,SAI,Ferrari,47,42.766,2255.04,255.0,11666,6,100,0,0,-67.5,1287.6,15.9
55,SAI,Ferrari,47,42.973,2269.98,258.5,11546,6,100,0,0,-65.2,1302.3,15.9
55,SAI,Ferrari,47,43.126,2281.14,261.0,11457,6,100,0,0,-63.2,1317.1,15.9
55,SAI,Ferrari,47,43.354,2297.91,263.6,11111,6,100,0,0,-60.4,1338.4,15.9
55,SAI,Ferrari,47,43.566,2313.65,266.0,10789,7,100,0,0,-59.3,1347.6,15.9
55,SAI,Ferrari,47,43.614,2317.24,266.8,10828,7,100,0,0,-59.1,1350.1,15.9
55,SAI,Ferrari,47,43.806,2331.65,270.0,10986,7,100,0,0,-57.9,1364.3,15.9
55,SAI,Ferrari,47,43.814,2332.26,270.1,10988,7,100,0,0,-57.8,1365.0,15.9
55,SAI,Ferrari,47,44.046,2349.79,272.0,11053,7,100,0,0,-56.4,1388.1,15.9
55,SAI,Ferrari,47,44.174,2359.55,273.9,11063,7,100,0,0,-55.9,1399.9,15.9
55,SAI,Ferrari,47,44.246,2365.06,275.0,11068,7,100,0,0,-55.7,1405.5,15.9
55,SAI,Ferrari,47,44.486,2383.6,278.0,11189,7,100,0,0,-55.4,1419.8,15.9
55,SAI,Ferrari,47,44.594,2391.98,278.9,11228,7,100,0,0,-55.3,1426.1,15.9
55,SAI,Ferrari,47,44.726,2402.26,280.0,11276,7,100,0,0,-55.2,1434.4,15.9
55,SAI,Ferrari,47,44.854,2412.27,280.8,11304,7,100,0,0,-55.2,1443.2,15.9
55,SAI,Ferrari,47,45.046,2427.33,282.0,11345,7,100,0,0,-55.3,1458.2,15.8
55,SAI,Ferrari,47,45.134,2434.25,282.2,11366,7,100,0,0,-55.4,1465.1,15.8
55,SAI,Ferrari,47,45.334,2449.98,282.7,11413,7,100,0,0,-56.0,1480.8,15.8
55,SAI,Ferrari,47,45.446,2458.78,283.0,11439,7,100,0,0,-56.9,1491.6,15.8
55,SAI,Ferrari,47,45.614,2471.92,282.5,11394,7,100,0,0,-58.8,1508.9,15.7
55,SAI,Ferrari,47,45.806,2486.98,282.0,11342,7,100,0,0,-61.2,1525.4,15.7
55,SAI,Ferrari,47,46.434,2536.09,277.0,10683,7,22,0,0,-70.7,1565.9,15.8
55,SAI,Ferrari,47,46.566,2545.24,276.0,10545,7,6,1,0,-73.0,1575.7,15.8
55,SAI,Ferrari,47,46.713,2554.71,251.6,9907,7,3,1,0,-75.5,1586.4,15.7
55,SAI,Ferrari,47,46.873,2564.3,225.0,9213,7,0,1,0,-78.0,1597.0,15.7
55,SAI,Ferrari,47,46.885,2565.0,223.0,9161,7,0,1,0,-78.2,1597.8,15.7
55,SAI,Ferrari,47,47.165,2580.48,199.0,7822,7,0,1,0,-82.5,1617.7,15.7
55,SAI,Ferrari,47,47.233,2583.99,191.9,7792,7,0,1,0,-83.2,1621.2,15.7
55,SAI,Ferrari,47,47.365,2590.37,178.0,7733,7,0,1,0,-84.1,1625.6,15.7
55,SAI,Ferrari,47,47.473,2594.97,163.6,7652,7,0,1,0,-84.7,1628.7,15.7
55,SAI,Ferrari,47,47.605,2600.1,146.0,7553,7,0,1,0,-85.6,1633.8,15.7
55,SAI,Ferrari,47,47.793,2607.09,135.0,7694,7,0,1,0,-87.0,1641.8,15.6
55,SAI,Ferrari,47,47.845,2608.9,132.0,7733,7,0,1,0,-87.3,1643.7,15.6
55,SAI,Ferrari,47,47.893,2610.52,127.5,7859,7,0,1,0,-87.5,1645.4,15.6
55,SAI,Ferrari,47,48.005,2614.1,117.0,8153,7,0,1,0,-87.9,1649.2,15.6
55,SAI,Ferrari,47,48.193,2619.6,105.7,8201,7,0,1,0,-88.0,1655.0,15.6
55,SAI,Ferrari,47,48.205,2619.94,105.0,8204,5,0,1,0,-88.0,1655.3,15.6
55,SAI,Ferrari,47,48.445,2626.34,96.0,7820,3,0,1,0,-87.2,1661.7,15.6
55,SAI,Ferrari,47,48.453,2626.53,95.7,7796,3,0,1,0,-87.2,1661.9,15.6
55,SAI,Ferrari,47,48.713,2632.43,86.0,7021,3,0,1,0,-84.9,1667.4,15.5
55,SAI,Ferrari,47,48.853,2635.3,80.7,6604,3,0,1,0,-83.1,1669.9,15.5
55,SAI,Ferrari,47,48.926,2636.76,78.0,6386,2,0,1,0,-82.0,1671.0,15.5
55,SAI,Ferrari,47,49.013,2638.46,75.6,6179,2,0,1,0,-80.6,1672.2,15.6
55,SAI,Ferrari,47,49.213,2642.22,70.0,5703,2,0,1,0,-77.1,1674.3,15.6
55,SAI,Ferrari,47,49.286,2643.56,68.0,5529,2,0,1,0,-75.7,1674.9,15.6
55,SAI,Ferrari,47,49.393,2645.47,65.9,5309,2,0,1,0,-73.7,1675.5,15.6
55,SAI,Ferrari,47,49.486,2647.11,64.0,5117,2,0,1,0,-72.0,1675.8,15.6
55,SAI,Ferrari,47,49.646,2649.87,62.0,5005,2,0,0,0,-69.2,1676.0,15.6
55,SAI,Ferrari,47,49.653,2649.98,61.8,5005,2,0,0,0,-69.1,1676.0,15.6
55,SAI,Ferrari,47,49.833,2652.78,57.3,5006,2,7,0,0,-66.1,1675.7,15.6
55,SAI,Ferrari,47,49.886,2653.6,56.0,5006,2,9,0,0,-65.0,1675.4,15.6
55,SAI,Ferrari,47,50.154,2657.91,57.9,5281,2,25,0,0,-59.5,1672.7,15.5
55,SAI,Ferrari,47,50.166,2658.11,58.0,5293,2,26,0,0,-59.3,1672.6,15.5
55,SAI,Ferrari,47,50.366,2661.5,61.0,5473,2,32,0,0,-57.9,1671.4,15.5
55,SAI,Ferrari,47,50.434,2662.68,61.8,5606,2,33,0,0,-57.4,1670.9,15.5
55,SAI,Ferrari,47,50.606,2665.77,64.0,5941,2,35,0,0,-55.6,1668.9,15.5
55,SAI,Ferrari,47,50.714,2667.88,67.5,6287,2,41,0,0,-54.4,1667.3,15.5
55,SAI,Ferrari,47,50.886,2671.45,73.0,6837,2,50,0,0,-52.7,1664.6,15.5
55,SAI,Ferrari,47,50.994,2673.75,75.3,7066,2,52,0,0,-51.6,1662.6,15.5
55,SAI,Ferrari,47,51.166,2677.59,79.0,7430,2,56,0,0,-49.8,1658.7,15.6
55,SAI,Ferrari,47,51.214,2678.73,80.7,7403,2,57,0,0,-49.4,1657.8,15.6
55,SAI,Ferrari,47,51.514,2686.5,91.2,7236,2,62,0,0,-47.8,1653.7,15.5
55,SAI,Ferrari,47,51.566,2687.92,93.0,7207,3,63,0,0,-47.4,1652.6,15.5
55,SAI,Ferrari,47,51.806,2694.86,104.0,8188,3,69,0,0,-45.4,1646.1,15.5
55,SAI,Ferrari,47,51.854,2696.38,106.3,8365,3,70,0,0,-45.0,1644.8,15.5
55,SAI,Ferrari,47,52.034,2702.53,114.9,9030,3,75,0,0,-43.8,1639.6,15.5
55,SAI,Ferrari,47,52.214,2709.13,123.6,9695,3,80,0,0,-42.1,1629.7,15.5
55,SAI,Ferrari,47,52.286,2711.79,127.0,9961,3,82,0,0,-41.6,1626.2,15.5
55,SAI,Ferrari,47,52.526,2720.86,136.0,10572,3,81,0,0,-40.7,1618.1,15.5
55,SAI,Ferrari,47,52.654,2726.06,142.0,10348,3,89,0,0,-40.5,1614.7,15.5
55,SAI,Ferrari,47,52.846,2734.28,151.0,10012,3,100,0,0,-40.3,1610.3,15.4
55,SAI,Ferrari,47,53.074,2744.46,160.5,10273,3,100,0,0,-39.4,1600.1,15.4
55,SAI,Ferrari,47,53.086,2745.01,161.0,10287,4,100,0,0,-39.3,1599.2,15.4
55,SAI,Ferrari,47,53.234,2752.1,168.0,10733,4,100,0,0,-38.0,1587.1,15.5
55,SAI,Ferrari,47,53.445,2762.76,178.0,11369,4,100,0,0,-37.1,1580.2,15.5
55,SAI,Ferrari,47,53.553,2768.41,183.4,11166,4,100,0,0,-36.5,1577.3,15.5
55,SAI,Ferrari,47,53.685,2775.43,190.0,10917,4,100,0,0,-35.2,1571.5,15.5
55,SAI,Ferrari,47,53.853,2784.45,192.7,11028,4,100,0,0,-33.0,1562.2,15.4
55,SAI,Ferrari,47,54.013,2793.19,195.2,11135,4,100,0,0,-30.5,1553.8,15.3
55,SAI,Ferrari,47,54.125,2799.51,197.0,11209,5,100,0,0,-28.5,1547.8,15.2
55,SAI,Ferrari,47,54.193,2803.42,200.7,11253,5,100,0,0,-27.2,1544.2,15.2
55,SAI,Ferrari,47,54.365,2813.51,210.0,11366,5,100,0,0,-23.9,1535.4,15.0
55,SAI,Ferrari,47,54.413,2816.32,210.4,11396,5,100,0,0,-22.6,1532.2,15.0
55,SAI,Ferrari,47,54.685,2832.44,213.0,11566,5,100,0,0,-13.1,1509.5,14.7
55,SAI,Ferrari,47,54.693,2832.93,213.3,11543,5,100,0,0,-12.9,1509.0,14.7
55,SAI,Ferrari,47,54.965,2849.94,225.0,10767,5,100,0,0,-9.5,1501.0,14.6
55,SAI,Ferrari,47,54.993,2851.73,226.0,10756,5,100,0,0,-9.0,1499.7,14.6
55,SAI,Ferrari,47,55.165,2862.83,232.0,10692,6,100,0,0,-3.8,1487.3,14.6
55,SAI,Ferrari,47,55.353,2874.89,232.0,10979,6,100,0,0,2.6,1472.3,14.6
55,SAI,Ferrari,47,55.406,2878.36,232.0,11060,6,100,0,0,3.9,1469.3,14.6
55,SAI,Ferrari,47,55.673,2896.51,242.4,11251,6,100,0,0,8.5,1458.6,14.6
55,SAI,Ferrari,47,55.766,2902.96,246.0,11317,6,100,0,0,10.7,1453.5,14.6
55,SAI,Ferrari,47,55.926,2914.12,251.0,11556,6,100,0,0,15.3,1442.8,14.6
55,SAI,Ferrari,47,55.993,2918.81,251.8,11625,6,100,0,0,17.2,1438.4,14.6
55,SAI,Ferrari,47,56.073,2924.44,252.8,11707,6,100,0,0,19.4,1433.2,14.6
55,SAI,Ferrari,47,56.086,2925.36,253.0,11720,6,100,0,0,19.8,1432.3,14.6
55,SAI,Ferrari,47,56.246,2936.74,256.0,11726,6,100,0,0,24.5,1421.6,14.6
55,SAI,Ferrari,47,56.313,2941.54,257.0,11538,6,100,0,0,26.6,1416.8,14.6
55,SAI,Ferrari,47,56.446,2951.13,259.0,11166,6,100,0,0,31.0,1406.9,14.5
55,SAI,Ferrari,47,56.554,2958.93,259.7,10997,6,100,0,0,34.5,1398.9,14.5
55,SAI,Ferrari,47,56.754,2973.45,260.9,10683,6,100,0,0,40.3,1385.5,14.5
55,SAI,Ferrari,47,56.766,2974.33,261.0,10664,7,100,0,0,40.6,1384.8,14.5
55,SAI,Ferrari,47,56.926,2986.11,265.0,10716,7,100,0,0,44.7,1375.3,14.5
55,SAI,Ferrari,47,56.994,2991.17,266.4,10757,7,100,0,0,47.3,1369.2,14.4
55,SAI,Ferrari,47,57.154,3003.2,269.8,10855,7,100,0,0,55.5,1349.9,14.2
55,SAI,Ferrari,47,57.166,3004.11,270.0,10862,7,100,0,0,56.0,1348.7,14.2
55,SAI,Ferrari,47,57.406,3022.31,273.0,10972,7,100,0,0,60.2,1338.6,14.1
55,SAI,Ferrari,47,57.514,3030.51,273.7,11036,7,100,0,0,61.9,1334.5,14.0
55,SAI,Ferrari,47,57.566,3034.48,274.0,11067,7,100,0,0,63.1,1331.6,14.0
55,SAI,Ferrari,47,57.794,3052.07,277.3,11152,7,100,0,0,70.1,1314.7,13.7
55,SAI,Ferrari,47,57.846,3056.11,278.0,11171,7,100,0,0,71.6,1311.1,13.6
55,SAI,Ferrari,47,58.034,3070.76,279.9,11248,7,100,0,0,77.0,1297.5,13.4
55,SAI,Ferrari,47,58.246,3087.44,282.0,11335,7,100,0,0,85.8,1274.8,13.2
55,SAI,Ferrari,47,58.254,3088.07,282.1,11339,7,100,0,0,86.1,1274.1,13.2
55,SAI,Ferrari,47,58.486,3106.51,286.0,11443,7,100,0,0,90.4,1262.7,13.1
55,SAI,Ferrari,47,58.554,3111.91,286.0,11465,7,100,0,0,91.6,1259.3,13.1
55,SAI,Ferrari,47,58.646,3119.22,286.0,11494,7,100,0,0,93.7,1253.3,13.1
55,SAI,Ferrari,47,58.846,3135.16,287.0,11620,7,100,0,0,99.2,1237.3,13.1
55,SAI,Ferrari,47,58.854,3135.8,287.1,11621,7,100,0,0,99.4,1236.7,13.1
55,SAI,Ferrari,47,59.034,3150.29,289.0,11647,7,100,0,0,103.8,1223.0,13.0
55,SAI,Ferrari,47,59.126,3157.72,290.0,11660,7,100,0,0,106.2,1215.1,13.0
55,SAI,Ferrari,47,59.254,3168.05,290.5,11693,7,100,0,0,109.6,1203.9,13.0
55,SAI,Ferrari,47,59.366,3177.12,291.0,11721,7,100,0,0,112.3,1194.9,13.0
55,SAI,Ferrari,47,59.434,3182.64,291.8,11551,7,100,0,0,113.8,1189.6,13.0
55,SAI,Ferrari,47,59.526,3190.14,293.0,11321,7,100,0,0,115.8,1182.4,13.0
55,SAI,Ferrari,47,59.634,3198.95,293.4,10990,7,100,0,0,118.1,1173.9,13.0
55,SAI,Ferrari,47,59.806,3213.01,294.0,10464,8,100,0,0,121.8,1160.3,13.0
55,SAI,Ferrari,47,59.893,3220.12,294.3,10498,8,100,0,0,123.6,1153.4,13.0
55,SAI,Ferrari,47,59.973,3226.66,294.6,10528,8,100,0,0,125.2,1147.0,13.0
55,SAI,Ferrari,47,60.086,3235.95,295.0,10572,8,100,0,0,127.7,1137.1,13.0
55,SAI,Ferrari,47,60.325,3255.8,299.0,10609,8,100,0,0,133.0,1115.6,12.9
55,SAI,Ferrari,47,60.333,3256.47,299.0,10611,8,100,0,0,133.1,1115.0,12.9
55,SAI,Ferrari,47,60.573,3276.46,299.7,10662,8,100,0,0,137.0,1098.9,12.9
55,SAI,Ferrari,47,60.685,3285.8,300.0,10686,8,100,0,0,139.1,1090.0,12.9
55,SAI,Ferrari,47,60.813,3296.49,300.5,10721,8,100,0,0,141.6,1079.4,12.9
55,SAI,Ferrari,47,60.925,3305.87,301.0,10752,8,100,0,0,143.5,1071.2,12.9
55,SAI,Ferrari,47,61.053,3316.62,301.7,10774,8,100,0,0,146.2,1059.8,12.8
55,SAI,Ferrari,47,61.273,3335.15,302.9,10812,8,100,0,0,153.1,1030.4,12.8
55,SAI,Ferrari,47,61.285,3336.17,303.0,10814,8,100,0,0,153.4,1029.2,12.8
55,SAI,Ferrari,47,61.525,3356.43,304.0,10832,8,100,0,0,156.3,1016.9,12.9
55,SAI,Ferrari,47,61.653,3367.27,304.5,10839,8,100,0,0,157.7,1010.7,12.8
55,SAI,Ferrari,47,61.765,3376.77,305.0,10845,8,100,0,0,159.7,1002.1,12.7
55,SAI,Ferrari,47,61.853,3384.23,305.2,10848,8,100,0,0,161.5,994.2,12.6
55,SAI,Ferrari,47,62.166,3410.85,306.0,10859,8,100,0,0,168.4,965.0,12.7
55,SAI,Ferrari,47,62.193,3413.16,306.2,10872,8,100,0,0,168.9,962.8,12.7
55,SAI,Ferrari,47,62.406,3431.39,308.0,10972,8,100,0,0,172.4,947.7,12.7
55,SAI,Ferrari,47,62.493,3438.83,308.0,10973,8,100,0,0,173.9,941.2,12.7
55,SAI,Ferrari,47,62.606,3448.5,308.0,10974,8,100,0,0,176.1,931.9,12.6
55,SAI,Ferrari,47,62.653,3452.52,308.2,10985,8,100,0,0,177.0,927.9,12.6
55,SAI,Ferrari,47,62.853,3469.69,308.9,11034,8,100,0,0,180.9,911.2,12.6
55,SAI,Ferrari,47,62.886,3472.53,309.0,11042,8,100,0,0,181.6,908.3,12.6
55,SAI,Ferrari,47,63.154,3495.61,310.0,11008,8,100,0,0,187.0,884.5,12.6
55,SAI,Ferrari,47,63.166,3496.64,310.0,11006,8,100,0,0,187.2,883.5,12.6
55,SAI,Ferrari,47,63.374,3514.55,310.0,11019,8,100,0,0,191.3,866.1,12.6
55,SAI,Ferrari,47,63.446,3520.75,310.0,11024,8,100,0,0,192.7,860.0,12.6
55,SAI,Ferrari,47,63.534,3528.33,310.0,11032,8,100,0,0,194.3,852.6,12.6
55,SAI,Ferrari,47,63.686,3541.42,310.0,11047,8,100,0,0,196.9,841.1,12.7
55,SAI,Ferrari,47,63.774,3549.01,310.4,11048,8,100,0,0,198.5,834.1,12.7
55,SAI,Ferrari,47,63.926,3562.15,311.0,11051,8,100,0,0,201.6,820.5,12.6
55,SAI,Ferrari,47,63.974,3566.3,311.0,11056,8,100,0,0,202.6,816.2,12.6
55,SAI,Ferrari,47,64.094,3576.67,311.0,11069,8,100,0,0,205.0,805.8,12.7
55,SAI,Ferrari,47,64.246,3589.8,311.0,11086,8,100,0,0,208.0,792.7,12.7
55,SAI,Ferrari,47,64.434,3606.04,311.0,11077,8,100,0,0,211.8,776.5,12.7
55,SAI,Ferrari,47,64.446,3607.07,311.0,11076,8,100,0,0,212.0,775.5,12.7
55,SAI,Ferrari,47,64.606,3620.9,311.0,11093,8,100,0,0,215.2,762.0,12.7
55,SAI,Ferrari,47,64.654,3625.04,310.8,11077,8,100,0,0,216.1,758.0,12.7
55,SAI,Ferrari,47,64.806,3638.12,310.0,11027,8,100,0,0,219.1,745.2,12.8
55,SAI,Ferrari,47,64.854,3642.23,309.5,11025,8,100,0,0,220.1,741.2,12.8
55,SAI,Ferrari,47,65.006,3655.23,308.0,11017,8,100,0,0,223.1,728.6,12.8
55,SAI,Ferrari,47,65.014,3655.91,308.0,11012,8,100,0,0,223.3,727.9,12.8
55,SAI,Ferrari,47,65.246,3675.7,307.0,10871,8,100,0,0,227.9,708.6,12.8
55,SAI,Ferrari,47,65.274,3678.07,306.6,10863,8,100,0,0,228.5,706.3,12.8
55,SAI,Ferrari,47,65.486,3695.96,304.0,10800,8,100,0,0,232.8,688.8,12.9
55,SAI,Ferrari,47,65.514,3698.33,303.9,10770,8,100,0,0,233.3,686.5,12.9
55,SAI,Ferrari,47,65.734,3716.94,302.9,10535,8,100,0,0,237.5,668.4,12.9
55,SAI,Ferrari,47,65.926,3732.87,302.0,10330,8,100,1,0,241.6,651.2,13.0
55,SAI,Ferrari,47,65.934,3733.53,301.4,10322,8,97,1,0,241.8,650.5,13.0
55,SAI,Ferrari,47,66.166,3751.74,283.0,10092,8,0,1,0,247.0,628.5,13.1
55,SAI,Ferrari,47,66.314,3761.94,261.2,9260,8,0,1,0,249.6,617.5,13.1
55,SAI,Ferrari,47,66.526,3774.74,230.0,8068,8,0,1,0,251.8,608.3,13.1
55,SAI,Ferrari,47,66.573,3777.36,224.0,8020,8,0,1,0,252.3,606.1,13.1
55,SAI,Ferrari,47,66.773,3787.66,198.4,7814,8,0,1,0,255.0,594.3,13.2
55,SAI,Ferrari,47,66.885,3793.09,184.0,7699,8,0,1,0,256.3,588.2,13.2
55,SAI,Ferrari,47,67.033,3800.01,174.5,7879,8,0,1,0,257.8,581.0,13.2
55,SAI,Ferrari,47,67.165,3806.0,166.0,8039,8,0,1,0,258.9,574.9,13.2
55,SAI,Ferrari,47,67.213,3808.15,163.8,8169,8,0,1,0,259.2,572.8,13.2
55,SAI,Ferrari,47,67.365,3814.72,157.0,8582,8,0,1,0,260.1,566.6,13.2
55,SAI,Ferrari,47,67.433,3817.43,152.1,8499,8,0,1,0,260.3,563.8,13.2
55,SAI,Ferrari,47,67.685,3826.63,134.0,8192,5,0,1,0,260.2,552.5,13.1
55,SAI,Ferrari,47,67.753,3829.12,133.2,8148,5,0,1,0,260.0,549.9,13.1
55,SAI,Ferrari,47,67.925,3835.37,131.0,8038,4,0,1,0,259.0,544.8,13.1
55,SAI,Ferrari,47,68.125,3842.31,125.0,7959,4,3,0,0,256.8,539.7,13.1
55,SAI,Ferrari,47,68.133,3842.59,124.9,7965,4,4,0,0,256.7,539.5,13.1
55,SAI,Ferrari,47,68.313,3848.72,123.7,8091,4,29,0,0,253.7,533.8,13.1
55,SAI,Ferrari,47,68.405,3851.88,123.0,8156,4,41,0,0,252.0,531.0,13.1
55,SAI,Ferrari,47,68.493,3854.93,124.3,8469,4,49,0,0,250.3,528.3,13.1
55,SAI,Ferrari,47,68.606,3858.91,126.0,8872,4,59,0,0,248.2,524.8,13.1
55,SAI,Ferrari,47,68.733,3863.54,128.8,8671,4,57,0,0,246.0,520.9,13.0
55,SAI,Ferrari,47,68.933,3871.06,133.3,8353,4,54,0,0,243.0,514.5,12.9
55,SAI,Ferrari,47,68.966,3872.31,134.0,8301,4,53,0,0,242.6,513.4,12.9
55,SAI,Ferrari,47,69.113,3877.92,136.1,8598,4,52,0,0,241.2,508.3,12.9
55,SAI,Ferrari,47,69.246,3883.05,138.0,8867,4,51,0,0,240.3,503.4,12.8
55,SAI,Ferrari,47,69.373,3888.01,139.9,8960,4,59,0,0,239.7,498.6,12.8
55,SAI,Ferrari,47,69.446,3890.88,141.0,9014,4,63,0,0,239.6,495.7,12.8
55,SAI,Ferrari,47,69.533,3894.31,141.9,9065,4,65,0,0,239.5,492.2,12.8
55,SAI,Ferrari,47,69.726,3902.08,144.0,9178,4,71,0,0,239.7,483.6,12.8
55,SAI,Ferrari,47,69.734,3902.41,144.6,9220,4,72,0,0,239.7,483.3,12.8
55,SAI,Ferrari,47,69.886,3908.97,155.0,10018,4,82,0,0,240.2,476.9,12.7
55,SAI,Ferrari,47,69.934,3911.14,157.0,10151,4,84,0,0,240.4,474.8,12.7
55,SAI,Ferrari,47,70.134,3920.7,165.5,10705,4,93,0,0,241.5,466.1,12.7
55,SAI,Ferrari,47,70.286,3928.08,172.0,11126,4,99,0,0,242.4,460.1,12.7
55,SAI,Ferrari,47,70.434,3935.16,172.0,11411,4,100,0,0,243.7,453.1,12.6
55,SAI,Ferrari,47,70.446,3935.72,172.0,11434,4,100,0,0,243.8,452.4,12.6
55,SAI,Ferrari,47,70.646,3945.28,172.0,11366,4,100,0,0,247.0,438.7,12.6
55,SAI,Ferrari,47,70.714,3948.8,177.8,11201,4,100,0,0,248.0,434.7,12.6
55,SAI,Ferrari,47,70.926,3960.52,196.0,10685,4,100,0,0,250.0,426.7,12.7
55,SAI,Ferrari,47,71.074,3968.82,201.6,10830,4,100,0,0,251.6,421.0,12.7
55,SAI,Ferrari,47,71.086,3969.5,202.0,10842,5,100,0,0,251.8,420.4,12.7
55,SAI,Ferrari,47,71.194,3975.7,205.2,11026,5,100,0,0,253.5,414.5,12.7
55,SAI,Ferrari,47,71.326,3983.44,209.0,11250,5,100,0,0,255.6,407.3,12.7
55,SAI,Ferrari,47,71.414,3988.69,211.5,11350,5,100,0,0,257.0,402.4,12.7
55,SAI,Ferrari,47,71.594,3999.62,216.5,11556,5,100,0,0,260.0,392.1,12.7
55,SAI,Ferrari,47,71.646,4002.81,218.0,11615,5,100,0,0,260.9,389.1,12.7
55,SAI,Ferrari,47,71.794,4011.96,221.7,11708,5,100,0,0,263.4,380.4,12.7
55,SAI,Ferrari,47,71.886,4017.75,224.0,11766,5,100,0,0,265.0,374.8,12.7
55,SAI,Ferrari,47,72.094,4031.27,230.2,11281,5,100,0,0,268.4,362.4,12.7
55,SAI,Ferrari,47,72.286,4043.97,236.0,10834,6,100,0,0,271.4,351.4,12.8
55,SAI,Ferrari,47,72.334,4047.13,236.3,10872,6,100,0,0,272.4,347.4,12.8
55,SAI,Ferrari,47,72.534,4060.34,237.8,11030,6,100,0,0,277.7,326.9,12.8
55,SAI,Ferrari,47,72.566,4062.48,238.0,11055,6,100,0,0,278.2,324.8,12.8
55,SAI,Ferrari,47,72.794,4078.09,244.3,11286,6,100,0,0,280.0,317.7,12.8
55,SAI,Ferrari,47,72.926,4087.28,248.0,11419,6,100,0,0,282.1,309.2,12.8
55,SAI,Ferrari,47,72.994,4092.04,249.4,11458,6,100,0,0,283.4,304.3,12.8
55,SAI,Ferrari,47,73.166,4104.15,253.0,11557,6,100,0,0,286.4,292.4,12.8
55,SAI,Ferrari,47,73.233,4108.9,254.3,11644,6,100,0,0,287.5,288.0,12.8
55,SAI,Ferrari,47,73.326,4115.52,256.0,11765,6,100,0,0,289.0,281.9,12.8
55,SAI,Ferrari,47,73.553,4131.85,258.8,11125,6,100,0,0,293.2,265.9,12.8
55,SAI,Ferrari,47,73.566,4132.79,259.0,11088,6,100,0,0,293.5,264.8,12.8
55,SAI,Ferrari,47,73.773,4147.96,262.5,10831,6,100,0,0,298.3,246.3,12.8
55,SAI,Ferrari,47,73.925,4159.22,265.0,10643,7,100,0,0,300.9,236.4,12.8
55,SAI,Ferrari,47,74.133,4174.75,268.5,10789,7,100,0,0,303.9,224.8,12.8
55,SAI,Ferrari,47,74.165,4177.15,269.0,10811,7,100,0,0,304.5,222.6,12.8
55,SAI,Ferrari,47,74.253,4183.76,269.9,10833,7,100,0,0,306.2,216.1,12.8
55,SAI,Ferrari,47,74.365,4192.21,271.0,10860,7,100,0,0,308.4,207.9,12.8
55,SAI,Ferrari,47,74.493,4201.94,273.4,10946,7,100,0,0,310.8,198.6,12.8
55,SAI,Ferrari,47,74.525,4204.38,274.0,10968,7,100,0,0,311.4,196.3,12.8
55,SAI,Ferrari,47,74.753,4221.95,276.2,11066,7,100,0,0,315.9,179.4,12.8
55,SAI,Ferrari,47,74.913,4234.39,277.7,11134,7,100,0,0,319.0,167.5,12.8
55,SAI,Ferrari,47,75.045,4244.68,279.0,11191,7,100,0,0,321.5,157.6,12.9
55,SAI,Ferrari,47,75.133,4251.56,279.8,11227,7,100,0,0,323.1,151.0,12.9
55,SAI,Ferrari,47,75.313,4265.66,281.5,11300,7,100,0,0,326.3,137.6,12.9
55,SAI,Ferrari,47,75.366,4269.83,282.0,11321,7,100,0,0,327.2,133.5,12.9
55,SAI,Ferrari,47,75.573,4286.21,284.6,11401,7,100,0,0,330.7,117.7,12.9
55,SAI,Ferrari,47,75.606,4288.83,285.0,11414,7,100,0,0,331.1,115.5,12.9
55,SAI,Ferrari,47,75.813,4305.27,285.9,11521,7,100,0,0,333.4,103.1,12.9
55,SAI,Ferrari,47,75.846,4307.9,286.0,11538,7,100,0,0,333.8,100.8,13.0
55,SAI,Ferrari,47,75.911,4313.08,286.7,11533,7,100,0,0,334.6,95.9,13.1
11,PER,Red Bull Racing,70,0.0,0.03,282.8,11231,7,100,0,0,335.2,92.6,13.4
11,PER,Red Bull Racing,70,0.043,3.42,282.9,11247,7,100,0,0,335.7,89.3,13.4
11,PER,Red Bull Racing,70,0.06,4.77,283.0,11254,7,100,0,0,335.9,88.0,13.4
11,PER,Red Bull Racing,70,0.22,17.43,285.0,11229,7,100,0,0,337.4,76.5,13.2
11,PER,Red Bull Racing,70,0.443,35.12,285.7,11306,7,100,0,0,338.7,61.0,12.8
11,PER,Red Bull Racing,70,0.54,42.86,286.0,11339,7,100,0,0,339.1,53.7,12.8
11,PER,Red Bull Racing,70,0.643,51.1,287.0,11359,7,100,0,0,339.4,45.1,12.8
11,PER,Red Bull Racing,70,0.861,68.62,289.0,11402,7,100,0,0,339.4,23.2,12.8
11,PER,Red Bull Racing,70,0.883,70.4,289.1,11406,7,100,0,0,339.3,21.1,12.8
11,PER,Red Bull Racing,70,1.101,87.96,290.0,11448,7,100,0,0,338.3,2.1,12.8
11,PER,Red Bull Racing,70,1.282,102.58,290.9,11462,7,100,0,0,337.2,-11.0,12.9
11,PER,Red Bull Racing,70,1.301,104.12,291.0,11463,7,100,0,0,337.1,-12.3,12.9
11,PER,Red Bull Racing,70,1.581,126.76,291.0,11487,7,100,0,0,335.2,-30.3,13.0
11,PER,Red Bull Racing,70,1.602,128.42,289.8,11478,7,93,0,0,335.0,-31.9,13.0
11,PER,Red Bull Racing,70,1.823,145.34,276.6,11388,7,24,0,0,332.8,-51.0,13.1
11,PER,Red Bull Racing,70,1.901,150.94,272.0,11356,7,0,1,0,332.1,-57.0,13.1
11,PER,Red Bull Racing,70,1.983,156.57,262.7,11087,7,0,1,0,331.4,-62.9,13.1
11,PER,Red Bull Racing,70,2.261,174.04,231.0,10173,7,0,1,0,329.4,-81.5,13.2
11,PER,Red Bull Racing,70,2.363,180.04,217.6,10081,7,0,1,0,328.9,-87.4,13.2
11,PER,Red Bull Racing,70,2.421,183.37,210.0,10029,7,0,1,0,328.6,-90.5,13.2
11,PER,Red Bull Racing,70,2.563,191.23,201.4,10398,7,0,1,0,328.2,-97.7,13.3
11,PER,Red Bull Racing,70,2.701,198.38,193.0,10757,5,0,1,0,328.1,-104.9,13.4
11,PER,Red Bull Racing,70,2.703,198.48,192.8,10750,5,0,1,0,328.1,-105.0,13.4
11,PER,Red Bull Racing,70,2.901,207.88,171.0,10031,4,0,1,0,328.9,-118.6,13.3
11,PER,Red Bull Racing,70,2.983,211.7,168.9,9924,4,0,1,0,329.3,-123.4,13.3
11,PER,Red Bull Racing,70,3.06,215.26,167.0,9823,4,0,1,0,329.7,-126.7,13.3
11,PER,Red Bull Racing,70,3.26,224.14,160.0,9221,4,0,1,0,330.9,-131.0,13.3
11,PER,Red Bull Racing,70,3.363,228.48,156.3,9079,4,0,1,0,332.0,-133.8,13.3
11,PER,Red Bull Racing,70,3.523,234.95,150.5,8859,4,0,1,0,334.4,-139.7,13.3
11,PER,Red Bull Racing,70,3.62,238.84,147.0,8725,4,0,1,0,336.3,-143.1,13.3
11,PER,Red Bull Racing,70,3.683,241.38,146.2,8628,4,2,1,0,337.7,-145.2,13.3
11,PER,Red Bull Racing,70,3.86,248.44,144.0,8357,4,9,0,0,342.1,-150.7,13.4
11,PER,Red Bull Racing,70,3.883,249.34,143.6,8371,4,12,0,0,342.7,-151.4,13.4
11,PER,Red Bull Racing,70,4.143,259.27,138.7,8529,4,41,0,0,350.1,-158.4,13.4
11,PER,Red Bull Racing,70,4.18,260.71,138.0,8552,4,45,0,0,351.2,-159.3,13.4
11,PER,Red Bull Racing,70,4.343,267.2,139.1,8293,4,28,0,0,356.5,-163.1,13.5
11,PER,Red Bull Racing,70,4.62,277.94,141.0,7853,4,0,1,0,366.0,-168.7,13.5
11,PER,Red Bull Racing,70,4.623,278.05,140.8,7856,4,0,1,0,366.1,-168.8,13.5
11,PER,Red Bull Racing,70,4.843,285.2,125.8,8048,4,0,1,0,375.6,-173.9,13.5
11,PER,Red Bull Racing,70,5.06,291.51,111.0,8238,3,0,1,0,379.7,-176.5,13.5
11,PER,Red Bull Racing,70,5.123,293.29,108.3,7866,3,0,1,0,380.7,-177.3,13.5
11,PER,Red Bull Racing,70,5.34,299.21,99.0,6586,3,0,1,0,384.9,-181.3,13.5
11,PER,Red Bull Racing,70,5.403,300.87,97.4,6496,3,0,1,0,385.9,-182.6,13.5
11,PER,Red Bull Racing,70,5.603,305.92,92.4,6210,3,1,1,0,388.0,-187.0,13.5
11,PER,Red Bull Racing,70,5.66,307.3,91.0,6128,3,1,0,0,388.3,-188.6,13.5
11,PER,Red Bull Racing,70,5.863,312.01,85.9,5936,3,0,0,0,388.8,-194.7,13.6
11,PER,Red Bull Racing,70,6.02,315.5,82.0,5788,3,0,0,0,388.5,-198.0,13.6
11,PER,Red Bull Racing,70,6.183,319.04,79.7,5792,3,5,0,0,387.8,-200.8,13.6
11,PER,Red Bull Racing,70,6.3,321.57,78.0,5795,3,9,0,0,387.2,-203.2,13.7
11,PER,Red Bull Racing,70,6.383,323.37,78.0,5888,3,14,0,0,386.5,-205.1,13.7
11,PER,Red Bull Racing,70,6.62,328.5,78.0,6155,3,29,0,0,383.2,-211.9,13.8
11,PER,Red Bull Racing,70,6.703,330.28,78.0,6186,3,30,0,0,382.2,-213.8,13.9
11,PER,Red Bull Racing,70,6.78,331.97,78.0,6214,3,31,0,0,381.5,-215.1,14.0
11,PER,Red Bull Racing,70,7.023,337.75,84.9,6582,3,42,0,0,379.4,-217.5,14.1
11,PER,Red Bull Racing,70,7.06,338.66,86.0,6638,3,44,0,0,378.9,-218.0,14.1
11,PER,Red Bull Racing,70,7.341,345.68,90.0,7073,3,50,0,0,373.4,-222.3,14.2
11,PER,Red Bull Racing,70,7.343,345.73,90.1,7076,3,50,0,0,373.4,-222.3,14.2
11,PER,Red Bull Racing,70,7.563,352.08,98.3,7459,3,57,0,0,368.1,-224.7,14.3
11,PER,Red Bull Racing,70,7.703,356.25,103.6,7703,3,61,0,0,364.3,-225.8,14.4
11,PER,Red Bull Racing,70,7.741,357.35,105.0,7769,3,62,0,0,363.3,-226.0,14.4
11,PER,Red Bull Racing,70,7.882,361.35,105.0,8398,3,73,0,0,359.0,-226.6,14.6
11,PER,Red Bull Racing,70,7.981,364.35,105.0,8840,3,80,0,0,354.1,-227.0,14.8
11,PER,Red Bull Racing,70,8.102,368.46,114.8,9285,3,84,0,0,347.7,-227.3,15.0
11,PER,Red Bull Racing,70,8.301,375.99,131.0,10017,3,90,0,0,341.6,-227.4,15.3
11,PER,Red Bull Racing,70,8.503,384.04,140.5,10858,3,96,0,0,336.6,-227.1,15.5
11,PER,Red Bull Racing,70,8.621,388.97,146.0,11349,3,100,0,0,332.0,-226.8,15.7
11,PER,Red Bull Racing,70,8.743,394.27,150.7,11513,3,100,0,0,326.9,-226.4,15.9
11,PER,Red Bull Racing,70,8.903,401.46,157.0,11727,3,100,0,0,320.1,-225.5,16.2
11,PER,Red Bull Racing,70,8.981,404.97,160.0,11832,3,100,0,0,315.1,-224.6,16.4
11,PER,Red Bull Racing,70,9.123,411.35,162.0,11237,3,100,0,0,305.0,-222.4,16.7
11,PER,Red Bull Racing,70,9.261,417.73,164.0,10659,4,100,0,0,298.2,-220.8,16.9
11,PER,Red Bull Racing,70,9.461,427.56,177.0,11039,4,100,0,0,293.0,-219.2,17.1
11,PER,Red Bull Racing,70,9.603,435.01,183.4,11053,4,100,0,0,288.6,-217.7,17.2
11,PER,Red Bull Racing,70,9.803,446.01,192.4,11072,4,100,0,0,278.8,-214.5,17.3
11,PER,Red Bull Racing,70,9.86,449.17,195.0,11078,4,100,0,0,274.0,-212.9,17.4
11,PER,Red Bull Racing,70,10.003,457.16,200.0,10757,4,100,0,0,261.0,-208.3,17.7
11,PER,Red Bull Racing,70,10.06,460.39,202.0,10629,5,100,0,0,257.6,-207.1,17.8
11,PER,Red Bull Racing,70,10.22,469.64,208.0,10825,5,100,0,0,253.9,-205.9,17.8
11,PER,Red Bull Racing,70,10.363,478.13,212.1,11020,5,100,0,0,249.1,-203.6,17.8
11,PER,Red Bull Racing,70,10.5,486.44,216.0,11206,5,100,0,0,239.4,-198.7,17.8
11,PER,Red Bull Racing,70,10.683,497.73,220.6,11363,5,100,0,0,225.4,-191.6,17.8
11,PER,Red Bull Racing,70,10.82,506.35,224.0,11481,5,100,0,0,220.8,-189.0,17.8
11,PER,Red Bull Racing,70,10.963,515.5,227.2,11161,5,100,0,0,216.8,-186.4,17.8
11,PER,Red Bull Racing,70,11.143,527.2,231.3,10759,5,100,0,0,207.1,-180.2,17.7
11,PER,Red Bull Racing,70,11.22,532.24,233.0,10587,5,100,0,0,202.8,-177.3,17.7
11,PER,Red Bull Racing,70,11.46,548.1,238.0,10727,6,100,0,0,190.0,-168.3,17.6
11,PER,Red Bull Racing,70,11.523,552.33,239.4,10787,6,100,0,0,186.6,-165.9,17.6
11,PER,Red Bull Racing,70,11.623,559.11,241.5,10881,6,100,0,0,181.2,-162.0,17.6
11,PER,Red Bull Racing,70,11.74,567.08,244.0,10992,6,100,0,0,175.2,-157.5,17.6
11,PER,Red Bull Racing,70,11.9,578.06,247.0,11055,6,100,0,0,166.4,-150.8,17.6
11,PER,Red Bull Racing,70,11.923,579.65,247.3,11067,6,100,0,0,165.0,-149.7,17.6
11,PER,Red Bull Racing,70,12.163,596.46,250.6,11195,6,100,0,0,148.7,-136.7,17.6
11,PER,Red Bull Racing,70,12.34,608.98,253.0,11290,6,100,0,0,141.3,-130.7,17.6
11,PER,Red Bull Racing,70,12.463,617.71,254.5,11380,6,49,0,0,134.8,-125.4,17.6
11,PER,Red Bull Racing,70,12.58,626.05,256.0,11466,6,0,1,0,125.1,-117.6,17.6
11,PER,Red Bull Racing,70,12.683,633.4,254.1,11015,6,0,1,0,116.8,-110.9,17.6
11,PER,Red Bull Racing,70,12.74,637.29,253.0,10766,6,0,1,0,113.3,-108.1,17.6
11,PER,Red Bull Racing,70,12.843,643.79,240.1,10541,6,0,1,0,108.4,-104.0,17.6
11,PER,Red Bull Racing,70,13.063,655.61,212.6,10059,6,0,1,0,98.3,-95.1,17.6
11,PER,Red Bull Racing,70,13.18,661.49,198.0,9803,6,0,1,0,93.7,-90.5,17.6
11,PER,Red Bull Racing,70,13.303,667.51,187.0,9935,6,0,1,0,89.4,-85.8,17.5
11,PER,Red Bull Racing,70,13.46,674.95,173.0,10103,5,0,1,0,84.7,-79.9,17.4
11,PER,Red Bull Racing,70,13.543,678.76,169.6,9849,5,0,1,0,82.5,-76.9,17.4
11,PER,Red Bull Racing,70,13.763,688.45,160.7,9175,5,0,1,0,77.7,-68.8,17.2
11,PER,Red Bull Racing,70,13.78,689.17,160.0,9123,4,0,1,0,77.4,-67.9,17.2
11,PER,Red Bull Racing,70,13.943,695.95,151.1,8504,4,0,1,0,74.5,-58.4,17.0
11,PER,Red Bull Racing,70,13.981,697.49,149.0,8360,4,0,1,0,74.1,-56.8,17.0
11,PER,Red Bull Racing,70,14.141,703.85,143.0,8413,4,2,1,0,73.9,-53.1,16.9
11,PER,Red Bull Racing,70,14.243,707.8,140.9,8316,4,3,1,0,74.2,-50.6,16.8
11,PER,Red Bull Racing,70,14.381,713.05,138.0,8184,4,4,0,0,74.8,-45.5,16.7
11,PER,Red Bull Racing,70,14.522,718.35,136.5,8380,4,29,0,0,75.6,-39.5,16.5
11,PER,Red Bull Racing,70,14.661,723.55,135.0,8573,4,53,0,0,76.4,-34.2,16.4
11,PER,Red Bull Racing,70,14.802,728.82,135.9,8574,4,53,0,0,76.9,-28.8,16.3
11,PER,Red Bull Racing,70,14.981,735.72,137.0,8576,4,53,0,0,76.9,-21.4,16.0
11,PER,Red Bull Racing,70,14.983,735.8,137.1,8583,4,53,0,0,76.9,-21.3,16.0
11,PER,Red Bull Racing,70,15.141,742.3,148.0,9136,4,63,0,0,76.5,-14.9,15.8
11,PER,Red Bull Racing,70,15.243,746.57,149.9,9040,4,52,0,0,75.9,-10.7,15.6
11,PER,Red Bull Racing,70,15.301,749.01,151.0,8986,4,45,0,0,75.5,-8.3,15.5
11,PER,Red Bull Racing,70,15.403,753.31,151.4,9039,4,44,0,0,74.6,-4.2,15.3
11,PER,Red Bull Racing,70,15.563,760.07,151.9,9122,4,41,0,0,73.1,1.3,15.0
11,PER,Red Bull Racing,70,15.581,760.84,152.0,9131,4,41,0,0,72.8,2.1,15.0
11,PER,Red Bull Racing,70,15.843,772.03,153.9,9244,4,65,0,0,65.9,15.6,14.3
11,PER,Red Bull Racing,70,15.861,772.81,154.0,9252,4,67,0,0,65.4,16.4,14.3
11,PER,Red Bull Racing,70,16.141,785.34,161.0,10283,4,100,0,0,58.2,26.1,13.9
11,PER,Red Bull Racing,70,16.263,791.03,167.1,10461,4,100,0,0,55.3,29.6,13.8
11,PER,Red Bull Racing,70,16.301,792.85,169.0,10517,4,100,0,0,54.4,30.7,13.8
11,PER,Red Bull Racing,70,16.54,804.73,179.0,11004,4,100,0,0,48.6,38.0,13.5
11,PER,Red Bull Racing,70,16.543,804.88,179.1,11013,4,100,0,0,48.5,38.1,13.5
11,PER,Red Bull Racing,70,16.743,815.35,186.0,11587,4,100,0,0,42.1,46.1,13.3
11,PER,Red Bull Racing,70,16.86,821.62,190.0,11923,4,100,0,0,38.2,50.9,13.2
11,PER,Red Bull Racing,70,17.02,830.33,196.0,11923,4,100,0,0,32.8,57.5,13.1
11,PER,Red Bull Racing,70,17.063,832.71,197.3,11672,4,100,0,0,31.3,59.3,13.1
11,PER,Red Bull Racing,70,17.223,841.74,201.9,10739,4,100,0,0,25.6,66.2,13.0
11,PER,Red Bull Racing,70,17.26,843.86,203.0,10523,5,100,0,0,24.4,67.7,13.0
11,PER,Red Bull Racing,70,17.483,856.92,210.4,10993,5,100,0,0,15.9,77.4,12.9
11,PER,Red Bull Racing,70,17.5,857.93,211.0,11029,5,100,0,0,14.8,78.6,12.9
11,PER,Red Bull Racing,70,17.663,867.76,215.8,11152,5,100,0,0,2.6,91.0,13.0
11,PER,Red Bull Racing,70,17.74,872.46,218.0,11210,5,100,0,0,-1.2,94.8,13.0
11,PER,Red Bull Racing,70,17.94,884.85,223.0,11499,5,100,0,0,-5.1,98.1,13.0
11,PER,Red Bull Racing,70,18.023,890.09,225.1,11602,5,100,0,0,-7.5,100.0,13.0
11,PER,Red Bull Racing,70,18.22,902.74,230.0,11845,5,100,0,0,-17.1,107.9,13.0
11,PER,Red Bull Racing,70,18.223,902.94,230.1,11835,5,100,0,0,-17.3,108.1,13.0
11,PER,Red Bull Racing,70,18.523,922.68,236.6,10791,5,100,0,0,-37.8,124.3,13.0
11,PER,Red Bull Racing,70,18.54,923.81,237.0,10732,5,100,0,0,-38.6,124.9,13.0
11,PER,Red Bull Racing,70,18.763,938.73,240.7,10935,5,100,0,0,-45.1,130.2,13.1
11,PER,Red Bull Racing,70,18.78,939.87,241.0,10950,6,100,0,0,-45.7,130.8,13.1
11,PER,Red Bull Racing,70,19.02,956.21,245.0,11062,6,100,0,0,-57.8,142.0,13.1
11,PER,Red Bull Racing,70,19.023,956.41,245.1,11064,6,100,0,0,-57.9,142.1,13.1
11,PER,Red Bull Racing,70,19.22,970.04,249.0,11196,6,100,0,0,-66.4,152.1,13.1
11,PER,Red Bull Racing,70,19.223,970.25,249.0,11198,6,100,0,0,-66.5,152.3,13.1
11,PER,Red Bull Racing,70,19.5,989.64,252.0,11348,6,100,0,0,-77.8,172.8,13.0
11,PER,Red Bull Racing,70,19.523,991.26,252.3,11353,6,100,0,0,-78.5,174.3,13.0
11,PER,Red Bull Racing,70,19.74,1006.64,255.0,11404,6,100,0,0,-83.1,185.3,13.0
11,PER,Red Bull Racing,70,19.823,1012.53,255.5,11453,6,100,0,0,-84.7,190.4,13.0
11,PER,Red Bull Racing,70,19.9,1018.02,256.0,11499,6,100,0,0,-86.5,196.3,13.0
11,PER,Red Bull Racing,70,20.143,1035.52,258.2,11572,6,100,0,0,-92.1,217.8,13.0
11,PER,Red Bull Racing,70,20.34,1049.8,260.0,11632,6,100,0,0,-93.8,228.6,13.1
11,PER,Red Bull Racing,70,20.563,1065.96,260.9,10503,6,100,0,0,-94.1,239.5,13.1
11,PER,Red Bull Racing,70,20.581,1067.27,261.0,10412,7,100,0,0,-94.1,240.7,13.1
11,PER,Red Bull Racing,70,20.763,1080.61,263.7,10563,7,100,0,0,-94.4,254.2,13.0
11,PER,Red Bull Racing,70,20.781,1081.94,264.0,10578,7,100,0,0,-94.4,255.5,13.0
11,PER,Red Bull Racing,70,20.943,1093.93,266.0,10583,7,100,0,0,-94.2,267.5,12.9
11,PER,Red Bull Racing,70,21.021,1099.74,267.0,10585,7,100,0,0,-94.0,275.3,12.9
11,PER,Red Bull Racing,70,21.182,1111.78,268.3,10674,7,100,0,0,-93.4,292.8,13.1
11,PER,Red Bull Racing,70,21.261,1117.67,269.0,10717,7,100,0,0,-93.2,299.2,13.1
11,PER,Red Bull Racing,70,21.461,1132.28,263.0,10235,7,0,0,0,-92.7,309.3,13.2
11,PER,Red Bull Racing,70,21.583,1140.66,253.9,9912,7,0,0,0,-92.2,316.0,13.2
11,PER,Red Bull Racing,70,21.703,1148.48,244.9,9594,7,0,0,0,-91.6,323.9,13.3
11,PER,Red Bull Racing,70,21.821,1155.88,236.0,9282,7,0,1,0,-91.2,331.6,13.5
11,PER,Red Bull Racing,70,21.863,1158.45,231.0,9429,7,0,1,0,-91.1,334.3,13.6
11,PER,Red Bull Racing,70,22.021,1167.66,212.0,9982,6,0,1,0,-91.3,343.9,13.8
11,PER,Red Bull Racing,70,22.123,1173.0,200.1,9884,6,0,1,0,-91.7,349.6,13.9
11,PER,Red Bull Racing,70,22.261,1179.92,184.0,9752,6,0,1,0,-92.5,356.8,14.0
11,PER,Red Bull Racing,70,22.283,1181.06,184.0,9758,6,0,1,0,-92.7,357.9,14.0
11,PER,Red Bull Racing,70,22.461,1190.15,184.0,9806,6,0,1,0,-94.5,366.4,14.1
11,PER,Red Bull Racing,70,22.523,1192.91,175.6,9799,6,0,1,0,-95.3,369.1,14.1
11,PER,Red Bull Racing,70,22.743,1200.99,145.6,9772,6,0,1,0,-98.4,377.2,14.2
11,PER,Red Bull Racing,70,22.821,1203.65,135.0,9763,4,0,1,0,-99.6,379.8,14.3
11,PER,Red Bull Racing,70,22.883,1205.74,132.6,9543,4,0,1,0,-100.7,381.7,14.4
11,PER,Red Bull Racing,70,23.203,1216.24,120.2,8409,4,0,1,0,-107.3,390.0,14.7
11,PER,Red Bull Racing,70,23.26,1218.04,118.0,8207,3,0,1,0,-108.6,391.2,14.7
11,PER,Red Bull Racing,70,23.363,1221.22,114.8,7912,3,0,1,0,-111.1,393.1,14.8
11,PER,Red Bull Racing,70,23.58,1227.64,108.0,7291,3,0,0,0,-116.4,396.1,14.9
11,PER,Red Bull Racing,70,23.623,1228.85,105.8,7269,3,0,0,0,-118.0,396.6,14.9
11,PER,Red Bull Racing,70,23.74,1232.08,100.0,7210,3,0,0,0,-123.9,397.8,15.0
11,PER,Red Bull Racing,70,23.803,1233.81,99.6,7288,3,6,0,0,-126.8,398.3,15.0
11,PER,Red Bull Racing,70,23.9,1236.48,99.0,7407,3,14,0,0,-129.9,398.7,15.0
11,PER,Red Bull Racing,70,24.22,1245.28,99.0,7801,3,39,0,0,-134.7,398.3,15.2
11,PER,Red Bull Racing,70,24.223,1245.36,99.0,7801,3,39,0,0,-134.8,398.3,15.2
11,PER,Red Bull Racing,70,24.423,1251.01,101.5,7774,3,51,0,0,-140.6,397.8,15.3
11,PER,Red Bull Racing,70,24.46,1252.08,102.0,7769,3,53,0,0,-141.0,397.8,15.3
11,PER,Red Bull Racing,70,24.643,1257.56,107.5,8250,3,64,0,0,-142.8,397.7,15.3
11,PER,Red Bull Racing,70,24.66,1258.08,108.0,8295,3,65,0,0,-143.7,397.6,15.3
11,PER,Red Bull Racing,70,24.763,1261.3,111.9,8684,3,71,0,0,-151.0,397.1,15.5
11,PER,Red Bull Racing,70,24.82,1263.15,114.0,8899,3,74,0,0,-154.2,396.9,15.6
11,PER,Red Bull Racing,70,25.18,1276.05,129.0,8759,3,67,0,0,-161.0,397.1,15.7
11,PER,Red Bull Racing,70,25.223,1277.65,130.3,8682,3,64,0,0,-162.1,397.3,15.7
11,PER,Red Bull Racing,70,25.38,1283.55,135.0,8399,3,55,0,0,-167.8,398.1,15.8
11,PER,Red Bull Racing,70,25.423,1285.19,135.8,8492,3,58,0,0,-169.4,398.4,15.8
11,PER,Red Bull Racing,70,25.66,1294.44,140.0,9004,4,74,0,0,-177.8,401.3,16.0
11,PER,Red Bull Racing,70,25.683,1295.35,140.5,9028,4,75,0,0,-178.6,401.7,16.0
11,PER,Red Bull Racing,70,25.803,1300.17,142.9,9151,4,77,0,0,-182.8,403.9,16.0
11,PER,Red Bull Racing,70,26.06,1310.88,148.0,9415,4,83,0,0,-191.5,410.2,16.2
11,PER,Red Bull Racing,70,26.083,1311.87,149.0,9471,4,84,0,0,-192.2,410.8,16.2
11,PER,Red Bull Racing,70,26.303,1321.63,158.4,10002,4,89,0,0,-199.0,417.6,16.3
11,PER,Red Bull Racing,70,26.34,1323.32,160.0,10091,4,90,0,0,-200.5,419.5,16.3
11,PER,Red Bull Racing,70,26.523,1331.9,166.3,10498,4,96,0,0,-208.5,430.2,16.4
11,PER,Red Bull Racing,70,26.66,1338.52,171.0,10803,4,100,0,0,-211.4,434.5,16.4
11,PER,Red Bull Racing,70,26.82,1346.48,179.0,10757,4,100,0,0,-213.0,437.9,16.4
11,PER,Red Bull Racing,70,26.843,1347.65,179.9,10805,4,100,0,0,-213.4,438.7,16.4
11,PER,Red Bull Racing,70,27.021,1356.92,187.0,11177,4,100,0,0,-217.2,447.0,16.5
11,PER,Red Bull Racing,70,27.023,1357.03,187.1,11181,4,100,0,0,-217.2,447.1,16.5
11,PER,Red Bull Racing,70,27.203,1366.75,192.8,11536,4,100,0,0,-220.5,456.1,16.5
11,PER,Red Bull Racing,70,27.301,1372.17,196.0,11730,4,100,0,0,-222.0,461.2,16.4
11,PER,Red Bull Racing,70,27.363,1375.64,198.2,11385,4,100,0,0,-222.9,464.4,16.4
11,PER,Red Bull Racing,70,27.501,1383.44,203.0,10616,5,100,0,0,-224.5,471.0,16.4
11,PER,Red Bull Racing,70,27.661,1392.6,206.0,10681,5,100,0,0,-226.2,479.1,16.5
11,PER,Red Bull Racing,70,27.762,1398.54,209.2,10808,5,100,0,0,-227.5,486.7,16.5
11,PER,Red Bull Racing,70,27.802,1400.93,210.5,10859,5,100,0,0,-228.1,490.2,16.5
11,PER,Red Bull Racing,70,27.941,1409.32,215.0,11034,5,100,0,0,-229.5,499.6,16.5
11,PER,Red Bull Racing,70,28.103,1419.19,218.4,11319,5,100,0,0,-230.5,508.1,16.5
11,PER,Red Bull Racing,70,28.181,1423.99,220.0,11456,5,100,0,0,-231.1,512.7,16.5
11,PER,Red Bull Racing,70,28.343,1434.09,224.0,11657,5,100,0,0,-232.3,522.8,16.5
11,PER,Red Bull Racing,70,28.381,1436.49,225.0,11704,5,100,0,0,-232.6,525.1,16.5
11,PER,Red Bull Racing,70,28.523,1445.58,228.5,11250,5,100,0,0,-233.6,534.2,16.5
11,PER,Red Bull Racing,70,28.741,1459.89,234.0,10552,6,100,0,0,-235.7,554.3,16.6
11,PER,Red Bull Racing,70,28.763,1461.35,234.5,10576,6,100,0,0,-235.9,556.2,16.6
11,PER,Red Bull Racing,70,29.101,1484.19,243.0,10940,6,100,0,0,-237.8,576.6,16.6
11,PER,Red Bull Racing,70,29.183,1489.77,244.0,10990,6,100,0,0,-238.2,581.5,16.6
11,PER,Red Bull Racing,70,29.341,1500.59,246.0,11087,6,100,0,0,-239.1,592.2,16.5
11,PER,Red Bull Racing,70,29.501,1511.74,251.0,11217,6,100,0,0,-240.0,604.3,16.4
11,PER,Red Bull Racing,70,29.583,1517.52,252.0,11271,6,100,0,0,-240.5,610.5,16.3
11,PER,Red Bull Racing,70,29.82,1534.34,255.0,11427,6,100,0,0,-241.7,628.2,16.2
11,PER,Red Bull Racing,70,29.98,1545.72,256.0,11517,6,100,0,0,-242.4,639.0,16.2
11,PER,Red Bull Racing,70,30.003,1547.36,256.5,11541,6,100,0,0,-242.5,640.4,16.2
11,PER,Red Bull Racing,70,30.18,1560.16,260.0,11724,6,100,0,0,-243.1,650.1,16.1
11,PER,Red Bull Racing,70,30.423,1578.03,263.3,11096,6,100,0,0,-243.7,663.5,16.1
11,PER,Red Bull Racing,70,30.62,1592.67,266.0,10587,7,100,0,0,-244.3,678.0,16.3
11,PER,Red Bull Racing,70,30.623,1592.9,266.0,10588,7,100,0,0,-244.3,678.2,16.3
11,PER,Red Bull Racing,70,30.783,1604.86,267.6,10638,7,100,0,0,-244.6,690.0,16.6
11,PER,Red Bull Racing,70,31.02,1622.67,270.0,10711,7,100,0,0,-244.9,707.8,16.3
11,PER,Red Bull Racing,70,31.023,1622.9,270.0,10713,7,100,0,0,-244.9,708.0,16.3
11,PER,Red Bull Racing,70,31.22,1637.78,272.0,10840,7,100,0,0,-244.9,722.8,16.5
11,PER,Red Bull Racing,70,31.223,1638.01,272.0,10841,7,100,0,0,-244.9,723.0,16.5
11,PER,Red Bull Racing,70,31.383,1650.12,272.7,10887,7,100,0,0,-244.6,735.2,16.4
11,PER,Red Bull Racing,70,31.46,1655.98,273.0,10909,7,100,0,0,-244.4,742.5,16.3
11,PER,Red Bull Racing,70,31.663,1671.58,275.9,10954,7,100,0,0,-243.6,762.7,16.3
11,PER,Red Bull Racing,70,31.74,1677.53,277.0,10971,7,100,0,0,-243.4,767.9,16.3
11,PER,Red Bull Racing,70,31.943,1693.26,278.5,11051,7,100,0,0,-242.7,778.1,16.4
11,PER,Red Bull Racing,70,32.02,1699.23,279.0,11081,7,100,0,0,-242.3,783.3,16.4
11,PER,Red Bull Racing,70,32.223,1714.96,279.0,11118,7,100,0,0,-241.0,799.7,16.5
11,PER,Red Bull Racing,70,32.26,1717.83,279.0,11125,7,100,0,0,-240.7,802.6,16.5
11,PER,Red Bull Racing,70,32.423,1730.52,280.2,11159,7,100,0,0,-239.4,815.2,16.4
11,PER,Red Bull Racing,70,32.54,1739.68,281.0,11184,7,100,0,0,-238.4,824.6,16.4
11,PER,Red Bull Racing,70,32.663,1749.36,282.2,11199,7,100,0,0,-237.3,833.9,16.4
11,PER,Red Bull Racing,70,32.86,1764.93,284.0,11224,7,100,0,0,-235.3,849.1,16.4
11,PER,Red Bull Racing,70,32.863,1765.17,284.0,11224,7,100,0,0,-235.2,849.5,16.4
11,PER,Red Bull Racing,70,33.003,1776.27,284.8,11241,7,100,0,0,-231.9,871.4,16.3
11,PER,Red Bull Racing,70,33.22,1793.53,286.0,11266,7,100,0,0,-229.6,885.5,16.3
11,PER,Red Bull Racing,70,33.38,1806.28,287.0,11332,7,100,0,0,-228.5,890.5,16.4
11,PER,Red Bull Racing,70,33.403,1808.12,287.1,11341,7,100,0,0,-228.2,891.8,16.4
11,PER,Red Bull Racing,70,33.583,1822.53,288.3,11412,7,100,0,0,-225.4,905.9,16.4
11,PER,Red Bull Racing,70,33.701,1832.05,289.0,11458,7,100,0,0,-223.2,915.8,16.4
11,PER,Red Bull Racing,70,33.943,1851.79,289.5,11467,7,100,0,0,-218.6,935.6,16.5
11,PER,Red Bull Racing,70,34.141,1867.5,290.0,11474,7,100,0,0,-215.1,950.3,16.4
11,PER,Red Bull Racing,70,34.222,1873.67,283.9,11349,7,80,0,0,-213.7,956.0,16.4
11,PER,Red Bull Racing,70,34.482,1892.4,264.4,10948,7,15,0,0,-209.0,975.7,16.4
11,PER,Red Bull Racing,70,34.541,1896.39,260.0,10857,7,0,1,0,-207.6,981.7,16.4
11,PER,Red Bull Racing,70,34.723,1908.01,238.4,10020,7,0,1,0,-203.5,1000.6,16.6
11,PER,Red Bull Racing,70,34.861,1916.12,222.0,9386,7,0,1,0,-202.1,1006.9,16.5
11,PER,Red Bull Racing,70,35.023,1924.81,202.3,9709,7,0,1,0,-201.1,1010.7,16.4
11,PER,Red Bull Racing,70,35.141,1930.74,188.0,9944,6,0,1,0,-199.9,1015.6,16.4
11,PER,Red Bull Racing,70,35.283,1937.56,177.9,9787,6,0,1,0,-198.0,1022.6,16.5
11,PER,Red Bull Racing,70,35.421,1943.81,168.0,9634,4,0,1,0,-196.2,1028.6,16.5
11,PER,Red Bull Racing,70,35.463,1945.63,165.2,9477,4,0,1,0,-195.6,1030.3,16.5
11,PER,Red Bull Racing,70,35.623,1952.18,154.5,8879,4,0,1,0,-193.3,1036.5,16.4
11,PER,Red Bull Racing,70,35.781,1958.21,144.0,8288,4,0,1,0,-190.7,1041.9,16.4
11,PER,Red Bull Racing,70,35.843,1960.47,141.2,8160,4,0,1,0,-189.6,1043.8,16.4
11,PER,Red Bull Racing,70,36.063,1968.03,131.2,7707,4,1,1,0,-184.9,1049.6,16.5
11,PER,Red Bull Racing,70,36.221,1973.36,124.0,7381,4,1,0,0,-180.8,1052.7,16.5
11,PER,Red Bull Racing,70,36.263,1974.79,123.5,7334,4,3,0,0,-179.6,1053.4,16.5
11,PER,Red Bull Racing,70,36.381,1978.79,122.0,7202,4,7,0,0,-176.0,1055.0,16.5
11,PER,Red Bull Racing,70,36.62,1986.69,119.0,7329,4,27,0,0,-168.0,1057.3,16.5
11,PER,Red Bull Racing,70,36.643,1987.45,119.1,7349,4,29,0,0,-167.2,1057.5,16.5
11,PER,Red Bull Racing,70,36.78,1992.02,120.0,7469,4,42,0,0,-162.5,1058.5,16.4
11,PER,Red Bull Racing,70,36.803,1992.79,120.4,7517,4,44,0,0,-161.7,1058.7,16.4
11,PER,Red Bull Racing,70,36.903,1996.19,122.1,7725,4,55,0,0,-158.4,1059.6,16.4
11,PER,Red Bull Racing,70,37.02,2000.29,124.0,7969,4,68,0,0,-154.6,1060.8,16.3
11,PER,Red Bull Racing,70,37.083,2002.58,126.3,8057,4,66,0,0,-152.6,1061.6,16.3
11,PER,Red Bull Racing,70,37.303,2010.99,134.2,8363,4,59,0,0,-145.5,1065.0,16.3
11,PER,Red Bull Racing,70,37.38,2013.99,137.0,8470,4,57,0,0,-143.1,1066.4,16.3
11,PER,Red Bull Racing,70,37.623,2023.51,140.8,8879,4,58,0,0,-135.6,1071.5,16.1
11,PER,Red Bull Racing,70,37.7,2026.61,142.0,9008,4,58,0,0,-133.2,1073.5,16.1
11,PER,Red Bull Racing,70,37.803,2030.85,144.8,9179,4,66,0,0,-130.1,1076.2,16.1
11,PER,Red Bull Racing,70,38.063,2041.99,152.0,9610,4,85,0,0,-122.8,1084.1,16.0
11,PER,Red Bull Racing,70,38.1,2043.61,153.0,9671,4,88,0,0,-121.4,1086.1,16.0
11,PER,Red Bull Racing,70,38.243,2049.96,157.6,9937,4,94,0,0,-115.4,1094.9,15.9
11,PER,Red Bull Racing,70,38.38,2056.21,162.0,10191,4,100,0,0,-111.5,1101.6,15.8
11,PER,Red Bull Racing,70,38.58,2065.71,171.0,10806,4,100,0,0,-108.5,1108.8,15.8
11,PER,Red Bull Racing,70,38.663,2069.85,174.7,10946,4,100,0,0,-107.2,1112.2,15.8
11,PER,Red Bull Racing,70,38.94,2084.41,187.0,11413,4,100,0,0,-102.4,1126.2,15.9
11,PER,Red Bull Racing,70,39.103,2093.31,192.3,11478,4,100,0,0,-99.9,1134.3,15.9
11,PER,Red Bull Racing,70,39.34,2106.63,200.0,11573,4,100,0,0,-97.3,1144.0,15.9
11,PER,Red Bull Racing,70,39.563,2119.54,207.0,11163,4,100,0,0,-94.8,1154.0,15.9
11,PER,Red Bull Racing,70,39.66,2125.3,210.0,10985,5,100,0,0,-93.4,1159.5,15.9
11,PER,Red Bull Racing,70,39.723,2129.08,212.4,11030,5,100,0,0,-92.5,1163.2,15.9
11,PER,Red Bull Racing,70,39.9,2139.9,219.0,11155,5,100,0,0,-90.0,1173.5,15.9
11,PER,Red Bull Racing,70,39.903,2140.08,219.1,11162,5,100,0,0,-90.0,1173.7,15.9
11,PER,Red Bull Racing,70,40.1,2152.34,224.0,11616,5,100,0,0,-87.2,1185.4,15.9
11,PER,Red Bull Racing,70,40.103,2152.53,224.1,11617,5,100,0,0,-87.1,1185.6,15.9
11,PER,Red Bull Racing,70,40.301,2165.13,229.0,11696,5,100,0,0,-83.2,1202.0,15.9
11,PER,Red Bull Racing,70,40.363,2169.1,229.7,11523,5,100,0,0,-82.1,1206.5,15.9
11,PER,Red Bull Racing,70,40.661,2188.43,233.0,10694,6,100,0,0,-79.4,1219.2,15.8
11,PER,Red Bull Racing,70,40.762,2195.16,236.2,10783,6,100,0,0,-78.4,1224.3,15.8
11,PER,Red Bull Racing,70,40.862,2201.9,239.5,10871,6,100,0,0,-77.1,1230.8,15.9
11,PER,Red Bull Racing,70,40.941,2207.25,242.0,10941,6,100,0,0,-76.1,1236.0,15.9
11,PER,Red Bull Racing,70,41.181,2223.58,245.0,11096,6,100,0,0,-73.2,1252.0,15.9
11,PER,Red Bull Racing,70,41.182,2223.65,245.0,11097,6,100,0,0,-73.2,1252.1,15.9
11,PER,Red Bull Racing,70,41.341,2234.56,247.0,11191,6,100,0,0,-71.2,1264.1,15.8
11,PER,Red Bull Racing,70,41.343,2234.7,247.1,11192,6,100,0,0,-71.2,1264.3,15.8
11,PER,Red Bull Racing,70,41.541,2248.62,253.0,11327,6,100,0,0,-68.1,1283.5,15.8
11,PER,Red Bull Racing,70,41.643,2255.86,254.5,11396,6,100,0,0,-66.7,1292.1,15.9
11,PER,Red Bull Racing,70,41.821,2268.61,257.0,11516,6,100,0,0,-65.3,1301.3,16.0
11,PER,Red Bull Racing,70,42.021,2283.05,260.0,11605,6,100,0,0,-64.0,1310.5,15.9
11,PER,Red Bull Racing,70,42.023,2283.19,260.0,11595,6,100,0,0,-64.0,1310.6,15.9
11,PER,Red Bull Racing,70,42.083,2287.54,260.4,11280,6,100,0,0,-63.4,1314.9,15.8
11,PER,Red Bull Racing,70,42.181,2294.65,261.0,10765,6,100,0,0,-62.3,1323.3,15.7
11,PER,Red Bull Racing,70,42.483,2316.93,264.8,10686,6,100,0,0,-58.7,1354.1,15.9
11,PER,Red Bull Racing,70,42.661,2330.25,267.0,10639,7,100,0,0,-57.6,1368.0,15.9
11,PER,Red Bull Racing,70,42.803,2340.95,269.0,10697,7,100,0,0,-57.0,1376.4,15.9
11,PER,Red Bull Racing,70,43.021,2357.45,272.0,10786,7,100,0,0,-56.4,1385.3,15.9
11,PER,Red Bull Racing,70,43.163,2368.2,272.6,10831,7,100,0,0,-56.1,1394.5,15.9
11,PER,Red Bull Racing,70,43.26,2375.57,273.0,10861,7,100,0,0,-55.9,1404.2,15.9
11,PER,Red Bull Racing,70,43.5,2393.97,276.0,10977,7,100,0,0,-55.3,1430.9,15.9
11,PER,Red Bull Racing,70,43.503,2394.21,276.0,10978,7,100,0,0,-55.3,1431.1,15.9
11,PER,Red Bull Racing,70,43.7,2409.42,278.0,11069,7,100,0,0,-55.2,1439.0,15.9
11,PER,Red Bull Racing,70,43.783,2415.86,278.5,11074,7,100,0,0,-55.2,1442.8,15.9
11,PER,Red Bull Racing,70,44.02,2434.31,280.0,11089,7,100,0,0,-55.3,1461.4,15.8
11,PER,Red Bull Racing,70,44.023,2434.54,280.0,11090,7,100,0,0,-55.3,1461.6,15.8
11,PER,Red Bull Racing,70,44.3,2456.16,281.0,11137,7,100,0,0,-56.2,1483.1,15.8
11,PER,Red Bull Racing,70,44.303,2456.4,281.0,11138,7,100,0,0,-56.2,1483.4,15.8
11,PER,Red Bull Racing,70,44.523,2473.69,282.9,11228,7,100,0,0,-58.3,1505.1,15.7
11,PER,Red Bull Racing,70,44.54,2475.03,283.0,11235,7,100,0,0,-58.5,1506.4,15.7
11,PER,Red Bull Racing,70,44.783,2494.11,283.0,11261,7,100,0,0,-60.8,1520.6,15.7
11,PER,Red Bull Racing,70,44.94,2506.47,283.0,11277,7,100,0,0,-64.1,1536.2,15.7
11,PER,Red Bull Racing,70,45.1,2519.14,285.0,11213,7,100,0,0,-68.1,1554.3,15.7
11,PER,Red Bull Racing,70,45.163,2524.12,285.0,11224,7,100,0,0,-69.2,1559.4,15.7
11,PER,Red Bull Racing,70,45.26,2531.81,285.0,11241,7,100,0,0,-70.4,1564.8,15.7
11,PER,Red Bull Racing,70,45.42,2544.47,285.0,11175,7,55,1,0,-71.8,1570.6,15.7
11,PER,Red Bull Racing,70,45.443,2546.21,282.2,11115,7,51,1,0,-72.1,1571.8,15.7
11,PER,Red Bull Racing,70,45.74,2566.34,246.0,10337,7,0,1,0,-77.1,1593.1,15.7
11,PER,Red Bull Racing,70,45.743,2566.53,245.6,10329,7,0,1,0,-77.1,1593.3,15.7
11,PER,Red Bull Racing,70,45.94,2578.51,219.0,9777,7,0,1,0,-79.9,1605.6,15.7
11,PER,Red Bull Racing,70,46.003,2582.13,213.0,9845,7,0,1,0,-80.7,1609.2,15.7
11,PER,Red Bull Racing,70,46.083,2586.57,205.3,9931,7,0,1,0,-81.6,1613.6,15.7
11,PER,Red Bull Racing,70,46.18,2591.57,196.0,10036,6,0,1,0,-82.7,1618.8,15.7
11,PER,Red Bull Racing,70,46.403,2601.29,177.6,9846,6,0,1,0,-84.9,1629.8,15.7
11,PER,Red Bull Racing,70,46.583,2607.33,162.8,9693,6,0,1,0,-86.4,1637.7,15.6
11,PER,Red Bull Racing,70,47.261,2623.7,107.0,9116,2,0,1,0,-86.9,1663.0,15.5
11,PER,Red Bull Racing,70,47.402,2627.35,99.4,8575,2,0,1,0,-85.4,1666.7,15.5
11,PER,Red Bull Racing,70,47.541,2630.86,92.0,8041,2,0,1,0,-83.3,1669.7,15.5
11,PER,Red Bull Racing,70,47.701,2634.55,83.0,7061,2,0,1,0,-80.4,1672.3,15.6
11,PER,Red Bull Racing,70,47.802,2636.72,79.5,6881,2,0,1,0,-78.5,1673.6,15.6
11,PER,Red Bull Racing,70,47.901,2638.77,76.0,6705,2,0,1,0,-76.7,1674.5,15.6
11,PER,Red Bull Racing,70,48.141,2643.57,72.0,6145,2,0,1,0,-72.6,1675.7,15.6
11,PER,Red Bull Racing,70,48.263,2645.96,70.5,5649,2,0,1,0,-70.7,1676.0,15.6
11,PER,Red Bull Racing,70,48.301,2646.68,70.0,5495,2,0,1,0,-70.1,1676.0,15.6
11,PER,Red Bull Racing,70,48.661,2652.98,63.0,5189,2,9,0,0,-65.0,1675.5,15.6
11,PER,Red Bull Racing,70,48.663,2653.02,63.0,5193,2,9,0,0,-65.0,1675.5,15.6
11,PER,Red Bull Racing,70,48.883,2656.62,59.3,5649,2,15,0,0,-61.6,1674.1,15.5
11,PER,Red Bull Racing,70,48.901,2656.92,59.0,5686,2,16,0,0,-61.3,1674.0,15.5
11,PER,Red Bull Racing,70,49.083,2660.03,61.0,5785,2,22,0,0,-58.9,1672.3,15.5
11,PER,Red Bull Racing,70,49.143,2661.09,61.7,5817,2,24,0,0,-58.1,1671.6,15.5
11,PER,Red Bull Racing,70,49.261,2663.22,63.0,5881,2,28,0,0,-56.7,1670.2,15.5
11,PER,Red Bull Racing,70,49.323,2664.36,64.3,5978,2,31,0,0,-55.9,1669.3,15.5
11,PER,Red Bull Racing,70,49.501,2667.75,68.0,6258,2,38,0,0,-53.2,1665.2,15.5
11,PER,Red Bull Racing,70,49.643,2670.64,71.0,6718,2,42,0,0,-51.4,1662.2,15.5
11,PER,Red Bull Racing,70,49.781,2673.5,74.0,7166,2,46,0,0,-50.5,1660.6,15.5
11,PER,Red Bull Racing,70,50.02,2678.55,76.0,7352,2,49,0,0,-49.6,1658.4,15.5
11,PER,Red Bull Racing,70,50.023,2678.62,76.2,7366,2,49,0,0,-49.6,1658.4,15.5
11,PER,Red Bull Racing,70,50.26,2684.62,91.0,8494,2,67,0,0,-47.6,1653.1,15.5
11,PER,Red Bull Racing,70,50.283,2685.25,92.0,8609,2,68,0,0,-47.4,1652.6,15.5
11,PER,Red Bull Racing,70,50.563,2693.64,104.6,10013,2,80,0,0,-45.7,1647.2,15.5
11,PER,Red Bull Racing,70,50.66,2696.73,109.0,10499,2,84,0,0,-45.0,1644.5,15.5
11,PER,Red Bull Racing,70,50.783,2700.75,116.7,11069,2,84,0,0,-44.0,1640.6,15.5
11,PER,Red Bull Racing,70,50.82,2702.02,119.0,11241,2,84,0,0,-43.7,1639.4,15.5
11,PER,Red Bull Racing,70,51.063,2711.03,131.9,10816,2,88,0,0,-42.3,1631.2,15.5
11,PER,Red Bull Racing,70,51.14,2714.11,136.0,10681,2,89,0,0,-41.9,1628.3,15.5
11,PER,Red Bull Racing,70,51.203,2716.69,139.8,10787,2,91,0,0,-41.6,1625.9,15.5
11,PER,Red Bull Racing,70,51.42,2726.01,153.0,11154,3,100,0,0,-40.7,1617.1,15.5
11,PER,Red Bull Racing,70,51.483,2728.82,155.8,10959,3,100,0,0,-40.5,1614.4,15.5
11,PER,Red Bull Racing,70,51.683,2738.09,164.5,10340,3,100,0,0,-39.8,1605.5,15.5
11,PER,Red Bull Racing,70,51.74,2740.85,167.0,10163,3,100,0,0,-39.6,1602.9,15.5
11,PER,Red Bull Racing,70,51.923,2750.09,176.2,10522,3,100,0,0,-38.9,1594.3,15.5
11,PER,Red Bull Racing,70,52.1,2759.35,185.0,10870,4,100,0,0,-37.8,1585.5,15.5
11,PER,Red Bull Racing,70,52.183,2763.73,187.4,10818,4,100,0,0,-37.2,1581.3,15.5
11,PER,Red Bull Racing,70,52.283,2769.06,190.3,10755,4,100,0,0,-36.3,1576.1,15.5
11,PER,Red Bull Racing,70,52.34,2772.15,192.0,10719,4,100,0,0,-35.6,1572.9,15.5
11,PER,Red Bull Racing,70,52.5,2780.99,199.0,10427,5,100,0,0,-33.2,1563.1,15.4
11,PER,Red Bull Racing,70,52.623,2787.96,202.6,10560,5,100,0,0,-31.2,1556.0,15.3
11,PER,Red Bull Racing,70,52.74,2794.73,206.0,10687,5,100,0,0,-29.3,1550.1,15.2
11,PER,Red Bull Racing,70,52.923,2805.6,211.0,10925,5,100,0,0,-26.2,1541.6,15.1
11,PER,Red Bull Racing,70,53.123,2817.83,216.4,11186,5,100,0,0,-21.8,1530.4,14.9
11,PER,Red Bull Racing,70,53.18,2821.37,218.0,11260,5,100,0,0,-20.1,1526.3,14.8
11,PER,Red Bull Racing,70,53.421,2836.57,227.0,11713,5,100,0,0,-11.5,1505.7,14.6
11,PER,Red Bull Racing,70,53.463,2839.25,228.0,11638,5,100,0,0,-10.2,1502.7,14.6
11,PER,Red Bull Racing,70,53.621,2849.46,232.0,11357,5,100,0,0,-6.4,1493.8,14.6
11,PER,Red Bull Racing,70,53.821,2862.62,237.0,10643,6,100,0,0,-2.5,1484.7,14.6
11,PER,Red Bull Racing,70,53.863,2865.41,237.7,10688,6,100,0,0,-1.5,1482.3,14.6
11,PER,Red Bull Racing,70,54.061,2878.69,241.0,10900,6,100,0,0,4.4,1468.2,14.6
11,PER,Red Bull Racing,70,54.261,2892.36,246.0,11054,6,100,0,0,10.1,1454.9,14.6
11,PER,Red Bull Racing,70,54.262,2892.43,246.0,11054,6,100,0,0,10.1,1454.8,14.6
11,PER,Red Bull Racing,70,54.461,2906.02,246.0,11054,6,100,0,0,13.4,1447.1,14.6
11,PER,Red Bull Racing,70,54.543,2911.79,249.4,11156,6,100,0,0,15.1,1443.3,14.6
11,PER,Red Bull Racing,70,54.701,2923.09,256.0,11353,6,100,0,0,19.8,1432.5,14.6
11,PER,Red Bull Racing,70,54.861,2934.51,257.0,11526,6,100,0,0,25.2,1420.0,14.6
11,PER,Red Bull Racing,70,54.903,2937.53,257.8,11422,6,100,0,0,26.4,1417.2,14.6
11,PER,Red Bull Racing,70,55.021,2946.07,260.0,11128,6,100,0,0,29.3,1410.6,14.5
11,PER,Red Bull Racing,70,55.123,2953.49,261.3,10831,6,100,0,0,32.9,1402.4,14.5
11,PER,Red Bull Racing,70,55.261,2963.6,263.0,10428,7,100,0,0,40.7,1384.6,14.5
11,PER,Red Bull Racing,70,55.283,2965.22,263.3,10451,7,100,0,0,41.7,1382.2,14.5
11,PER,Red Bull Racing,70,55.461,2978.38,266.0,10634,7,100,0,0,45.6,1373.2,14.5
11,PER,Red Bull Racing,70,55.643,2992.0,268.6,10708,7,100,0,0,48.2,1367.2,14.4
11,PER,Red Bull Racing,70,55.741,2999.38,270.0,10748,7,100,0,0,51.9,1358.5,14.3
11,PER,Red Bull Racing,70,55.963,3016.19,272.4,10847,7,100,0,0,61.7,1335.1,14.1
11,PER,Red Bull Racing,70,56.021,3020.61,273.0,10873,7,100,0,0,63.0,1332.1,14.1
11,PER,Red Bull Racing,70,56.223,3036.12,275.5,10987,7,100,0,0,65.2,1326.6,13.9
11,PER,Red Bull Racing,70,56.341,3045.24,277.0,11053,7,100,0,0,68.4,1318.9,13.7
11,PER,Red Bull Racing,70,56.443,3053.13,278.3,11080,7,100,0,0,71.6,1310.9,13.6
11,PER,Red Bull Racing,70,56.501,3057.64,279.0,11095,7,100,0,0,73.4,1306.6,13.5
11,PER,Red Bull Racing,70,56.663,3070.26,280.0,11128,7,100,0,0,78.0,1295.1,13.4
11,PER,Red Bull Racing,70,56.98,3095.16,282.0,11192,7,100,0,0,86.9,1271.9,13.2
11,PER,Red Bull Racing,70,56.983,3095.39,282.0,11192,7,100,0,0,87.0,1271.7,13.2
11,PER,Red Bull Racing,70,57.14,3107.78,284.0,11192,7,100,0,0,91.3,1260.1,13.2
11,PER,Red Bull Racing,70,57.163,3109.6,284.3,11208,7,100,0,0,91.9,1258.4,13.2
11,PER,Red Bull Racing,70,57.3,3120.49,286.0,11302,7,100,0,0,95.5,1248.1,13.1
11,PER,Red Bull Racing,70,57.363,3125.5,286.2,11310,7,100,0,0,97.1,1243.4,13.1
11,PER,Red Bull Racing,70,57.543,3139.84,286.7,11333,7,100,0,0,101.6,1229.8,13.0
11,PER,Red Bull Racing,70,57.66,3149.19,287.0,11348,7,100,0,0,105.0,1219.1,13.0
11,PER,Red Bull Racing,70,57.783,3159.05,288.0,11370,7,100,0,0,108.5,1207.8,13.0
11,PER,Red Bull Racing,70,57.9,3168.46,289.0,11390,7,100,0,0,111.1,1199.1,13.0
11,PER,Red Bull Racing,70,58.06,3181.35,290.0,11484,7,100,0,0,114.1,1188.4,13.0
11,PER,Red Bull Racing,70,58.063,3181.59,290.0,11481,7,100,0,0,114.2,1188.2,13.0
11,PER,Red Bull Racing,70,58.263,3197.8,291.1,11259,7,100,0,0,118.5,1172.6,13.0
11,PER,Red Bull Racing,70,58.42,3210.55,292.0,11085,7,100,0,0,121.7,1160.3,13.0
11,PER,Red Bull Racing,70,58.463,3214.03,292.0,10910,7,100,0,0,122.6,1156.9,13.0
11,PER,Red Bull Racing,70,58.58,3223.52,292.0,10433,7,100,0,0,125.0,1147.7,13.0
11,PER,Red Bull Racing,70,58.82,3243.06,293.0,10428,8,100,0,0,129.7,1128.8,13.0
11,PER,Red Bull Racing,70,58.823,3243.3,293.0,10429,8,100,0,0,129.8,1128.6,13.0
11,PER,Red Bull Racing,70,59.003,3258.04,294.3,10463,8,100,0,0,133.3,1114.3,12.9
11,PER,Red Bull Racing,70,59.1,3266.0,295.0,10481,8,100,0,0,135.2,1106.5,12.9
11,PER,Red Bull Racing,70,59.223,3276.11,295.5,10504,8,100,0,0,137.5,1096.8,12.9
11,PER,Red Bull Racing,70,59.34,3285.73,296.0,10525,8,100,0,0,139.5,1088.2,12.9
11,PER,Red Bull Racing,70,59.383,3289.28,296.2,10525,8,100,0,0,140.5,1084.0,12.9
11,PER,Red Bull Racing,70,59.54,3302.23,297.0,10525,8,100,0,0,145.3,1063.5,12.8
11,PER,Red Bull Racing,70,59.543,3302.48,297.0,10526,8,100,0,0,145.4,1063.1,12.8
11,PER,Red Bull Racing,70,60.021,3342.05,298.0,10624,8,100,0,0,154.4,1024.6,12.8
11,PER,Red Bull Racing,70,60.023,3342.22,298.0,10624,8,100,0,0,154.4,1024.5,12.8
11,PER,Red Bull Racing,70,60.421,3375.27,299.0,10659,8,100,0,0,160.1,1000.5,12.7
11,PER,Red Bull Racing,70,60.423,3375.44,299.0,10659,8,100,0,0,160.1,1000.3,12.7
11,PER,Red Bull Racing,70,60.581,3388.61,300.0,10652,8,100,0,0,164.6,981.1,12.7
11,PER,Red Bull Racing,70,60.642,3393.7,300.2,10663,8,100,0,0,166.2,974.3,12.7
11,PER,Red Bull Racing,70,60.861,3412.02,301.0,10701,8,100,0,0,169.8,958.6,12.7
11,PER,Red Bull Racing,70,61.061,3428.79,302.0,10693,8,100,0,0,173.0,945.1,12.7
11,PER,Red Bull Racing,70,61.063,3428.96,302.0,10694,8,100,0,0,173.0,944.9,12.7
11,PER,Red Bull Racing,70,61.221,3442.22,302.0,10747,8,100,0,0,177.0,927.7,12.7
11,PER,Red Bull Racing,70,61.383,3455.85,302.8,10753,8,100,0,0,181.4,908.9,12.6
11,PER,Red Bull Racing,70,61.421,3459.05,303.0,10754,8,100,0,0,182.3,905.1,12.6
11,PER,Red Bull Racing,70,61.661,3479.25,303.0,10821,8,100,0,0,186.7,885.9,12.6
11,PER,Red Bull Racing,70,61.843,3494.61,303.5,10818,8,100,0,0,189.4,874.4,12.6
11,PER,Red Bull Racing,70,62.061,3513.03,304.0,10815,8,100,0,0,192.2,862.4,12.6
11,PER,Red Bull Racing,70,62.261,3529.92,304.0,10830,8,100,0,0,195.0,849.8,12.6
11,PER,Red Bull Racing,70,62.283,3531.78,304.1,10828,8,100,0,0,195.4,848.1,12.6
11,PER,Red Bull Racing,70,62.383,3540.25,304.4,10821,8,100,0,0,197.2,839.8,12.6
11,PER,Red Bull Racing,70,62.541,3553.64,305.0,10810,8,100,0,0,200.1,826.7,12.6
11,PER,Red Bull Racing,70,62.603,3558.89,305.0,10818,8,100,0,0,201.3,821.7,12.6
11,PER,Red Bull Racing,70,62.741,3570.58,305.0,10836,8,100,0,0,203.8,810.8,12.7
11,PER,Red Bull Racing,70,62.843,3579.22,305.0,10826,8,100,0,0,205.7,802.6,12.7
11,PER,Red Bull Racing,70,62.941,3587.53,305.0,10816,8,100,0,0,207.6,794.5,12.7
11,PER,Red Bull Racing,70,63.123,3602.99,305.6,10830,8,100,0,0,211.1,779.2,12.7
11,PER,Red Bull Racing,70,63.261,3614.73,306.0,10841,8,100,0,0,213.7,768.0,12.7
11,PER,Red Bull Racing,70,63.303,3618.3,306.0,10841,8,100,0,0,214.6,764.3,12.7
11,PER,Red Bull Racing,70,63.46,3631.64,306.0,10841,8,100,0,0,218.5,748.0,12.7
11,PER,Red Bull Racing,70,63.563,3640.4,306.0,10851,8,100,0,0,220.9,737.9,12.7
11,PER,Red Bull Racing,70,63.62,3645.24,306.0,10856,8,100,0,0,222.1,733.1,12.7
11,PER,Red Bull Racing,70,63.82,3662.24,306.0,10868,8,100,0,0,225.2,720.0,12.8
11,PER,Red Bull Racing,70,63.943,3672.7,306.0,10861,8,100,0,0,227.3,711.4,12.8
11,PER,Red Bull Racing,70,64.103,3686.29,306.0,10852,8,100,0,0,230.5,698.2,12.8
11,PER,Red Bull Racing,70,64.22,3696.24,306.0,10846,8,100,0,0,232.8,688.5,12.9
11,PER,Red Bull Racing,70,64.323,3705.01,306.0,10829,8,100,0,0,234.8,680.0,12.9
11,PER,Red Bull Racing,70,64.483,3718.63,306.0,10804,8,100,0,0,238.0,666.7,12.9
11,PER,Red Bull Racing,70,64.58,3726.84,306.0,10788,8,100,0,0,239.9,658.6,12.9
11,PER,Red Bull Racing,70,64.803,3745.21,295.8,10101,8,54,0,0,244.2,640.4,13.0
11,PER,Red Bull Racing,70,64.82,3746.51,295.0,10049,8,50,1,0,244.5,639.1,13.0
11,PER,Red Bull Racing,70,65.043,3761.67,269.9,9855,8,38,1,0,248.5,622.2,13.1
11,PER,Red Bull Racing,70,65.78,3796.38,187.0,9214,7,0,1,0,258.3,578.4,13.2
11,PER,Red Bull Racing,70,65.823,3798.39,184.1,9284,7,0,1,0,258.7,576.2,13.2
11,PER,Red Bull Racing,70,65.983,3805.95,173.2,9544,7,0,1,0,259.8,568.6,13.2
11,PER,Red Bull Racing,70,66.06,3809.44,168.0,9669,5,0,1,0,260.2,565.3,13.2
11,PER,Red Bull Racing,70,66.183,3814.71,160.9,9266,5,1,1,0,260.5,560.0,13.2
11,PER,Red Bull Racing,70,66.46,3825.55,145.0,8358,4,2,1,0,258.8,545.2,13.1
11,PER,Red Bull Racing,70,66.483,3826.42,144.0,8320,4,2,1,0,258.6,544.3,13.1
11,PER,Red Bull Racing,70,66.741,3835.94,133.0,7895,4,2,0,0,256.5,538.4,13.1
11,PER,Red Bull Racing,70,66.883,3841.11,131.6,7848,4,1,0,0,254.7,535.5,13.1
11,PER,Red Bull Racing,70,66.941,3843.21,131.0,7829,4,0,0,0,253.7,533.9,13.1
11,PER,Red Bull Racing,70,67.101,3848.99,130.0,8087,4,30,0,0,250.4,528.5,13.0
11,PER,Red Bull Racing,70,67.142,3850.46,130.0,7969,4,33,0,0,249.6,527.1,13.0
11,PER,Red Bull Racing,70,67.261,3854.77,130.0,7628,4,41,0,0,247.3,523.2,13.0
11,PER,Red Bull Racing,70,67.382,3859.32,133.5,8072,4,54,0,0,245.2,519.5,13.0
11,PER,Red Bull Racing,70,67.482,3863.2,136.3,8439,4,65,0,0,243.7,516.3,13.0
11,PER,Red Bull Racing,70,67.541,3865.5,138.0,8656,4,71,0,0,242.8,513.8,13.0
11,PER,Red Bull Racing,70,67.783,3875.1,142.3,8954,4,49,0,0,239.9,500.9,12.8
11,PER,Red Bull Racing,70,67.821,3876.62,143.0,9001,4,46,0,0,239.6,499.3,12.8
11,PER,Red Bull Racing,70,68.141,3889.69,147.0,9301,4,58,0,0,239.4,490.3,12.8
11,PER,Red Bull Racing,70,68.143,3889.78,147.1,9304,4,58,0,0,239.4,490.2,12.8
11,PER,Red Bull Racing,70,68.341,3898.19,153.0,9625,4,68,0,0,239.9,482.7,12.8
11,PER,Red Bull Racing,70,68.403,3900.86,154.2,9729,4,73,0,0,239.9,480.0,12.8
11,PER,Red Bull Racing,70,68.423,3901.73,154.6,9763,4,74,0,0,239.9,479.1,12.8
11,PER,Red Bull Racing,70,68.541,3906.91,157.0,9962,4,83,0,0,240.3,473.9,12.8
11,PER,Red Bull Racing,70,68.683,3913.4,162.9,10232,4,93,0,0,241.2,467.6,12.7
11,PER,Red Bull Racing,70,68.781,3918.05,167.0,10418,4,100,0,0,241.9,463.1,12.6
11,PER,Red Bull Racing,70,68.863,3922.06,171.4,10615,4,100,0,0,242.6,459.2,12.6
11,PER,Red Bull Racing,70,69.021,3930.05,180.0,10996,4,100,0,0,244.1,451.3,12.6
11,PER,Red Bull Racing,70,69.143,3936.4,184.2,11282,4,100,0,0,245.3,445.5,12.6
11,PER,Red Bull Racing,70,69.341,3947.02,191.0,11746,4,100,0,0,247.3,437.4,12.6
11,PER,Red Bull Racing,70,69.423,3951.53,193.8,11455,4,100,0,0,248.5,432.7,12.6
11,PER,Red Bull Racing,70,69.623,3962.79,200.7,10746,4,100,0,0,252.6,417.7,12.7
11,PER,Red Bull Racing,70,69.661,3964.98,202.0,10611,5,100,0,0,253.2,415.6,12.7
11,PER,Red Bull Racing,70,69.883,3978.09,209.2,10830,5,100,0,0,255.5,407.7,12.7
11,PER,Red Bull Racing,70,70.06,3988.81,215.0,11005,5,100,0,0,258.3,398.0,12.7
11,PER,Red Bull Racing,70,70.183,3996.34,218.1,11124,5,100,0,0,260.5,390.4,12.7
11,PER,Red Bull Racing,70,70.363,4007.55,222.6,11298,5,100,0,0,263.6,379.8,12.7
11,PER,Red Bull Racing,70,70.38,4008.63,223.0,11314,5,100,0,0,263.9,378.8,12.7
11,PER,Red Bull Racing,70,70.543,4019.14,228.1,11062,5,100,0,0,266.6,368.9,12.7
11,PER,Red Bull Racing,70,70.7,4029.34,233.0,10820,5,100,0,0,269.0,360.1,12.7
11,PER,Red Bull Racing,70,70.86,4039.7,233.0,10621,6,100,0,0,271.9,349.3,12.7
11,PER,Red Bull Racing,70,70.863,4039.89,233.1,10624,6,100,0,0,272.0,349.0,12.7
11,PER,Red Bull Racing,70,71.06,4053.03,240.0,10843,6,100,0,0,276.8,330.2,12.7
11,PER,Red Bull Racing,70,71.083,4054.59,240.5,10853,6,100,0,0,277.3,328.4,12.7
11,PER,Red Bull Racing,70,71.34,4072.16,246.0,10961,6,100,0,0,280.4,316.2,12.8
11,PER,Red Bull Racing,70,71.443,4079.33,248.2,11087,6,100,0,0,281.7,311.2,12.8
11,PER,Red Bull Racing,70,71.62,4091.76,252.0,11303,6,100,0,0,284.6,299.3,12.8
11,PER,Red Bull Racing,70,71.623,4091.98,252.0,11304,6,100,0,0,284.7,299.1,12.8
11,PER,Red Bull Racing,70,71.803,4104.72,254.7,11367,6,100,0,0,287.8,286.8,12.8
11,PER,Red Bull Racing,70,71.82,4105.93,255.0,11373,6,100,0,0,288.1,285.6,12.8
11,PER,Red Bull Racing,70,72.103,4126.28,258.5,11540,6,100,0,0,293.2,266.2,12.8
11,PER,Red Bull Racing,70,72.14,4128.95,259.0,11562,6,100,0,0,293.9,263.6,12.8
11,PER,Red Bull Racing,70,72.283,4139.34,260.5,11009,6,100,0,0,296.4,253.6,12.8
11,PER,Red Bull Racing,70,72.42,4149.33,262.0,10479,7,100,0,0,298.8,244.4,12.8
11,PER,Red Bull Racing,70,72.563,4159.81,263.8,10556,7,100,0,0,301.6,233.8,12.8
11,PER,Red Bull Racing,70,72.58,4161.06,264.0,10565,7,100,0,0,302.0,232.4,12.8
11,PER,Red Bull Racing,70,72.763,4174.67,266.5,10595,7,100,0,0,306.5,215.2,12.8
11,PER,Red Bull Racing,70,72.94,4187.96,269.0,10624,7,100,0,0,310.8,198.7,12.8
11,PER,Red Bull Racing,70,73.101,4200.13,272.0,10752,7,100,0,0,314.3,185.5,12.8
11,PER,Red Bull Racing,70,73.183,4206.32,272.0,10796,7,100,0,0,315.6,180.4,12.8
11,PER,Red Bull Racing,70,73.301,4215.24,272.0,10860,7,100,0,0,317.0,175.0,12.8
11,PER,Red Bull Racing,70,73.483,4229.12,273.9,10928,7,100,0,0,319.1,167.1,12.8
11,PER,Red Bull Racing,70,73.581,4236.63,275.0,10965,7,100,0,0,320.9,160.0,12.9
11,PER,Red Bull Racing,70,73.643,4241.39,275.8,10979,7,100,0,0,322.1,155.2,12.9
11,PER,Red Bull Racing,70,73.741,4248.94,277.0,11000,7,100,0,0,323.9,147.7,12.9
11,PER,Red Bull Racing,70,73.802,4253.66,277.6,11025,7,100,0,0,325.0,143.2,12.9
11,PER,Red Bull Racing,70,74.002,4269.26,279.4,11106,7,100,0,0,328.4,128.6,12.9
11,PER,Red Bull Racing,70,74.181,4283.28,281.0,11179,7,100,0,0,331.4,114.1,12.9
11,PER,Red Bull Racing,70,74.303,4292.86,281.9,11179,7,100,0,0,333.3,104.1,12.9
11,PER,Red Bull Racing,70,74.461,4305.3,283.0,11179,7,100,0,0,335.3,91.6,12.9
11,PER,Red Bull Racing,70,74.481,4306.87,283.2,11184,7,100,0,0,335.6,90.1,13.0
23,ALB,Williams,68,0.0,-0.0,287.0,10562,8,100,0,0,336.1,86.6,13.2
23,ALB,Williams,68,0.121,9.65,287.0,10591,8,100,0,0,337.0,80.7,13.0
23,ALB,Williams,68,0.321,25.65,288.0,10571,8,100,0,0,338.3,68.5,12.8
23,ALB,Williams,68,0.464,37.12,288.5,10600,8,100,0,0,338.9,58.0,12.8
23,ALB,Williams,68,0.524,41.94,288.7,10612,8,100,0,0,339.1,53.2,12.8
23,ALB,Williams,68,0.601,48.12,289.0,10627,8,100,0,0,339.3,47.0,12.8
23,ALB,Williams,68,0.744,59.61,289.0,10646,8,100,0,0,339.5,35.6,12.8
23,ALB,Williams,68,0.801,64.18,289.0,10654,8,100,0,0,339.5,31.0,12.8
23,ALB,Williams,68,0.964,77.25,289.0,10650,8,100,0,0,339.2,18.0,12.8
23,ALB,Williams,68,1.241,99.5,289.0,10644,8,100,0,0,337.8,-4.2,12.9
23,ALB,Williams,68,1.244,99.74,289.0,10644,8,100,0,0,337.8,-4.4,12.9
23,ALB,Williams,68,1.404,112.66,289.0,10661,8,100,0,0,336.6,-17.2,13.0
23,ALB,Williams,68,1.481,118.77,289.0,10669,8,100,0,0,335.8,-24.4,13.0
23,ALB,Williams,68,1.684,134.34,278.2,9990,8,37,0,0,333.6,-43.9,13.0
23,ALB,Williams,68,1.801,142.95,272.0,9598,8,0,1,0,332.7,-51.5,13.0
23,ALB,Williams,68,1.961,154.1,251.0,9167,8,0,1,0,331.7,-59.6,13.1
23,ALB,Williams,68,1.984,155.58,247.7,9113,8,0,1,0,331.6,-60.9,13.1
23,ALB,Williams,68,2.244,169.78,210.6,8507,8,0,1,0,329.8,-77.3,13.2
23,ALB,Williams,68,2.36,175.6,194.0,8237,8,0,1,0,329.2,-84.1,13.3
23,ALB,Williams,68,2.504,182.84,186.8,8516,8,0,1,0,328.6,-91.8,13.3
23,ALB,Williams,68,2.664,190.67,178.8,8826,8,0,1,0,328.2,-99.8,13.3
23,ALB,Williams,68,2.68,191.43,178.0,8857,7,0,1,0,328.2,-100.5,13.3
23,ALB,Williams,68,2.904,201.53,163.1,8712,7,0,1,0,328.2,-110.8,13.4
23,ALB,Williams,68,2.92,202.23,162.0,8702,6,0,1,0,328.3,-111.7,13.4
23,ALB,Williams,68,3.144,211.71,154.3,9070,6,0,1,0,329.9,-126.0,13.3
23,ALB,Williams,68,3.241,215.69,151.0,9229,5,0,1,0,330.5,-129.8,13.3
23,ALB,Williams,68,3.481,225.29,144.0,8851,4,0,1,0,332.1,-134.4,13.3
23,ALB,Williams,68,3.503,226.16,143.7,8825,4,0,1,0,332.4,-135.0,13.3
23,ALB,Williams,68,3.683,233.19,141.1,8609,4,0,1,0,335.3,-141.2,13.3
23,ALB,Williams,68,3.761,236.18,140.0,8516,4,0,1,0,336.8,-143.8,13.3
23,ALB,Williams,68,3.983,244.45,135.2,8476,4,6,1,0,341.8,-150.4,13.4
23,ALB,Williams,68,4.041,246.6,134.0,8466,4,7,0,0,343.4,-152.1,13.4
23,ALB,Williams,68,4.204,252.67,134.0,8354,4,12,0,0,348.2,-156.7,13.4
23,ALB,Williams,68,4.241,254.05,134.0,8328,4,13,0,0,349.3,-157.6,13.4
23,ALB,Williams,68,4.404,260.05,132.4,8192,4,24,0,0,354.1,-161.4,13.5
23,ALB,Williams,68,4.441,261.38,132.0,8161,4,27,0,0,355.2,-162.2,13.5
23,ALB,Williams,68,4.584,266.4,128.1,8190,4,17,0,0,359.6,-165.0,13.5
23,ALB,Williams,68,4.744,271.74,123.7,8222,4,7,0,0,363.9,-167.5,13.5
23,ALB,Williams,68,4.841,274.82,121.0,8241,3,0,1,0,366.7,-169.1,13.5
23,ALB,Williams,68,4.924,277.36,116.2,8460,3,0,1,0,369.2,-170.4,13.5
23,ALB,Williams,68,5.081,281.96,107.0,8875,3,0,1,0,373.6,-172.8,13.5
23,ALB,Williams,68,5.164,284.31,104.1,8598,3,0,1,0,375.7,-174.0,13.5
23,ALB,Williams,68,5.281,287.51,100.0,8208,2,0,1,0,378.4,-175.8,13.5
23,ALB,Williams,68,5.464,292.18,95.0,7826,2,0,1,0,382.3,-178.6,13.5
23,ALB,Williams,68,5.484,292.66,94.4,7784,2,0,1,0,382.7,-178.9,13.5
23,ALB,Williams,68,5.681,297.4,89.0,7372,2,0,1,0,385.9,-182.4,13.5
23,ALB,Williams,68,5.764,299.39,87.4,7223,2,0,1,0,386.8,-184.1,13.5
23,ALB,Williams,68,5.841,301.22,86.0,7085,2,0,1,0,387.5,-185.7,13.5
23,ALB,Williams,68,5.944,303.62,85.0,7015,2,0,1,0,388.2,-187.9,13.5
23,ALB,Williams,68,6.241,310.33,82.0,6813,2,0,0,0,388.8,-194.4,13.6
23,ALB,Williams,68,6.264,310.85,81.8,6787,2,0,0,0,388.7,-195.2,13.6
23,ALB,Williams,68,6.424,314.44,80.7,6606,2,0,0,0,387.5,-201.8,13.6
23,ALB,Williams,68,6.521,316.56,80.0,6497,2,0,0,0,387.0,-204.1,13.6
23,ALB,Williams,68,6.764,321.57,76.4,6462,2,2,0,0,386.2,-205.9,13.7
23,ALB,Williams,68,6.921,324.78,74.0,6439,2,4,0,0,384.9,-208.7,13.8
23,ALB,Williams,68,6.984,326.09,74.5,6488,2,8,0,0,384.3,-210.0,13.8
23,ALB,Williams,68,7.161,329.85,76.0,6624,2,19,0,0,382.5,-213.2,13.9
23,ALB,Williams,68,7.224,331.22,76.9,6724,2,20,0,0,381.8,-214.3,13.9
23,ALB,Williams,68,7.504,337.55,80.8,7167,2,26,0,0,378.0,-218.8,14.1
23,ALB,Williams,68,7.521,337.95,81.0,7194,2,26,0,0,377.7,-219.1,14.1
23,ALB,Williams,68,7.681,341.72,85.0,7575,2,34,0,0,375.0,-221.4,14.2
23,ALB,Williams,68,7.684,341.79,85.0,7581,2,34,0,0,374.9,-221.4,14.2
23,ALB,Williams,68,7.841,345.5,85.0,7879,2,37,0,0,371.7,-223.2,14.2
23,ALB,Williams,68,7.844,345.58,85.1,7886,2,37,0,0,371.6,-223.2,14.2
23,ALB,Williams,68,8.161,354.3,99.0,8583,2,50,0,0,360.1,-226.4,14.6
23,ALB,Williams,68,8.184,354.96,99.7,8646,2,51,0,0,359.5,-226.5,14.6
23,ALB,Williams,68,8.361,360.13,105.0,9129,2,56,0,0,357.3,-226.9,14.6
23,ALB,Williams,68,8.504,364.46,108.6,9844,2,60,0,0,354.2,-227.0,14.7
23,ALB,Williams,68,8.561,366.25,110.0,10129,2,61,0,0,351.7,-227.1,14.8
23,ALB,Williams,68,8.724,371.61,115.4,10395,2,62,0,0,343.3,-227.3,15.2
23,ALB,Williams,68,8.92,378.41,122.0,10714,2,63,0,0,339.0,-227.4,15.4
23,ALB,Williams,68,9.084,384.24,126.7,10389,2,69,0,0,335.1,-227.0,15.6
23,ALB,Williams,68,9.2,388.52,130.0,10159,2,73,0,0,329.3,-226.4,15.8
23,ALB,Williams,68,9.364,394.9,135.6,10296,2,76,0,0,320.4,-225.5,16.2
23,ALB,Williams,68,9.641,406.29,145.0,10527,3,82,0,0,313.8,-224.5,16.4
23,ALB,Williams,68,9.744,410.59,149.1,10364,3,84,0,0,310.0,-223.6,16.5
23,ALB,Williams,68,9.841,414.79,153.0,10211,3,86,0,0,304.6,-222.2,16.6
23,ALB,Williams,68,10.003,422.34,162.1,10424,3,93,0,0,294.4,-219.4,17.0
23,ALB,Williams,68,10.161,429.99,171.0,10631,4,100,0,0,287.8,-217.4,17.5
23,ALB,Williams,68,10.401,441.65,175.0,11140,4,100,0,0,280.5,-215.0,17.6
23,ALB,Williams,68,10.443,443.8,176.9,11117,4,100,0,0,278.7,-214.4,17.3
23,ALB,Williams,68,10.503,446.93,179.7,11084,4,100,0,0,275.8,-213.5,16.8
23,ALB,Williams,68,10.724,459.09,189.8,10963,4,100,0,0,263.8,-209.3,17.5
23,ALB,Williams,68,10.881,467.92,197.0,10877,5,100,0,0,255.2,-206.0,17.8
23,ALB,Williams,68,11.004,474.86,201.3,10987,5,100,0,0,249.4,-203.7,17.8
23,ALB,Williams,68,11.081,479.25,204.0,11056,5,100,0,0,246.5,-202.6,17.8
23,ALB,Williams,68,11.281,490.92,210.0,11630,5,100,0,0,236.1,-197.6,17.8
23,ALB,Williams,68,11.284,491.1,210.1,11617,5,100,0,0,235.8,-197.4,17.8
23,ALB,Williams,68,11.404,498.19,212.5,11113,5,100,0,0,222.2,-189.8,17.8
23,ALB,Williams,68,11.481,502.81,214.0,10790,5,100,0,0,215.9,-186.2,17.8
23,ALB,Williams,68,11.824,524.29,224.1,10769,5,100,0,0,207.5,-180.4,17.7
23,ALB,Williams,68,11.921,530.55,227.0,10763,6,100,0,0,203.0,-177.3,17.7
23,ALB,Williams,68,12.024,537.27,229.9,10926,6,100,0,0,197.0,-173.3,17.7
23,ALB,Williams,68,12.281,554.25,237.0,11334,6,100,0,0,180.5,-161.4,17.6
23,ALB,Williams,68,12.304,555.78,237.4,11349,6,100,0,0,178.9,-160.2,17.6
23,ALB,Williams,68,12.521,570.32,241.0,11488,6,100,0,0,163.3,-148.3,17.6
23,ALB,Williams,68,12.764,587.13,246.0,11654,6,100,0,0,149.9,-137.7,17.6
23,ALB,Williams,68,12.961,600.87,250.0,11789,6,100,0,0,146.3,-134.7,17.6
23,ALB,Williams,68,13.064,607.99,248.1,11543,6,37,0,0,141.4,-130.7,17.6
23,ALB,Williams,68,13.121,611.85,247.0,11407,6,2,1,0,136.8,-126.9,17.6
23,ALB,Williams,68,13.304,623.73,233.8,10542,6,1,1,0,118.2,-112.0,17.6
23,ALB,Williams,68,13.441,631.76,224.0,9894,6,0,1,0,111.2,-106.5,17.6
23,ALB,Williams,68,13.681,644.03,184.0,9286,6,0,1,0,107.1,-102.9,17.6
23,ALB,Williams,68,13.704,645.21,184.0,9260,6,0,1,0,106.2,-102.1,17.6
23,ALB,Williams,68,13.921,656.3,184.0,9012,6,0,1,0,95.2,-91.9,17.6
23,ALB,Williams,68,13.924,656.44,183.7,9014,6,0,1,0,95.1,-91.8,17.6
23,ALB,Williams,68,14.201,668.2,153.0,9184,4,0,1,0,89.2,-85.6,17.5
23,ALB,Williams,68,14.284,671.47,149.9,8995,4,0,1,0,87.7,-83.7,17.5
23,ALB,Williams,68,14.484,679.12,142.4,8539,4,0,1,0,82.9,-77.5,17.4
23,ALB,Williams,68,14.601,683.53,138.0,8272,4,0,1,0,80.5,-74.0,17.3
23,ALB,Williams,68,14.744,688.88,135.6,8194,4,0,1,0,78.0,-69.2,17.2
23,ALB,Williams,68,14.841,692.46,134.0,8141,4,0,0,0,76.5,-64.9,17.1
23,ALB,Williams,68,15.024,699.07,131.5,8133,4,9,0,0,74.3,-55.8,16.9
23,ALB,Williams,68,15.201,705.36,129.0,8125,4,17,0,0,74.1,-48.5,16.8
23,ALB,Williams,68,15.464,714.74,129.0,8234,4,32,0,0,75.5,-40.4,16.6
23,ALB,Williams,68,15.601,719.7,129.0,8291,4,40,0,0,76.1,-37.5,16.5
23,ALB,Williams,68,15.764,725.71,131.9,8588,4,48,0,0,76.6,-33.1,16.4
23,ALB,Williams,68,15.88,730.08,134.0,8800,4,53,0,0,76.8,-27.8,16.2
23,ALB,Williams,68,16.064,737.22,139.5,9069,4,68,0,0,76.7,-18.7,15.9
23,ALB,Williams,68,16.08,737.86,140.0,9092,4,69,0,0,76.7,-18.1,15.9
23,ALB,Williams,68,16.281,746.07,147.0,9376,4,60,0,0,76.1,-12.5,15.7
23,ALB,Williams,68,16.344,748.72,148.9,9478,4,59,0,0,75.8,-10.6,15.6
23,ALB,Williams,68,16.481,754.57,153.0,9700,4,57,0,0,74.8,-5.6,15.4
23,ALB,Williams,68,16.703,764.0,153.6,10010,4,58,0,0,72.2,3.8,14.9
23,ALB,Williams,68,16.841,769.97,154.0,10202,4,58,0,0,69.8,9.1,14.5
23,ALB,Williams,68,16.863,770.93,154.6,10259,4,60,0,0,69.4,9.9,14.5
23,ALB,Williams,68,17.063,779.89,160.3,10774,4,74,0,0,64.6,17.5,14.2
23,ALB,Williams,68,17.121,782.57,162.0,10924,4,78,0,0,62.8,19.9,14.1
23,ALB,Williams,68,17.244,788.35,166.8,11121,4,84,0,0,58.8,25.2,14.0
23,ALB,Williams,68,17.401,796.02,173.0,11372,4,92,0,0,53.9,31.3,13.7
23,ALB,Williams,68,17.484,800.23,176.9,11244,4,94,0,0,51.3,34.6,13.5
23,ALB,Williams,68,17.681,810.49,186.0,10941,4,100,0,0,44.8,42.8,13.3
23,ALB,Williams,68,17.744,813.76,186.8,10804,4,100,0,0,42.9,45.1,13.3
23,ALB,Williams,68,17.841,818.84,188.0,10592,5,100,0,0,40.4,48.2,13.3
23,ALB,Williams,68,17.964,825.55,193.3,10825,5,100,0,0,36.1,53.5,13.2
23,ALB,Williams,68,18.121,834.4,200.0,11123,5,100,0,0,26.2,65.4,13.0
23,ALB,Williams,68,18.164,836.86,201.4,11193,5,100,0,0,23.9,68.2,13.0
23,ALB,Williams,68,18.401,850.66,209.0,11577,5,100,0,0,18.8,74.3,12.9
23,ALB,Williams,68,18.504,856.82,212.3,11171,5,100,0,0,16.3,77.0,12.9
23,ALB,Williams,68,18.644,865.34,216.8,10618,5,100,0,0,10.6,83.2,12.9
23,ALB,Williams,68,18.681,867.61,218.0,10472,5,100,0,0,9.0,84.9,12.9
23,ALB,Williams,68,18.844,877.7,222.1,10673,5,100,0,0,1.8,91.7,13.0
23,ALB,Williams,68,18.921,882.54,224.0,10768,6,100,0,0,-1.7,94.9,13.0
23,ALB,Williams,68,19.064,891.69,228.2,10910,6,100,0,0,-8.5,100.8,13.0
23,ALB,Williams,68,19.161,897.94,231.0,11007,6,100,0,0,-13.3,104.8,13.0
23,ALB,Williams,68,19.321,908.3,233.0,11177,6,100,0,0,-21.4,111.4,13.0
23,ALB,Williams,68,19.324,908.5,233.1,11180,6,100,0,0,-21.6,111.5,13.0
23,ALB,Williams,68,19.564,924.59,238.6,11425,6,100,0,0,-34.1,121.4,13.1
23,ALB,Williams,68,19.644,930.09,240.5,11507,6,100,0,0,-38.4,124.7,13.0
23,ALB,Williams,68,19.841,943.69,245.0,11708,6,100,0,0,-52.3,137.3,13.0
23,ALB,Williams,68,20.024,956.37,247.9,10965,6,100,0,0,-64.0,149.0,13.1
23,ALB,Williams,68,20.161,965.91,250.0,10408,7,100,0,0,-68.5,154.2,13.1
23,ALB,Williams,68,20.384,981.57,251.7,10476,7,100,0,0,-72.4,161.6,13.1
23,ALB,Williams,68,20.624,998.56,253.6,10549,7,100,0,0,-79.7,177.1,13.0
23,ALB,Williams,68,20.681,1002.6,254.0,10566,7,100,0,0,-81.2,181.0,13.0
23,ALB,Williams,68,20.744,1007.07,254.4,10594,7,100,0,0,-82.8,185.2,13.0
23,ALB,Williams,68,20.904,1018.44,255.2,10664,7,100,0,0,-86.7,196.1,13.0
23,ALB,Williams,68,21.041,1028.2,256.0,10725,7,100,0,0,-89.5,205.1,13.0
23,ALB,Williams,68,21.104,1032.7,256.3,10727,7,100,0,0,-90.6,210.2,13.0
23,ALB,Williams,68,21.404,1054.2,257.7,10735,7,100,0,0,-94.2,242.7,12.9
23,ALB,Williams,68,21.481,1059.73,258.0,10737,7,100,0,0,-94.6,247.9,12.9
23,ALB,Williams,68,21.641,1071.24,259.0,10792,7,100,0,0,-94.6,253.2,12.9
23,ALB,Williams,68,21.764,1080.15,259.3,10797,7,100,0,0,-94.4,258.6,12.9
23,ALB,Williams,68,21.984,1096.11,259.8,10807,7,100,0,0,-94.1,274.6,13.0
23,ALB,Williams,68,22.081,1103.02,260.0,10811,7,100,0,0,-93.9,281.8,13.0
23,ALB,Williams,68,22.244,1114.42,252.7,10491,7,49,0,0,-93.4,293.4,13.1
23,ALB,Williams,68,22.281,1116.97,251.0,10418,7,38,1,0,-93.3,296.0,13.1
23,ALB,Williams,68,22.48,1130.18,239.0,9754,7,3,1,0,-92.6,309.5,13.2
23,ALB,Williams,68,22.484,1130.42,238.4,9741,7,3,1,0,-92.6,309.8,13.2
23,ALB,Williams,68,22.644,1139.51,215.1,9209,7,1,1,0,-91.9,319.5,13.3
23,ALB,Williams,68,22.761,1145.63,198.0,8821,7,0,1,0,-91.5,327.2,13.5
23,ALB,Williams,68,22.924,1153.89,185.8,8953,7,0,1,0,-91.1,337.3,13.7
23,ALB,Williams,68,23.001,1157.63,180.0,9016,7,0,1,0,-91.0,340.8,13.8
23,ALB,Williams,68,23.241,1168.57,164.0,8692,7,0,1,0,-91.5,348.6,13.9
23,ALB,Williams,68,23.323,1172.0,158.1,8776,7,0,1,0,-92.1,352.8,13.9
23,ALB,Williams,68,23.521,1179.77,144.0,8979,5,0,1,0,-94.5,365.8,14.0
23,ALB,Williams,68,23.543,1180.6,143.0,8997,5,0,1,0,-94.7,366.8,14.0
23,ALB,Williams,68,23.761,1188.63,133.0,9175,3,0,1,0,-95.8,370.5,14.1
23,ALB,Williams,68,23.784,1189.45,131.8,9135,3,0,1,0,-96.0,370.9,14.1
23,ALB,Williams,68,23.921,1194.19,125.0,8895,3,0,1,0,-97.6,375.0,14.2
23,ALB,Williams,68,24.004,1196.98,122.9,8655,3,0,1,0,-98.7,377.8,14.2
23,ALB,Williams,68,24.201,1203.37,118.0,8085,3,0,1,0,-101.5,383.1,14.4
23,ALB,Williams,68,24.284,1205.97,115.1,7950,3,0,1,0,-103.2,385.3,14.5
23,ALB,Williams,68,24.401,1209.53,111.0,7760,3,0,1,0,-106.2,388.6,14.6
23,ALB,Williams,68,24.564,1214.3,107.4,7592,3,0,1,0,-110.6,392.7,14.8
23,ALB,Williams,68,24.761,1219.83,103.0,7388,3,0,0,0,-113.8,394.9,14.9
23,ALB,Williams,68,24.884,1223.22,101.5,7338,3,2,0,0,-116.0,395.7,14.9
23,ALB,Williams,68,25.161,1230.72,98.0,7226,3,5,0,0,-123.2,397.9,15.0
23,ALB,Williams,68,25.164,1230.8,98.0,7227,3,5,0,0,-123.3,397.9,15.0
23,ALB,Williams,68,25.324,1235.13,98.0,7293,3,9,0,0,-127.7,398.3,15.0
23,ALB,Williams,68,25.521,1240.52,98.0,7375,3,14,0,0,-133.2,398.3,15.1
23,ALB,Williams,68,25.624,1243.41,99.5,7584,3,24,0,0,-136.2,398.2,15.2
23,ALB,Williams,68,25.784,1247.97,101.8,7908,3,38,0,0,-140.8,397.8,15.3
23,ALB,Williams,68,25.801,1248.46,102.0,7942,3,40,0,0,-141.1,397.8,15.3
23,ALB,Williams,68,25.961,1253.08,104.0,8273,3,49,0,0,-142.8,397.6,15.4
23,ALB,Williams,68,26.024,1254.97,106.1,8438,3,52,0,0,-144.3,397.5,15.4
23,ALB,Williams,68,26.201,1260.54,112.0,8901,3,62,0,0,-153.0,397.1,15.6
23,ALB,Williams,68,26.264,1262.65,114.9,9043,3,62,0,0,-155.9,397.0,15.6
23,ALB,Williams,68,26.481,1270.27,125.0,9534,3,64,0,0,-160.8,397.0,15.7
23,ALB,Williams,68,26.604,1274.71,127.4,9241,3,61,0,0,-163.5,397.4,15.7
23,ALB,Williams,68,26.804,1282.08,131.3,8764,3,56,0,0,-170.6,398.7,15.8
23,ALB,Williams,68,26.841,1283.47,132.0,8676,3,55,0,0,-171.9,399.1,15.8
23,ALB,Williams,68,27.001,1289.51,136.0,8814,4,55,0,0,-177.4,401.1,16.0
23,ALB,Williams,68,27.044,1291.16,136.7,8871,4,56,0,0,-178.9,401.8,16.0
23,ALB,Williams,68,27.204,1297.39,139.4,9081,4,58,0,0,-184.3,404.9,16.1
23,ALB,Williams,68,27.241,1298.84,140.0,9130,4,59,0,0,-185.5,405.7,16.1
23,ALB,Williams,68,27.401,1305.24,144.0,9410,4,61,0,0,-190.7,409.6,16.2
23,ALB,Williams,68,27.444,1307.01,145.2,9448,4,63,0,0,-192.0,410.7,16.2
23,ALB,Williams,68,27.664,1316.33,151.5,9642,4,73,0,0,-198.6,417.2,16.3
23,ALB,Williams,68,27.681,1317.07,152.0,9657,4,74,0,0,-199.1,417.7,16.3
23,ALB,Williams,68,27.864,1325.21,157.4,10068,4,76,0,0,-204.1,423.8,16.4
23,ALB,Williams,68,28.121,1337.23,165.0,10644,4,79,0,0,-210.5,433.6,16.4
23,ALB,Williams,68,28.124,1337.38,165.1,10651,4,79,0,0,-210.6,433.7,16.4
23,ALB,Williams,68,28.344,1348.3,173.6,11201,4,89,0,0,-216.5,445.4,16.4
23,ALB,Williams,68,28.561,1359.48,182.0,11743,4,99,0,0,-220.0,454.3,16.5
23,ALB,Williams,68,28.764,1370.17,187.6,11285,4,100,0,0,-222.4,462.6,16.5
23,ALB,Williams,68,28.824,1373.39,189.3,11149,4,100,0,0,-223.2,465.6,16.5
23,ALB,Williams,68,28.921,1378.68,192.0,10930,4,100,0,0,-224.4,470.6,16.5
23,ALB,Williams,68,29.204,1394.71,201.9,11255,4,100,0,0,-227.4,486.1,16.6
23,ALB,Williams,68,29.321,1401.57,206.0,11390,5,100,0,0,-228.4,492.5,16.5
23,ALB,Williams,68,29.404,1406.5,208.5,11137,5,100,0,0,-229.1,497.5,16.5
23,ALB,Williams,68,29.563,1416.1,213.4,10652,5,100,0,0,-230.6,508.3,16.5
23,ALB,Williams,68,29.681,1423.27,217.0,10292,5,100,0,0,-231.5,515.5,16.5
23,ALB,Williams,68,29.763,1428.25,218.0,10423,5,100,0,0,-232.0,520.3,16.5
23,ALB,Williams,68,29.921,1437.93,220.0,10676,6,100,0,0,-233.1,530.0,16.5
23,ALB,Williams,68,29.963,1440.54,221.6,10723,6,100,0,0,-233.4,532.6,16.5
23,ALB,Williams,68,30.081,1447.98,226.0,10855,6,100,0,0,-234.2,539.8,16.7
23,ALB,Williams,68,30.143,1451.94,227.7,10952,6,100,0,0,-234.6,543.8,16.7
23,ALB,Williams,68,30.401,1468.87,235.0,11356,6,100,0,0,-236.4,561.8,16.5
23,ALB,Williams,68,30.404,1469.07,235.1,11357,6,100,0,0,-236.4,562.0,16.5
23,ALB,Williams,68,30.584,1481.18,239.6,11440,6,100,0,0,-237.5,573.9,16.7
23,ALB,Williams,68,30.761,1493.27,244.0,11522,6,100,0,0,-238.6,585.8,16.5
23,ALB,Williams,68,30.764,1493.47,244.1,11513,6,100,0,0,-238.6,586.0,16.5
23,ALB,Williams,68,30.944,1505.87,247.7,11001,6,100,0,0,-239.6,598.3,16.4
23,ALB,Williams,68,30.961,1507.04,248.0,10953,6,100,0,0,-239.7,599.4,16.4
23,ALB,Williams,68,31.184,1522.64,251.7,10636,6,100,0,0,-240.8,613.5,16.2
23,ALB,Williams,68,31.201,1523.84,252.0,10612,7,100,0,0,-240.9,614.6,16.2
23,ALB,Williams,68,31.404,1538.31,255.6,10724,7,100,0,0,-241.8,629.0,16.2
23,ALB,Williams,68,31.481,1543.83,257.0,10766,7,100,0,0,-242.3,637.0,16.2
23,ALB,Williams,68,31.681,1558.28,260.0,10885,7,100,0,0,-243.5,659.0,16.1
23,ALB,Williams,68,31.684,1558.5,260.1,10887,7,100,0,0,-243.5,659.2,16.1
23,ALB,Williams,68,31.881,1572.94,264.0,11036,7,100,0,0,-243.9,666.3,16.2
23,ALB,Williams,68,32.004,1582.05,265.8,11072,7,100,0,0,-244.1,672.4,16.3
23,ALB,Williams,68,32.081,1587.78,267.0,11095,7,100,0,0,-244.3,679.5,16.3
23,ALB,Williams,68,32.284,1602.98,269.0,11210,7,100,0,0,-244.8,702.3,16.3
23,ALB,Williams,68,32.481,1617.89,271.0,11322,7,100,0,0,-244.9,711.8,16.4
23,ALB,Williams,68,32.604,1627.27,272.7,11382,7,100,0,0,-244.9,717.4,16.4
23,ALB,Williams,68,32.804,1642.63,275.5,11479,7,100,0,0,-244.7,732.7,16.3
23,ALB,Williams,68,32.841,1645.49,276.0,11497,7,100,0,0,-244.6,735.6,16.3
23,ALB,Williams,68,33.084,1664.32,278.6,11603,7,100,0,0,-244.0,754.2,16.3
23,ALB,Williams,68,33.121,1667.19,279.0,11619,7,100,0,0,-243.9,757.1,16.3
23,ALB,Williams,68,33.264,1678.3,279.7,11603,7,100,0,0,-243.3,768.2,16.3
23,ALB,Williams,68,33.321,1682.74,280.0,11596,7,100,0,0,-243.0,772.6,16.3
23,ALB,Williams,68,33.524,1698.65,281.5,11050,7,100,0,0,-241.9,788.5,16.3
23,ALB,Williams,68,33.721,1714.19,283.0,10520,8,100,0,0,-240.5,804.0,16.4
23,ALB,Williams,68,33.724,1714.43,283.0,10520,8,100,0,0,-240.5,804.2,16.4
23,ALB,Williams,68,33.921,1730.02,285.0,10528,8,100,0,0,-239.0,818.8,16.4
23,ALB,Williams,68,34.024,1738.2,285.4,10556,8,100,0,0,-238.0,827.9,16.4
23,ALB,Williams,68,34.184,1750.92,285.9,10598,8,100,0,0,-235.8,845.2,16.3
23,ALB,Williams,68,34.201,1752.27,286.0,10603,8,100,0,0,-235.5,847.1,16.3
23,ALB,Williams,68,34.481,1774.51,286.0,10645,8,100,0,0,-231.2,875.1,16.3
23,ALB,Williams,68,34.564,1781.18,288.1,10673,8,100,0,0,-230.2,881.4,16.3
23,ALB,Williams,68,34.641,1787.4,290.0,10699,8,100,0,0,-229.4,886.1,16.3
23,ALB,Williams,68,34.921,1810.11,292.0,10821,8,100,0,0,-226.8,899.1,16.4
23,ALB,Williams,68,34.944,1811.98,292.1,10829,8,100,0,0,-226.5,900.6,16.4
23,ALB,Williams,68,35.161,1829.64,293.0,10900,8,100,0,0,-222.8,917.8,16.4
23,ALB,Williams,68,35.184,1831.52,293.0,10891,8,100,0,0,-222.4,919.7,16.4
23,ALB,Williams,68,35.344,1844.54,293.0,10831,8,100,0,0,-219.4,932.3,16.5
23,ALB,Williams,68,35.361,1845.92,293.0,10825,8,100,0,0,-219.1,933.6,16.5
23,ALB,Williams,68,35.624,1867.04,288.3,10575,8,6,0,0,-214.1,954.3,16.4
23,ALB,Williams,68,35.641,1868.32,288.0,10559,8,0,1,0,-213.8,955.6,16.4
23,ALB,Williams,68,35.824,1881.2,265.6,9946,8,0,1,0,-210.7,968.7,16.4
23,ALB,Williams,68,35.864,1883.8,260.7,9813,8,0,1,0,-210.0,971.4,16.4
23,ALB,Williams,68,36.041,1894.88,239.0,9220,8,0,1,0,-207.5,982.1,16.5
23,ALB,Williams,68,36.183,1903.26,220.1,8767,8,0,1,0,-205.4,991.6,16.5
23,ALB,Williams,68,36.281,1908.68,207.0,8454,7,0,1,0,-203.6,999.6,16.5
23,ALB,Williams,68,36.423,1915.87,190.8,8805,7,0,1,0,-201.1,1010.6,16.4
23,ALB,Williams,68,36.561,1922.29,175.0,9147,6,0,1,0,-199.8,1016.1,16.4
23,ALB,Williams,68,36.763,1930.97,159.8,8920,6,0,1,0,-198.5,1020.8,16.5
23,ALB,Williams,68,36.881,1935.71,151.0,8788,6,0,1,0,-197.0,1026.0,16.5
23,ALB,Williams,68,36.944,1938.16,148.2,8871,6,0,1,0,-196.0,1029.2,16.5
23,ALB,Williams,68,37.264,1949.88,133.8,9291,6,0,1,0,-189.1,1044.5,16.4
23,ALB,Williams,68,37.281,1950.49,133.0,9313,5,0,1,0,-188.8,1045.0,16.4
23,ALB,Williams,68,37.561,1960.29,126.0,8980,3,0,1,0,-186.2,1048.4,16.5
23,ALB,Williams,68,37.604,1961.75,125.2,8941,3,1,1,0,-185.5,1049.0,16.5
23,ALB,Williams,68,37.844,1969.72,120.7,8725,3,6,1,0,-179.3,1053.6,16.5
23,ALB,Williams,68,37.881,1970.96,120.0,8692,3,7,0,0,-178.3,1054.1,16.5
23,ALB,Williams,68,38.041,1976.29,120.0,8585,3,10,0,0,-173.2,1056.0,16.5
23,ALB,Williams,68,38.044,1976.39,119.9,8590,3,10,0,0,-173.1,1056.0,16.5
23,ALB,Williams,68,38.201,1981.49,117.0,8863,3,17,0,0,-163.3,1058.3,16.5
23,ALB,Williams,68,38.204,1981.59,117.0,8863,3,17,0,0,-163.1,1058.3,16.5
23,ALB,Williams,68,38.401,1987.99,117.0,8894,3,27,0,0,-155.4,1060.4,16.4
23,ALB,Williams,68,38.624,1995.41,119.8,9282,3,43,0,0,-151.1,1062.2,16.3
23,ALB,Williams,68,38.721,1998.74,121.0,9451,3,50,0,0,-149.2,1063.1,16.3
23,ALB,Williams,68,38.984,2008.16,127.6,9737,3,47,0,0,-143.0,1066.5,16.2
23,ALB,Williams,68,39.081,2011.74,130.0,9842,3,46,0,0,-139.7,1068.7,16.2
23,ALB,Williams,68,39.304,2020.17,134.3,10135,3,46,0,0,-132.1,1074.4,16.1
23,ALB,Williams,68,39.441,2025.44,137.0,10315,3,46,0,0,-129.7,1076.4,16.1
23,ALB,Williams,68,39.584,2031.02,139.6,10656,3,53,0,0,-127.6,1078.7,16.1
23,ALB,Williams,68,39.721,2036.49,142.0,10982,3,59,0,0,-124.1,1082.6,16.0
23,ALB,Williams,68,39.804,2039.9,144.7,10662,3,63,0,0,-121.9,1085.3,16.0
23,ALB,Williams,68,40.001,2048.23,151.0,9903,3,74,0,0,-117.2,1092.1,15.9
23,ALB,Williams,68,40.144,2054.4,154.6,10193,3,81,0,0,-114.1,1097.4,15.9
23,ALB,Williams,68,40.241,2058.7,157.0,10390,4,85,0,0,-112.1,1101.2,15.9
23,ALB,Williams,68,40.304,2061.56,159.5,10570,4,88,0,0,-110.8,1103.8,15.9
23,ALB,Williams,68,40.464,2069.04,165.8,11029,4,95,0,0,-107.9,1110.5,15.8
23,ALB,Williams,68,40.521,2071.77,168.0,11192,4,98,0,0,-106.9,1113.0,15.8
23,ALB,Williams,68,40.664,2078.74,175.2,11427,4,100,0,0,-104.5,1119.6,15.8
23,ALB,Williams,68,40.681,2079.59,176.0,11455,4,100,0,0,-104.2,1120.4,15.8
23,ALB,Williams,68,40.904,2091.09,185.3,10672,4,100,0,0,-100.8,1131.2,15.8
23,ALB,Williams,68,40.921,2091.99,186.0,10612,4,100,0,0,-100.6,1132.1,15.8
23,ALB,Williams,68,41.044,2098.59,190.4,10722,4,100,0,0,-98.8,1138.4,15.9
23,ALB,Williams,68,41.201,2107.23,196.0,10862,5,100,0,0,-96.7,1146.7,15.9
23,ALB,Williams,68,41.264,2110.77,198.0,10981,5,100,0,0,-95.8,1150.1,15.9
23,ALB,Williams,68,41.444,2121.08,203.6,11321,5,100,0,0,-93.3,1159.9,15.9
23,ALB,Williams,68,41.521,2125.54,206.0,11467,5,100,0,0,-92.2,1164.2,15.9
23,ALB,Williams,68,41.664,2133.92,210.3,11556,5,100,0,0,-90.3,1172.4,15.9
23,ALB,Williams,68,41.721,2137.32,212.0,11591,5,100,0,0,-89.5,1175.7,15.9
23,ALB,Williams,68,41.864,2146.09,216.6,11317,5,100,0,0,-87.5,1184.0,15.9
23,ALB,Williams,68,42.124,2162.59,224.8,10819,5,100,0,0,-83.7,1199.5,15.9
23,ALB,Williams,68,42.161,2164.94,226.0,10748,6,100,0,0,-83.2,1201.7,15.9
23,ALB,Williams,68,42.384,2179.15,229.2,10969,6,100,0,0,-80.2,1215.5,15.8
23,ALB,Williams,68,42.442,2182.9,230.0,11026,6,100,0,0,-79.4,1219.2,15.8
23,ALB,Williams,68,42.544,2189.55,233.0,11172,6,100,0,0,-77.9,1226.4,15.8
23,ALB,Williams,68,42.681,2198.63,237.0,11369,6,100,0,0,-75.6,1238.7,15.9
23,ALB,Williams,68,42.763,2204.14,239.1,11422,6,100,0,0,-74.3,1246.0,15.9
23,ALB,Williams,68,42.961,2217.61,244.0,11550,6,100,0,0,-71.8,1260.6,15.9
23,ALB,Williams,68,43.121,2228.54,246.0,11195,6,100,0,0,-70.2,1269.8,15.8
23,ALB,Williams,68,43.203,2234.21,247.5,11007,6,100,0,0,-69.5,1274.2,15.8
23,ALB,Williams,68,43.401,2248.06,251.0,10552,7,100,0,0,-68.0,1283.7,15.8
23,ALB,Williams,68,43.584,2261.02,254.7,10617,7,100,0,0,-65.9,1297.8,15.9
23,ALB,Williams,68,43.601,2262.23,255.0,10623,7,100,0,0,-65.6,1299.7,15.9
23,ALB,Williams,68,43.761,2273.74,259.0,10766,7,100,0,0,-62.8,1318.8,15.9
23,ALB,Williams,68,43.764,2273.96,259.0,10768,7,100,0,0,-62.8,1319.1,15.9
23,ALB,Williams,68,44.041,2294.12,262.0,10963,7,100,0,0,-61.1,1331.4,15.9
23,ALB,Williams,68,44.124,2300.23,263.3,11019,7,100,0,0,-60.7,1335.0,15.9
23,ALB,Williams,68,44.361,2317.85,267.0,11180,7,100,0,0,-58.9,1352.2,15.9
23,ALB,Williams,68,44.384,2319.57,267.3,11189,7,100,0,0,-58.7,1354.1,15.9
23,ALB,Williams,68,44.561,2332.85,270.0,11257,7,100,0,0,-57.5,1368.7,15.9
23,ALB,Williams,68,44.664,2340.62,271.0,11283,7,100,0,0,-57.0,1376.6,15.9
23,ALB,Williams,68,44.761,2347.96,272.0,11308,7,100,0,0,-56.6,1383.2,15.9
23,ALB,Williams,68,44.944,2361.92,274.0,11378,7,100,0,0,-56.1,1396.3,15.9
23,ALB,Williams,68,45.041,2369.35,275.0,11415,7,100,0,0,-55.8,1405.9,15.9
23,ALB,Williams,68,45.204,2381.86,275.9,11465,7,100,0,0,-55.4,1422.4,15.9
23,ALB,Williams,68,45.401,2397.05,277.0,11525,7,100,0,0,-55.2,1433.6,15.9
23,ALB,Williams,68,45.504,2405.05,278.3,11577,7,100,0,0,-55.2,1439.4,15.9
23,ALB,Williams,68,45.641,2415.72,280.0,11646,7,100,0,0,-55.2,1449.7,15.8
23,ALB,Williams,68,45.704,2420.64,280.5,11670,7,100,0,0,-55.2,1454.8,15.8
23,ALB,Williams,68,45.921,2437.65,282.0,11751,7,100,0,0,-55.6,1471.9,15.8
23,ALB,Williams,68,45.984,2442.62,282.5,11795,7,100,0,0,-55.8,1476.7,15.8
23,ALB,Williams,68,46.224,2461.63,284.5,11962,7,100,0,0,-57.2,1495.5,15.8
23,ALB,Williams,68,46.281,2466.15,285.0,12002,7,100,0,0,-58.0,1501.3,15.8
23,ALB,Williams,68,46.504,2483.87,285.8,11820,7,100,0,0,-61.7,1525.2,15.7
23,ALB,Williams,68,46.561,2488.4,286.0,11773,7,100,0,0,-62.3,1529.0,15.7
23,ALB,Williams,68,46.801,2507.46,286.0,11779,7,100,0,0,-64.8,1540.2,15.7
23,ALB,Williams,68,46.824,2509.3,285.9,11749,7,100,0,0,-65.3,1542.4,15.7
23,ALB,Williams,68,47.024,2525.3,285.3,11485,7,100,0,0,-71.4,1568.7,15.7
23,ALB,Williams,68,47.121,2532.8,285.0,11357,7,100,1,0,-73.8,1579.0,15.7
23,ALB,Williams,68,47.361,2550.2,261.0,10660,7,0,1,0,-77.1,1593.4,15.7
23,ALB,Williams,68,47.464,2557.16,250.3,9986,7,0,1,0,-78.1,1597.6,15.7
23,ALB,Williams,68,47.641,2568.24,232.0,8828,7,0,1,0,-79.4,1603.0,15.7
23,ALB,Williams,68,47.924,2583.02,195.9,9435,7,0,1,0,-82.2,1616.3,15.7
23,ALB,Williams,68,48.041,2588.35,181.0,9686,7,0,1,0,-84.4,1627.4,15.7
23,ALB,Williams,68,48.064,2589.36,178.3,9717,7,0,1,0,-84.8,1629.1,15.7
23,ALB,Williams,68,48.321,2599.86,148.0,10067,7,0,1,0,-85.9,1634.6,15.7
23,ALB,Williams,68,48.364,2601.56,145.6,9977,7,0,1,0,-86.0,1635.4,15.7
23,ALB,Williams,68,48.521,2607.48,137.0,9647,6,0,1,0,-86.9,1641.5,15.7
23,ALB,Williams,68,48.684,2612.75,119.1,9215,6,0,1,0,-87.9,1649.4,15.6
23,ALB,Williams,68,48.721,2613.86,115.0,9117,4,0,1,0,-88.0,1650.9,15.6
23,ALB,Williams,68,48.961,2620.6,101.0,8416,2,0,1,0,-87.8,1658.1,15.6
23,ALB,Williams,68,49.144,2625.34,93.7,7712,2,0,1,0,-87.2,1661.8,15.6
23,ALB,Williams,68,49.162,2625.79,93.0,7643,2,0,1,0,-87.1,1662.1,15.6
23,ALB,Williams,68,49.321,2629.72,89.0,7081,2,0,1,0,-86.5,1664.5,15.6
23,ALB,Williams,68,49.543,2634.73,81.6,6735,2,0,1,0,-84.9,1667.5,15.5
23,ALB,Williams,68,49.561,2635.12,81.0,6707,2,0,1,0,-84.7,1667.8,15.5
23,ALB,Williams,68,49.723,2638.51,77.8,6370,2,0,1,0,-82.5,1670.5,15.5
23,ALB,Williams,68,49.883,2641.71,74.6,6038,2,0,1,0,-80.0,1672.6,15.5
23,ALB,Williams,68,49.961,2643.23,73.0,5876,2,0,1,0,-78.7,1673.4,15.6
23,ALB,Williams,68,50.003,2644.04,72.4,5819,2,0,1,0,-78.0,1673.8,15.6
23,ALB,Williams,68,50.244,2648.56,69.1,5495,2,0,1,0,-73.6,1675.5,15.6
23,ALB,Williams,68,50.401,2651.42,67.0,5283,2,0,0,0,-70.7,1676.1,15.6
23,ALB,Williams,68,50.524,2653.62,65.5,5209,2,0,0,0,-68.1,1676.0,15.6
23,ALB,Williams,68,50.641,2655.69,64.0,5139,2,0,0,0,-65.2,1675.4,15.6
23,ALB,Williams,68,50.764,2657.83,63.0,5104,2,1,0,0,-62.5,1674.6,15.5
23,ALB,Williams,68,50.881,2659.82,62.0,5071,2,1,0,0,-61.2,1674.0,15.5
23,ALB,Williams,68,51.044,2662.49,59.6,5133,2,8,0,0,-60.2,1673.2,15.5
23,ALB,Williams,68,51.081,2663.1,59.0,5147,2,9,0,0,-59.9,1672.9,15.5
23,ALB,Williams,68,51.324,2667.27,61.6,5537,2,16,0,0,-56.7,1670.1,15.5
23,ALB,Williams,68,51.361,2667.92,62.0,5596,2,17,0,0,-56.2,1669.5,15.5
23,ALB,Williams,68,51.601,2672.25,65.0,6174,2,22,0,0,-52.6,1664.3,15.5
23,ALB,Williams,68,51.664,2673.44,66.6,6250,2,24,0,0,-51.9,1663.2,15.5
23,ALB,Williams,68,51.761,2675.32,69.0,6367,2,27,0,0,-51.2,1662.0,15.5
23,ALB,Williams,68,52.001,2680.25,74.0,6978,2,35,0,0,-50.2,1659.8,15.5
23,ALB,Williams,68,52.004,2680.32,74.1,6987,2,35,0,0,-50.2,1659.8,15.5
23,ALB,Williams,68,52.224,2685.19,79.6,7678,2,41,0,0,-48.8,1656.4,15.5
23,ALB,Williams,68,52.241,2685.59,80.0,7731,2,41,0,0,-48.7,1656.1,15.5
23,ALB,Williams,68,52.444,2690.71,86.9,8263,2,46,0,0,-47.0,1651.4,15.5
23,ALB,Williams,68,52.604,2695.07,92.4,8682,2,49,0,0,-45.8,1647.5,15.5
23,ALB,Williams,68,52.681,2697.2,95.0,8884,2,51,0,0,-45.3,1645.5,15.5
23,ALB,Williams,68,52.784,2700.08,98.4,9235,2,54,0,0,-44.6,1642.8,15.5
23,ALB,Williams,68,52.921,2704.07,103.0,9703,2,57,0,0,-43.8,1638.9,15.5
23,ALB,Williams,68,52.964,2705.39,104.9,9831,2,58,0,0,-43.5,1637.7,15.5
23,ALB,Williams,68,53.164,2711.97,113.8,10427,2,64,0,0,-42.4,1631.5,15.5
23,ALB,Williams,68,53.281,2715.97,119.0,10775,2,68,0,0,-41.7,1625.7,15.5
23,ALB,Williams,68,53.464,2722.35,125.4,9981,2,75,0,0,-40.7,1616.4,15.5
23,ALB,Williams,68,53.481,2722.97,126.0,9907,2,76,0,0,-40.6,1615.9,15.5
23,ALB,Williams,68,53.724,2732.27,135.5,10612,2,81,0,0,-40.3,1611.9,15.5
23,ALB,Williams,68,53.841,2736.97,140.0,10952,3,83,0,0,-40.1,1608.8,15.5
23,ALB,Williams,68,54.001,2743.59,149.0,11068,3,89,0,0,-39.7,1602.0,15.5
23,ALB,Williams,68,54.064,2746.34,152.2,10931,3,91,0,0,-39.3,1598.2,15.5
23,ALB,Williams,68,54.281,2756.27,163.0,10461,4,100,0,0,-37.3,1582.3,15.5
23,ALB,Williams,68,54.284,2756.4,163.1,10472,4,100,0,0,-37.3,1582.1,15.5
23,ALB,Williams,68,54.521,2767.47,168.0,11374,4,100,0,0,-36.4,1575.6,15.6
23,ALB,Williams,68,54.664,2774.62,175.6,10977,4,100,0,0,-35.1,1570.5,15.5
23,ALB,Williams,68,54.841,2783.91,185.0,10485,4,100,0,0,-31.5,1557.7,15.3
23,ALB,Williams,68,54.924,2788.37,188.6,10607,4,100,0,0,-30.0,1552.4,15.2
23,ALB,Williams,68,55.121,2799.23,197.0,10898,5,100,0,0,-27.9,1546.0,15.1
23,ALB,Williams,68,55.244,2806.24,201.8,10956,5,100,0,0,-25.9,1540.9,15.1
23,ALB,Williams,68,55.401,2815.41,208.0,11030,5,100,0,0,-21.1,1528.8,14.9
23,ALB,Williams,68,55.524,2822.75,211.8,10827,5,100,0,0,-17.1,1519.0,14.8
23,ALB,Williams,68,55.722,2834.85,218.0,10499,6,100,0,0,-12.9,1508.8,14.7
23,ALB,Williams,68,55.963,2850.01,225.8,10756,6,100,0,0,-8.9,1499.6,14.6
23,ALB,Williams,68,56.001,2852.44,227.0,10797,6,100,0,0,-8.1,1497.8,14.6
23,ALB,Williams,68,56.281,2870.56,233.0,11060,6,100,0,0,-1.4,1482.1,14.6
23,ALB,Williams,68,56.303,2871.99,233.2,11068,6,100,0,0,-0.9,1480.8,14.6
23,ALB,Williams,68,56.521,2886.23,235.0,11152,6,100,0,0,4.5,1467.9,14.6
23,ALB,Williams,68,56.543,2887.68,235.4,11159,6,100,0,0,5.1,1466.5,14.6
23,ALB,Williams,68,56.764,2902.47,239.4,11234,6,100,0,0,11.3,1452.1,14.6
23,ALB,Williams,68,56.961,2915.93,243.0,11301,6,100,0,0,16.5,1440.1,14.6
23,ALB,Williams,68,56.984,2917.52,243.8,11252,6,100,0,0,17.1,1438.7,14.6
23,ALB,Williams,68,57.024,2920.29,245.1,11168,6,100,0,0,18.2,1436.2,14.6
23,ALB,Williams,68,57.201,2932.66,251.0,10794,6,100,0,0,22.7,1426.0,14.6
23,ALB,Williams,68,57.284,2938.51,252.2,10770,6,100,0,0,24.8,1421.0,14.6
23,ALB,Williams,68,57.481,2952.5,255.0,10713,7,100,0,0,30.4,1408.2,14.6
23,ALB,Williams,68,57.504,2954.14,255.3,10726,7,100,0,0,31.0,1406.8,14.6
23,ALB,Williams,68,57.801,2975.52,259.0,10890,7,100,0,0,39.5,1387.4,14.5
23,ALB,Williams,68,57.804,2975.73,259.0,10890,7,100,0,0,39.6,1387.1,14.5
23,ALB,Williams,68,58.004,2990.16,260.4,10911,7,100,0,0,49.3,1364.5,14.4
23,ALB,Williams,68,58.241,3007.54,262.0,10935,7,100,1,0,54.2,1353.2,14.3
23,ALB,Williams,68,58.444,3022.97,270.2,11260,7,100,1,0,57.9,1344.3,14.2
23,ALB,Williams,68,58.561,3031.99,275.0,11447,7,100,0,0,62.3,1333.6,14.0
23,ALB,Williams,68,58.644,3038.4,276.4,11497,7,100,0,0,65.4,1326.0,13.9
23,ALB,Williams,68,58.801,3050.59,279.0,11593,7,100,0,0,69.6,1315.8,13.7
23,ALB,Williams,68,58.984,3064.96,281.6,10865,7,100,0,0,73.6,1305.9,13.5
23,ALB,Williams,68,59.081,3072.6,283.0,10479,8,100,0,0,76.3,1299.2,13.4
23,ALB,Williams,68,59.244,3085.43,283.7,10493,8,100,0,0,81.2,1286.9,13.3
23,ALB,Williams,68,59.304,3090.18,283.9,10498,8,100,0,0,82.9,1282.5,13.3
23,ALB,Williams,68,59.321,3091.53,284.0,10499,8,100,0,0,83.4,1281.2,13.3
23,ALB,Williams,68,59.601,3113.93,288.0,10658,8,100,0,0,93.3,1254.5,13.2
23,ALB,Williams,68,59.684,3120.56,288.0,10691,8,100,0,0,95.6,1248.0,13.1
23,ALB,Williams,68,59.801,3129.93,288.0,10738,8,100,0,0,98.0,1241.2,13.0
23,ALB,Williams,68,59.964,3143.1,289.8,10752,8,100,0,0,100.7,1232.8,13.0
23,ALB,Williams,68,60.124,3156.11,291.6,10766,8,100,0,0,104.6,1220.4,13.1
23,ALB,Williams,68,60.161,3159.13,292.0,10769,8,100,0,0,105.6,1217.1,13.1
23,ALB,Williams,68,60.481,3185.26,294.0,10862,8,100,0,0,115.4,1183.8,13.0
23,ALB,Williams,68,60.504,3187.14,294.1,10871,8,100,0,0,116.1,1181.3,13.0
23,ALB,Williams,68,60.681,3201.65,295.0,10943,8,100,0,0,121.1,1162.6,13.0
23,ALB,Williams,68,60.684,3201.9,295.0,10943,8,100,0,0,121.2,1162.3,13.0
23,ALB,Williams,68,60.964,3225.05,296.9,10973,8,100,0,0,125.8,1144.7,13.0
23,ALB,Williams,68,61.121,3238.07,298.0,10990,8,100,0,0,128.6,1133.5,13.0
23,ALB,Williams,68,61.321,3254.69,299.0,11063,8,100,0,0,132.8,1116.1,12.9
23,ALB,Williams,68,61.324,3254.93,299.0,11063,8,100,0,0,132.9,1115.8,12.9
23,ALB,Williams,68,61.544,3273.26,299.5,11059,8,100,0,0,138.0,1094.7,12.9
23,ALB,Williams,68,61.761,3291.35,300.0,11055,8,100,0,0,141.4,1080.1,12.9
23,ALB,Williams,68,61.784,3293.27,300.0,11060,8,100,0,0,141.8,1078.5,12.9
23,ALB,Williams,68,61.961,3308.02,300.0,11097,8,100,0,0,145.0,1064.7,12.9
23,ALB,Williams,68,62.121,3321.35,300.0,11097,8,100,0,0,148.1,1051.1,12.8
23,ALB,Williams,68,62.164,3324.95,300.3,11104,8,100,0,0,149.0,1047.6,12.8
23,ALB,Williams,68,62.204,3328.29,300.5,11111,8,100,0,0,149.8,1044.4,12.8
23,ALB,Williams,68,62.424,3346.77,301.9,11149,8,100,0,0,154.0,1026.4,12.8
23,ALB,Williams,68,62.442,3348.28,302.0,11152,8,100,0,0,154.5,1024.3,12.8
23,ALB,Williams,68,62.602,3361.75,303.0,11102,8,100,0,0,159.8,1001.6,12.7
23,ALB,Williams,68,62.643,3365.2,303.1,11117,8,100,0,0,160.9,996.8,12.7
23,ALB,Williams,68,62.961,3392.06,304.0,11232,8,100,0,0,164.7,980.4,12.7
23,ALB,Williams,68,63.043,3399.02,304.6,11255,8,100,0,0,165.9,975.4,12.7
23,ALB,Williams,68,63.241,3415.86,306.0,11310,8,100,0,0,170.5,955.8,12.7
23,ALB,Williams,68,63.364,3426.35,306.8,11216,8,100,0,0,173.3,943.9,12.7
23,ALB,Williams,68,63.401,3429.51,307.0,11188,8,100,0,0,174.0,940.9,12.7
23,ALB,Williams,68,63.684,3453.71,307.8,11465,8,100,0,0,178.7,920.6,12.6
23,ALB,Williams,68,63.761,3460.31,308.0,11540,8,100,0,0,180.9,911.2,12.6
23,ALB,Williams,68,63.924,3474.28,308.4,11484,8,100,0,0,185.7,890.5,12.6
23,ALB,Williams,68,64.201,3498.07,309.0,11389,8,100,0,0,188.4,878.4,12.6
23,ALB,Williams,68,64.224,3500.05,309.1,11393,8,100,0,0,188.7,877.1,12.6
23,ALB,Williams,68,64.361,3511.85,310.0,11419,8,100,0,0,191.2,866.2,12.6
23,ALB,Williams,68,64.444,3519.0,310.0,11380,8,100,0,0,192.9,858.7,12.6
23,ALB,Williams,68,64.521,3525.63,310.0,11344,8,100,0,0,194.4,852.1,12.6
23,ALB,Williams,68,64.681,3539.41,310.0,11397,8,100,0,0,197.4,838.8,12.6
23,ALB,Williams,68,64.684,3539.67,310.0,11398,8,100,0,0,197.5,838.5,12.6
23,ALB,Williams,68,64.841,3553.18,310.0,11442,8,100,0,0,200.7,824.5,12.6
23,ALB,Williams,68,64.864,3555.16,310.0,11444,8,100,0,0,201.2,822.4,12.6
23,ALB,Williams,68,65.041,3570.41,310.0,11456,8,100,0,0,205.0,805.4,12.6
23,ALB,Williams,68,65.084,3574.12,310.4,11469,8,100,0,0,206.1,800.8,12.6
23,ALB,Williams,68,65.281,3591.21,312.0,11526,8,100,0,0,211.6,777.2,12.7
23,ALB,Williams,68,65.364,3598.41,312.0,11515,8,100,0,0,213.6,768.8,12.7
23,ALB,Williams,68,65.561,3615.47,312.0,11490,8,100,0,0,216.5,756.4,12.7
23,ALB,Williams,68,65.724,3629.56,311.2,11486,8,100,0,0,218.8,746.9,12.7
23,ALB,Williams,68,65.761,3632.75,311.0,11485,8,100,0,0,219.5,744.0,12.7
23,ALB,Williams,68,65.884,3643.37,311.0,11491,8,100,0,0,222.0,733.4,12.7
23,ALB,Williams,68,65.921,3646.57,311.0,11493,8,100,0,0,222.8,730.2,12.7
23,ALB,Williams,68,66.084,3660.7,311.8,11469,8,100,0,0,226.1,716.6,12.7
23,ALB,Williams,68,66.121,3663.91,312.0,11463,8,100,0,0,226.8,713.5,12.7
23,ALB,Williams,68,66.304,3679.77,312.0,11483,8,100,0,0,230.5,698.0,12.8
23,ALB,Williams,68,66.361,3684.71,312.0,11489,8,100,0,0,231.6,693.1,12.8
23,ALB,Williams,68,66.521,3698.57,312.0,11494,8,100,0,0,234.9,679.7,12.9
23,ALB,Williams,68,66.544,3700.57,312.0,11516,8,100,0,0,235.3,677.8,12.9
23,ALB,Williams,68,66.801,3722.84,312.0,11756,8,100,0,0,240.3,656.6,13.0
23,ALB,Williams,68,66.824,3724.81,310.6,11657,8,91,0,0,240.9,654.3,13.0
23,ALB,Williams,68,67.024,3741.34,298.1,10801,8,10,0,0,246.1,632.1,13.0
23,ALB,Williams,68,67.041,3742.64,297.0,10728,8,3,1,0,246.4,630.6,13.0
23,ALB,Williams,68,67.324,3761.4,255.2,9865,8,1,1,0,249.9,616.2,13.1
23,ALB,Williams,68,67.481,3771.0,232.0,9387,8,0,1,0,252.4,605.7,13.2
23,ALB,Williams,68,67.681,3783.11,218.0,9470,8,0,1,0,255.9,590.5,13.2
23,ALB,Williams,68,67.684,3783.27,217.5,9472,8,0,1,0,255.9,590.3,13.2
23,ALB,Williams,68,67.881,3793.22,182.0,9593,8,0,1,0,258.3,578.3,13.2
23,ALB,Williams,68,68.081,3802.22,162.0,9593,8,0,1,0,259.7,569.7,13.2
23,ALB,Williams,68,68.084,3802.35,161.8,9594,8,0,1,0,259.7,569.6,13.2
23,ALB,Williams,68,68.344,3812.54,146.2,9710,8,0,1,0,260.3,563.2,13.2
23,ALB,Williams,68,68.481,3817.55,138.0,9771,4,0,1,0,260.5,558.1,13.2
23,ALB,Williams,68,68.524,3819.1,136.8,9707,4,0,1,0,260.5,556.5,13.2
23,ALB,Williams,68,68.724,3826.18,131.3,9407,4,0,1,0,259.9,549.6,13.1
23,ALB,Williams,68,68.882,3831.7,127.0,9170,3,0,1,0,258.1,543.4,13.1
23,ALB,Williams,68,69.042,3837.25,125.0,8816,3,2,0,0,255.7,537.6,13.1
23,ALB,Williams,68,69.044,3837.32,125.0,8819,3,2,0,0,255.7,537.5,13.1
23,ALB,Williams,68,69.321,3846.71,122.0,9225,3,19,0,0,252.4,531.7,13.1
23,ALB,Williams,68,69.363,3848.13,122.0,9192,3,23,0,0,251.8,530.8,13.1
23,ALB,Williams,68,69.561,3854.84,122.0,9039,3,41,0,0,248.6,526.0,13.1
23,ALB,Williams,68,69.683,3858.96,122.4,9208,3,46,0,0,246.1,521.3,13.0
23,ALB,Williams,68,69.841,3864.41,123.0,9428,3,53,0,0,242.5,512.8,12.9
23,ALB,Williams,68,69.864,3865.23,124.0,9470,3,52,0,0,242.1,511.7,12.9
23,ALB,Williams,68,70.041,3871.74,132.0,9793,3,45,0,0,240.3,505.8,12.8
23,ALB,Williams,68,70.284,3880.91,135.5,10125,3,47,0,0,239.9,500.2,12.8
23,ALB,Williams,68,70.321,3882.32,136.0,10176,3,47,0,0,239.8,498.9,12.8
23,ALB,Williams,68,70.404,3885.49,137.2,10385,3,50,0,0,239.6,495.6,12.8
23,ALB,Williams,68,70.521,3890.04,139.0,10679,3,54,0,0,239.5,489.5,12.8
23,ALB,Williams,68,70.664,3895.88,143.2,10469,3,60,0,0,239.8,481.1,12.8
23,ALB,Williams,68,70.961,3908.62,152.0,10032,3,72,0,0,241.4,466.6,12.7
23,ALB,Williams,68,71.104,3914.8,155.6,10118,3,81,0,0,242.2,461.3,12.7
23,ALB,Williams,68,71.121,3915.55,156.0,10128,4,82,0,0,242.3,460.8,12.7
23,ALB,Williams,68,71.444,3931.02,171.3,10891,4,97,0,0,243.9,452.1,12.6
23,ALB,Williams,68,71.481,3932.85,173.0,10978,4,99,0,0,244.2,450.9,12.6
23,ALB,Williams,68,71.721,3944.92,181.0,10978,4,100,0,0,246.9,438.9,12.6
23,ALB,Williams,68,71.724,3945.07,181.1,10977,4,100,0,0,247.0,438.7,12.6
23,ALB,Williams,68,71.904,3954.65,188.8,10936,4,100,0,0,251.3,422.2,12.6
23,ALB,Williams,68,72.001,3959.93,193.0,10914,5,100,0,0,252.8,416.6,12.6
23,ALB,Williams,68,72.201,3971.04,200.0,11218,5,100,0,0,254.1,412.2,12.7
23,ALB,Williams,68,72.284,3975.81,203.0,11296,5,100,0,0,255.0,409.3,12.7
23,ALB,Williams,68,72.504,3988.89,210.9,11503,5,100,0,0,258.6,397.0,12.7
23,ALB,Williams,68,72.561,3992.34,213.0,11557,5,100,0,0,259.6,393.7,12.7
23,ALB,Williams,68,72.664,3998.62,215.9,11291,5,100,0,0,261.3,387.9,12.7
23,ALB,Williams,68,72.824,4008.51,220.4,10879,5,100,0,0,264.0,378.5,12.7
23,ALB,Williams,68,72.881,4012.07,222.0,10732,6,100,0,0,265.0,375.1,12.7
23,ALB,Williams,68,73.044,4022.41,226.1,10908,6,100,0,0,267.7,365.2,12.7
23,ALB,Williams,68,73.201,4032.52,230.0,11078,6,100,0,0,270.3,355.5,12.7
23,ALB,Williams,68,73.384,4044.45,234.6,11206,6,100,0,0,273.3,344.0,12.7
23,ALB,Williams,68,73.401,4045.57,235.0,11218,6,100,0,0,273.6,342.9,12.7
23,ALB,Williams,68,73.464,4049.77,236.6,11272,6,100,0,0,274.6,338.9,12.8
23,ALB,Williams,68,73.761,4069.97,244.0,11529,6,100,0,0,279.2,320.6,12.8
23,ALB,Williams,68,73.804,4072.92,244.6,11359,6,100,0,0,280.2,316.8,12.8
23,ALB,Williams,68,74.004,4086.7,247.5,10568,6,100,0,0,285.3,296.8,12.8
23,ALB,Williams,68,74.041,4089.26,248.0,10422,7,100,0,0,286.0,294.2,12.8
23,ALB,Williams,68,74.281,4106.06,252.0,10567,7,100,0,0,288.4,284.8,12.8
23,ALB,Williams,68,74.284,4106.28,252.1,10568,7,100,0,0,288.4,284.6,12.8
23,ALB,Williams,68,74.481,4120.29,256.0,10661,7,100,0,0,291.8,271.3,12.8
23,ALB,Williams,68,74.544,4124.83,257.2,10720,7,100,0,0,293.0,266.6,12.8
23,ALB,Williams,68,74.784,4142.38,261.9,10946,7,100,0,0,297.4,249.7,12.8
23,ALB,Williams,68,74.841,4146.59,263.0,11000,7,100,0,0,298.4,246.0,12.8
23,ALB,Williams,68,74.984,4157.17,265.4,11080,7,100,0,0,301.1,235.5,12.8
23,ALB,Williams,68,75.081,4164.39,267.0,11135,7,100,0,0,303.9,224.6,12.8
23,ALB,Williams,68,75.204,4173.59,268.8,11198,7,100,0,0,307.9,209.5,12.8
23,ALB,Williams,68,75.281,4179.39,270.0,11237,7,100,0,0,310.0,201.6,12.8
23,ALB,Williams,68,75.602,4203.82,274.0,11406,7,100,0,0,315.9,179.4,12.8
23,ALB,Williams,68,75.644,4207.02,274.2,11426,7,100,0,0,316.5,177.2,12.8
23,ALB,Williams,68,75.842,4222.15,275.0,11520,7,100,0,0,318.8,168.2,12.8
23,ALB,Williams,68,76.041,4237.52,278.0,11586,7,100,0,0,321.4,157.8,12.8
23,ALB,Williams,68,76.043,4237.67,278.0,11587,7,100,0,0,321.4,157.7,12.8
23,ALB,Williams,68,76.283,4256.41,280.4,11675,7,100,0,0,325.9,139.5,12.9
23,ALB,Williams,68,76.441,4268.85,282.0,11733,7,100,0,0,328.7,127.3,12.9
23,ALB,Williams,68,76.484,4272.25,282.4,11605,7,100,0,0,329.6,122.7,12.9
23,ALB,Williams,68,76.644,4284.93,284.0,11130,7,100,0,0,333.8,100.9,12.9
23,ALB,Williams,68,76.841,4300.63,286.0,10544,8,100,0,0,336.8,84.2,12.9
23,ALB,Williams,68,76.917,4306.7,286.8,10574,8,100,0,0,337.1,81.7,13.0
31,OCO,Alpine,63,0.0,0.17,293.3,11203,7,100,0,1,335.0,94.4,13.1
31,OCO,Alpine,63,0.123,10.21,293.8,11217,7,100,0,1,336.4,84.5,13.1
31,OCO,Alpine,63,0.18,14.87,294.0,11224,7,100,0,1,337.0,79.9,13.0
31,OCO,Alpine,63,0.383,31.45,294.0,11215,7,100,0,1,338.5,63.4,12.8
31,OCO,Alpine,63,0.46,37.73,294.0,11211,7,100,0,1,338.9,57.2,12.8
31,OCO,Alpine,63,0.543,44.51,294.0,11205,7,100,0,1,339.2,50.4,12.8
31,OCO,Alpine,63,0.62,50.8,294.0,11199,7,100,0,1,339.4,43.6,12.8
31,OCO,Alpine,63,0.783,64.12,294.0,11199,7,100,0,1,339.5,29.1,12.8
31,OCO,Alpine,63,0.9,73.67,294.0,11199,7,100,0,1,339.3,20.0,12.8
31,OCO,Alpine,63,1.083,88.56,293.1,11172,7,100,0,1,338.6,6.3,12.9
31,OCO,Alpine,63,1.1,89.94,293.0,11169,7,100,0,1,338.5,4.9,12.9
31,OCO,Alpine,63,1.364,111.46,293.0,11182,7,100,0,1,336.5,-18.0,13.0
31,OCO,Alpine,63,1.38,112.73,293.0,11183,7,100,0,1,336.4,-19.3,13.0
31,OCO,Alpine,63,1.584,128.65,280.9,10621,7,36,0,1,334.6,-35.6,13.0
31,OCO,Alpine,63,1.7,137.09,274.0,10301,7,0,1,0,333.6,-44.5,13.0
31,OCO,Alpine,63,1.824,145.47,258.5,10041,7,0,1,0,332.5,-53.3,13.1
31,OCO,Alpine,63,1.98,155.68,239.0,9714,7,0,1,0,331.3,-62.7,13.2
31,OCO,Alpine,63,2.14,166.3,239.0,9945,7,0,1,0,330.2,-72.7,13.2
31,OCO,Alpine,63,2.144,166.55,238.3,9961,7,0,1,0,330.2,-73.0,13.2
31,OCO,Alpine,63,2.38,179.37,196.0,10909,7,0,1,0,328.6,-91.9,13.3
31,OCO,Alpine,63,2.444,182.65,192.0,10753,7,0,1,0,328.3,-95.9,13.3
31,OCO,Alpine,63,2.62,191.43,181.0,10325,6,0,1,0,327.9,-102.2,13.4
31,OCO,Alpine,63,2.804,199.94,168.7,9890,6,0,1,0,328.1,-107.4,13.4
31,OCO,Alpine,63,2.86,202.43,165.0,9757,4,0,1,0,328.2,-110.0,13.4
31,OCO,Alpine,63,3.024,209.52,159.5,9393,4,0,1,0,328.7,-118.7,13.4
31,OCO,Alpine,63,3.22,217.73,153.0,8958,4,0,1,0,329.5,-125.3,13.3
31,OCO,Alpine,63,3.304,221.24,151.3,9207,4,0,1,0,330.4,-128.4,13.3
31,OCO,Alpine,63,3.42,226.01,149.0,9551,4,0,1,0,332.5,-134.0,13.3
31,OCO,Alpine,63,3.644,234.85,142.5,9716,4,0,1,0,337.7,-145.2,13.3
31,OCO,Alpine,63,3.66,235.48,142.0,9728,3,0,1,0,338.0,-145.7,13.3
31,OCO,Alpine,63,3.82,241.7,140.0,9487,3,0,1,0,340.1,-149.0,13.4
31,OCO,Alpine,63,4.004,248.57,135.4,9568,3,18,1,0,343.0,-151.7,13.4
31,OCO,Alpine,63,4.06,250.63,134.0,9593,3,24,0,0,344.4,-153.1,13.4
31,OCO,Alpine,63,4.164,254.48,133.3,9364,3,20,0,0,347.3,-155.9,13.4
31,OCO,Alpine,63,4.34,260.9,132.0,8976,3,12,1,0,352.4,-160.1,13.5
31,OCO,Alpine,63,4.384,262.46,130.6,8881,3,10,1,0,353.7,-161.1,13.5
31,OCO,Alpine,63,4.604,269.93,123.7,8407,3,2,1,0,360.4,-165.5,13.5
31,OCO,Alpine,63,4.659,271.71,122.0,8289,3,0,1,0,362.1,-166.5,13.5
31,OCO,Alpine,63,4.824,276.86,113.8,9097,3,0,1,0,367.0,-169.2,13.5
31,OCO,Alpine,63,4.859,277.93,112.0,9269,2,0,1,0,368.0,-169.7,13.5
31,OCO,Alpine,63,5.024,282.98,109.9,9011,2,0,1,0,372.6,-172.2,13.4
31,OCO,Alpine,63,5.099,285.2,109.0,8894,2,0,1,0,374.5,-173.2,13.4
31,OCO,Alpine,63,5.244,289.27,103.0,8495,2,0,1,0,378.2,-175.5,13.5
31,OCO,Alpine,63,5.339,291.8,99.0,8234,2,0,1,0,381.0,-177.8,13.5
31,OCO,Alpine,63,5.524,296.41,92.6,7759,2,0,1,0,385.9,-182.7,13.5
31,OCO,Alpine,63,5.659,299.62,88.0,7413,2,0,1,0,387.5,-184.7,13.5
31,OCO,Alpine,63,5.884,304.88,84.3,7046,2,0,1,0,388.0,-187.1,13.5
31,OCO,Alpine,63,5.899,305.22,84.0,7022,2,0,1,0,388.1,-187.4,13.5
31,OCO,Alpine,63,6.044,308.53,82.2,6716,2,0,1,0,388.7,-190.7,13.5
31,OCO,Alpine,63,6.059,308.87,82.0,6684,2,0,1,0,388.7,-191.1,13.5
31,OCO,Alpine,63,6.299,314.0,77.0,6720,2,0,0,0,388.3,-198.5,13.6
31,OCO,Alpine,63,6.343,314.92,76.4,6628,2,1,0,0,388.1,-199.5,13.6
31,OCO,Alpine,63,6.459,317.33,75.0,6384,2,3,0,0,387.7,-201.5,13.6
31,OCO,Alpine,63,6.643,321.06,73.2,6658,2,19,0,0,387.0,-203.5,13.6
31,OCO,Alpine,63,6.66,321.41,73.0,6683,2,20,0,0,386.9,-203.7,13.6
31,OCO,Alpine,63,6.94,327.24,75.0,7078,2,32,0,0,384.9,-209.0,13.8
31,OCO,Alpine,63,6.983,328.18,75.6,7141,2,33,0,0,384.3,-210.1,13.8
31,OCO,Alpine,63,7.163,332.21,78.3,7404,2,38,0,0,381.0,-215.4,14.0
31,OCO,Alpine,63,7.34,336.24,81.0,7663,2,42,0,0,379.0,-218.0,14.1
31,OCO,Alpine,63,7.443,338.58,82.0,7923,2,45,0,0,377.7,-219.2,14.1
31,OCO,Alpine,63,7.54,340.85,83.0,8168,2,48,0,0,375.9,-220.6,14.1
31,OCO,Alpine,63,7.704,344.97,87.9,8451,2,51,0,0,372.2,-223.0,14.2
31,OCO,Alpine,63,7.94,351.41,95.0,8858,2,55,0,0,366.4,-225.2,14.4
31,OCO,Alpine,63,7.984,352.66,96.7,8858,2,57,0,0,365.3,-225.5,14.4
31,OCO,Alpine,63,8.124,356.75,102.2,8857,2,64,0,0,361.4,-226.3,14.5
31,OCO,Alpine,63,8.22,359.65,106.0,8856,2,68,0,0,357.9,-226.7,14.6
31,OCO,Alpine,63,8.384,364.83,111.6,8735,2,73,0,0,351.4,-227.2,14.8
31,OCO,Alpine,63,8.54,370.05,117.0,8620,3,77,0,0,347.2,-227.4,15.0
31,OCO,Alpine,63,8.724,376.61,126.2,9564,3,79,0,0,342.6,-227.3,15.3
31,OCO,Alpine,63,8.78,378.65,129.0,9851,3,79,0,0,340.8,-227.2,15.4
31,OCO,Alpine,63,8.984,386.21,133.5,10241,3,82,0,0,333.1,-226.9,15.7
31,OCO,Alpine,63,9.1,390.74,136.0,10462,3,84,0,0,328.6,-226.6,15.9
31,OCO,Alpine,63,9.204,395.03,142.3,10648,3,85,0,0,324.3,-226.1,16.0
31,OCO,Alpine,63,9.38,402.64,153.0,10964,3,88,0,0,316.5,-224.9,16.3
31,OCO,Alpine,63,9.464,406.38,155.8,10782,3,90,0,0,313.1,-224.3,16.4
31,OCO,Alpine,63,9.74,419.14,165.0,10182,4,98,0,0,302.0,-221.6,16.8
31,OCO,Alpine,63,9.744,419.33,165.2,10192,4,98,0,0,301.7,-221.5,16.8
31,OCO,Alpine,63,10.02,432.99,178.0,10858,4,100,0,0,277.0,-213.9,17.2
31,OCO,Alpine,63,10.024,433.19,178.1,10863,4,100,0,0,276.7,-213.8,17.2
31,OCO,Alpine,63,10.22,443.26,185.0,11108,4,100,0,0,270.9,-211.9,17.2
31,OCO,Alpine,63,10.344,449.88,189.4,10895,4,100,0,0,267.9,-210.8,17.3
31,OCO,Alpine,63,10.5,458.43,195.0,10628,4,100,0,0,260.2,-208.0,17.6
31,OCO,Alpine,63,10.544,460.88,196.9,10603,4,100,0,0,257.8,-207.1,17.7
31,OCO,Alpine,63,10.66,467.41,202.0,10536,5,100,0,0,251.7,-204.7,17.8
31,OCO,Alpine,63,10.844,478.0,206.6,10630,5,100,0,0,242.2,-200.5,17.8
31,OCO,Alpine,63,10.9,481.28,208.0,10659,5,100,0,0,239.3,-199.1,17.8
31,OCO,Alpine,63,11.064,491.02,212.9,10834,5,100,0,0,230.8,-194.7,17.8
31,OCO,Alpine,63,11.1,493.16,214.0,10872,5,100,0,0,229.1,-193.8,17.8
31,OCO,Alpine,63,11.284,504.16,215.5,11081,5,100,0,0,219.4,-188.0,17.8
31,OCO,Alpine,63,11.339,507.5,216.0,11144,5,100,0,0,215.1,-185.3,17.8
31,OCO,Alpine,63,11.484,516.48,222.3,11352,5,100,0,0,202.8,-177.3,17.7
31,OCO,Alpine,63,11.499,517.42,223.0,11374,5,100,0,0,201.8,-176.6,17.7
31,OCO,Alpine,63,11.859,540.32,229.0,11573,5,100,0,0,188.9,-167.7,17.6
31,OCO,Alpine,63,11.924,544.46,229.2,11596,5,100,0,0,186.2,-165.7,17.6
31,OCO,Alpine,63,12.064,553.39,229.6,11644,5,100,0,0,179.0,-160.4,17.6
31,OCO,Alpine,63,12.179,560.76,230.0,11684,5,100,0,0,173.1,-156.0,17.6
31,OCO,Alpine,63,12.284,567.54,231.6,11745,5,100,0,0,167.8,-151.9,17.6
31,OCO,Alpine,63,12.379,573.7,233.0,11800,5,100,0,0,162.9,-148.1,17.6
31,OCO,Alpine,63,12.444,577.94,233.6,11819,5,100,0,0,159.6,-145.5,17.6
31,OCO,Alpine,63,12.579,586.76,235.0,11857,5,100,0,0,152.8,-140.0,17.6
31,OCO,Alpine,63,12.664,592.32,235.5,11885,5,100,0,0,148.5,-136.5,17.6
31,OCO,Alpine,63,12.739,597.25,236.0,11909,5,100,0,0,144.6,-133.4,17.6
31,OCO,Alpine,63,12.823,602.81,236.0,11740,5,70,0,0,140.3,-129.9,17.6
31,OCO,Alpine,63,13.019,615.6,236.0,11344,5,0,1,0,130.4,-121.8,17.6
31,OCO,Alpine,63,13.043,617.1,233.9,11256,5,0,1,0,129.2,-120.9,17.6
31,OCO,Alpine,63,13.34,634.15,208.0,10171,5,0,1,0,115.8,-110.1,17.6
31,OCO,Alpine,63,13.403,637.36,201.8,10097,5,0,1,0,112.4,-107.3,17.6
31,OCO,Alpine,63,13.623,647.45,180.3,9838,5,0,1,0,100.2,-96.8,17.6
31,OCO,Alpine,63,13.78,654.32,165.0,9654,4,0,1,0,97.3,-94.1,17.6
31,OCO,Alpine,63,13.843,657.08,161.5,9544,4,0,1,0,96.3,-93.0,17.6
31,OCO,Alpine,63,13.94,661.25,156.0,9374,4,0,1,0,93.9,-90.5,17.6
31,OCO,Alpine,63,14.083,667.04,148.8,9582,4,0,1,0,89.4,-85.7,17.5
31,OCO,Alpine,63,14.22,672.3,142.0,9782,3,0,1,0,85.7,-81.1,17.5
31,OCO,Alpine,63,14.364,677.65,137.5,9346,3,0,1,0,82.3,-76.5,17.4
31,OCO,Alpine,63,14.54,684.03,132.0,8813,3,0,1,0,79.0,-71.1,17.3
31,OCO,Alpine,63,14.604,686.32,130.7,8750,3,0,1,0,78.0,-69.1,17.2
31,OCO,Alpine,63,14.74,691.14,128.0,8615,3,0,1,0,76.2,-64.8,17.1
31,OCO,Alpine,63,14.824,694.08,126.7,8702,3,5,1,0,75.4,-62.2,17.0
31,OCO,Alpine,63,14.94,698.08,125.0,8821,3,13,0,0,74.6,-58.7,16.9
31,OCO,Alpine,63,15.044,701.62,123.0,8826,3,22,0,0,74.3,-55.5,16.9
31,OCO,Alpine,63,15.1,703.51,122.0,8829,3,27,0,0,74.3,-53.6,16.9
31,OCO,Alpine,63,15.244,708.33,121.4,8914,3,34,0,0,74.5,-48.6,16.8
31,OCO,Alpine,63,15.34,711.57,121.0,8971,3,39,0,0,74.8,-45.5,16.7
31,OCO,Alpine,63,15.464,715.84,123.1,9045,3,48,0,0,75.5,-40.9,16.6
31,OCO,Alpine,63,15.58,719.91,125.0,9114,3,57,0,0,76.3,-34.9,16.4
31,OCO,Alpine,63,15.644,722.19,126.6,9299,3,61,0,0,76.7,-31.7,16.3
31,OCO,Alpine,63,15.82,728.64,131.0,9808,3,71,0,0,77.2,-25.8,16.1
31,OCO,Alpine,63,16.064,738.24,140.6,9344,3,68,0,0,76.8,-19.4,15.9
31,OCO,Alpine,63,16.1,739.68,142.0,9275,3,68,0,0,76.7,-18.0,15.9
31,OCO,Alpine,63,16.144,741.46,142.7,9236,3,69,0,0,76.5,-16.3,15.8
31,OCO,Alpine,63,16.344,749.59,145.8,9060,3,72,0,0,75.5,-8.4,15.5
31,OCO,Alpine,63,16.42,752.75,147.0,8993,4,73,0,0,74.9,-5.4,15.4
31,OCO,Alpine,63,16.58,759.55,153.0,9381,4,73,0,0,73.3,0.9,15.0
31,OCO,Alpine,63,16.644,762.31,154.3,9505,4,75,0,0,72.4,3.4,14.9
31,OCO,Alpine,63,16.78,768.27,157.0,9770,4,80,0,0,70.0,8.6,14.6
31,OCO,Alpine,63,16.844,771.13,158.9,9804,4,81,0,0,68.7,11.1,14.5
31,OCO,Alpine,63,17.02,779.21,164.0,9898,4,85,0,0,64.3,17.9,14.3
31,OCO,Alpine,63,17.064,781.28,165.6,10049,4,87,0,0,63.1,19.6,14.2
31,OCO,Alpine,63,17.224,788.99,171.3,10596,4,96,0,0,58.4,25.8,14.0
31,OCO,Alpine,63,17.3,792.74,174.0,10856,4,100,0,0,56.2,28.6,13.8
31,OCO,Alpine,63,17.444,800.01,180.5,11118,4,100,0,0,51.4,34.5,13.5
31,OCO,Alpine,63,17.5,802.91,183.0,11220,4,100,0,0,49.0,37.5,13.4
31,OCO,Alpine,63,17.764,817.11,191.4,10685,4,100,0,0,35.0,54.8,13.2
31,OCO,Alpine,63,17.939,826.93,197.0,10331,5,100,0,0,27.4,64.0,13.1
31,OCO,Alpine,63,18.164,839.94,205.1,10554,5,100,0,0,20.5,72.2,13.0
31,OCO,Alpine,63,18.299,847.93,210.0,10688,5,100,0,0,17.9,75.3,12.9
31,OCO,Alpine,63,18.459,857.53,216.0,10968,5,100,0,0,14.4,79.2,12.9
31,OCO,Alpine,63,18.504,860.24,216.4,11003,5,100,0,0,12.6,81.0,12.9
31,OCO,Alpine,63,18.659,869.64,218.0,11122,5,100,0,0,3.7,89.8,13.0
31,OCO,Alpine,63,18.744,874.93,221.4,11283,5,100,0,0,-1.3,94.6,13.0
31,OCO,Alpine,63,18.859,882.2,226.0,11502,5,100,0,0,-6.7,99.6,13.0
31,OCO,Alpine,63,19.179,902.82,232.0,11693,5,100,0,0,-18.7,109.2,13.0
31,OCO,Alpine,63,19.184,903.14,232.1,11667,5,100,0,0,-18.9,109.4,13.0
31,OCO,Alpine,63,19.264,908.35,233.6,11247,5,100,0,0,-23.0,112.6,13.0
31,OCO,Alpine,63,19.339,913.26,235.0,10853,6,100,0,0,-27.1,115.7,13.0
31,OCO,Alpine,63,19.499,923.93,240.0,10457,6,100,0,0,-36.3,122.8,13.0
31,OCO,Alpine,63,19.603,930.94,242.0,10562,6,100,0,0,-42.8,128.3,13.0
31,OCO,Alpine,63,19.659,934.73,243.0,10618,6,100,0,0,-46.5,131.7,13.0
31,OCO,Alpine,63,19.86,948.47,246.0,10819,6,100,0,0,-60.0,144.8,13.1
31,OCO,Alpine,63,19.923,952.8,246.7,10862,6,100,0,0,-63.2,148.0,13.1
31,OCO,Alpine,63,20.14,967.83,249.0,11010,6,100,0,0,-69.2,154.3,13.1
31,OCO,Alpine,63,20.34,981.78,251.0,11026,6,100,0,0,-73.6,163.5,13.1
31,OCO,Alpine,63,20.363,983.39,251.2,11027,6,100,0,0,-74.4,165.4,13.1
31,OCO,Alpine,63,20.54,995.83,253.0,11039,6,100,0,0,-82.5,185.0,13.0
31,OCO,Alpine,63,20.583,998.85,253.0,11033,6,100,0,0,-84.2,189.1,13.0
31,OCO,Alpine,63,20.74,1009.89,253.0,11009,6,100,0,0,-88.0,198.8,13.0
31,OCO,Alpine,63,20.964,1025.69,253.8,11028,6,100,0,0,-90.2,208.5,13.0
31,OCO,Alpine,63,21.02,1029.64,254.0,11033,6,100,0,0,-90.9,212.8,13.0
31,OCO,Alpine,63,21.224,1044.02,254.0,11045,6,100,0,0,-93.7,232.2,13.0
31,OCO,Alpine,63,21.46,1060.69,254.0,11058,6,100,0,0,-94.6,252.8,12.9
31,OCO,Alpine,63,21.684,1076.59,255.2,11082,6,100,0,0,-94.2,267.8,12.9
31,OCO,Alpine,63,21.82,1086.29,256.0,11096,6,100,0,0,-94.1,274.0,12.9
31,OCO,Alpine,63,21.98,1097.67,256.0,11092,6,100,0,0,-93.9,280.1,13.0
31,OCO,Alpine,63,22.044,1102.11,252.8,11043,6,87,0,0,-93.8,283.4,13.0
31,OCO,Alpine,63,22.26,1116.49,242.0,10878,6,44,1,0,-93.2,298.1,13.1
31,OCO,Alpine,63,22.304,1119.26,237.8,10644,6,34,1,0,-93.0,301.5,13.1
31,OCO,Alpine,63,22.46,1128.88,223.0,9815,6,0,1,0,-92.3,314.1,13.2
31,OCO,Alpine,63,22.484,1130.38,223.0,9718,6,0,1,0,-92.2,315.8,13.2
31,OCO,Alpine,63,22.62,1138.79,223.0,9166,6,0,1,0,-91.6,323.4,13.3
31,OCO,Alpine,63,22.764,1146.37,201.9,9779,6,0,1,0,-91.2,329.9,13.5
31,OCO,Alpine,63,22.9,1152.94,182.0,10358,6,0,1,0,-91.1,336.8,13.6
31,OCO,Alpine,63,22.984,1157.08,180.1,10358,6,0,1,0,-91.2,341.1,13.7
31,OCO,Alpine,63,23.184,1166.92,175.7,10358,6,0,1,0,-91.8,350.8,13.9
31,OCO,Alpine,63,23.26,1170.34,174.0,10358,4,0,1,0,-92.2,354.4,13.9
31,OCO,Alpine,63,23.444,1177.75,157.7,10184,4,0,1,0,-93.7,362.7,14.0
31,OCO,Alpine,63,23.644,1184.86,140.0,9996,4,0,1,0,-95.7,370.3,14.1
31,OCO,Alpine,63,23.7,1186.84,135.0,9943,4,0,1,0,-96.4,372.3,14.1
31,OCO,Alpine,63,23.804,1190.52,131.1,9215,4,0,1,0,-97.8,375.7,14.2
31,OCO,Alpine,63,23.94,1195.24,126.0,8263,4,0,1,0,-99.8,379.8,14.3
31,OCO,Alpine,63,24.004,1197.39,123.2,8211,4,0,1,0,-100.8,381.6,14.3
31,OCO,Alpine,63,24.1,1200.53,119.0,8134,3,0,1,0,-102.4,384.2,14.4
31,OCO,Alpine,63,24.344,1208.21,113.8,7816,3,0,1,0,-107.3,389.9,14.7
31,OCO,Alpine,63,24.38,1209.32,113.0,7769,3,0,1,0,-108.1,390.6,14.7
31,OCO,Alpine,63,24.544,1214.32,110.4,7496,3,0,1,0,-112.0,393.6,14.8
31,OCO,Alpine,63,24.699,1218.89,108.0,7238,3,0,0,0,-115.9,395.7,14.9
31,OCO,Alpine,63,24.704,1219.03,107.8,7233,3,0,0,0,-116.1,395.8,14.9
31,OCO,Alpine,63,24.859,1223.38,101.0,7092,3,0,0,0,-123.8,397.9,15.0
31,OCO,Alpine,63,24.884,1224.07,100.8,7077,3,1,0,0,-124.9,398.1,15.0
31,OCO,Alpine,63,25.059,1228.88,99.0,6969,3,8,0,0,-128.8,398.7,15.0
31,OCO,Alpine,63,25.244,1233.91,98.2,7149,3,22,0,0,-131.1,398.4,15.1
31,OCO,Alpine,63,25.299,1235.41,98.0,7202,3,26,0,0,-132.4,398.3,15.1
31,OCO,Alpine,63,25.499,1240.97,100.0,7133,3,42,0,0,-138.4,398.0,15.3
31,OCO,Alpine,63,25.504,1241.11,100.0,7143,3,42,0,0,-138.5,398.0,15.3
31,OCO,Alpine,63,25.699,1246.64,102.0,7521,3,46,0,0,-141.7,397.7,15.3
31,OCO,Alpine,63,25.724,1247.36,102.6,7577,3,48,0,0,-142.1,397.7,15.3
31,OCO,Alpine,63,25.899,1252.58,107.0,7970,3,61,0,0,-145.3,397.4,15.3
31,OCO,Alpine,63,26.143,1260.53,116.6,8681,3,77,0,0,-152.0,397.0,15.5
31,OCO,Alpine,63,26.179,1261.76,118.0,8786,3,79,0,0,-153.4,397.0,15.5
31,OCO,Alpine,63,26.38,1268.85,127.0,9268,3,75,0,0,-162.0,397.2,15.7
31,OCO,Alpine,63,26.403,1269.68,127.6,9184,3,74,0,0,-162.9,397.3,15.7
31,OCO,Alpine,63,26.62,1277.71,133.0,8389,3,63,0,0,-169.7,398.3,15.8
31,OCO,Alpine,63,26.78,1283.71,135.0,8202,4,63,0,0,-174.2,399.8,15.9
31,OCO,Alpine,63,26.803,1284.58,135.3,8265,4,64,0,0,-174.9,400.1,15.9
31,OCO,Alpine,63,26.94,1289.8,137.0,8641,4,68,0,0,-179.5,402.2,16.0
31,OCO,Alpine,63,27.023,1293.09,139.8,8752,4,69,0,0,-182.4,403.7,16.0
31,OCO,Alpine,63,27.18,1299.47,145.0,8962,4,72,0,0,-187.7,407.1,16.1
31,OCO,Alpine,63,27.203,1300.41,145.4,8974,4,73,0,0,-188.4,407.7,16.1
31,OCO,Alpine,63,27.42,1309.4,149.0,9091,4,80,0,0,-195.1,413.6,16.2
31,OCO,Alpine,63,27.423,1309.53,149.1,9099,4,80,0,0,-195.2,413.7,16.2
31,OCO,Alpine,63,27.644,1319.42,157.7,9685,4,86,0,0,-202.2,421.4,16.3
31,OCO,Alpine,63,27.78,1325.7,163.0,10046,4,89,0,0,-205.8,426.1,16.3
31,OCO,Alpine,63,27.824,1327.75,164.0,10145,4,88,0,0,-207.0,427.9,16.3
31,OCO,Alpine,63,28.044,1338.11,168.9,10643,4,85,0,0,-213.2,438.4,16.4
31,OCO,Alpine,63,28.14,1342.8,171.0,10860,4,84,0,0,-215.2,442.2,16.4
31,OCO,Alpine,63,28.364,1354.25,180.8,11067,4,95,0,0,-218.4,450.1,16.4
31,OCO,Alpine,63,28.46,1359.25,185.0,11156,4,100,0,0,-220.0,454.7,16.5
31,OCO,Alpine,63,28.524,1362.58,186.2,11289,4,100,0,0,-221.0,457.8,16.5
31,OCO,Alpine,63,28.62,1367.6,188.0,11488,4,100,0,0,-222.4,462.3,16.6
31,OCO,Alpine,63,28.78,1376.14,192.0,11479,4,100,0,0,-224.4,470.2,16.6
31,OCO,Alpine,63,28.844,1379.63,194.4,11143,4,100,0,0,-225.2,474.3,16.6
31,OCO,Alpine,63,28.94,1384.94,198.0,10639,4,100,0,0,-226.6,481.7,16.6
31,OCO,Alpine,63,29.064,1391.91,201.9,10537,4,100,0,0,-228.1,490.8,16.5
31,OCO,Alpine,63,29.1,1393.96,203.0,10508,5,100,0,0,-228.4,492.7,16.5
31,OCO,Alpine,63,29.304,1405.82,209.0,10737,5,100,0,0,-229.5,500.0,16.5
31,OCO,Alpine,63,29.34,1407.96,210.0,10777,5,100,0,0,-229.7,501.8,16.5
31,OCO,Alpine,63,29.5,1417.56,216.0,11031,5,100,0,0,-231.0,511.7,16.4
31,OCO,Alpine,63,29.524,1418.99,216.0,11050,5,100,0,0,-231.2,513.2,16.4
31,OCO,Alpine,63,29.764,1433.31,216.0,11235,5,100,0,0,-232.8,527.5,16.5
31,OCO,Alpine,63,29.82,1436.76,216.0,11278,5,100,0,1,-233.2,530.9,16.5
31,OCO,Alpine,63,29.984,1447.21,225.6,11452,5,100,0,1,-234.3,541.1,16.6
31,OCO,Alpine,63,30.06,1452.09,230.0,11533,5,100,0,1,-234.8,545.9,16.6
31,OCO,Alpine,63,30.164,1458.72,230.0,11533,5,100,0,1,-235.5,552.5,16.6
31,OCO,Alpine,63,30.22,1462.31,230.0,11533,5,100,0,1,-235.9,556.1,16.6
31,OCO,Alpine,63,30.424,1475.71,235.1,10614,5,100,0,1,-237.1,569.2,16.7
31,OCO,Alpine,63,30.5,1480.75,237.0,10272,5,100,0,1,-237.5,574.2,16.7
31,OCO,Alpine,63,30.7,1494.08,240.0,10737,6,100,0,1,-238.7,587.4,16.5
31,OCO,Alpine,63,30.724,1495.71,240.7,10766,6,100,0,1,-238.8,589.0,16.5
31,OCO,Alpine,63,30.944,1511.04,247.2,11034,6,100,0,1,-240.0,603.9,16.4
31,OCO,Alpine,63,31.104,1522.43,251.9,11228,6,100,0,1,-240.9,615.0,16.2
31,OCO,Alpine,63,31.14,1525.0,253.0,11272,6,100,0,1,-241.1,617.6,16.2
31,OCO,Alpine,63,31.284,1535.33,257.3,11351,6,100,0,1,-241.7,627.8,16.1
31,OCO,Alpine,63,31.339,1539.32,259.0,11381,6,100,0,1,-241.9,631.5,16.1
31,OCO,Alpine,63,31.544,1554.45,263.1,11513,6,100,0,1,-242.9,646.7,16.0
31,OCO,Alpine,63,31.724,1567.87,266.7,11628,6,100,0,1,-243.9,667.4,16.2
31,OCO,Alpine,63,31.739,1568.99,267.0,11638,6,100,0,1,-244.0,668.9,16.2
31,OCO,Alpine,63,31.899,1580.9,268.0,11078,6,100,0,1,-244.4,680.3,16.4
31,OCO,Alpine,63,32.164,1601.06,273.7,10494,6,100,0,1,-244.7,693.0,16.4
31,OCO,Alpine,63,32.179,1602.21,274.0,10461,7,100,0,1,-244.7,694.0,16.4
31,OCO,Alpine,63,32.344,1614.85,275.4,10592,7,100,0,1,-244.9,706.8,16.3
31,OCO,Alpine,63,32.464,1624.09,276.4,10687,7,100,0,1,-244.9,716.0,16.3
31,OCO,Alpine,63,32.539,1629.91,277.0,10747,7,100,0,1,-244.9,721.5,16.3
31,OCO,Alpine,63,32.703,1642.77,280.2,10774,7,100,0,1,-244.7,734.6,16.3
31,OCO,Alpine,63,32.899,1658.31,284.0,10806,7,100,0,1,-243.9,757.0,16.3
31,OCO,Alpine,63,32.943,1661.81,284.5,10820,7,100,0,1,-243.7,761.4,16.3
31,OCO,Alpine,63,33.18,1680.71,287.0,10897,7,100,0,1,-242.9,776.2,16.4
31,OCO,Alpine,63,33.343,1693.7,287.0,10892,7,100,0,1,-242.2,785.3,16.5
31,OCO,Alpine,63,33.5,1706.22,287.0,10887,7,100,0,1,-241.1,797.5,16.4
31,OCO,Alpine,63,33.583,1712.86,287.5,10942,7,100,0,1,-240.5,804.4,16.4
31,OCO,Alpine,63,33.66,1719.02,288.0,10993,7,100,0,1,-239.9,810.6,16.4
31,OCO,Alpine,63,33.783,1728.86,288.0,10993,7,100,0,1,-238.9,820.3,16.4
31,OCO,Alpine,63,33.82,1731.82,288.0,10993,7,100,0,1,-238.6,823.2,16.4
31,OCO,Alpine,63,33.943,1741.66,288.0,10992,7,100,0,1,-237.4,833.0,16.4
31,OCO,Alpine,63,34.06,1751.02,288.0,10992,7,100,0,1,-236.1,843.3,16.4
31,OCO,Alpine,63,34.144,1757.74,288.0,10998,7,100,0,1,-235.1,850.5,16.4
31,OCO,Alpine,63,34.34,1773.42,288.0,11013,7,100,0,1,-232.8,865.9,16.3
31,OCO,Alpine,63,34.344,1773.74,288.0,11013,7,100,0,1,-232.7,866.3,16.3
31,OCO,Alpine,63,34.5,1786.27,289.0,11004,7,100,0,1,-229.6,884.1,16.4
31,OCO,Alpine,63,34.584,1793.01,289.0,11008,7,100,0,1,-228.0,893.2,16.4
31,OCO,Alpine,63,34.78,1808.74,289.0,11019,7,100,0,1,-225.1,908.2,16.5
31,OCO,Alpine,63,34.98,1824.8,289.0,11009,7,100,0,1,-222.6,918.8,16.5
31,OCO,Alpine,63,35.024,1828.35,289.0,11009,7,100,0,1,-222.0,921.4,16.5
31,OCO,Alpine,63,35.22,1844.07,289.0,11009,7,100,1,1,-218.9,934.3,16.5
31,OCO,Alpine,63,35.324,1852.12,279.9,10619,7,35,1,1,-217.2,941.6,16.5
31,OCO,Alpine,63,35.38,1856.29,275.0,10409,7,0,1,0,-216.2,945.6,16.5
31,OCO,Alpine,63,35.58,1870.12,249.0,9305,7,0,1,0,-212.8,959.9,16.4
31,OCO,Alpine,63,35.644,1874.46,245.4,9249,7,0,1,0,-211.8,964.1,16.4
31,OCO,Alpine,63,35.74,1880.79,240.0,9166,7,0,1,0,-210.4,969.8,16.4
31,OCO,Alpine,63,35.824,1885.95,230.7,9384,7,0,1,0,-209.1,975.3,16.4
31,OCO,Alpine,63,36.02,1897.04,209.0,9893,7,0,1,0,-205.4,992.1,16.5
31,OCO,Alpine,63,36.064,1899.5,206.7,9909,7,0,1,0,-204.6,995.5,16.5
31,OCO,Alpine,63,36.34,1914.11,192.0,10007,5,0,1,0,-201.3,1010.2,16.5
31,OCO,Alpine,63,36.384,1916.14,186.0,10051,5,0,1,0,-200.9,1011.8,16.5
31,OCO,Alpine,63,36.66,1927.27,148.0,10326,4,0,1,0,-199.2,1018.8,16.5
31,OCO,Alpine,63,36.764,1931.22,143.7,9961,4,0,1,0,-198.3,1021.7,16.5
31,OCO,Alpine,63,37.02,1940.57,133.0,9062,3,0,1,0,-195.3,1031.3,16.5
31,OCO,Alpine,63,37.024,1940.71,132.9,9055,3,0,1,0,-195.2,1031.4,16.5
31,OCO,Alpine,63,37.284,1949.6,123.6,8591,3,0,1,0,-191.8,1039.7,16.5
31,OCO,Alpine,63,37.3,1950.13,123.0,8562,3,0,1,0,-191.6,1040.2,16.5
31,OCO,Alpine,63,37.444,1954.94,120.3,8188,3,0,1,0,-189.3,1044.1,16.4
31,OCO,Alpine,63,37.46,1955.47,120.0,8147,3,0,1,0,-189.0,1044.5,16.4
31,OCO,Alpine,63,37.604,1960.19,118.2,8123,3,0,1,0,-186.4,1048.0,16.5
31,OCO,Alpine,63,37.62,1960.71,118.0,8120,3,0,0,0,-186.1,1048.4,16.5
31,OCO,Alpine,63,37.804,1966.53,115.1,7977,3,5,0,0,-181.9,1052.0,16.5
31,OCO,Alpine,63,37.94,1970.76,113.0,7871,3,8,0,0,-178.2,1054.0,16.5
31,OCO,Alpine,63,38.024,1973.37,112.5,7919,3,19,0,0,-175.8,1055.0,16.5
31,OCO,Alpine,63,38.099,1975.7,112.0,7962,3,29,0,0,-173.5,1055.8,16.5
31,OCO,Alpine,63,38.259,1980.68,112.0,8280,3,44,0,0,-168.5,1057.1,16.5
31,OCO,Alpine,63,38.304,1982.1,112.7,8330,3,46,0,0,-167.2,1057.4,16.5
31,OCO,Alpine,63,38.544,1989.92,116.5,8599,3,58,0,0,-159.5,1059.2,16.4
31,OCO,Alpine,63,38.579,1991.08,117.0,8638,3,60,0,0,-157.7,1059.8,16.4
31,OCO,Alpine,63,38.724,1995.97,120.6,9048,3,70,0,0,-149.6,1062.9,16.3
31,OCO,Alpine,63,38.779,1997.86,122.0,9203,3,74,0,0,-147.7,1063.7,16.3
31,OCO,Alpine,63,38.979,2004.97,128.0,9420,3,63,0,0,-145.4,1064.9,16.3
31,OCO,Alpine,63,39.024,2006.64,129.6,9311,3,62,0,0,-144.6,1065.5,16.3
31,OCO,Alpine,63,39.259,2015.7,138.0,8743,3,57,0,0,-136.4,1071.0,16.1
31,OCO,Alpine,63,39.343,2018.94,138.5,8758,3,61,0,0,-133.5,1073.2,16.1
31,OCO,Alpine,63,39.463,2023.57,139.3,8780,3,66,0,0,-130.0,1076.3,16.1
31,OCO,Alpine,63,39.58,2028.19,140.0,8801,4,71,0,0,-126.8,1079.5,16.0
31,OCO,Alpine,63,39.683,2032.38,143.5,8961,4,76,0,0,-124.1,1082.5,16.0
31,OCO,Alpine,63,39.9,2041.61,151.0,9298,4,86,0,0,-118.8,1089.7,16.0
31,OCO,Alpine,63,39.903,2041.74,151.1,9305,4,86,0,0,-118.7,1089.8,16.0
31,OCO,Alpine,63,40.103,2050.78,159.5,9746,4,91,0,0,-114.2,1097.2,15.9
31,OCO,Alpine,63,40.26,2058.21,166.0,10093,4,95,0,0,-110.9,1103.5,15.8
31,OCO,Alpine,63,40.463,2068.21,174.2,10597,4,98,0,0,-107.1,1112.4,15.8
31,OCO,Alpine,63,40.543,2072.24,177.5,10795,4,99,0,0,-105.7,1116.1,15.8
31,OCO,Alpine,63,40.58,2074.12,179.0,10887,4,100,0,0,-105.1,1117.9,15.8
31,OCO,Alpine,63,40.804,2085.68,185.5,11207,4,100,0,0,-101.3,1129.7,15.9
31,OCO,Alpine,63,40.82,2086.52,186.0,11230,4,100,0,0,-101.0,1130.7,15.9
31,OCO,Alpine,63,41.02,2097.24,193.0,10530,4,100,0,0,-97.4,1143.9,15.8
31,OCO,Alpine,63,41.064,2099.65,194.5,10495,4,100,0,0,-96.7,1146.4,15.8
31,OCO,Alpine,63,41.22,2108.35,200.0,10369,4,100,0,0,-95.0,1153.0,15.8
31,OCO,Alpine,63,41.38,2117.51,206.0,10514,5,100,0,0,-93.4,1159.4,15.9
31,OCO,Alpine,63,41.404,2118.9,206.7,10542,5,100,0,0,-93.1,1160.7,15.9
31,OCO,Alpine,63,41.684,2135.64,214.6,10866,5,100,0,0,-88.4,1180.1,15.8
31,OCO,Alpine,63,41.7,2136.62,215.0,10884,5,100,0,0,-88.2,1181.1,15.8
31,OCO,Alpine,63,41.98,2153.96,223.0,11331,5,100,0,0,-85.0,1194.3,15.9
31,OCO,Alpine,63,42.004,2155.46,223.3,11371,5,100,0,0,-84.7,1195.6,15.9
31,OCO,Alpine,63,42.14,2163.96,225.0,11595,5,100,0,0,-82.8,1203.8,15.9
31,OCO,Alpine,63,42.184,2166.73,225.7,11582,5,100,0,0,-82.1,1206.6,15.9
31,OCO,Alpine,63,42.34,2176.63,228.0,11535,5,100,0,0,-79.8,1216.9,15.8
31,OCO,Alpine,63,42.444,2183.42,231.9,11053,5,100,0,0,-78.3,1224.4,15.8
31,OCO,Alpine,63,42.58,2192.43,237.0,10422,6,100,0,0,-76.2,1235.5,15.8
31,OCO,Alpine,63,42.724,2201.98,238.8,10548,6,100,0,0,-74.2,1246.5,15.9
31,OCO,Alpine,63,42.74,2203.05,239.0,10562,6,100,0,0,-74.0,1247.5,15.9
31,OCO,Alpine,63,43.004,2221.1,244.9,10715,6,100,0,0,-71.7,1261.2,15.9
31,OCO,Alpine,63,43.1,2227.75,247.0,10770,6,100,0,0,-70.7,1267.2,15.9
31,OCO,Alpine,63,43.284,2240.57,250.7,10923,6,100,0,0,-68.6,1280.2,15.9
31,OCO,Alpine,63,43.3,2241.7,251.0,10936,6,100,0,0,-68.4,1281.3,15.9
31,OCO,Alpine,63,43.46,2252.99,254.0,11097,6,100,0,0,-66.7,1292.4,15.9
31,OCO,Alpine,63,43.544,2258.96,255.0,11137,6,100,0,0,-65.8,1298.3,15.9
31,OCO,Alpine,63,43.584,2261.81,255.6,11156,6,100,0,0,-65.4,1301.1,15.9
31,OCO,Alpine,63,43.7,2270.12,257.0,11212,6,100,0,0,-64.2,1309.2,15.8
31,OCO,Alpine,63,43.824,2279.04,258.6,11291,6,100,0,0,-62.9,1318.1,15.8
31,OCO,Alpine,63,43.94,2287.45,260.0,11364,6,100,0,0,-61.8,1326.9,15.9
31,OCO,Alpine,63,44.024,2293.59,261.2,11413,6,100,0,0,-61.0,1333.1,15.9
31,OCO,Alpine,63,44.244,2309.8,264.2,11541,6,100,0,0,-59.3,1348.3,15.9
31,OCO,Alpine,63,44.3,2313.95,265.0,11574,6,100,0,0,-58.9,1352.3,15.9
31,OCO,Alpine,63,44.424,2323.17,266.9,11604,6,100,0,0,-58.1,1361.5,15.9
31,OCO,Alpine,63,44.5,2328.84,268.0,11623,6,100,0,0,-57.7,1367.2,15.9
31,OCO,Alpine,63,44.664,2341.18,269.6,11699,6,100,0,0,-56.9,1379.4,15.9
31,OCO,Alpine,63,44.844,2354.82,271.4,11783,6,100,0,0,-56.2,1392.9,15.9
31,OCO,Alpine,63,44.899,2358.99,272.0,11809,6,100,0,0,-56.0,1397.0,15.9
31,OCO,Alpine,63,45.044,2369.98,272.5,11860,6,100,0,0,-55.7,1408.0,15.9
31,OCO,Alpine,63,45.179,2380.22,273.0,11908,6,100,0,0,-55.4,1418.2,15.9
31,OCO,Alpine,63,45.284,2388.18,273.0,11896,6,100,0,0,-55.3,1426.2,15.9
31,OCO,Alpine,63,45.484,2403.35,273.0,11874,6,100,0,0,-55.2,1441.1,15.9
31,OCO,Alpine,63,45.499,2404.49,273.0,11872,6,100,0,0,-55.2,1442.2,15.9
31,OCO,Alpine,63,45.683,2418.44,273.0,11821,6,100,0,0,-55.3,1455.3,15.8
31,OCO,Alpine,63,45.739,2422.69,273.0,11806,6,100,0,0,-55.4,1459.4,15.8
31,OCO,Alpine,63,45.923,2436.64,273.0,11808,6,100,0,0,-55.7,1473.5,15.8
31,OCO,Alpine,63,45.939,2437.85,273.0,11808,6,100,0,0,-55.7,1474.7,15.8
31,OCO,Alpine,63,46.143,2453.28,272.3,11828,6,100,0,0,-56.7,1490.0,15.8
31,OCO,Alpine,63,46.22,2459.09,272.0,11835,6,100,0,0,-57.2,1495.7,15.8
31,OCO,Alpine,63,46.463,2477.31,270.6,11781,6,100,0,0,-59.6,1513.8,15.7
31,OCO,Alpine,63,46.523,2481.81,270.3,11768,6,100,0,0,-60.4,1518.3,15.7
31,OCO,Alpine,63,46.58,2486.09,270.0,11755,6,100,0,0,-61.2,1522.6,15.7
31,OCO,Alpine,63,46.743,2498.35,270.7,11699,6,100,0,0,-63.6,1534.6,15.7
31,OCO,Alpine,63,46.82,2504.15,271.0,11672,6,100,0,0,-64.8,1540.3,15.7
31,OCO,Alpine,63,46.923,2511.92,271.0,11701,6,100,0,0,-66.6,1547.9,15.7
31,OCO,Alpine,63,46.98,2516.2,271.0,11717,6,100,0,0,-67.6,1552.2,15.7
31,OCO,Alpine,63,47.22,2533.8,264.0,11264,6,0,1,0,-71.8,1570.8,15.7
31,OCO,Alpine,63,47.284,2538.18,255.2,10970,6,0,1,0,-72.9,1575.3,15.7
31,OCO,Alpine,63,47.38,2544.55,242.0,10530,6,0,1,0,-74.4,1581.6,15.7
31,OCO,Alpine,63,47.384,2544.82,241.8,10517,6,0,1,0,-74.5,1581.9,15.7
31,OCO,Alpine,63,47.58,2557.33,230.0,9883,6,0,1,0,-77.4,1594.3,15.7
31,OCO,Alpine,63,47.644,2561.17,221.6,9933,6,0,1,0,-78.2,1597.9,15.7
31,OCO,Alpine,63,47.74,2566.62,209.0,10009,6,0,1,0,-79.2,1602.6,15.7
31,OCO,Alpine,63,47.804,2570.01,202.2,10205,6,0,1,0,-79.9,1605.6,15.7
31,OCO,Alpine,63,48.084,2583.02,172.7,11064,6,0,1,0,-82.9,1619.5,15.7
31,OCO,Alpine,63,48.1,2583.72,171.0,11113,6,0,1,0,-83.1,1620.3,15.7
31,OCO,Alpine,63,48.304,2592.22,153.5,10747,6,0,1,0,-84.8,1629.2,15.7
31,OCO,Alpine,63,48.38,2595.15,147.0,10610,5,0,1,0,-85.4,1632.2,15.7
31,OCO,Alpine,63,48.504,2599.64,137.3,9866,5,0,1,0,-86.3,1637.1,15.6
31,OCO,Alpine,63,48.66,2604.87,125.0,8930,3,0,1,0,-87.4,1644.4,15.6
31,OCO,Alpine,63,48.704,2606.3,123.2,8747,3,0,1,0,-87.6,1646.2,15.6
31,OCO,Alpine,63,49.02,2615.87,110.0,7433,3,0,1,0,-88.1,1654.4,15.6
31,OCO,Alpine,63,49.064,2617.13,108.1,7578,3,0,1,0,-88.0,1655.5,15.6
31,OCO,Alpine,63,49.3,2623.5,98.0,8358,2,0,1,0,-87.1,1661.8,15.6
31,OCO,Alpine,63,49.324,2624.1,97.2,8281,2,0,1,0,-87.0,1662.4,15.6
31,OCO,Alpine,63,49.504,2628.41,90.9,7704,2,0,1,0,-85.5,1666.4,15.5
31,OCO,Alpine,63,49.7,2632.83,84.0,7076,2,0,1,0,-82.0,1670.9,15.5
31,OCO,Alpine,63,49.724,2633.37,83.4,7010,2,0,1,0,-81.6,1671.4,15.5
31,OCO,Alpine,63,49.9,2637.22,79.0,6522,2,0,1,0,-78.9,1673.6,15.6
31,OCO,Alpine,63,50.104,2641.32,74.4,6125,2,0,1,0,-75.8,1674.9,15.6
31,OCO,Alpine,63,50.264,2644.33,70.8,5814,2,0,1,0,-72.7,1675.7,15.6
31,OCO,Alpine,63,50.3,2645.0,70.0,5744,2,0,1,0,-72.0,1675.8,15.6
31,OCO,Alpine,63,50.5,2648.61,65.0,5437,2,0,1,0,-68.3,1676.0,15.6
31,OCO,Alpine,63,50.544,2649.38,64.2,5374,2,0,1,0,-67.5,1675.9,15.6
31,OCO,Alpine,63,50.66,2651.36,62.0,5208,2,0,1,0,-65.5,1675.5,15.5
31,OCO,Alpine,63,50.744,2652.78,61.3,5380,2,3,1,0,-64.2,1675.2,15.5
31,OCO,Alpine,63,50.9,2655.36,60.0,5698,2,9,0,0,-61.9,1674.3,15.5
31,OCO,Alpine,63,50.924,2655.76,59.9,5686,2,10,0,0,-61.4,1674.0,15.5
31,OCO,Alpine,63,51.104,2658.69,59.2,5599,2,18,0,0,-57.3,1670.8,15.5
31,OCO,Alpine,63,51.14,2659.3,59.0,5582,2,19,0,0,-56.6,1670.2,15.5
31,OCO,Alpine,63,51.42,2664.2,63.0,6128,2,29,0,0,-54.6,1667.8,15.5
31,OCO,Alpine,63,51.604,2667.56,65.6,6396,2,37,0,0,-53.4,1665.7,15.5
31,OCO,Alpine,63,51.664,2668.7,66.5,6484,2,39,0,0,-52.8,1664.7,15.5
31,OCO,Alpine,63,51.699,2669.39,67.0,6535,2,41,0,0,-52.4,1664.1,15.5
31,OCO,Alpine,63,51.944,2674.48,74.0,7260,2,49,0,0,-50.3,1659.9,15.5
31,OCO,Alpine,63,51.979,2675.22,75.0,7364,2,50,0,0,-50.1,1659.4,15.5
31,OCO,Alpine,63,52.144,2678.77,77.5,7827,2,52,0,0,-49.2,1657.4,15.6
31,OCO,Alpine,63,52.179,2679.56,78.0,7925,2,52,0,0,-49.0,1657.0,15.6
31,OCO,Alpine,63,52.539,2688.56,90.0,8920,2,61,0,0,-46.6,1650.3,15.5
31,OCO,Alpine,63,52.543,2688.66,90.2,8917,2,61,0,0,-46.6,1650.2,15.5
31,OCO,Alpine,63,52.803,2696.01,101.3,8748,2,70,0,0,-43.9,1640.0,15.5
31,OCO,Alpine,63,52.82,2696.52,102.0,8737,2,71,0,0,-43.8,1639.3,15.5
31,OCO,Alpine,63,53.1,2705.38,114.0,9010,3,79,0,0,-42.1,1629.6,15.5
31,OCO,Alpine,63,53.163,2707.5,116.6,9090,3,79,0,0,-41.9,1628.1,15.5
31,OCO,Alpine,63,53.42,2716.67,127.0,9415,3,81,0,0,-41.4,1623.9,15.5
31,OCO,Alpine,63,53.443,2717.54,128.2,9493,3,82,0,0,-41.3,1623.1,15.5
31,OCO,Alpine,63,53.82,2733.01,147.0,10773,3,94,0,0,-39.6,1602.3,15.5
31,OCO,Alpine,63,53.824,2733.18,147.2,10767,3,94,0,0,-39.6,1602.1,15.5
31,OCO,Alpine,63,54.204,2750.69,165.2,10165,3,100,0,0,-38.7,1592.2,15.5
31,OCO,Alpine,63,54.22,2751.45,166.0,10140,4,100,0,0,-38.6,1591.6,15.5
31,OCO,Alpine,63,54.38,2759.23,175.0,10567,4,100,0,0,-37.6,1584.0,15.5
31,OCO,Alpine,63,54.384,2759.43,175.1,10571,4,100,0,0,-37.6,1583.8,15.5
31,OCO,Alpine,63,54.644,2772.84,182.9,10860,4,100,0,0,-35.3,1571.2,15.5
31,OCO,Alpine,63,54.78,2780.01,187.0,11011,4,100,0,0,-32.0,1559.1,15.4
31,OCO,Alpine,63,54.844,2783.37,187.8,11160,4,100,0,0,-30.7,1554.4,15.3
31,OCO,Alpine,63,55.02,2792.67,190.0,11571,4,100,0,0,-29.5,1550.3,15.3
31,OCO,Alpine,63,55.144,2799.34,193.1,11660,4,100,0,0,-27.9,1546.4,15.2
31,OCO,Alpine,63,55.18,2801.3,194.0,11686,4,100,0,0,-27.0,1544.1,15.2
31,OCO,Alpine,63,55.364,2811.52,198.6,11594,4,100,0,0,-20.8,1527.9,14.9
31,OCO,Alpine,63,55.46,2816.93,201.0,11546,5,100,0,0,-18.5,1522.0,14.8
31,OCO,Alpine,63,55.82,2837.63,207.0,11060,5,100,0,0,-13.8,1511.1,14.7
31,OCO,Alpine,63,55.844,2839.07,208.4,11080,5,100,0,0,-13.3,1509.9,14.7
31,OCO,Alpine,63,56.02,2849.8,219.0,11230,5,100,0,0,-8.4,1498.4,14.6
31,OCO,Alpine,63,56.084,2853.69,219.0,11247,5,100,0,0,-6.7,1494.3,14.6
31,OCO,Alpine,63,56.34,2869.26,219.0,11313,5,100,0,0,-1.3,1481.7,14.6
31,OCO,Alpine,63,56.384,2871.98,220.0,11345,5,100,0,0,-0.4,1479.6,14.6
31,OCO,Alpine,63,56.664,2889.64,226.2,11545,5,100,0,0,6.4,1463.4,14.6
31,OCO,Alpine,63,56.7,2891.96,227.0,11571,5,100,0,0,7.6,1460.7,14.6
31,OCO,Alpine,63,56.86,2902.5,237.0,10871,5,100,0,0,13.3,1447.4,14.6
31,OCO,Alpine,63,56.884,2904.11,237.9,10859,5,100,0,0,14.1,1445.5,14.6
31,OCO,Alpine,63,57.26,2930.5,252.0,10664,6,100,0,0,23.9,1423.1,14.6
31,OCO,Alpine,63,57.284,2932.19,252.1,10703,6,100,0,0,24.4,1421.9,14.6
31,OCO,Alpine,63,57.5,2947.36,253.0,11055,6,100,0,0,29.2,1411.0,14.6
31,OCO,Alpine,63,57.584,2953.32,254.0,11125,6,100,0,0,31.2,1406.4,14.6
31,OCO,Alpine,63,57.82,2970.21,257.0,11322,6,100,0,0,38.0,1391.0,14.5
31,OCO,Alpine,63,57.824,2970.49,257.1,11322,6,100,0,0,38.1,1390.7,14.5
31,OCO,Alpine,63,58.02,2984.65,260.0,11322,6,100,0,0,45.5,1373.4,14.4
31,OCO,Alpine,63,58.104,2990.85,262.3,11257,6,100,0,0,48.4,1366.6,14.4
31,OCO,Alpine,63,58.379,3011.58,270.0,11044,6,100,0,1,54.8,1351.3,14.3
31,OCO,Alpine,63,58.524,3022.52,271.8,10529,6,100,0,1,58.3,1343.2,14.2
31,OCO,Alpine,63,58.539,3023.67,272.0,10476,6,100,0,1,58.7,1342.2,14.2
31,OCO,Alpine,63,58.779,3042.27,279.0,10682,7,100,0,1,65.9,1325.1,13.9
31,OCO,Alpine,63,58.784,3042.65,279.0,10685,7,100,0,1,66.0,1324.7,13.9
31,OCO,Alpine,63,58.804,3044.21,279.2,10698,7,100,0,1,66.5,1323.3,13.9
31,OCO,Alpine,63,58.939,3054.71,280.0,10785,7,100,0,1,70.2,1313.8,13.8
31,OCO,Alpine,63,59.099,3067.2,281.0,10856,7,100,0,1,75.3,1301.9,13.5
31,OCO,Alpine,63,59.103,3067.51,281.1,10860,7,100,0,1,75.4,1301.6,13.5
31,OCO,Alpine,63,59.26,3079.99,286.0,11004,7,100,0,1,80.7,1288.3,13.3
31,OCO,Alpine,63,59.403,3091.42,287.4,11016,7,100,0,1,85.2,1276.5,13.2
31,OCO,Alpine,63,59.46,3095.99,288.0,11021,7,100,0,1,86.8,1272.4,13.2
31,OCO,Alpine,63,59.683,3113.95,289.9,11072,7,100,0,1,91.9,1258.5,13.2
31,OCO,Alpine,63,59.7,3115.32,290.0,11076,7,100,0,1,92.3,1257.5,13.2
31,OCO,Alpine,63,59.86,3128.3,292.0,11175,7,100,0,1,95.9,1247.5,13.1
31,OCO,Alpine,63,59.923,3133.44,292.8,11190,7,100,0,1,98.3,1240.1,13.1
31,OCO,Alpine,63,60.1,3147.97,295.0,11234,7,100,0,1,108.6,1207.1,13.0
31,OCO,Alpine,63,60.143,3151.5,295.2,11266,7,100,0,1,110.7,1200.4,13.0
31,OCO,Alpine,63,60.3,3164.41,296.0,11381,7,100,0,1,114.7,1187.0,13.0
31,OCO,Alpine,63,60.484,3179.64,297.8,10820,7,100,0,1,116.6,1179.7,13.0
31,OCO,Alpine,63,60.5,3180.97,298.0,10771,7,100,0,1,116.9,1178.7,13.0
31,OCO,Alpine,63,60.66,3194.3,300.0,10444,7,100,0,1,120.4,1165.7,13.0
31,OCO,Alpine,63,60.684,3196.31,300.2,10451,7,100,0,1,120.9,1163.7,13.0
31,OCO,Alpine,63,60.86,3211.08,302.0,10503,8,100,0,1,124.6,1149.4,13.0
31,OCO,Alpine,63,60.864,3211.41,302.0,10504,8,100,0,1,124.7,1149.1,13.0
31,OCO,Alpine,63,61.22,3241.38,303.0,10581,8,100,0,1,131.5,1121.7,13.0
31,OCO,Alpine,63,61.224,3241.72,303.0,10581,8,100,0,1,131.6,1121.4,13.0
31,OCO,Alpine,63,61.38,3254.93,305.0,10581,8,100,0,1,134.6,1108.6,12.9
31,OCO,Alpine,63,61.404,3256.97,305.1,10591,8,100,0,1,135.1,1106.6,12.9
31,OCO,Alpine,63,61.58,3271.93,306.0,10663,8,100,0,1,138.5,1092.0,12.9
31,OCO,Alpine,63,61.624,3275.68,306.3,10664,8,100,0,1,139.4,1088.4,12.9
31,OCO,Alpine,63,61.704,3282.51,306.8,10665,8,100,0,1,141.0,1081.8,12.9
31,OCO,Alpine,63,61.74,3285.58,307.0,10665,8,100,0,1,141.7,1078.7,12.9
31,OCO,Alpine,63,61.9,3299.22,307.0,10665,8,100,0,1,145.3,1063.7,12.9
31,OCO,Alpine,63,62.084,3314.94,307.8,10746,8,100,0,1,149.6,1045.3,12.8
31,OCO,Alpine,63,62.14,3319.76,308.0,10771,8,100,0,1,150.9,1039.7,12.8
31,OCO,Alpine,63,62.484,3349.66,312.8,10990,8,100,0,1,158.3,1008.2,12.7
31,OCO,Alpine,63,62.5,3351.06,313.0,11000,8,100,0,1,158.6,1007.1,12.7
31,OCO,Alpine,63,62.66,3365.01,314.0,10931,8,100,0,1,160.6,998.1,12.7
31,OCO,Alpine,63,62.804,3377.63,315.2,10936,8,100,0,1,162.6,989.4,12.7
31,OCO,Alpine,63,62.9,3386.08,316.0,10940,8,100,0,1,164.4,981.7,12.7
31,OCO,Alpine,63,63.024,3397.01,316.6,10965,8,100,0,1,167.0,970.6,12.7
31,OCO,Alpine,63,63.224,3414.68,317.5,11006,8,100,0,1,171.0,953.5,12.7
31,OCO,Alpine,63,63.34,3424.94,318.0,11030,8,100,0,1,173.3,943.6,12.7
31,OCO,Alpine,63,63.504,3439.47,318.8,11054,8,100,0,1,176.6,929.4,12.6
31,OCO,Alpine,63,63.54,3442.67,319.0,11059,8,100,0,1,177.3,926.3,12.6
31,OCO,Alpine,63,63.724,3459.02,319.8,11107,8,100,0,1,181.1,910.3,12.6
31,OCO,Alpine,63,63.78,3464.0,320.0,11122,8,100,0,1,182.2,905.5,12.6
31,OCO,Alpine,63,63.824,3467.92,320.2,11126,8,100,0,1,183.1,901.7,12.6
31,OCO,Alpine,63,64.02,3485.4,321.0,11144,8,100,0,1,187.0,884.8,12.6
31,OCO,Alpine,63,64.164,3498.3,321.8,11166,8,100,0,1,190.3,870.4,12.6
31,OCO,Alpine,63,64.38,3517.7,323.0,11200,8,100,0,1,196.3,843.8,12.7
31,OCO,Alpine,63,64.464,3525.24,323.0,11196,8,100,0,1,198.6,833.7,12.7
31,OCO,Alpine,63,64.62,3539.23,323.0,11188,8,100,0,1,202.4,817.1,12.7
31,OCO,Alpine,63,64.979,3571.54,324.0,11251,8,100,0,1,209.6,785.6,12.7
31,OCO,Alpine,63,64.984,3571.99,324.0,11251,8,100,0,1,209.7,785.2,12.7
31,OCO,Alpine,63,65.379,3607.65,325.0,11260,8,100,0,1,217.1,753.8,12.7
31,OCO,Alpine,63,65.384,3608.11,325.0,11261,8,100,0,1,217.2,753.5,12.7
31,OCO,Alpine,63,65.539,3622.14,326.0,11295,8,100,0,1,219.2,745.2,12.7
31,OCO,Alpine,63,65.663,3633.37,326.0,11283,8,100,0,1,221.0,737.7,12.7
31,OCO,Alpine,63,65.699,3636.63,326.0,11279,8,100,0,1,221.7,735.0,12.7
31,OCO,Alpine,63,65.923,3656.91,326.0,11303,8,100,0,1,226.5,714.8,12.7
31,OCO,Alpine,63,65.94,3658.46,326.0,11305,8,100,0,1,226.9,713.3,12.7
31,OCO,Alpine,63,66.143,3676.97,326.7,11334,8,98,0,1,231.1,695.4,12.8
31,OCO,Alpine,63,66.22,3683.89,327.0,11345,8,97,1,0,233.3,686.3,12.9
31,OCO,Alpine,63,66.38,3697.89,315.0,10925,8,0,1,0,238.2,665.6,13.0
31,OCO,Alpine,63,66.423,3701.5,310.3,10744,8,0,1,0,239.2,661.3,13.0
31,OCO,Alpine,63,66.58,3714.17,293.0,10082,8,0,1,0,241.4,651.8,13.0
31,OCO,Alpine,63,66.803,3730.91,270.7,9107,8,0,1,0,243.9,641.5,13.0
31,OCO,Alpine,63,66.82,3732.1,269.0,9033,8,0,1,0,244.2,640.1,13.0
31,OCO,Alpine,63,67.004,3744.1,241.4,9427,8,0,1,0,248.7,621.5,13.1
31,OCO,Alpine,63,67.06,3747.63,233.0,9547,8,0,1,0,249.7,617.3,13.1
31,OCO,Alpine,63,67.3,3762.43,222.0,10689,8,0,1,0,251.8,608.0,13.1
31,OCO,Alpine,63,67.384,3767.11,212.3,10655,8,0,1,0,252.8,603.7,13.1
31,OCO,Alpine,63,67.62,3778.88,185.0,10561,6,0,1,0,256.8,586.3,13.2
31,OCO,Alpine,63,67.644,3780.01,183.3,10529,6,0,1,0,257.1,584.8,13.2
31,OCO,Alpine,63,67.98,3794.88,160.0,10078,4,0,1,0,259.4,571.7,13.2
31,OCO,Alpine,63,68.004,3795.87,158.3,10042,4,0,1,0,259.5,571.0,13.2
31,OCO,Alpine,63,68.22,3804.41,143.0,9716,3,0,1,0,260.2,564.8,13.2
31,OCO,Alpine,63,68.38,3810.46,136.0,9310,3,0,1,0,260.5,560.2,13.2
31,OCO,Alpine,63,68.424,3812.07,135.2,9255,3,0,1,0,260.5,558.9,13.2
31,OCO,Alpine,63,68.924,3829.39,126.6,8628,3,3,1,0,258.0,542.6,13.1
31,OCO,Alpine,63,69.02,3832.68,125.0,8508,3,4,0,0,256.7,539.5,13.1
31,OCO,Alpine,63,69.144,3836.96,124.4,8606,3,18,0,0,254.7,535.6,13.1
31,OCO,Alpine,63,69.22,3839.57,124.0,8666,3,26,0,0,253.4,533.3,13.1
31,OCO,Alpine,63,69.42,3846.35,122.0,8889,3,39,0,0,249.8,527.6,13.0
31,OCO,Alpine,63,69.524,3849.89,123.0,8898,3,45,0,0,247.8,524.2,13.0
31,OCO,Alpine,63,69.62,3853.23,124.0,8906,3,50,0,0,245.9,520.6,13.0
31,OCO,Alpine,63,69.724,3856.95,126.0,9059,3,50,0,0,244.0,516.9,13.0
31,OCO,Alpine,63,70.004,3867.43,131.4,9472,3,50,0,0,241.3,509.0,12.9
31,OCO,Alpine,63,70.14,3872.59,134.0,9672,3,50,0,0,240.4,503.6,12.8
31,OCO,Alpine,63,70.304,3878.82,136.0,9901,3,61,0,0,239.6,495.8,12.8
31,OCO,Alpine,63,70.46,3884.86,138.0,10119,3,71,0,0,239.5,488.2,12.8
31,OCO,Alpine,63,70.66,3892.91,145.0,10663,3,80,0,0,240.0,479.3,12.8
31,OCO,Alpine,63,70.664,3893.08,145.1,10666,3,80,0,0,240.0,479.1,12.8
31,OCO,Alpine,63,70.9,3903.05,152.0,10838,3,85,0,0,240.6,472.0,12.8
31,OCO,Alpine,63,71.104,3912.2,160.0,10277,3,96,0,0,241.6,465.4,12.7
31,OCO,Alpine,63,71.18,3915.72,163.0,10068,4,100,0,0,242.1,462.2,12.7
31,OCO,Alpine,63,71.304,3921.6,168.6,10361,4,100,0,0,243.1,456.5,12.6
31,OCO,Alpine,63,71.38,3925.28,172.0,10540,4,100,0,0,243.7,453.2,12.6
31,OCO,Alpine,63,71.524,3932.4,176.8,10768,4,100,0,0,245.2,446.1,12.6
31,OCO,Alpine,63,71.619,3937.23,180.0,10918,4,100,0,0,246.8,439.3,12.6
31,OCO,Alpine,63,71.704,3941.65,183.2,10786,4,100,0,0,248.4,433.0,12.6
31,OCO,Alpine,63,71.939,3954.3,192.0,10421,4,100,0,1,251.5,421.2,12.6
31,OCO,Alpine,63,72.099,3963.14,199.0,10241,4,100,0,1,253.5,414.4,12.7
31,OCO,Alpine,63,72.163,3966.78,201.5,10366,4,100,0,1,254.5,410.9,12.7
31,OCO,Alpine,63,72.379,3979.47,210.0,10786,5,100,0,1,258.9,396.1,12.7
31,OCO,Alpine,63,72.58,3991.53,216.0,11023,5,100,0,1,262.7,383.1,12.7
31,OCO,Alpine,63,72.623,3994.16,217.2,11101,5,100,0,1,263.2,381.3,12.7
31,OCO,Alpine,63,72.843,4007.9,223.4,11503,5,100,0,1,264.9,375.3,12.7
31,OCO,Alpine,63,72.9,4011.53,225.0,11607,5,100,0,1,265.6,372.6,12.7
31,OCO,Alpine,63,73.103,4024.66,231.5,11112,5,100,0,1,269.2,359.5,12.7
31,OCO,Alpine,63,73.18,4029.73,234.0,10924,5,100,0,1,270.5,354.6,12.7
31,OCO,Alpine,63,73.403,4044.68,240.4,10665,5,100,0,1,274.2,340.5,12.8
31,OCO,Alpine,63,73.46,4048.56,242.0,10599,6,100,0,1,275.2,336.5,12.8
31,OCO,Alpine,63,73.604,4058.44,245.2,10733,6,100,0,1,277.9,326.1,12.8
31,OCO,Alpine,63,73.78,4070.69,249.0,10896,6,100,0,1,280.9,314.4,12.8
31,OCO,Alpine,63,73.824,4073.78,249.9,10938,6,100,0,1,281.6,311.4,12.8
31,OCO,Alpine,63,73.964,4083.67,252.9,11073,6,100,0,1,284.0,301.9,12.8
31,OCO,Alpine,63,74.06,4090.52,255.0,11165,6,100,0,1,285.5,296.0,12.7
31,OCO,Alpine,63,74.144,4096.57,256.8,11226,6,100,0,1,286.8,290.9,12.7
31,OCO,Alpine,63,74.364,4112.63,261.6,11385,6,100,0,1,290.7,275.6,12.8
31,OCO,Alpine,63,74.38,4113.81,262.0,11397,6,100,0,1,291.0,274.4,12.8
31,OCO,Alpine,63,74.66,4134.58,267.0,11302,6,100,0,1,296.9,251.8,12.8
31,OCO,Alpine,63,74.664,4134.88,267.0,11278,6,100,0,1,297.0,251.5,12.8
31,OCO,Alpine,63,74.82,4146.53,269.0,10352,6,100,0,1,299.5,242.0,12.8
31,OCO,Alpine,63,74.964,4157.4,271.7,10420,6,100,0,1,301.9,232.6,12.8
31,OCO,Alpine,63,74.98,4158.62,272.0,10427,6,100,0,1,302.2,231.3,12.8
31,OCO,Alpine,63,75.264,4180.53,277.3,10597,6,100,0,1,309.3,204.5,12.8
31,OCO,Alpine,63,75.3,4183.33,278.0,10619,7,100,0,1,310.2,201.1,12.8
31,OCO,Alpine,63,75.46,4195.82,281.0,10619,7,100,0,1,314.0,186.7,12.8
31,OCO,Alpine,63,75.664,4211.93,283.6,10784,7,100,0,1,318.0,171.3,12.8
31,OCO,Alpine,63,75.78,4221.16,285.0,10878,7,100,0,1,319.7,164.6,12.8
31,OCO,Alpine,63,76.06,4243.56,288.0,11045,7,100,0,1,323.4,150.0,12.9
31,OCO,Alpine,63,76.104,4247.09,288.6,11058,7,100,0,1,324.2,146.5,12.9
31,OCO,Alpine,63,76.22,4256.44,290.0,11092,7,100,0,1,326.8,135.5,12.9
31,OCO,Alpine,63,76.304,4263.25,291.0,11164,7,100,0,1,328.6,127.7,12.9
31,OCO,Alpine,63,76.38,4269.42,292.0,11230,7,100,0,1,329.9,121.8,12.9
31,OCO,Alpine,63,76.58,4285.76,294.0,11225,7,100,0,1,332.4,108.8,13.0
31,OCO,Alpine,63,76.584,4286.08,294.0,11226,7,100,0,1,332.5,108.5,13.0
31,OCO,Alpine,63,76.782,4302.3,294.6,11252,7,100,0,1,335.1,93.1,13.2
18,STR,Aston Martin,58,0.0,-0.0,282.0,10406,8,99,0,0,334.5,97.3,12.9
18,STR,Aston Martin,58,0.137,10.73,282.0,10419,8,100,0,0,336.0,86.7,13.1
18,STR,Aston Martin,58,0.163,12.77,282.0,10418,8,100,0,0,336.3,84.7,13.1
18,STR,Aston Martin,58,0.343,26.87,282.0,10413,8,100,0,0,337.9,70.7,12.8
18,STR,Aston Martin,58,0.457,35.8,282.0,10410,8,100,0,0,338.6,62.2,12.7
18,STR,Aston Martin,58,0.603,47.21,281.7,10401,8,100,0,0,339.2,50.4,12.8
18,STR,Aston Martin,58,0.902,70.54,281.1,10384,8,100,0,0,339.3,20.6,12.8
18,STR,Aston Martin,58,0.937,73.26,281.0,10382,8,100,0,0,339.2,17.8,12.8
18,STR,Aston Martin,58,1.262,98.62,281.0,10365,8,99,0,0,338.0,-1.1,12.9
18,STR,Aston Martin,58,1.337,104.49,281.0,10361,8,99,0,0,337.6,-6.3,12.9
18,STR,Aston Martin,58,1.482,115.86,281.0,10392,8,99,0,0,336.5,-18.3,13.0
18,STR,Aston Martin,58,1.657,129.46,281.0,10429,8,99,0,0,334.5,-36.4,13.0
18,STR,Aston Martin,58,1.762,137.46,276.9,10128,8,71,0,0,333.4,-46.1,13.0
18,STR,Aston Martin,58,2.017,156.16,267.0,9398,8,3,1,0,331.6,-60.5,13.1
18,STR,Aston Martin,58,2.122,163.43,256.1,9383,8,2,1,0,331.0,-66.1,13.1
18,STR,Aston Martin,58,2.258,172.37,242.0,9364,8,0,1,0,330.1,-74.9,13.2
18,STR,Aston Martin,58,2.362,178.75,225.8,9237,8,0,1,0,329.4,-81.5,13.2
18,STR,Aston Martin,58,2.418,182.01,217.0,9169,8,0,1,0,329.1,-84.7,13.2
18,STR,Aston Martin,58,2.582,190.8,200.6,9616,8,0,1,0,328.4,-93.8,13.3
18,STR,Aston Martin,58,2.698,196.71,189.0,9933,8,0,1,0,328.2,-101.7,13.4
18,STR,Aston Martin,58,2.782,200.99,185.3,9652,8,0,1,0,328.1,-107.0,13.4
18,STR,Aston Martin,58,2.858,204.8,182.0,9397,7,0,1,0,328.1,-110.8,13.4
18,STR,Aston Martin,58,3.058,214.24,170.0,9815,5,0,1,0,328.2,-117.4,13.3
18,STR,Aston Martin,58,3.183,219.66,162.6,9715,5,0,1,0,329.3,-123.0,13.3
18,STR,Aston Martin,58,3.378,227.67,151.0,9560,4,0,1,0,332.4,-134.9,13.3
18,STR,Aston Martin,58,3.403,228.69,150.7,9522,4,0,1,0,332.8,-136.1,13.3
18,STR,Aston Martin,58,3.698,240.73,147.0,9075,4,0,0,0,335.7,-142.6,13.3
18,STR,Aston Martin,58,3.783,244.17,145.9,8931,4,0,0,0,337.1,-144.4,13.3
18,STR,Aston Martin,58,3.938,250.33,144.0,8669,4,0,0,0,340.7,-149.2,13.4
18,STR,Aston Martin,58,3.983,252.08,142.3,8614,4,0,0,0,341.9,-150.6,13.4
18,STR,Aston Martin,58,4.098,256.47,138.0,8473,4,1,0,0,344.9,-153.8,13.4
18,STR,Aston Martin,58,4.143,258.16,137.2,8440,4,1,0,0,346.3,-155.1,13.4
18,STR,Aston Martin,58,4.378,266.81,133.0,8266,4,0,0,0,355.6,-162.5,13.5
18,STR,Aston Martin,58,4.383,266.99,132.9,8266,4,0,0,0,355.8,-162.6,13.5
18,STR,Aston Martin,58,4.618,275.21,126.0,8266,4,0,1,0,361.2,-166.0,13.5
18,STR,Aston Martin,58,4.703,278.08,122.8,8638,4,0,1,0,363.1,-167.1,13.5
18,STR,Aston Martin,58,4.778,280.54,120.0,8966,4,0,1,0,365.1,-168.2,13.5
18,STR,Aston Martin,58,4.923,285.08,113.9,8817,4,0,1,0,369.5,-170.6,13.5
18,STR,Aston Martin,58,5.017,287.85,110.0,8721,4,0,1,0,372.1,-172.0,13.5
18,STR,Aston Martin,58,5.163,291.85,103.8,8275,4,0,1,0,375.8,-174.0,13.5
18,STR,Aston Martin,58,5.383,297.35,94.4,7602,4,0,1,0,380.7,-177.3,13.5
18,STR,Aston Martin,58,5.417,298.18,93.0,7498,2,0,1,0,381.3,-177.8,13.5
18,STR,Aston Martin,58,5.623,303.05,87.9,7111,2,0,1,0,384.8,-181.2,13.5
18,STR,Aston Martin,58,5.777,306.58,84.0,6822,2,0,1,0,387.6,-186.5,13.5
18,STR,Aston Martin,58,5.803,307.17,83.5,6796,2,0,1,0,388.0,-187.3,13.5
18,STR,Aston Martin,58,5.977,311.02,80.0,6622,2,0,1,0,389.1,-190.5,13.5
18,STR,Aston Martin,58,6.137,314.45,77.0,6312,2,0,0,0,388.8,-191.9,13.5
18,STR,Aston Martin,58,6.203,315.85,76.7,6270,2,0,0,0,388.7,-192.9,13.5
18,STR,Aston Martin,58,6.337,318.67,76.0,6186,2,0,0,0,388.5,-195.7,13.6
18,STR,Aston Martin,58,6.363,319.21,75.8,6169,2,0,0,0,388.5,-196.3,13.6
18,STR,Aston Martin,58,6.563,323.28,73.9,6037,2,4,0,0,387.8,-200.4,13.6
18,STR,Aston Martin,58,6.657,325.16,73.0,5975,2,5,0,0,387.3,-202.3,13.6
18,STR,Aston Martin,58,6.803,328.05,72.6,6246,2,10,0,0,386.5,-205.0,13.7
18,STR,Aston Martin,58,7.017,332.36,72.0,6642,2,18,0,0,384.9,-208.9,13.8
18,STR,Aston Martin,58,7.023,332.48,72.1,6650,2,18,0,0,384.8,-209.0,13.8
18,STR,Aston Martin,58,7.243,337.18,75.8,6927,2,27,0,0,380.8,-215.8,14.0
18,STR,Aston Martin,58,7.377,340.16,78.0,7096,2,32,0,0,378.0,-218.9,14.1
18,STR,Aston Martin,58,7.462,342.09,79.9,7327,2,35,0,0,376.3,-220.4,14.1
18,STR,Aston Martin,58,7.697,347.71,85.0,7964,2,42,0,0,372.3,-223.0,14.2
18,STR,Aston Martin,58,7.862,352.01,90.4,8287,2,45,0,0,369.6,-224.2,14.3
18,STR,Aston Martin,58,8.097,358.6,98.0,8747,2,49,0,0,363.7,-225.9,14.4
18,STR,Aston Martin,58,8.102,358.75,98.2,8767,2,49,0,0,363.5,-225.9,14.4
18,STR,Aston Martin,58,8.242,362.92,103.7,9324,2,56,0,0,355.2,-227.0,14.7
18,STR,Aston Martin,58,8.377,367.08,109.0,9862,2,62,0,0,350.5,-227.5,14.9
18,STR,Aston Martin,58,8.642,375.6,115.6,9319,2,65,0,0,346.8,-227.3,15.1
18,STR,Aston Martin,58,8.657,376.1,116.0,9288,2,65,0,0,346.4,-227.3,15.1
18,STR,Aston Martin,58,8.822,381.82,123.0,9906,2,70,0,0,340.7,-227.3,15.3
18,STR,Aston Martin,58,8.938,386.09,128.0,10340,3,74,0,0,336.4,-227.1,15.5
18,STR,Aston Martin,58,9.142,394.2,136.8,11078,3,86,0,0,328.8,-226.6,15.9
18,STR,Aston Martin,58,9.302,400.89,143.7,11656,3,95,0,0,322.5,-225.9,16.1
18,STR,Aston Martin,58,9.378,404.06,147.0,11931,3,99,0,0,317.9,-225.1,16.3
18,STR,Aston Martin,58,9.502,409.23,150.1,12042,3,99,0,0,309.3,-223.4,16.6
18,STR,Aston Martin,58,9.538,410.77,151.0,12074,3,99,0,0,307.1,-222.9,16.7
18,STR,Aston Martin,58,9.778,421.7,164.0,10803,4,100,0,0,296.4,-220.1,17.0
18,STR,Aston Martin,58,9.963,430.66,171.5,11031,4,99,0,0,288.6,-217.6,17.1
18,STR,Aston Martin,58,10.098,437.44,177.0,11198,4,99,0,0,281.8,-215.4,17.2
18,STR,Aston Martin,58,10.403,453.43,188.4,10301,4,99,0,0,266.1,-210.2,17.4
18,STR,Aston Martin,58,10.418,454.24,189.0,10257,4,99,0,0,265.5,-210.0,17.4
18,STR,Aston Martin,58,10.818,476.35,199.0,10766,5,100,0,0,251.9,-204.8,17.8
18,STR,Aston Martin,58,10.843,477.76,199.9,10864,5,100,0,0,250.8,-204.3,17.8
18,STR,Aston Martin,58,11.003,486.93,205.5,11490,5,99,0,0,242.5,-200.6,17.8
18,STR,Aston Martin,58,11.018,487.79,206.0,11549,5,99,0,0,241.7,-200.2,17.8
18,STR,Aston Martin,58,11.183,497.44,210.1,11242,5,99,0,0,233.1,-195.9,17.8
18,STR,Aston Martin,58,11.258,501.93,212.0,11103,5,99,0,0,229.1,-193.7,17.8
18,STR,Aston Martin,58,11.323,505.87,214.9,10932,5,99,0,0,225.7,-191.8,17.8
18,STR,Aston Martin,58,11.458,514.2,221.0,10577,5,99,0,0,218.7,-187.6,17.8
18,STR,Aston Martin,58,11.503,517.0,221.9,10632,5,99,0,0,216.3,-186.1,17.8
18,STR,Aston Martin,58,11.657,526.64,225.0,10822,6,99,0,0,208.1,-180.8,17.7
18,STR,Aston Martin,58,11.703,529.56,226.3,10867,6,99,0,0,205.7,-179.2,17.7
18,STR,Aston Martin,58,11.897,542.11,232.0,11059,6,99,0,0,195.5,-172.2,17.7
18,STR,Aston Martin,58,11.923,543.81,232.6,11087,6,99,0,0,194.1,-171.2,17.7
18,STR,Aston Martin,58,12.123,557.07,236.9,11305,6,99,0,0,183.4,-163.6,17.6
18,STR,Aston Martin,58,12.217,563.35,239.0,11408,6,99,0,0,177.8,-159.5,17.6
18,STR,Aston Martin,58,12.463,579.88,241.6,11478,6,99,0,0,163.1,-148.2,17.6
18,STR,Aston Martin,58,12.497,582.17,242.0,11488,6,99,0,0,161.4,-146.9,17.6
18,STR,Aston Martin,58,12.737,598.44,244.0,11549,6,99,0,0,150.7,-138.3,17.6
18,STR,Aston Martin,58,12.803,602.96,244.2,11474,6,80,0,0,147.2,-135.5,17.6
18,STR,Aston Martin,58,13.057,620.22,245.0,11186,6,7,1,0,131.0,-122.3,17.6
18,STR,Aston Martin,58,13.063,620.61,244.4,11144,6,7,1,0,130.6,-122.0,17.6
18,STR,Aston Martin,58,13.217,630.35,228.0,10066,6,0,1,0,122.2,-115.3,17.6
18,STR,Aston Martin,58,13.457,644.15,207.0,9558,6,0,1,0,111.4,-106.6,17.6
18,STR,Aston Martin,58,13.503,646.6,203.2,9589,6,0,1,0,109.4,-104.9,17.6
18,STR,Aston Martin,58,13.817,661.85,177.0,9799,5,0,1,0,96.6,-93.1,17.5
18,STR,Aston Martin,58,13.903,665.67,166.8,9786,5,0,1,0,94.4,-91.1,17.5
18,STR,Aston Martin,58,13.977,668.87,158.0,9774,5,0,1,0,93.2,-90.0,17.5
18,STR,Aston Martin,58,14.162,676.62,152.1,9208,5,0,1,0,91.0,-87.5,17.5
18,STR,Aston Martin,58,14.257,680.46,149.0,8917,5,0,1,0,88.4,-84.2,17.5
18,STR,Aston Martin,58,14.457,688.3,141.0,8437,5,0,1,0,81.3,-74.9,17.3
18,STR,Aston Martin,58,14.482,689.25,140.2,8399,5,0,1,0,80.7,-74.1,17.3
18,STR,Aston Martin,58,14.617,694.34,136.0,8193,5,0,0,0,78.3,-71.0,17.2
18,STR,Aston Martin,58,14.777,700.25,133.0,8121,5,0,0,0,77.3,-68.8,17.2
18,STR,Aston Martin,58,14.862,703.33,131.8,8087,5,5,0,0,76.5,-65.8,17.1
18,STR,Aston Martin,58,15.057,710.29,129.0,8008,5,15,0,0,74.3,-55.3,16.9
18,STR,Aston Martin,58,15.062,710.46,129.0,8018,5,15,0,0,74.3,-55.1,16.9
18,STR,Aston Martin,58,15.298,718.92,129.0,8498,5,26,0,0,74.2,-49.6,16.9
18,STR,Aston Martin,58,15.402,722.59,128.5,8473,5,38,0,0,74.6,-47.2,16.8
18,STR,Aston Martin,58,15.498,726.03,128.0,8450,5,50,0,0,75.1,-43.9,16.7
18,STR,Aston Martin,58,15.622,730.66,132.4,8627,5,55,0,0,75.8,-38.9,16.5
18,STR,Aston Martin,58,15.778,736.77,138.0,8850,5,62,0,0,76.5,-32.9,16.4
18,STR,Aston Martin,58,15.862,740.17,140.9,9049,5,62,0,0,76.8,-29.7,16.3
18,STR,Aston Martin,58,16.062,748.51,147.8,9523,5,61,0,0,76.9,-21.7,16.0
18,STR,Aston Martin,58,16.098,750.01,149.0,9608,5,61,0,0,76.9,-20.3,15.9
18,STR,Aston Martin,58,16.262,756.83,149.7,9625,5,55,0,0,76.3,-13.5,15.7
18,STR,Aston Martin,58,16.338,760.01,150.0,9633,5,52,0,0,75.7,-9.9,15.6
18,STR,Aston Martin,58,16.583,770.47,153.5,9938,5,53,0,0,72.9,1.9,15.0
18,STR,Aston Martin,58,16.618,771.99,154.0,9982,5,53,0,0,72.5,3.2,14.9
18,STR,Aston Martin,58,16.803,780.17,158.6,10176,5,68,0,0,70.0,8.9,14.6
18,STR,Aston Martin,58,16.858,782.65,160.0,10234,5,72,0,0,69.0,10.7,14.5
18,STR,Aston Martin,58,17.138,795.8,169.0,11346,5,99,0,0,62.0,21.1,14.2
18,STR,Aston Martin,58,17.203,799.02,171.9,11236,5,99,0,0,60.1,23.6,14.1
18,STR,Aston Martin,58,17.403,809.34,180.9,10899,5,99,0,0,53.7,31.6,13.7
18,STR,Aston Martin,58,17.463,812.53,183.6,10798,5,99,0,0,51.7,34.1,13.5
18,STR,Aston Martin,58,17.538,816.58,187.0,10672,5,99,0,0,48.8,37.7,13.3
18,STR,Aston Martin,58,17.703,825.68,193.4,10875,5,99,0,0,41.1,47.3,13.2
18,STR,Aston Martin,58,17.898,836.68,201.0,11114,5,99,0,0,31.7,58.9,13.1
18,STR,Aston Martin,58,17.903,836.96,201.1,11119,5,99,0,0,31.5,59.2,13.1
18,STR,Aston Martin,58,18.083,847.25,205.6,11296,5,99,0,0,24.9,67.1,13.0
18,STR,Aston Martin,58,18.098,848.12,206.0,11311,5,99,0,0,24.4,67.7,13.0
18,STR,Aston Martin,58,18.323,861.44,211.6,11325,5,99,0,0,15.7,77.6,12.9
18,STR,Aston Martin,58,18.417,867.08,214.0,11331,5,99,0,0,9.5,84.0,12.9
18,STR,Aston Martin,58,18.523,873.48,216.6,10898,5,99,0,0,2.2,91.3,13.0
18,STR,Aston Martin,58,18.577,876.77,218.0,10677,6,99,0,0,-0.7,94.2,13.0
18,STR,Aston Martin,58,18.737,886.68,223.0,10788,6,99,0,0,-6.3,99.3,13.0
18,STR,Aston Martin,58,18.963,901.22,229.2,10967,6,99,0,0,-13.0,104.6,13.0
18,STR,Aston Martin,58,19.177,915.41,235.0,11136,6,99,0,0,-23.7,113.2,13.0
18,STR,Aston Martin,58,19.243,919.83,236.5,11205,6,99,0,0,-27.3,116.0,13.0
18,STR,Aston Martin,58,19.443,933.36,241.0,11414,6,99,0,0,-37.9,124.3,13.0
18,STR,Aston Martin,58,19.483,936.09,241.9,11456,6,99,0,0,-40.0,126.0,13.0
18,STR,Aston Martin,58,19.577,942.52,244.0,11554,6,99,0,0,-44.9,130.1,13.0
18,STR,Aston Martin,58,19.763,955.33,247.7,10493,6,99,0,0,-54.4,138.5,13.1
18,STR,Aston Martin,58,19.777,956.3,248.0,10413,6,99,0,0,-55.1,139.2,13.1
18,STR,Aston Martin,58,19.963,969.15,248.8,10580,6,99,0,0,-63.6,148.5,13.1
18,STR,Aston Martin,58,20.017,972.9,249.0,10628,7,99,0,0,-65.8,151.5,13.1
18,STR,Aston Martin,58,20.217,986.9,252.0,10676,7,99,0,0,-73.2,163.3,13.1
18,STR,Aston Martin,58,20.263,990.15,252.8,10689,7,99,0,0,-74.7,166.1,13.1
18,STR,Aston Martin,58,20.303,992.99,253.4,10699,7,99,0,0,-76.0,168.6,13.1
18,STR,Aston Martin,58,20.577,1012.7,258.0,10774,7,99,0,0,-87.4,198.7,13.0
18,STR,Aston Martin,58,20.583,1013.13,258.1,10777,7,99,0,0,-87.6,199.3,13.0
18,STR,Aston Martin,58,20.857,1033.07,262.0,10923,7,99,0,0,-91.4,213.6,13.0
18,STR,Aston Martin,58,20.982,1042.17,262.0,11013,7,99,0,0,-92.1,217.9,13.0
18,STR,Aston Martin,58,21.017,1044.72,262.0,11038,7,99,0,0,-92.3,219.3,13.0
18,STR,Aston Martin,58,21.262,1062.62,262.9,10982,7,99,0,0,-93.8,234.1,13.0
18,STR,Aston Martin,58,21.297,1065.17,263.0,10974,7,99,0,0,-93.9,238.0,13.0
18,STR,Aston Martin,58,21.442,1075.72,262.1,10974,7,99,0,0,-94.3,256.1,12.9
18,STR,Aston Martin,58,21.457,1076.82,262.0,10974,7,99,0,0,-94.3,257.6,12.9
18,STR,Aston Martin,58,21.657,1091.43,263.0,10974,7,99,0,0,-94.4,267.8,12.9
18,STR,Aston Martin,58,21.822,1103.47,263.0,10983,7,99,0,0,-94.1,275.1,13.0
18,STR,Aston Martin,58,21.858,1106.11,263.0,10985,7,99,0,0,-94.0,277.6,13.0
18,STR,Aston Martin,58,22.058,1120.78,264.0,10767,7,89,0,0,-93.2,296.1,13.1
18,STR,Aston Martin,58,22.122,1125.19,256.0,10493,7,61,0,0,-93.0,301.1,13.1
18,STR,Aston Martin,58,22.258,1134.06,239.0,9912,7,0,1,0,-92.7,308.5,13.1
18,STR,Aston Martin,58,22.382,1141.73,229.1,9640,7,0,1,0,-92.3,314.2,13.2
18,STR,Aston Martin,58,22.622,1155.24,209.9,9113,7,0,1,0,-91.3,328.0,13.5
18,STR,Aston Martin,58,22.658,1157.06,207.0,9034,6,0,1,0,-91.2,330.1,13.5
18,STR,Aston Martin,58,22.782,1162.91,190.0,9362,6,0,1,0,-91.1,336.9,13.7
18,STR,Aston Martin,58,22.978,1171.55,163.0,9880,6,0,1,0,-91.6,347.0,13.8
18,STR,Aston Martin,58,23.123,1178.26,163.0,9880,6,0,1,0,-92.2,353.6,13.9
18,STR,Aston Martin,58,23.338,1187.85,163.0,9880,4,0,1,0,-93.7,362.9,14.0
18,STR,Aston Martin,58,23.343,1188.05,162.4,9872,4,0,1,0,-93.8,363.2,14.0
18,STR,Aston Martin,58,23.503,1193.9,144.7,9616,4,0,1,0,-96.7,373.2,14.2
18,STR,Aston Martin,58,23.698,1200.15,123.0,9303,3,0,1,0,-98.7,378.2,14.3
18,STR,Aston Martin,58,23.823,1204.02,117.9,8692,3,0,1,0,-99.9,380.1,14.3
18,STR,Aston Martin,58,24.018,1209.92,110.0,7738,3,0,1,0,-103.1,385.0,14.5
18,STR,Aston Martin,58,24.123,1213.06,108.8,7651,3,0,1,0,-105.0,387.6,14.6
18,STR,Aston Martin,58,24.343,1219.51,106.4,7468,3,0,1,0,-109.6,391.9,14.7
18,STR,Aston Martin,58,24.378,1220.52,106.0,7439,3,0,0,0,-110.6,392.6,14.7
18,STR,Aston Martin,58,24.583,1226.37,103.1,7262,3,0,0,0,-117.4,396.3,14.9
18,STR,Aston Martin,58,24.658,1228.46,102.0,7197,3,0,0,0,-119.0,397.0,14.9
18,STR,Aston Martin,58,24.823,1232.95,99.1,7036,3,2,0,0,-121.5,397.5,14.9
18,STR,Aston Martin,58,24.938,1236.0,97.0,6923,3,4,0,0,-124.4,398.0,14.9
18,STR,Aston Martin,58,25.043,1238.72,95.2,7012,3,12,0,0,-127.3,398.3,15.0
18,STR,Aston Martin,58,25.177,1242.18,93.0,7126,3,22,0,0,-130.7,398.4,15.1
18,STR,Aston Martin,58,25.263,1244.43,94.0,7253,3,27,0,0,-133.2,398.3,15.1
18,STR,Aston Martin,58,25.537,1251.88,97.0,7657,3,44,0,0,-144.1,397.6,15.4
18,STR,Aston Martin,58,25.603,1253.73,99.0,7826,3,47,0,0,-146.2,397.4,15.4
18,STR,Aston Martin,58,25.737,1257.6,103.0,8170,3,53,0,0,-149.2,397.2,15.5
18,STR,Aston Martin,58,25.937,1263.71,110.0,8787,3,68,0,0,-152.8,397.0,15.5
18,STR,Aston Martin,58,25.943,1263.9,110.2,8782,3,68,0,0,-153.0,397.0,15.5
18,STR,Aston Martin,58,26.183,1272.25,119.7,8575,3,61,0,0,-160.9,397.2,15.6
18,STR,Aston Martin,58,26.383,1279.65,127.7,8402,3,55,0,0,-167.9,398.1,15.8
18,STR,Aston Martin,58,26.417,1280.91,129.0,8373,3,54,0,0,-169.0,398.3,15.8
18,STR,Aston Martin,58,26.463,1282.61,130.1,8373,3,54,0,0,-170.6,398.7,15.8
18,STR,Aston Martin,58,26.577,1286.82,133.0,8373,4,53,0,0,-175.6,400.6,15.8
18,STR,Aston Martin,58,26.783,1294.55,135.2,8733,4,53,0,0,-185.3,405.6,16.0
18,STR,Aston Martin,58,26.857,1297.4,136.0,8862,4,53,0,0,-187.5,406.9,16.0
18,STR,Aston Martin,58,27.143,1308.8,143.1,9236,4,56,0,0,-192.8,411.4,16.2
18,STR,Aston Martin,58,27.177,1310.2,144.0,9281,4,56,0,0,-193.7,412.3,16.2
18,STR,Aston Martin,58,27.302,1315.4,147.1,9525,4,62,0,0,-197.5,416.0,16.3
18,STR,Aston Martin,58,27.497,1323.71,152.0,9906,4,72,0,0,-202.8,422.1,16.3
18,STR,Aston Martin,58,27.502,1323.92,152.1,9916,4,72,0,0,-202.9,422.3,16.3
18,STR,Aston Martin,58,27.802,1337.15,158.8,10521,4,95,0,0,-210.4,433.3,16.4
18,STR,Aston Martin,58,27.857,1339.71,160.0,10632,4,99,0,0,-212.4,437.1,16.4
18,STR,Aston Martin,58,27.982,1345.71,166.2,10981,4,99,0,0,-217.0,446.7,16.4
18,STR,Aston Martin,58,28.177,1355.35,176.0,11526,4,99,0,0,-220.4,454.8,16.4
18,STR,Aston Martin,58,28.377,1365.3,179.0,11667,4,99,0,0,-221.5,459.2,16.5
18,STR,Aston Martin,58,28.422,1367.62,181.5,11561,4,99,0,0,-221.9,460.8,16.5
18,STR,Aston Martin,58,28.578,1375.91,190.0,11193,4,99,0,0,-223.9,468.3,16.5
18,STR,Aston Martin,58,28.622,1378.25,190.7,11136,4,99,0,0,-224.5,471.0,16.5
18,STR,Aston Martin,58,28.778,1386.63,193.0,10933,5,99,0,0,-226.7,482.5,16.5
18,STR,Aston Martin,58,28.882,1392.45,197.2,11039,5,99,0,0,-227.9,489.3,16.5
18,STR,Aston Martin,58,29.098,1404.94,206.0,11258,5,99,0,0,-229.2,497.7,16.5
18,STR,Aston Martin,58,29.142,1407.5,206.7,11338,5,99,0,0,-229.4,499.3,16.5
18,STR,Aston Martin,58,29.298,1416.55,209.0,11622,5,99,0,0,-230.2,506.0,16.5
18,STR,Aston Martin,58,29.458,1425.84,209.0,10782,5,99,0,0,-231.2,514.3,16.5
18,STR,Aston Martin,58,29.523,1429.75,211.8,10813,5,99,0,0,-231.7,518.0,16.5
18,STR,Aston Martin,58,29.603,1434.69,215.3,10852,5,99,0,0,-232.3,522.8,16.5
18,STR,Aston Martin,58,29.803,1447.53,223.9,10949,5,99,0,0,-233.7,535.2,16.5
18,STR,Aston Martin,58,29.898,1453.71,228.0,10995,6,99,0,1,-234.3,540.9,16.5
18,STR,Aston Martin,58,30.103,1467.16,233.8,11204,6,99,0,1,-235.6,553.1,16.6
18,STR,Aston Martin,58,30.218,1474.77,237.0,11321,6,99,0,1,-236.3,560.6,16.6
18,STR,Aston Martin,58,30.263,1477.77,237.8,11349,6,99,0,1,-236.6,563.6,16.6
18,STR,Aston Martin,58,30.498,1493.6,242.0,11495,6,99,0,1,-238.1,579.3,16.6
18,STR,Aston Martin,58,30.523,1495.31,242.9,11368,6,99,0,1,-238.2,581.0,16.6
18,STR,Aston Martin,58,30.583,1499.44,245.0,11062,6,99,0,1,-238.5,585.1,16.6
18,STR,Aston Martin,58,30.698,1507.43,249.0,10475,6,99,0,1,-239.1,593.1,16.5
18,STR,Aston Martin,58,30.898,1521.48,253.0,10672,7,99,0,1,-240.3,607.0,16.3
18,STR,Aston Martin,58,30.923,1523.25,253.4,10695,7,99,0,1,-240.4,608.7,16.3
18,STR,Aston Martin,58,31.098,1535.71,256.0,10856,7,99,0,1,-241.2,620.5,16.2
18,STR,Aston Martin,58,31.183,1541.81,257.7,10874,7,99,0,1,-241.7,627.3,16.1
18,STR,Aston Martin,58,31.298,1550.15,260.0,10899,7,99,0,1,-242.4,638.4,16.0
18,STR,Aston Martin,58,31.363,1554.94,261.6,10957,7,99,0,1,-242.8,644.6,15.9
18,STR,Aston Martin,58,31.698,1580.15,270.0,11257,7,99,0,1,-244.0,670.1,16.2
18,STR,Aston Martin,58,31.743,1583.55,270.5,11290,7,99,0,1,-244.1,672.9,16.3
18,STR,Aston Martin,58,31.977,1601.31,273.0,11459,7,100,0,1,-244.5,686.5,16.5
18,STR,Aston Martin,58,32.023,1604.83,274.1,11482,7,100,0,1,-244.6,689.6,16.5
18,STR,Aston Martin,58,32.137,1613.62,277.0,11540,7,99,0,1,-244.8,698.1,16.4
18,STR,Aston Martin,58,32.243,1621.89,278.7,11301,7,99,0,1,-244.9,706.6,16.3
18,STR,Aston Martin,58,32.483,1640.88,282.5,10760,7,99,0,1,-244.8,725.4,16.4
18,STR,Aston Martin,58,32.577,1648.33,284.0,10548,7,99,0,1,-244.7,732.7,16.4
18,STR,Aston Martin,58,32.723,1659.91,285.5,10625,7,99,0,1,-244.4,744.4,16.4
18,STR,Aston Martin,58,32.777,1664.22,286.0,10654,8,99,0,1,-244.2,749.2,16.4
18,STR,Aston Martin,58,33.023,1684.1,289.4,10642,8,99,0,1,-243.1,771.5,16.3
18,STR,Aston Martin,58,33.217,1699.91,292.0,10632,8,99,0,1,-242.2,785.1,16.3
18,STR,Aston Martin,58,33.323,1708.55,292.7,10717,8,99,0,1,-241.6,792.6,16.3
18,STR,Aston Martin,58,33.537,1726.04,294.0,10888,8,99,0,1,-239.9,809.9,16.4
18,STR,Aston Martin,58,33.603,1731.46,294.8,10872,8,99,0,1,-239.4,815.3,16.4
18,STR,Aston Martin,58,33.697,1739.2,296.0,10848,8,99,0,1,-238.6,822.9,16.4
18,STR,Aston Martin,58,33.723,1741.34,296.2,10871,8,99,0,1,-238.4,825.1,16.4
18,STR,Aston Martin,58,33.937,1759.06,298.0,11064,8,99,0,1,-235.6,847.0,16.3
18,STR,Aston Martin,58,34.022,1766.15,299.1,11082,8,99,0,1,-234.5,854.6,16.3
18,STR,Aston Martin,58,34.177,1779.13,301.0,11116,8,99,0,1,-233.1,864.5,16.4
18,STR,Aston Martin,58,34.302,1789.6,301.4,11127,8,99,0,1,-231.7,872.8,16.4
18,STR,Aston Martin,58,34.497,1805.98,302.0,11143,8,99,0,1,-228.2,892.0,16.4
18,STR,Aston Martin,58,34.562,1811.45,302.4,11140,8,99,0,1,-226.9,898.8,16.4
18,STR,Aston Martin,58,34.817,1833.0,304.0,11128,8,100,0,1,-221.6,923.2,16.4
18,STR,Aston Martin,58,34.882,1838.49,302.8,11074,8,92,0,1,-220.4,928.4,16.4
18,STR,Aston Martin,58,34.978,1846.46,301.0,10995,8,80,0,1,-218.8,935.2,16.4
18,STR,Aston Martin,58,35.142,1859.18,282.1,10536,8,14,0,1,-216.2,945.8,16.5
18,STR,Aston Martin,58,35.178,1861.9,278.0,10435,8,0,1,0,-215.6,948.3,16.5
18,STR,Aston Martin,58,35.338,1873.73,266.0,9315,8,0,1,0,-212.8,959.9,16.4
18,STR,Aston Martin,58,35.382,1876.79,260.7,9276,8,0,1,0,-212.1,962.8,16.4
18,STR,Aston Martin,58,35.618,1891.77,232.0,9066,8,0,1,0,-208.8,976.8,16.4
18,STR,Aston Martin,58,35.662,1894.39,227.6,9107,8,0,1,0,-207.9,980.6,16.4
18,STR,Aston Martin,58,35.822,1903.5,211.6,9258,8,0,1,0,-204.2,997.4,16.5
18,STR,Aston Martin,58,35.898,1907.64,204.0,9329,7,0,1,0,-202.9,1003.2,16.5
18,STR,Aston Martin,58,36.258,1925.64,180.0,10249,7,0,1,0,-200.5,1013.0,16.5
18,STR,Aston Martin,58,36.263,1925.86,179.6,10246,7,0,1,0,-200.5,1013.2,16.5
18,STR,Aston Martin,58,36.503,1936.04,161.6,10122,7,0,1,0,-197.7,1023.9,16.5
18,STR,Aston Martin,58,36.658,1942.3,150.0,10041,4,0,1,0,-194.3,1033.9,16.4
18,STR,Aston Martin,58,36.663,1942.51,149.8,10027,4,0,1,0,-194.2,1034.2,16.4
18,STR,Aston Martin,58,36.858,1950.25,143.0,9463,4,0,1,0,-191.9,1040.5,16.4
18,STR,Aston Martin,58,37.018,1955.94,128.0,8864,4,0,1,0,-190.8,1042.0,16.5
18,STR,Aston Martin,58,37.103,1958.8,123.8,8756,4,0,1,0,-189.8,1043.4,16.5
18,STR,Aston Martin,58,37.178,1961.27,120.0,8660,3,0,1,0,-188.6,1045.1,16.5
18,STR,Aston Martin,58,37.323,1965.93,117.0,8279,3,0,1,0,-185.7,1048.7,16.5
18,STR,Aston Martin,58,37.418,1968.94,115.0,8030,3,0,1,0,-183.8,1050.6,16.5
18,STR,Aston Martin,58,37.523,1972.22,113.4,7957,3,0,1,0,-181.1,1052.4,16.5
18,STR,Aston Martin,58,37.618,1975.16,112.0,7891,3,0,0,0,-177.4,1054.1,16.5
18,STR,Aston Martin,58,37.783,1980.15,110.6,8066,3,15,0,0,-170.3,1056.6,16.5
18,STR,Aston Martin,58,37.978,1986.06,109.0,8272,3,32,0,0,-166.2,1057.7,16.5
18,STR,Aston Martin,58,38.123,1990.59,111.2,8596,3,40,0,0,-163.5,1058.2,16.5
18,STR,Aston Martin,58,38.378,1998.84,115.0,9166,3,55,0,0,-155.8,1060.4,16.4
18,STR,Aston Martin,58,38.403,1999.66,115.8,9110,3,56,0,0,-155.0,1060.7,16.4
18,STR,Aston Martin,58,38.577,2005.53,121.0,8722,3,61,0,0,-149.8,1062.8,16.3
18,STR,Aston Martin,58,38.603,2006.42,121.8,8710,3,61,0,0,-149.0,1063.2,16.3
18,STR,Aston Martin,58,38.683,2009.23,124.1,8673,3,61,0,0,-146.5,1064.5,16.3
18,STR,Aston Martin,58,38.817,2014.06,128.0,8611,4,60,0,0,-142.3,1066.9,16.3
18,STR,Aston Martin,58,38.963,2019.44,131.6,8551,4,52,0,0,-137.8,1069.9,16.2
18,STR,Aston Martin,58,39.017,2021.45,133.0,8529,4,49,0,0,-136.2,1071.1,16.2
18,STR,Aston Martin,58,39.123,2025.39,133.9,8757,4,52,0,0,-133.1,1073.5,16.1
18,STR,Aston Martin,58,39.257,2030.45,135.0,9045,4,55,0,0,-129.3,1077.0,16.0
18,STR,Aston Martin,58,39.363,2034.56,138.1,9250,4,61,0,0,-126.5,1079.9,16.0
18,STR,Aston Martin,58,39.497,2039.91,142.0,9510,4,69,0,0,-123.0,1083.8,16.0
18,STR,Aston Martin,58,39.543,2041.8,143.8,9620,4,71,0,0,-121.9,1085.3,16.0
18,STR,Aston Martin,58,39.663,2046.82,148.6,9906,4,77,0,0,-119.0,1089.4,16.0
18,STR,Aston Martin,58,39.697,2048.25,150.0,9987,4,79,0,0,-118.2,1090.6,16.0
18,STR,Aston Martin,58,39.857,2055.09,154.0,10489,4,93,0,0,-114.6,1096.5,15.9
18,STR,Aston Martin,58,39.903,2057.15,156.3,10528,4,94,0,0,-113.6,1098.3,15.9
18,STR,Aston Martin,58,40.177,2070.2,170.0,10760,4,99,0,0,-108.2,1109.8,15.8
18,STR,Aston Martin,58,40.183,2070.5,170.2,10781,4,99,0,0,-108.1,1110.1,15.8
18,STR,Aston Martin,58,40.363,2079.42,177.0,11411,4,99,0,0,-104.9,1118.3,15.9
18,STR,Aston Martin,58,40.417,2082.14,179.0,11600,4,99,0,0,-104.0,1120.9,15.9
18,STR,Aston Martin,58,40.562,2089.53,182.6,11728,4,99,0,0,-101.8,1128.0,15.9
18,STR,Aston Martin,58,40.697,2096.6,186.0,11848,4,99,0,0,-99.8,1134.9,15.9
18,STR,Aston Martin,58,40.862,2105.56,193.6,11361,4,99,0,0,-97.5,1143.4,15.9
18,STR,Aston Martin,58,40.937,2109.74,197.0,11139,4,99,0,0,-96.5,1147.1,15.9
18,STR,Aston Martin,58,41.062,2116.81,201.0,11276,4,99,0,0,-94.7,1154.3,15.9
18,STR,Aston Martin,58,41.217,2125.76,206.0,11446,5,100,0,0,-91.5,1167.4,15.9
18,STR,Aston Martin,58,41.282,2129.56,207.9,11355,5,100,0,0,-90.3,1172.3,15.9
18,STR,Aston Martin,58,41.417,2137.54,212.0,11166,5,99,0,0,-88.7,1178.9,15.9
18,STR,Aston Martin,58,41.602,2148.69,216.6,10624,5,99,0,0,-87.2,1185.2,15.9
18,STR,Aston Martin,58,41.658,2152.13,218.0,10460,6,99,0,0,-86.5,1187.9,15.9
18,STR,Aston Martin,58,41.822,2162.37,223.5,10775,6,99,0,0,-84.0,1198.4,15.9
18,STR,Aston Martin,58,41.898,2167.2,226.0,10921,6,99,0,0,-82.6,1204.7,15.9
18,STR,Aston Martin,58,42.102,2180.41,230.6,11021,6,99,0,0,-78.7,1222.6,15.8
18,STR,Aston Martin,58,42.338,2196.04,236.0,11137,6,99,0,0,-76.6,1233.4,15.9
18,STR,Aston Martin,58,42.442,2203.0,238.6,11137,6,99,0,0,-75.7,1238.2,15.9
18,STR,Aston Martin,58,42.578,2212.17,242.0,11137,6,99,0,0,-74.2,1246.6,15.9
18,STR,Aston Martin,58,42.663,2217.96,243.7,11355,6,99,0,0,-72.9,1254.1,15.9
18,STR,Aston Martin,58,42.778,2225.84,246.0,11651,6,99,0,0,-70.7,1267.7,15.9
18,STR,Aston Martin,58,42.863,2231.71,247.2,11385,6,99,0,0,-69.1,1277.2,15.9
18,STR,Aston Martin,58,43.138,2250.94,251.0,10523,6,99,0,0,-66.9,1290.9,15.9
18,STR,Aston Martin,58,43.323,2264.13,254.6,10661,6,99,0,0,-65.8,1298.1,15.9
18,STR,Aston Martin,58,43.498,2276.74,258.0,10792,7,99,0,0,-64.0,1310.2,15.8
18,STR,Aston Martin,58,43.583,2282.89,259.3,10834,7,99,0,0,-63.1,1316.6,15.8
18,STR,Aston Martin,58,43.698,2291.24,261.0,10890,7,99,0,0,-62.0,1324.8,15.9
18,STR,Aston Martin,58,43.763,2295.98,261.6,10937,7,99,0,0,-61.4,1329.5,15.9
18,STR,Aston Martin,58,43.823,2300.36,262.2,10980,7,99,0,0,-60.9,1333.9,15.9
18,STR,Aston Martin,58,44.018,2314.71,264.0,11120,7,99,0,0,-59.4,1346.6,15.9
18,STR,Aston Martin,58,44.143,2324.02,266.6,11176,7,99,0,0,-58.4,1357.4,15.9
18,STR,Aston Martin,58,44.258,2332.64,269.0,11227,7,99,0,0,-57.4,1371.0,15.9
18,STR,Aston Martin,58,44.323,2337.53,269.6,11234,7,99,0,0,-56.9,1378.3,15.9
18,STR,Aston Martin,58,44.458,2347.7,271.0,11248,7,99,0,0,-56.2,1389.5,15.9
18,STR,Aston Martin,58,44.618,2359.74,271.0,11408,7,99,0,0,-56.0,1396.8,15.9
18,STR,Aston Martin,58,44.783,2372.36,273.7,11463,7,99,0,0,-55.8,1405.7,15.9
18,STR,Aston Martin,58,44.943,2384.73,276.4,11517,7,99,0,0,-55.5,1418.0,15.8
18,STR,Aston Martin,58,44.978,2387.44,277.0,11529,7,99,0,0,-55.4,1421.6,15.8
18,STR,Aston Martin,58,45.203,2404.88,278.9,11357,7,99,0,0,-55.2,1447.8,15.8
18,STR,Aston Martin,58,45.218,2406.04,279.0,11345,7,99,0,0,-55.2,1449.1,15.8
18,STR,Aston Martin,58,45.457,2424.7,281.0,10479,7,99,0,0,-55.2,1460.0,15.8
18,STR,Aston Martin,58,45.543,2431.45,281.7,10499,7,99,0,0,-55.4,1465.0,15.8
18,STR,Aston Martin,58,45.817,2453.1,284.0,10564,8,99,0,0,-56.8,1492.1,15.8
18,STR,Aston Martin,58,45.843,2455.16,284.2,10570,8,99,0,0,-57.1,1494.9,15.8
18,STR,Aston Martin,58,46.057,2472.16,286.0,10622,8,99,0,0,-60.2,1516.9,15.7
18,STR,Aston Martin,58,46.263,2488.63,286.5,10587,8,99,0,0,-63.2,1532.6,15.7
18,STR,Aston Martin,58,46.457,2504.05,287.0,10555,8,99,0,0,-64.7,1539.7,15.7
18,STR,Aston Martin,58,46.543,2510.82,285.5,10424,8,78,0,0,-65.6,1543.6,15.7
18,STR,Aston Martin,58,46.823,2532.55,280.6,9999,8,8,0,0,-70.5,1565.0,15.7
18,STR,Aston Martin,58,46.857,2535.16,280.0,9947,8,0,1,0,-71.1,1567.5,15.7
18,STR,Aston Martin,58,47.017,2547.12,269.0,8967,8,0,1,0,-73.7,1578.5,15.7
18,STR,Aston Martin,58,47.082,2551.46,256.9,9012,8,0,1,0,-74.8,1583.2,15.7
18,STR,Aston Martin,58,47.262,2562.03,223.5,9137,8,0,1,0,-77.9,1596.5,15.7
18,STR,Aston Martin,58,47.297,2564.0,217.0,9161,8,0,1,0,-78.4,1598.6,15.7
18,STR,Aston Martin,58,47.497,2574.89,196.0,8801,7,0,1,0,-80.3,1607.2,15.7
18,STR,Aston Martin,58,47.522,2576.18,194.1,8787,7,0,1,0,-80.5,1608.3,15.7
18,STR,Aston Martin,58,47.722,2585.88,179.1,8672,7,0,1,0,-82.6,1618.1,15.7
18,STR,Aston Martin,58,47.857,2591.79,169.0,8594,6,0,1,0,-83.8,1624.0,15.7
18,STR,Aston Martin,58,47.942,2595.23,162.1,8724,6,0,1,0,-84.6,1627.9,15.7
18,STR,Aston Martin,58,48.242,2606.1,137.6,9183,6,0,1,0,-87.2,1643.2,15.6
18,STR,Aston Martin,58,48.298,2608.08,133.0,9269,4,0,1,0,-87.5,1645.3,15.6
18,STR,Aston Martin,58,48.458,2613.68,126.0,9078,3,0,1,0,-87.9,1649.5,15.6
18,STR,Aston Martin,58,48.658,2620.07,115.0,9071,3,0,1,0,-88.0,1653.5,15.6
18,STR,Aston Martin,58,48.702,2621.34,112.7,8909,3,0,1,0,-88.0,1654.6,15.6
18,STR,Aston Martin,58,48.742,2622.46,110.6,8762,3,0,1,0,-88.0,1655.7,15.6
18,STR,Aston Martin,58,49.022,2629.36,96.0,7730,3,0,1,0,-86.9,1662.8,15.6
18,STR,Aston Martin,58,49.138,2632.07,90.0,7303,2,0,1,0,-85.9,1665.5,15.6
18,STR,Aston Martin,58,49.283,2635.42,83.7,7176,2,0,1,0,-84.2,1668.5,15.5
18,STR,Aston Martin,58,49.298,2635.76,83.0,7163,2,0,1,0,-84.0,1668.8,15.5
18,STR,Aston Martin,58,49.538,2640.89,77.0,6312,2,0,1,0,-80.5,1672.3,15.5
18,STR,Aston Martin,58,49.543,2640.99,76.9,6304,2,0,1,0,-80.4,1672.4,15.5
18,STR,Aston Martin,58,49.703,2644.24,74.4,6038,2,0,1,0,-77.6,1674.1,15.6
18,STR,Aston Martin,58,49.823,2646.61,72.5,5838,2,0,1,0,-75.7,1674.8,15.6
18,STR,Aston Martin,58,49.858,2647.29,72.0,5780,2,0,0,0,-75.1,1675.0,15.6
18,STR,Aston Martin,58,50.018,2650.36,69.0,5507,2,0,0,0,-72.1,1675.8,15.6
18,STR,Aston Martin,58,50.043,2650.83,68.8,5482,2,0,0,0,-71.6,1675.9,15.6
18,STR,Aston Martin,58,50.263,2654.88,66.7,5260,2,0,0,0,-67.5,1675.9,15.6
18,STR,Aston Martin,58,50.338,2656.22,66.0,5184,2,0,0,0,-65.8,1675.5,15.6
18,STR,Aston Martin,58,50.563,2660.1,62.3,4970,2,0,0,0,-60.4,1673.4,15.5
18,STR,Aston Martin,58,50.578,2660.36,62.0,4956,2,0,0,0,-60.1,1673.3,15.5
18,STR,Aston Martin,58,50.778,2663.69,60.0,4956,2,0,0,0,-57.5,1671.3,15.5
18,STR,Aston Martin,58,51.003,2667.31,58.1,5351,2,11,0,0,-55.8,1669.1,15.5
18,STR,Aston Martin,58,51.018,2667.56,58.0,5377,2,12,0,0,-55.7,1668.9,15.5
18,STR,Aston Martin,58,51.218,2670.89,60.0,5456,2,20,0,0,-54.2,1666.9,15.5
18,STR,Aston Martin,58,51.363,2673.45,62.9,5862,2,24,0,0,-53.1,1665.1,15.5
18,STR,Aston Martin,58,51.418,2674.44,64.0,6016,2,26,0,0,-52.6,1664.3,15.5
18,STR,Aston Martin,58,51.543,2676.77,66.5,6235,2,29,0,0,-51.5,1662.3,15.5
18,STR,Aston Martin,58,51.618,2678.22,68.0,6367,2,31,0,0,-50.8,1660.8,15.5
18,STR,Aston Martin,58,51.778,2681.51,74.0,6805,2,35,0,0,-49.5,1657.9,15.6
18,STR,Aston Martin,58,51.783,2681.62,74.1,6821,2,35,0,0,-49.5,1657.9,15.6
18,STR,Aston Martin,58,51.943,2685.11,78.1,7347,2,40,0,0,-49.2,1657.4,15.6
18,STR,Aston Martin,58,51.977,2685.88,79.0,7459,2,41,0,0,-49.1,1657.2,15.6
18,STR,Aston Martin,58,52.257,2692.49,85.0,8169,2,48,0,0,-47.6,1653.0,15.5
18,STR,Aston Martin,58,52.283,2693.14,86.0,8264,2,49,0,0,-47.4,1652.5,15.5
18,STR,Aston Martin,58,52.537,2699.96,96.0,9195,2,57,0,0,-45.4,1646.3,15.5
18,STR,Aston Martin,58,52.543,2700.13,96.3,9222,2,57,0,0,-45.4,1646.1,15.5
18,STR,Aston Martin,58,52.777,2707.16,108.0,10284,2,64,0,0,-43.8,1639.3,15.5
18,STR,Aston Martin,58,52.863,2709.87,111.0,10099,2,66,0,0,-43.2,1636.3,15.5
18,STR,Aston Martin,58,52.977,2713.55,115.0,9854,2,68,0,0,-42.5,1631.9,15.5
18,STR,Aston Martin,58,53.137,2718.83,119.0,9990,3,68,0,0,-41.5,1625.2,15.5
18,STR,Aston Martin,58,53.243,2722.48,122.4,10021,3,70,0,0,-41.1,1621.6,15.5
18,STR,Aston Martin,58,53.417,2728.79,128.0,10073,3,72,0,0,-40.8,1617.4,15.5
18,STR,Aston Martin,58,53.503,2732.08,133.6,10254,3,72,0,0,-40.6,1615.1,15.5
18,STR,Aston Martin,58,53.617,2736.62,141.0,10493,3,72,0,0,-40.3,1611.1,15.5
18,STR,Aston Martin,58,53.777,2743.33,151.0,11333,3,100,0,0,-39.8,1604.4,15.5
18,STR,Aston Martin,58,53.802,2744.38,151.0,11262,3,100,0,0,-39.7,1603.3,15.5
18,STR,Aston Martin,58,54.022,2753.55,151.0,10633,3,100,0,0,-38.9,1594.1,15.5
18,STR,Aston Martin,58,54.057,2755.08,151.0,10533,4,100,0,0,-38.8,1592.7,15.5
18,STR,Aston Martin,58,54.242,2763.59,164.9,10921,4,100,0,0,-37.6,1584.1,15.5
18,STR,Aston Martin,58,54.257,2764.3,166.0,10953,4,100,0,0,-37.4,1583.1,15.5
18,STR,Aston Martin,58,54.457,2774.02,175.0,11032,4,100,0,0,-34.4,1567.5,15.4
18,STR,Aston Martin,58,54.462,2774.26,175.0,11024,4,100,0,0,-34.3,1567.2,15.4
18,STR,Aston Martin,58,54.818,2791.57,175.0,10490,4,100,0,0,-31.4,1557.0,15.3
18,STR,Aston Martin,58,54.822,2791.78,175.3,10498,4,100,0,0,-31.4,1556.9,15.3
18,STR,Aston Martin,58,55.062,2805.0,192.6,10983,4,99,0,0,-27.4,1544.9,15.2
18,STR,Aston Martin,58,55.178,2811.67,201.0,11217,5,99,0,0,-25.2,1539.1,15.1
18,STR,Aston Martin,58,55.222,2814.23,202.6,11230,5,99,0,0,-24.3,1536.7,15.0
18,STR,Aston Martin,58,55.498,2830.6,213.0,11313,5,99,0,0,-17.0,1518.7,14.8
18,STR,Aston Martin,58,55.542,2833.29,214.4,11209,5,99,0,0,-15.9,1516.1,14.8
18,STR,Aston Martin,58,55.778,2847.87,222.0,10649,6,100,0,0,-11.0,1504.5,14.6
18,STR,Aston Martin,58,55.863,2853.09,222.0,10702,6,100,0,0,-9.2,1500.2,14.6
18,STR,Aston Martin,58,56.003,2861.68,222.0,10790,6,99,0,0,-5.8,1492.3,14.6
18,STR,Aston Martin,58,56.058,2865.14,222.0,10825,6,99,0,0,-4.5,1489.1,14.6
18,STR,Aston Martin,58,56.243,2877.13,230.6,10825,6,99,0,0,0.0,1478.4,14.6
18,STR,Aston Martin,58,56.338,2883.42,235.0,10825,6,99,0,0,2.2,1473.2,14.6
18,STR,Aston Martin,58,56.483,2893.09,238.2,11110,6,99,0,0,5.7,1465.1,14.6
18,STR,Aston Martin,58,56.658,2904.93,242.0,11455,6,100,0,0,10.7,1453.4,14.6
18,STR,Aston Martin,58,56.763,2912.15,245.0,11542,6,100,0,0,13.6,1446.6,14.6
18,STR,Aston Martin,58,56.938,2924.37,250.0,11686,6,99,0,0,17.9,1436.6,14.6
18,STR,Aston Martin,58,57.043,2931.82,252.3,11420,6,99,0,0,20.8,1430.0,14.6
18,STR,Aston Martin,58,57.298,2950.17,258.0,10773,7,100,0,0,30.3,1408.2,14.5
18,STR,Aston Martin,58,57.363,2954.88,258.9,10810,7,100,0,0,33.6,1400.8,14.5
18,STR,Aston Martin,58,57.523,2966.51,261.2,10901,7,100,0,0,42.4,1380.8,14.5
18,STR,Aston Martin,58,57.578,2970.55,262.0,10932,7,100,0,0,44.7,1375.6,14.5
18,STR,Aston Martin,58,57.898,2994.37,268.0,11187,7,100,0,0,50.0,1363.1,14.3
18,STR,Aston Martin,58,58.003,3002.28,269.5,11280,7,100,0,0,52.3,1357.6,14.3
18,STR,Aston Martin,58,58.083,3008.33,270.6,11351,7,100,0,0,54.6,1352.0,14.3
18,STR,Aston Martin,58,58.178,3015.53,272.0,11435,7,100,0,1,57.4,1345.3,14.2
18,STR,Aston Martin,58,58.338,3027.7,274.0,11431,7,100,0,1,62.1,1334.2,14.0
18,STR,Aston Martin,58,58.363,3029.62,274.4,11434,7,100,0,1,62.8,1332.4,14.0
18,STR,Aston Martin,58,58.583,3046.68,278.4,11460,7,100,0,1,69.3,1316.7,13.8
18,STR,Aston Martin,58,58.618,3049.4,279.0,11464,7,100,0,1,70.3,1314.3,13.8
18,STR,Aston Martin,58,58.803,3063.89,281.8,10499,7,100,0,1,75.7,1300.7,13.5
18,STR,Aston Martin,58,58.817,3064.99,282.0,10426,7,100,0,1,76.2,1299.4,13.5
18,STR,Aston Martin,58,59.023,3081.44,285.6,10594,7,99,0,1,84.4,1278.6,13.2
18,STR,Aston Martin,58,59.217,3097.1,289.0,10752,8,99,0,1,88.5,1267.8,13.1
18,STR,Aston Martin,58,59.323,3105.68,290.1,10794,8,99,0,1,90.6,1262.0,13.1
18,STR,Aston Martin,58,59.497,3119.82,292.0,10862,8,100,0,1,95.3,1248.8,13.1
18,STR,Aston Martin,58,59.503,3120.31,292.1,10865,8,100,0,1,95.5,1248.3,13.1
18,STR,Aston Martin,58,59.817,3146.22,297.0,11031,8,99,0,1,103.5,1224.0,13.1
18,STR,Aston Martin,58,59.863,3150.02,297.2,11043,8,99,0,1,104.7,1220.2,13.1
18,STR,Aston Martin,58,60.063,3166.6,298.2,11097,8,100,0,1,110.2,1202.0,13.0
18,STR,Aston Martin,58,60.217,3179.44,299.0,11139,8,100,0,1,115.5,1183.7,13.0
18,STR,Aston Martin,58,60.242,3181.53,299.4,11144,8,100,0,1,116.2,1181.1,13.0
18,STR,Aston Martin,58,60.457,3199.64,303.0,11189,8,100,0,1,120.1,1166.6,13.0
18,STR,Aston Martin,58,60.602,3211.95,304.4,11255,8,100,0,1,122.3,1158.2,13.0
18,STR,Aston Martin,58,60.802,3229.04,306.4,11345,8,99,0,1,126.5,1141.7,13.0
18,STR,Aston Martin,58,60.857,3233.75,307.0,11370,8,99,0,1,127.9,1136.3,13.0
18,STR,Aston Martin,58,61.057,3250.92,309.0,11430,8,99,0,1,133.2,1114.4,12.9
18,STR,Aston Martin,58,61.082,3253.07,309.3,11431,8,99,0,1,133.9,1111.7,12.9
18,STR,Aston Martin,58,61.338,3275.27,312.0,11439,8,100,0,1,140.0,1086.2,12.9
18,STR,Aston Martin,58,61.442,3284.3,312.5,11514,8,100,0,1,141.9,1078.0,12.9
18,STR,Aston Martin,58,61.538,3292.66,313.0,11584,8,100,0,1,143.3,1072.0,12.9
18,STR,Aston Martin,58,61.778,3313.66,315.0,11645,8,100,0,1,146.2,1059.6,12.8
18,STR,Aston Martin,58,61.782,3314.01,315.0,11646,8,100,0,1,146.3,1059.3,12.8
18,STR,Aston Martin,58,62.018,3334.86,318.0,11679,8,100,0,1,150.6,1041.0,12.8
18,STR,Aston Martin,58,62.102,3342.3,318.3,11713,8,100,0,1,152.7,1031.8,12.8
18,STR,Aston Martin,58,62.298,3359.67,319.0,11793,8,99,0,1,158.9,1005.5,12.7
18,STR,Aston Martin,58,62.322,3361.8,319.0,11796,8,99,0,1,159.6,1002.4,12.7
18,STR,Aston Martin,58,62.538,3380.94,319.0,11821,8,100,0,1,165.0,979.3,12.7
18,STR,Aston Martin,58,62.643,3390.23,319.0,11814,8,99,0,1,166.9,971.2,12.7
18,STR,Aston Martin,58,62.698,3395.11,319.0,11811,8,99,0,1,167.7,967.8,12.7
18,STR,Aston Martin,58,62.938,3416.58,322.0,11887,8,100,0,1,170.1,957.6,12.7
18,STR,Aston Martin,58,63.003,3422.4,322.3,11906,8,100,0,1,171.0,953.7,12.7
18,STR,Aston Martin,58,63.138,3434.52,323.0,11945,8,100,0,1,173.5,942.8,12.6
18,STR,Aston Martin,58,63.203,3440.39,323.5,11955,8,100,0,1,175.0,936.2,12.6
18,STR,Aston Martin,58,63.498,3467.12,326.0,12001,8,99,0,1,183.9,898.4,12.6
18,STR,Aston Martin,58,63.543,3471.2,326.0,12009,8,99,0,1,184.9,894.0,12.6
18,STR,Aston Martin,58,63.658,3481.61,326.0,12030,8,99,0,1,186.8,885.7,12.6
18,STR,Aston Martin,58,63.938,3507.05,327.0,12079,8,99,0,1,190.0,871.6,12.6
18,STR,Aston Martin,58,63.963,3509.32,327.1,12078,8,99,0,1,190.6,869.1,12.6
18,STR,Aston Martin,58,64.178,3528.91,328.0,12069,8,99,0,1,196.8,841.5,12.6
18,STR,Aston Martin,58,64.203,3531.2,328.1,12079,8,99,0,1,197.4,838.9,12.6
18,STR,Aston Martin,58,64.378,3547.19,329.0,12149,8,99,0,1,200.0,827.4,12.6
18,STR,Aston Martin,58,64.503,3558.64,329.4,12185,8,99,0,1,201.7,820.1,12.6
18,STR,Aston Martin,58,64.698,3576.52,330.0,12240,8,100,0,1,205.8,802.0,12.7
18,STR,Aston Martin,58,64.823,3588.01,330.4,12207,8,100,0,1,208.6,790.0,12.7
18,STR,Aston Martin,58,65.018,3605.95,331.0,12155,8,99,0,1,212.5,773.6,12.7
18,STR,Aston Martin,58,65.023,3606.41,331.0,12156,8,99,0,1,212.6,773.1,12.7
18,STR,Aston Martin,58,65.218,3624.34,331.0,12182,8,100,0,1,217.9,750.5,12.7
18,STR,Aston Martin,58,65.243,3626.64,331.1,12175,8,100,0,1,218.5,748.0,12.7
18,STR,Aston Martin,58,65.537,3653.75,332.0,12098,8,99,0,1,223.2,728.6,12.7
18,STR,Aston Martin,58,65.623,3661.65,331.4,12092,8,99,0,1,225.4,719.4,12.7
18,STR,Aston Martin,58,65.817,3679.42,330.0,12079,8,100,0,1,232.4,689.9,12.8
18,STR,Aston Martin,58,65.823,3679.97,330.0,12070,8,100,0,1,232.6,689.1,12.8
18,STR,Aston Martin,58,66.017,3697.7,329.0,11772,8,100,0,1,237.1,670.5,12.9
18,STR,Aston Martin,58,66.203,3714.39,321.3,11163,8,23,0,1,239.6,659.9,13.0
18,STR,Aston Martin,58,66.257,3718.97,319.0,10986,8,0,1,0,240.3,657.0,13.0
18,STR,Aston Martin,58,66.497,3737.43,277.0,9907,8,0,1,0,243.2,644.4,13.0
18,STR,Aston Martin,58,66.563,3742.19,268.8,9870,8,0,1,0,244.2,640.3,13.0
18,STR,Aston Martin,58,66.697,3751.43,252.0,9795,8,0,1,0,246.4,631.1,13.1
18,STR,Aston Martin,58,66.723,3753.13,248.9,9824,8,0,1,0,246.8,629.4,13.1
18,STR,Aston Martin,58,66.902,3764.1,227.8,10026,8,0,1,0,249.4,618.1,13.1
18,STR,Aston Martin,58,66.977,3768.47,219.0,10111,8,0,1,0,250.6,613.2,13.1
18,STR,Aston Martin,58,67.217,3781.73,199.0,10532,6,0,1,0,254.5,596.8,13.2
18,STR,Aston Martin,58,67.262,3784.05,193.9,10611,6,0,1,0,255.1,593.9,13.2
18,STR,Aston Martin,58,67.377,3789.78,181.0,10812,6,0,1,0,256.6,586.9,13.2
18,STR,Aston Martin,58,67.537,3797.42,172.0,10030,5,0,1,0,258.3,578.1,13.2
18,STR,Aston Martin,58,67.682,3803.64,161.2,10126,5,0,1,0,259.3,572.5,13.2
18,STR,Aston Martin,58,67.898,3811.96,145.0,10270,4,0,1,0,259.9,568.3,13.2
18,STR,Aston Martin,58,67.982,3815.07,141.5,10007,4,0,1,0,260.1,566.3,13.2
18,STR,Aston Martin,58,68.182,3822.26,133.2,9380,4,0,1,0,260.5,559.1,13.2
18,STR,Aston Martin,58,68.258,3824.96,130.0,9142,3,0,1,0,260.5,556.5,13.2
18,STR,Aston Martin,58,68.382,3829.35,127.7,8901,3,0,1,0,260.2,552.3,13.1
18,STR,Aston Martin,58,68.418,3830.61,127.0,8831,3,0,1,0,260.0,551.0,13.1
18,STR,Aston Martin,58,68.578,3836.07,123.0,8816,3,0,0,0,258.4,544.5,13.1
18,STR,Aston Martin,58,68.722,3840.84,120.6,8842,3,8,0,0,256.6,539.2,13.1
18,STR,Aston Martin,58,68.818,3844.01,119.0,8860,3,14,0,0,255.4,536.4,13.1
18,STR,Aston Martin,58,69.018,3850.67,120.0,8933,3,21,0,0,252.7,532.0,13.1
18,STR,Aston Martin,58,69.083,3852.83,120.0,8911,3,22,0,0,251.6,530.3,13.1
18,STR,Aston Martin,58,69.203,3856.83,120.0,8871,3,25,0,0,249.4,526.8,13.0
18,STR,Aston Martin,58,69.218,3857.34,120.0,8866,3,25,0,0,249.1,526.3,13.0
18,STR,Aston Martin,58,69.563,3869.6,127.7,8569,3,47,0,0,242.7,513.5,12.9
18,STR,Aston Martin,58,69.578,3870.14,128.0,8556,3,48,0,0,242.5,512.9,12.9
18,STR,Aston Martin,58,69.898,3881.78,131.0,8464,4,37,0,0,239.9,500.6,12.8
18,STR,Aston Martin,58,69.903,3881.97,131.1,8469,4,37,0,0,239.9,500.4,12.8
18,STR,Aston Martin,58,70.298,3896.89,136.0,8832,4,60,0,0,239.6,484.4,12.8
18,STR,Aston Martin,58,70.363,3899.44,137.9,9077,4,63,0,0,239.7,482.6,12.8
18,STR,Aston Martin,58,70.538,3906.43,143.0,9737,4,71,0,0,239.9,479.4,12.8
18,STR,Aston Martin,58,70.643,3910.74,146.9,9831,4,74,0,0,240.2,476.8,12.8
18,STR,Aston Martin,58,70.698,3913.05,149.0,9881,4,75,0,0,240.4,474.8,12.8
18,STR,Aston Martin,58,70.843,3919.29,154.1,10272,4,93,0,0,241.2,468.3,12.7
18,STR,Aston Martin,58,70.898,3921.72,156.0,10421,4,100,0,0,241.5,465.9,12.7
18,STR,Aston Martin,58,71.103,3931.11,164.5,10856,4,99,0,0,243.0,456.9,12.6
18,STR,Aston Martin,58,71.138,3932.78,166.0,10930,4,99,0,0,243.3,455.3,12.6
18,STR,Aston Martin,58,71.243,3937.95,171.7,11234,4,99,0,0,244.3,450.4,12.6
18,STR,Aston Martin,58,71.378,3944.72,179.0,11625,4,100,0,0,245.8,443.9,12.6
18,STR,Aston Martin,58,71.538,3952.67,179.0,11345,4,99,0,0,247.7,435.9,12.6
18,STR,Aston Martin,58,71.583,3955.0,181.1,11338,4,99,0,0,248.3,433.6,12.6
18,STR,Aston Martin,58,71.763,3964.84,189.3,11310,4,99,0,0,250.7,424.3,12.6
18,STR,Aston Martin,58,71.943,3975.17,197.6,11283,4,99,0,0,253.4,414.7,12.7
18,STR,Aston Martin,58,72.018,3979.47,201.0,11271,5,99,0,1,254.6,410.6,12.7
18,STR,Aston Martin,58,72.217,3990.97,208.0,11551,5,99,0,1,257.8,399.6,12.7
18,STR,Aston Martin,58,72.243,3992.51,208.8,11501,5,99,0,1,258.2,398.2,12.7
18,STR,Aston Martin,58,72.323,3997.3,211.4,11348,5,99,0,1,259.6,393.7,12.7
18,STR,Aston Martin,58,72.523,4009.65,217.9,10964,5,100,0,1,265.3,373.7,12.8
18,STR,Aston Martin,58,72.617,4015.53,221.0,10784,6,100,0,1,267.1,367.2,12.8
18,STR,Aston Martin,58,72.777,4025.61,227.0,10827,6,100,0,1,268.4,362.7,12.8
18,STR,Aston Martin,58,72.943,4036.33,232.0,11064,6,100,0,1,270.0,356.6,12.7
18,STR,Aston Martin,58,72.977,4038.56,233.0,11113,6,100,0,1,270.5,354.7,12.7
18,STR,Aston Martin,58,73.083,4045.57,235.6,11143,6,100,0,1,272.3,347.8,12.7
18,STR,Aston Martin,58,73.297,4059.98,241.0,11204,6,99,0,1,275.9,333.9,12.8
18,STR,Aston Martin,58,73.442,4069.85,244.0,10719,6,99,0,1,278.3,324.4,12.8
18,STR,Aston Martin,58,73.537,4076.38,246.0,10401,6,99,0,1,279.9,318.1,12.8
18,STR,Aston Martin,58,73.602,4080.89,248.0,10470,6,99,0,1,281.0,313.8,12.8
18,STR,Aston Martin,58,73.697,4087.54,251.0,10570,6,99,0,1,282.6,307.4,12.8
18,STR,Aston Martin,58,73.802,4094.97,253.0,10656,6,99,0,1,284.4,300.2,12.8
18,STR,Aston Martin,58,74.042,4112.25,257.7,10852,6,99,0,1,288.7,283.6,12.8
18,STR,Aston Martin,58,74.057,4113.34,258.0,10864,7,99,0,1,289.0,282.6,12.8
18,STR,Aston Martin,58,74.122,4118.05,259.6,10868,7,99,0,1,290.1,278.0,12.8
18,STR,Aston Martin,58,74.217,4124.98,262.0,10875,7,100,0,1,292.2,269.9,12.8
18,STR,Aston Martin,58,74.502,4146.11,266.3,11174,7,100,0,1,299.7,241.0,12.8
18,STR,Aston Martin,58,74.618,4154.83,268.0,11295,7,100,0,1,302.2,231.4,12.8
18,STR,Aston Martin,58,74.778,4166.97,273.0,11372,7,100,0,1,305.0,220.7,12.8
18,STR,Aston Martin,58,74.862,4173.38,273.9,11036,7,100,0,1,306.2,216.0,12.8
18,STR,Aston Martin,58,75.058,4188.43,276.0,10252,7,100,0,1,308.5,207.5,12.8
18,STR,Aston Martin,58,75.162,4196.46,277.3,10353,7,100,0,1,309.8,202.5,12.8
18,STR,Aston Martin,58,75.298,4207.03,279.0,10484,8,100,0,1,312.0,194.3,12.8
18,STR,Aston Martin,58,75.462,4219.93,282.4,10522,8,100,0,1,315.7,179.9,12.8
18,STR,Aston Martin,58,75.538,4225.97,284.0,10539,8,100,0,1,318.1,170.7,12.8
18,STR,Aston Martin,58,75.703,4239.17,286.9,10667,8,99,0,1,323.6,149.0,12.9
18,STR,Aston Martin,58,75.818,4248.44,289.0,10757,8,99,0,1,326.4,137.2,12.9
18,STR,Aston Martin,58,76.098,4271.16,292.0,10827,8,99,0,1,330.5,118.5,12.9
18,STR,Aston Martin,58,76.123,4273.18,292.0,10831,8,99,0,1,330.8,117.1,12.9
18,STR,Aston Martin,58,76.258,4284.13,292.0,10850,8,100,0,1,332.2,110.4,12.8
18,STR,Aston Martin,58,76.463,4301.05,296.5,10946,8,100,0,1,334.1,99.5,12.8
18,STR,Aston Martin,58,76.564,4309.53,298.7,10993,8,100,0,1,335.2,92.1,12.9
77,BOT,Alfa Romeo,52,0.0,0.0,287.1,11507,7,100,0,0,335.1,94.7,13.3
77,BOT,Alfa Romeo,52,0.071,5.69,287.6,11538,7,100,0,0,336.1,86.1,13.2
77,BOT,Alfa Romeo,52,0.231,18.54,288.8,11608,7,100,0,0,338.6,62.2,12.8
77,BOT,Alfa Romeo,52,0.265,21.28,289.0,11623,7,100,0,0,339.0,57.7,12.7
77,BOT,Alfa Romeo,52,0.545,43.92,291.0,11673,7,100,0,0,339.7,33.3,12.7
77,BOT,Alfa Romeo,52,0.692,55.86,291.9,11721,7,100,0,0,339.4,25.0,12.8
77,BOT,Alfa Romeo,52,0.865,69.96,293.0,11778,7,100,0,0,339.1,16.9,12.9
77,BOT,Alfa Romeo,52,1.072,86.85,293.7,11819,7,100,0,0,338.5,5.5,12.9
77,BOT,Alfa Romeo,52,1.145,92.83,294.0,11833,7,100,0,0,338.1,-0.2,12.9
77,BOT,Alfa Romeo,52,1.232,99.96,294.5,11861,7,100,0,0,337.5,-7.5,12.9
77,BOT,Alfa Romeo,52,1.305,105.94,295.0,11884,7,100,0,0,337.0,-13.6,12.9
77,BOT,Alfa Romeo,52,1.492,121.07,290.3,11667,7,82,0,0,335.4,-28.7,13.0
77,BOT,Alfa Romeo,52,1.625,131.45,287.0,11512,7,69,1,0,334.2,-39.4,13.0
77,BOT,Alfa Romeo,52,1.632,131.98,286.3,11483,7,67,1,0,334.1,-40.0,13.0
77,BOT,Alfa Romeo,52,1.865,148.98,263.0,10517,7,0,1,0,331.5,-61.2,13.1
77,BOT,Alfa Romeo,52,1.932,153.62,256.3,10148,7,0,1,0,330.9,-66.5,13.1
77,BOT,Alfa Romeo,52,2.105,164.92,239.0,9196,7,0,1,0,329.7,-76.9,13.1
77,BOT,Alfa Romeo,52,2.312,176.57,215.7,9465,7,0,1,0,328.9,-86.8,13.2
77,BOT,Alfa Romeo,52,2.505,186.47,194.0,9716,7,0,1,0,328.3,-97.3,13.3
77,BOT,Alfa Romeo,52,2.552,188.87,190.7,9607,7,0,1,0,328.2,-99.7,13.3
77,BOT,Alfa Romeo,52,2.705,196.47,180.0,9252,6,0,1,0,328.1,-107.2,13.4
77,BOT,Alfa Romeo,52,2.712,196.8,179.5,9260,6,0,1,0,328.1,-107.6,13.4
77,BOT,Alfa Romeo,52,2.932,206.51,163.7,9505,6,0,1,0,329.4,-123.4,13.3
77,BOT,Alfa Romeo,52,3.025,210.43,157.0,9609,4,0,1,0,329.8,-126.6,13.3
77,BOT,Alfa Romeo,52,3.212,218.22,150.5,9115,4,0,1,0,330.5,-129.0,13.3
77,BOT,Alfa Romeo,52,3.225,218.76,150.0,9081,4,0,1,0,330.6,-129.3,13.3
77,BOT,Alfa Romeo,52,3.472,228.68,144.7,8656,4,0,1,0,333.8,-138.4,13.3
77,BOT,Alfa Romeo,52,3.505,229.96,144.0,8599,4,0,1,0,334.3,-139.5,13.3
77,BOT,Alfa Romeo,52,3.632,234.76,138.3,8567,4,0,1,0,336.7,-143.6,13.3
77,BOT,Alfa Romeo,52,3.705,237.46,135.0,8548,4,0,1,0,338.6,-146.2,13.3
77,BOT,Alfa Romeo,52,3.945,246.13,130.0,8385,4,21,0,0,346.5,-155.2,13.4
77,BOT,Alfa Romeo,52,3.952,246.38,130.0,8391,4,22,0,0,346.7,-155.4,13.4
77,BOT,Alfa Romeo,52,4.105,251.95,131.0,8518,4,39,0,0,350.5,-159.0,13.4
77,BOT,Alfa Romeo,52,4.345,260.75,132.0,8503,4,47,0,0,355.6,-162.4,13.5
77,BOT,Alfa Romeo,52,4.391,262.42,131.4,8451,4,38,0,0,356.7,-163.1,13.5
77,BOT,Alfa Romeo,52,4.585,269.35,129.0,8233,4,0,1,0,362.6,-166.7,13.5
77,BOT,Alfa Romeo,52,4.611,270.24,127.5,8204,4,0,1,0,363.6,-167.3,13.5
77,BOT,Alfa Romeo,52,4.745,274.68,120.0,8053,4,0,1,0,370.1,-170.9,13.5
77,BOT,Alfa Romeo,52,4.851,277.96,114.2,8123,4,0,1,0,374.7,-173.4,13.5
77,BOT,Alfa Romeo,52,4.945,280.74,109.0,8186,3,0,1,0,377.3,-174.9,13.5
77,BOT,Alfa Romeo,52,5.145,286.35,101.0,7226,3,0,1,0,379.3,-176.2,13.5
77,BOT,Alfa Romeo,52,5.231,288.67,98.8,7049,3,0,1,0,380.4,-177.1,13.5
77,BOT,Alfa Romeo,52,5.384,292.66,95.0,6733,3,0,1,0,383.3,-179.5,13.5
77,BOT,Alfa Romeo,52,5.451,294.33,93.3,6605,3,0,1,0,384.5,-180.8,13.5
77,BOT,Alfa Romeo,52,5.471,294.82,92.8,6567,3,0,1,0,384.8,-181.2,13.5
77,BOT,Alfa Romeo,52,5.825,302.95,84.0,5892,3,0,1,0,388.4,-188.3,13.5
77,BOT,Alfa Romeo,52,5.851,303.51,83.4,5862,3,0,1,0,388.5,-189.2,13.5
77,BOT,Alfa Romeo,52,6.031,307.31,79.4,5650,3,0,1,0,388.6,-196.4,13.6
77,BOT,Alfa Romeo,52,6.225,311.28,75.0,5423,3,0,1,0,388.3,-199.5,13.6
77,BOT,Alfa Romeo,52,6.391,314.61,73.4,5456,3,4,1,0,387.7,-201.0,13.6
77,BOT,Alfa Romeo,52,6.545,317.68,72.0,5487,3,7,0,0,386.9,-204.0,13.6
77,BOT,Alfa Romeo,52,6.571,318.2,72.0,5509,3,8,0,0,386.7,-204.5,13.6
77,BOT,Alfa Romeo,52,6.745,321.68,72.0,5658,3,18,0,0,385.6,-207.5,13.7
77,BOT,Alfa Romeo,52,6.831,323.44,73.0,5739,3,22,0,0,384.7,-209.3,13.8
77,BOT,Alfa Romeo,52,7.092,329.0,75.9,5985,3,34,0,0,380.2,-216.5,14.0
77,BOT,Alfa Romeo,52,7.105,329.28,76.0,5997,3,35,0,0,380.0,-216.8,14.0
77,BOT,Alfa Romeo,52,7.385,335.58,81.0,6373,3,44,0,0,375.0,-221.3,14.2
77,BOT,Alfa Romeo,52,7.452,337.16,83.0,6509,3,46,0,0,374.1,-221.9,14.2
77,BOT,Alfa Romeo,52,7.585,340.41,87.0,6779,3,50,0,0,372.7,-222.8,14.2
77,BOT,Alfa Romeo,52,7.745,344.5,92.0,7207,3,51,0,0,370.7,-223.7,14.2
77,BOT,Alfa Romeo,52,7.772,345.21,92.6,7258,3,52,0,0,370.2,-223.9,14.2
77,BOT,Alfa Romeo,52,7.972,350.71,97.0,7632,3,56,0,0,365.1,-225.6,14.4
77,BOT,Alfa Romeo,52,8.105,354.5,100.0,7881,3,59,0,0,361.4,-226.3,14.5
77,BOT,Alfa Romeo,52,8.152,355.86,101.4,8042,3,61,0,0,360.1,-226.5,14.5
77,BOT,Alfa Romeo,52,8.345,361.63,107.0,8701,3,70,0,0,354.2,-227.1,14.7
77,BOT,Alfa Romeo,52,8.532,367.77,115.8,9316,3,74,0,0,348.4,-227.3,15.0
77,BOT,Alfa Romeo,52,8.632,371.28,120.5,9645,3,75,0,0,345.1,-227.3,15.2
77,BOT,Alfa Romeo,52,8.665,372.48,122.0,9754,3,76,0,0,343.6,-227.3,15.3
77,BOT,Alfa Romeo,52,8.852,379.58,130.2,10192,3,80,0,0,332.9,-226.9,15.7
77,BOT,Alfa Romeo,52,9.145,391.55,143.0,10877,3,85,0,0,322.3,-225.9,16.1
77,BOT,Alfa Romeo,52,9.352,400.32,149.9,11009,3,94,0,0,316.2,-224.8,16.3
77,BOT,Alfa Romeo,52,9.505,407.05,155.0,11107,3,100,0,0,310.8,-223.7,16.5
77,BOT,Alfa Romeo,52,9.665,414.38,165.0,11107,4,100,0,0,304.3,-222.3,16.7
77,BOT,Alfa Romeo,52,9.672,414.71,165.3,11114,4,100,0,0,304.0,-222.2,16.7
77,BOT,Alfa Romeo,52,9.865,424.05,174.0,11311,4,100,0,0,295.2,-219.7,17.0
77,BOT,Alfa Romeo,52,9.872,424.39,174.3,11323,4,100,0,0,294.9,-219.6,17.0
77,BOT,Alfa Romeo,52,10.145,438.43,185.0,11806,4,100,0,0,280.9,-215.1,17.3
77,BOT,Alfa Romeo,52,10.172,439.86,185.8,11735,4,100,0,0,279.6,-214.7,17.3
77,BOT,Alfa Romeo,52,10.392,451.74,192.7,11158,4,100,0,0,269.5,-211.4,17.2
77,BOT,Alfa Romeo,52,10.465,455.77,195.0,10966,4,100,0,0,265.9,-210.1,17.3
77,BOT,Alfa Romeo,52,10.625,464.75,202.0,10923,5,100,0,0,257.5,-207.0,17.6
77,BOT,Alfa Romeo,52,10.731,470.88,205.0,11042,5,100,0,0,252.0,-204.8,17.8
77,BOT,Alfa Romeo,52,10.931,482.68,210.6,11265,5,100,0,0,241.4,-200.1,17.8
77,BOT,Alfa Romeo,52,10.945,483.5,211.0,11281,5,100,0,0,240.5,-199.6,17.8
77,BOT,Alfa Romeo,52,11.105,492.88,211.0,11592,5,100,0,0,227.8,-192.9,17.8
77,BOT,Alfa Romeo,52,11.171,496.83,213.6,11664,5,100,0,0,223.5,-190.5,17.8
77,BOT,Alfa Romeo,52,11.305,505.05,219.0,11810,5,100,0,0,218.2,-187.5,17.8
77,BOT,Alfa Romeo,52,11.551,520.59,225.8,11644,5,100,0,0,208.7,-181.2,17.7
77,BOT,Alfa Romeo,52,11.665,527.95,229.0,11567,5,100,0,0,197.1,-173.3,17.6
77,BOT,Alfa Romeo,52,11.711,530.94,230.1,11446,5,100,0,0,192.9,-170.4,17.6
77,BOT,Alfa Romeo,52,11.945,546.3,236.0,10831,5,100,0,0,184.0,-164.1,17.6
77,BOT,Alfa Romeo,52,12.091,555.91,236.9,10915,5,100,0,0,180.2,-161.2,17.6
77,BOT,Alfa Romeo,52,12.104,556.77,237.0,10922,6,100,0,0,179.7,-160.8,17.6
77,BOT,Alfa Romeo,52,12.264,567.44,240.0,10966,6,100,0,0,171.2,-154.5,17.6
77,BOT,Alfa Romeo,52,12.331,571.94,240.7,11002,6,100,0,0,167.4,-151.6,17.6
77,BOT,Alfa Romeo,52,12.531,585.51,243.0,11109,6,100,0,0,156.9,-143.3,17.6
77,BOT,Alfa Romeo,52,12.625,591.9,244.0,11159,6,100,0,0,151.9,-139.3,17.6
77,BOT,Alfa Romeo,52,12.731,599.12,244.0,11136,6,100,0,0,146.3,-134.8,17.6
77,BOT,Alfa Romeo,52,12.825,605.46,244.0,11116,6,100,0,0,141.6,-130.9,17.6
77,BOT,Alfa Romeo,52,12.891,609.85,241.3,10958,6,79,0,0,137.9,-127.9,17.6
77,BOT,Alfa Romeo,52,13.145,625.99,231.0,10349,6,0,1,0,120.4,-113.8,17.6
77,BOT,Alfa Romeo,52,13.151,626.35,230.4,10334,6,0,1,0,120.0,-113.5,17.6
77,BOT,Alfa Romeo,52,13.351,637.48,209.3,9836,6,0,1,0,110.7,-105.9,17.6
77,BOT,Alfa Romeo,52,13.505,645.29,193.0,9452,6,0,1,0,103.9,-100.1,17.6
77,BOT,Alfa Romeo,52,13.572,648.52,186.5,9452,6,0,1,0,101.1,-97.6,17.6
77,BOT,Alfa Romeo,52,13.785,658.2,166.0,9452,6,0,1,0,93.1,-89.9,17.5
77,BOT,Alfa Romeo,52,13.852,661.1,161.3,9321,6,0,1,0,90.8,-87.3,17.5
77,BOT,Alfa Romeo,52,13.985,666.65,152.0,9060,5,0,1,0,86.5,-81.9,17.4
77,BOT,Alfa Romeo,52,14.145,673.0,143.0,8757,4,0,1,0,81.8,-75.1,17.3
77,BOT,Alfa Romeo,52,14.292,678.69,139.9,8622,4,0,1,0,78.8,-70.8,17.2
77,BOT,Alfa Romeo,52,14.385,682.2,138.0,8537,4,0,1,0,77.6,-69.3,17.2
77,BOT,Alfa Romeo,52,14.625,690.94,131.0,8213,4,0,0,0,76.0,-65.9,17.1
77,BOT,Alfa Romeo,52,14.692,693.37,130.7,8169,4,0,0,0,75.4,-62.4,17.0
77,BOT,Alfa Romeo,52,14.812,697.7,130.1,8091,4,0,0,0,74.2,-53.4,16.8
77,BOT,Alfa Romeo,52,14.825,698.16,130.0,8083,4,0,0,0,74.1,-52.5,16.8
77,BOT,Alfa Romeo,52,15.025,705.16,126.0,8129,4,0,0,0,74.1,-42.8,16.6
77,BOT,Alfa Romeo,52,15.312,715.26,127.2,8325,4,35,0,0,76.1,-36.7,16.5
77,BOT,Alfa Romeo,52,15.505,722.23,128.0,8457,4,59,0,0,76.6,-32.9,16.4
77,BOT,Alfa Romeo,52,15.572,724.69,130.5,8592,4,66,0,0,76.7,-31.0,16.3
77,BOT,Alfa Romeo,52,15.665,728.18,134.0,8780,4,75,0,0,76.8,-27.7,16.2
77,BOT,Alfa Romeo,52,15.912,738.05,142.8,9034,4,64,0,0,76.5,-15.9,15.8
77,BOT,Alfa Romeo,52,15.945,739.38,144.0,9068,4,62,0,0,76.3,-14.2,15.7
77,BOT,Alfa Romeo,52,16.105,745.87,146.0,9495,4,62,0,0,74.9,-6.1,15.3
77,BOT,Alfa Romeo,52,16.312,754.64,150.5,9652,4,57,0,0,72.8,2.3,14.9
77,BOT,Alfa Romeo,52,16.425,759.47,153.0,9738,4,54,0,0,72.1,4.7,14.8
77,BOT,Alfa Romeo,52,16.572,765.71,153.0,10121,4,73,0,0,70.6,7.6,14.7
77,BOT,Alfa Romeo,52,16.585,766.27,153.0,10155,4,75,0,0,70.4,8.0,14.7
77,BOT,Alfa Romeo,52,16.905,780.49,160.0,10325,4,76,0,0,61.2,22.1,14.2
77,BOT,Alfa Romeo,52,16.932,781.74,161.5,10457,4,80,0,0,60.2,23.4,14.1
77,BOT,Alfa Romeo,52,17.065,788.0,169.0,11106,4,100,0,0,55.1,30.0,13.9
77,BOT,Alfa Romeo,52,17.305,799.67,175.0,11282,4,100,0,0,46.5,40.6,13.5
77,BOT,Alfa Romeo,52,17.351,801.99,177.1,11421,4,100,0,0,45.4,41.9,13.4
77,BOT,Alfa Romeo,52,17.545,812.07,186.0,12005,4,100,0,0,42.5,45.6,13.2
77,BOT,Alfa Romeo,52,17.611,815.57,188.2,11657,4,100,0,0,40.9,47.6,13.2
77,BOT,Alfa Romeo,52,17.785,825.0,194.0,10739,4,100,0,0,33.1,57.1,13.1
77,BOT,Alfa Romeo,52,17.951,834.37,199.4,10883,4,100,0,0,25.3,66.6,13.0
77,BOT,Alfa Romeo,52,18.185,848.0,207.0,11086,5,100,0,0,19.9,73.0,12.9
77,BOT,Alfa Romeo,52,18.291,854.24,210.2,11278,5,100,0,0,17.0,76.2,12.9
77,BOT,Alfa Romeo,52,18.385,859.84,213.0,11448,5,100,0,0,13.4,80.2,12.9
77,BOT,Alfa Romeo,52,18.451,863.83,215.1,11534,5,100,0,0,10.6,83.2,12.9
77,BOT,Alfa Romeo,52,18.665,877.1,222.0,11814,5,100,0,0,1.3,92.2,13.0
77,BOT,Alfa Romeo,52,18.691,878.74,222.7,11796,5,100,0,0,0.1,93.3,13.0
77,BOT,Alfa Romeo,52,18.944,894.85,229.0,11626,5,100,0,0,-11.6,103.5,13.0
77,BOT,Alfa Romeo,52,18.991,897.9,230.2,11459,5,100,0,0,-14.2,105.6,13.0
77,BOT,Alfa Romeo,52,19.211,912.35,235.7,10678,5,100,0,0,-27.4,116.1,13.0
77,BOT,Alfa Romeo,52,19.225,913.27,236.0,10628,5,100,0,0,-28.1,116.7,13.0
77,BOT,Alfa Romeo,52,19.425,926.55,239.0,11058,6,100,0,0,-36.9,123.6,13.0
77,BOT,Alfa Romeo,52,19.471,929.65,240.0,11093,6,100,0,0,-38.9,125.2,13.0
77,BOT,Alfa Romeo,52,19.745,948.42,246.0,11302,6,100,0,0,-52.8,137.0,13.1
77,BOT,Alfa Romeo,52,19.831,954.36,246.7,11353,6,100,0,0,-57.1,141.2,13.1
77,BOT,Alfa Romeo,52,19.911,959.9,247.4,11400,6,100,0,0,-60.8,145.2,13.1
77,BOT,Alfa Romeo,52,20.192,979.45,249.7,11566,6,100,0,0,-72.4,161.7,13.1
77,BOT,Alfa Romeo,52,20.225,981.75,250.0,11586,6,100,0,0,-74.0,165.0,13.1
77,BOT,Alfa Romeo,52,20.372,992.03,250.7,11573,6,100,0,0,-81.2,181.0,13.0
77,BOT,Alfa Romeo,52,20.625,1009.75,252.0,11550,6,100,0,0,-86.5,191.9,13.0
77,BOT,Alfa Romeo,52,20.872,1027.03,252.0,11563,6,100,0,0,-89.4,205.4,13.0
77,BOT,Alfa Romeo,52,21.032,1038.23,252.0,11572,6,100,0,0,-93.2,226.0,13.0
77,BOT,Alfa Romeo,52,21.065,1040.55,252.0,11574,6,100,0,0,-93.8,229.5,13.0
77,BOT,Alfa Romeo,52,21.305,1057.42,253.0,11539,6,100,0,0,-94.7,242.0,12.9
77,BOT,Alfa Romeo,52,21.492,1070.51,252.3,11552,6,100,0,0,-94.3,248.8,12.9
77,BOT,Alfa Romeo,52,21.585,1077.02,252.0,11559,6,100,0,0,-94.3,254.0,12.9
77,BOT,Alfa Romeo,52,21.672,1083.1,252.0,11568,6,100,0,0,-94.3,261.5,12.9
77,BOT,Alfa Romeo,52,21.785,1091.02,252.0,11580,6,100,0,0,-94.0,276.8,13.0
77,BOT,Alfa Romeo,52,21.832,1094.31,252.2,11580,6,100,0,0,-93.8,282.5,13.0
77,BOT,Alfa Romeo,52,22.065,1110.69,253.0,11582,6,100,0,0,-93.4,293.8,13.1
77,BOT,Alfa Romeo,52,22.192,1119.7,251.7,11582,6,100,0,0,-93.2,297.9,13.1
77,BOT,Alfa Romeo,52,22.265,1124.64,251.0,11582,6,100,1,0,-93.0,301.7,13.1
77,BOT,Alfa Romeo,52,22.512,1139.16,217.0,10069,6,23,1,0,-92.0,318.6,13.2
77,BOT,Alfa Romeo,52,22.585,1143.04,207.0,9622,6,0,1,0,-91.7,322.8,13.3
77,BOT,Alfa Romeo,52,22.712,1149.47,192.9,9440,6,0,1,0,-91.2,329.6,13.5
77,BOT,Alfa Romeo,52,22.865,1156.73,176.0,9220,6,0,1,0,-91.2,339.1,13.7
77,BOT,Alfa Romeo,52,22.912,1158.86,172.5,9172,6,0,1,0,-91.2,341.7,13.7
77,BOT,Alfa Romeo,52,23.145,1168.78,155.0,8933,6,0,1,0,-91.7,350.5,13.8
77,BOT,Alfa Romeo,52,23.232,1172.21,150.2,9092,6,0,1,0,-92.2,354.0,13.9
77,BOT,Alfa Romeo,52,23.545,1183.56,133.0,9665,4,0,1,0,-95.5,369.6,14.1
77,BOT,Alfa Romeo,52,23.552,1183.81,132.8,9650,4,0,1,0,-95.6,369.8,14.1
77,BOT,Alfa Romeo,52,23.831,1193.38,124.1,9041,4,0,1,0,-97.7,375.6,14.2
77,BOT,Alfa Romeo,52,23.865,1194.49,123.0,8967,4,0,1,0,-98.1,376.4,14.2
77,BOT,Alfa Romeo,52,24.051,1200.4,116.6,8431,4,0,1,0,-101.0,381.9,14.4
77,BOT,Alfa Romeo,52,24.185,1204.45,112.0,8044,3,0,1,0,-103.2,385.3,14.5
77,BOT,Alfa Romeo,52,24.251,1206.39,109.4,7929,3,0,1,0,-104.4,386.8,14.5
77,BOT,Alfa Romeo,52,24.385,1210.23,104.0,7697,3,0,1,0,-107.0,389.6,14.6
77,BOT,Alfa Romeo,52,24.545,1214.67,100.0,7334,3,0,0,0,-110.3,392.4,14.8
77,BOT,Alfa Romeo,52,24.571,1215.39,99.8,7310,3,0,0,0,-110.9,392.8,14.8
77,BOT,Alfa Romeo,52,24.705,1219.07,99.0,7188,3,0,0,0,-113.9,394.7,14.9
77,BOT,Alfa Romeo,52,24.811,1221.94,97.9,7230,3,3,0,0,-116.5,395.9,14.9
77,BOT,Alfa Romeo,52,24.905,1224.46,97.0,7268,3,6,0,0,-118.9,396.7,14.9
77,BOT,Alfa Romeo,52,24.971,1226.21,96.5,7267,3,9,0,0,-120.6,397.2,14.9
77,BOT,Alfa Romeo,52,25.145,1230.79,95.0,7264,3,16,0,0,-125.1,398.1,15.0
77,BOT,Alfa Romeo,52,25.191,1232.0,95.0,7266,3,19,0,0,-126.3,398.2,15.0
77,BOT,Alfa Romeo,52,25.391,1237.27,95.0,7275,3,32,0,0,-131.8,398.4,15.1
77,BOT,Alfa Romeo,52,25.425,1238.18,95.0,7276,3,34,0,0,-132.8,398.4,15.1
77,BOT,Alfa Romeo,52,25.571,1242.16,97.9,7704,3,46,0,0,-136.7,398.1,15.2
77,BOT,Alfa Romeo,52,25.625,1243.68,99.0,7862,3,50,0,0,-137.8,398.0,15.2
77,BOT,Alfa Romeo,52,25.731,1246.77,102.0,8116,3,55,0,0,-140.0,397.9,15.3
77,BOT,Alfa Romeo,52,25.931,1252.85,107.6,8595,3,64,0,0,-145.9,397.4,15.4
77,BOT,Alfa Romeo,52,25.945,1253.28,108.0,8629,3,65,0,0,-146.3,397.4,15.4
77,BOT,Alfa Romeo,52,26.105,1258.26,112.0,9016,3,72,0,0,-151.3,397.1,15.5
77,BOT,Alfa Romeo,52,26.111,1258.45,112.3,9026,3,72,0,0,-151.5,397.1,15.5
77,BOT,Alfa Romeo,52,26.305,1264.98,121.0,9355,3,75,0,0,-158.0,397.1,15.6
77,BOT,Alfa Romeo,52,26.331,1265.91,122.3,9432,3,73,0,0,-158.9,397.1,15.6
77,BOT,Alfa Romeo,52,26.545,1273.85,133.0,10070,3,58,0,0,-166.0,397.5,15.7
77,BOT,Alfa Romeo,52,26.632,1277.16,134.6,9793,3,59,0,0,-170.2,398.6,15.8
77,BOT,Alfa Romeo,52,26.792,1283.35,137.6,9283,3,61,0,0,-180.0,402.4,16.0
77,BOT,Alfa Romeo,52,26.865,1286.2,139.0,9051,4,62,0,0,-183.8,404.3,16.1
77,BOT,Alfa Romeo,52,27.025,1292.52,142.0,9175,4,62,0,0,-189.8,408.5,16.1
77,BOT,Alfa Romeo,52,27.185,1298.92,144.0,9366,4,68,0,0,-193.6,412.1,16.2
77,BOT,Alfa Romeo,52,27.252,1301.66,146.1,9540,4,75,0,0,-194.8,413.3,16.2
77,BOT,Alfa Romeo,52,27.345,1305.54,149.0,9782,4,84,0,0,-196.1,414.5,16.2
77,BOT,Alfa Romeo,52,27.512,1312.65,153.2,10049,4,87,0,0,-198.4,417.0,16.3
77,BOT,Alfa Romeo,52,27.585,1315.87,155.0,10166,4,88,0,0,-200.0,418.9,16.3
77,BOT,Alfa Romeo,52,27.825,1327.0,167.0,11073,4,100,0,0,-207.0,428.0,16.4
77,BOT,Alfa Romeo,52,27.892,1330.15,168.1,11202,4,100,0,0,-208.7,430.5,16.4
77,BOT,Alfa Romeo,52,28.052,1337.77,170.8,11511,4,100,0,0,-212.5,437.1,16.4
77,BOT,Alfa Romeo,52,28.065,1338.41,171.0,11536,4,100,0,0,-212.9,437.9,16.4
77,BOT,Alfa Romeo,52,28.225,1346.45,181.0,11816,4,100,0,0,-218.4,450.6,16.5
77,BOT,Alfa Romeo,52,28.272,1348.86,182.2,11707,4,100,0,0,-219.7,453.6,16.5
77,BOT,Alfa Romeo,52,28.505,1361.07,188.0,11166,4,100,0,0,-221.7,459.9,16.5
77,BOT,Alfa Romeo,52,28.592,1365.79,190.8,11135,4,100,0,0,-222.4,462.7,16.5
77,BOT,Alfa Romeo,52,28.732,1373.55,195.4,11086,4,100,0,0,-224.3,470.0,16.4
77,BOT,Alfa Romeo,52,28.905,1383.41,201.0,11025,5,100,0,0,-226.4,480.2,16.4
77,BOT,Alfa Romeo,52,29.132,1396.71,208.6,11262,5,100,0,0,-228.6,493.5,16.5
77,BOT,Alfa Romeo,52,29.265,1404.71,213.0,11401,5,100,0,0,-229.6,500.6,16.5
77,BOT,Alfa Romeo,52,29.472,1417.44,218.7,11631,5,100,0,0,-231.0,511.7,16.5
77,BOT,Alfa Romeo,52,29.652,1428.77,223.6,11832,5,100,0,0,-232.3,522.7,16.5
77,BOT,Alfa Romeo,52,29.665,1429.59,224.0,11846,5,100,0,1,-232.4,523.5,16.5
77,BOT,Alfa Romeo,52,29.812,1439.01,228.2,11737,5,100,0,1,-233.4,532.6,16.5
77,BOT,Alfa Romeo,52,29.945,1447.64,232.0,11638,5,100,0,1,-234.3,541.0,16.6
77,BOT,Alfa Romeo,52,30.032,1453.32,233.4,11525,5,100,0,1,-234.9,546.6,16.6
77,BOT,Alfa Romeo,52,30.212,1465.21,236.4,11291,5,100,0,1,-236.1,558.4,16.5
77,BOT,Alfa Romeo,52,30.305,1471.44,238.0,11170,6,100,0,1,-236.7,564.6,16.5
77,BOT,Alfa Romeo,52,30.491,1484.08,243.3,11286,6,100,0,1,-237.8,577.0,16.7
77,BOT,Alfa Romeo,52,30.585,1490.57,246.0,11345,6,100,0,1,-238.4,583.4,16.6
77,BOT,Alfa Romeo,52,30.711,1499.39,249.7,11504,6,100,0,1,-239.1,592.1,16.5
77,BOT,Alfa Romeo,52,30.825,1507.44,253.0,11647,6,100,0,1,-239.8,600.2,16.4
77,BOT,Alfa Romeo,52,30.871,1510.7,253.8,11674,6,100,0,1,-240.0,603.3,16.4
77,BOT,Alfa Romeo,52,31.065,1524.57,257.0,11790,6,100,0,1,-240.9,616.5,16.2
77,BOT,Alfa Romeo,52,31.091,1526.45,257.6,11798,6,100,0,1,-241.1,618.9,16.2
77,BOT,Alfa Romeo,52,31.265,1539.13,262.0,11849,6,100,0,1,-242.5,639.6,16.0
77,BOT,Alfa Romeo,52,31.331,1543.99,263.6,11445,6,100,0,1,-242.9,646.4,16.0
77,BOT,Alfa Romeo,52,31.425,1550.95,266.0,10869,6,100,0,1,-243.3,653.2,16.0
77,BOT,Alfa Romeo,52,31.625,1565.89,269.0,10831,7,100,0,1,-243.5,659.8,16.0
77,BOT,Alfa Romeo,52,31.711,1572.37,270.3,10895,7,100,0,1,-243.7,664.2,16.1
77,BOT,Alfa Romeo,52,31.825,1581.0,272.0,10981,7,100,0,1,-244.0,672.5,16.2
77,BOT,Alfa Romeo,52,31.911,1587.59,273.6,11020,7,100,0,1,-244.3,679.3,16.3
77,BOT,Alfa Romeo,52,32.031,1596.87,275.9,11073,7,100,0,1,-244.6,688.4,16.3
77,BOT,Alfa Romeo,52,32.146,1605.79,278.0,11125,7,100,0,1,-244.8,697.3,16.3
77,BOT,Alfa Romeo,52,32.291,1617.06,279.2,11177,7,100,0,1,-244.9,708.5,16.3
77,BOT,Alfa Romeo,52,32.385,1624.38,280.0,11210,7,100,0,1,-244.9,715.2,16.4
77,BOT,Alfa Romeo,52,32.491,1632.68,281.1,11301,7,100,0,1,-244.8,724.0,16.5
77,BOT,Alfa Romeo,52,32.665,1646.39,283.0,11451,7,100,0,1,-244.2,745.3,16.4
77,BOT,Alfa Romeo,52,32.791,1656.43,285.0,11474,7,100,0,1,-243.8,758.7,16.3
77,BOT,Alfa Romeo,52,32.985,1671.99,288.0,11509,7,100,0,1,-243.4,767.3,16.3
77,BOT,Alfa Romeo,52,33.091,1680.51,289.1,11651,7,100,0,1,-243.1,771.5,16.3
77,BOT,Alfa Romeo,52,33.185,1688.1,290.0,11776,7,100,0,1,-242.7,777.1,16.3
77,BOT,Alfa Romeo,52,33.345,1701.17,294.0,11864,7,100,0,1,-241.7,791.5,16.3
77,BOT,Alfa Romeo,52,33.392,1705.0,293.7,11874,7,100,0,1,-241.2,797.3,16.3
77,BOT,Alfa Romeo,52,33.505,1714.19,293.0,11899,7,100,0,1,-239.5,814.2,16.4
77,BOT,Alfa Romeo,52,33.572,1719.68,293.7,11773,7,100,0,1,-238.6,823.3,16.4
77,BOT,Alfa Romeo,52,33.865,1743.89,297.0,11221,7,100,0,1,-236.7,839.3,16.4
77,BOT,Alfa Romeo,52,33.992,1754.42,297.7,11007,7,100,0,1,-235.9,844.6,16.4
77,BOT,Alfa Romeo,52,34.225,1773.79,299.0,10615,8,100,0,1,-233.3,862.7,16.3
77,BOT,Alfa Romeo,52,34.252,1776.05,299.2,10624,8,100,0,1,-232.8,865.9,16.3
77,BOT,Alfa Romeo,52,34.412,1789.44,300.3,10676,8,100,0,1,-229.1,887.2,16.4
77,BOT,Alfa Romeo,52,34.505,1797.2,301.0,10706,8,100,0,1,-227.7,894.8,16.4
77,BOT,Alfa Romeo,52,34.732,1816.03,299.7,10666,8,100,0,1,-225.8,904.0,16.4
77,BOT,Alfa Romeo,52,34.865,1827.1,299.0,10643,8,100,0,1,-223.5,914.5,16.4
77,BOT,Alfa Romeo,52,34.932,1832.72,299.4,10509,8,100,0,1,-222.2,920.3,16.4
77,BOT,Alfa Romeo,52,35.025,1840.44,300.0,10322,8,100,1,0,-220.4,928.1,16.4
77,BOT,Alfa Romeo,52,35.252,1858.14,282.2,9793,8,21,1,0,-216.2,945.6,16.5
77,BOT,Alfa Romeo,52,35.305,1862.06,278.0,9670,8,2,1,0,-215.3,949.2,16.5
77,BOT,Alfa Romeo,52,35.465,1873.35,254.0,8856,8,0,1,0,-212.5,960.7,16.4
77,BOT,Alfa Romeo,52,35.472,1873.82,253.3,8852,8,0,1,0,-212.4,961.3,16.4
77,BOT,Alfa Romeo,52,35.652,1885.09,236.6,8749,8,0,1,0,-208.2,979.5,16.4
77,BOT,Alfa Romeo,52,35.905,1899.38,213.0,8604,8,0,1,0,-205.6,990.8,16.5
77,BOT,Alfa Romeo,52,36.032,1906.38,200.3,9493,8,0,1,0,-204.6,995.3,16.5
77,BOT,Alfa Romeo,52,36.065,1908.14,197.0,9724,7,0,1,0,-204.3,996.8,16.5
77,BOT,Alfa Romeo,52,36.232,1916.47,181.1,9134,7,0,1,0,-202.3,1005.6,16.4
77,BOT,Alfa Romeo,52,36.265,1918.03,178.0,9017,6,0,1,0,-201.9,1007.2,16.4
77,BOT,Alfa Romeo,52,36.465,1927.03,162.0,9017,5,0,1,0,-199.8,1016.0,16.5
77,BOT,Alfa Romeo,52,36.492,1928.2,160.7,8997,5,0,1,0,-199.4,1017.5,16.5
77,BOT,Alfa Romeo,52,36.732,1938.05,148.7,8818,5,0,1,0,-195.2,1031.7,16.5
77,BOT,Alfa Romeo,52,36.745,1938.54,148.0,8808,4,0,1,0,-195.0,1032.2,16.5
77,BOT,Alfa Romeo,52,36.945,1945.65,128.0,8055,4,0,1,0,-193.8,1035.5,16.4
77,BOT,Alfa Romeo,52,36.991,1947.27,127.4,7964,4,0,1,0,-193.4,1036.3,16.4
77,BOT,Alfa Romeo,52,37.105,1951.25,126.0,7739,4,0,1,0,-191.9,1039.5,16.4
77,BOT,Alfa Romeo,52,37.211,1954.78,122.8,7554,4,0,1,0,-190.1,1042.8,16.5
77,BOT,Alfa Romeo,52,37.465,1962.75,115.0,7112,4,0,1,0,-185.5,1049.0,16.5
77,BOT,Alfa Romeo,52,37.471,1962.93,114.9,7107,4,0,1,0,-185.4,1049.1,16.5
77,BOT,Alfa Romeo,52,37.691,1969.67,111.5,6917,4,0,1,0,-180.2,1053.0,16.5
77,BOT,Alfa Romeo,52,37.785,1972.53,110.0,6836,4,0,0,0,-177.7,1054.3,16.5
77,BOT,Alfa Romeo,52,37.811,1973.32,109.9,6850,4,3,0,0,-177.0,1054.6,16.5
77,BOT,Alfa Romeo,52,37.985,1978.58,109.0,6946,4,24,0,0,-171.9,1056.2,16.5
77,BOT,Alfa Romeo,52,38.031,1979.97,109.0,7011,4,27,0,0,-170.5,1056.6,16.5
77,BOT,Alfa Romeo,52,38.211,1985.39,109.0,7265,4,40,0,0,-165.0,1057.9,16.5
77,BOT,Alfa Romeo,52,38.305,1988.27,109.0,7397,4,46,0,0,-162.1,1058.6,16.5
77,BOT,Alfa Romeo,52,38.411,1991.57,111.6,7469,4,51,0,0,-158.9,1059.4,16.4
77,BOT,Alfa Romeo,52,38.505,1994.6,114.0,7533,4,55,0,0,-156.1,1060.3,16.4
77,BOT,Alfa Romeo,52,38.791,2004.61,124.3,8198,4,67,0,0,-147.5,1064.0,16.3
77,BOT,Alfa Romeo,52,38.866,2007.34,127.0,8373,4,70,0,0,-145.1,1065.3,16.3
77,BOT,Alfa Romeo,52,38.971,2011.2,131.0,8563,4,66,0,0,-141.7,1067.3,16.2
77,BOT,Alfa Romeo,52,39.025,2013.21,133.0,8660,4,64,0,0,-139.9,1068.5,16.2
77,BOT,Alfa Romeo,52,39.031,2013.44,133.1,8670,4,64,0,0,-139.7,1068.6,16.2
77,BOT,Alfa Romeo,52,39.231,2021.11,136.9,8988,4,69,0,0,-133.7,1073.0,16.1
77,BOT,Alfa Romeo,52,39.345,2025.57,139.0,9170,4,72,0,0,-129.7,1076.9,16.1
77,BOT,Alfa Romeo,52,39.545,2033.57,144.0,9722,4,84,0,0,-122.1,1085.3,16.0
77,BOT,Alfa Romeo,52,39.611,2036.35,147.0,9899,4,87,0,0,-120.2,1087.6,16.0
77,BOT,Alfa Romeo,52,39.945,2051.57,162.0,10793,4,100,0,0,-114.6,1096.3,15.9
77,BOT,Alfa Romeo,52,39.992,2053.82,163.9,10889,4,100,0,0,-113.7,1098.0,15.9
77,BOT,Alfa Romeo,52,40.052,2056.73,166.3,11012,4,100,0,0,-112.4,1100.5,15.9
77,BOT,Alfa Romeo,52,40.345,2071.35,178.0,11611,4,100,0,0,-104.8,1119.2,15.8
77,BOT,Alfa Romeo,52,40.392,2073.72,179.2,11673,4,100,0,0,-103.9,1121.5,15.8
77,BOT,Alfa Romeo,52,40.585,2083.61,184.0,11930,4,100,0,0,-102.1,1126.8,15.9
77,BOT,Alfa Romeo,52,40.712,2090.45,190.3,11457,4,100,0,0,-101.0,1130.5,15.9
77,BOT,Alfa Romeo,52,40.825,2096.68,196.0,11037,4,100,0,0,-99.5,1135.9,15.9
77,BOT,Alfa Romeo,52,40.892,2100.4,197.4,11036,4,100,0,0,-98.4,1139.9,15.9
77,BOT,Alfa Romeo,52,41.105,2112.39,202.0,11034,5,100,0,0,-94.3,1156.1,15.9
77,BOT,Alfa Romeo,52,41.212,2118.54,205.2,11185,5,100,0,0,-92.3,1164.1,15.9
77,BOT,Alfa Romeo,52,41.305,2123.95,208.0,11317,5,100,0,0,-90.8,1170.3,15.9
77,BOT,Alfa Romeo,52,41.465,2133.41,213.0,11490,5,100,0,0,-88.6,1179.5,15.9
77,BOT,Alfa Romeo,52,41.612,2142.33,217.3,11557,5,100,0,0,-86.9,1186.3,15.9
77,BOT,Alfa Romeo,52,41.705,2148.08,220.0,11600,5,100,0,0,-86.0,1189.9,15.9
77,BOT,Alfa Romeo,52,41.912,2161.14,225.9,10726,5,100,0,0,-84.0,1198.3,15.9
77,BOT,Alfa Romeo,52,41.985,2165.81,228.0,10418,5,100,0,0,-83.0,1202.6,15.9
77,BOT,Alfa Romeo,52,42.112,2174.03,231.2,10632,5,100,0,0,-81.2,1210.7,15.8
77,BOT,Alfa Romeo,52,42.225,2181.41,234.0,10822,6,100,0,0,-79.8,1216.9,15.8
77,BOT,Alfa Romeo,52,42.392,2192.43,237.3,10976,6,100,0,0,-77.4,1229.0,15.8
77,BOT,Alfa Romeo,52,42.425,2194.64,238.0,11007,6,100,0,0,-76.7,1232.8,15.8
77,BOT,Alfa Romeo,52,42.552,2203.21,240.5,11114,6,100,0,0,-73.8,1248.8,15.9
77,BOT,Alfa Romeo,52,42.825,2221.97,246.0,11345,6,100,0,0,-71.4,1262.9,15.9
77,BOT,Alfa Romeo,52,42.985,2232.99,248.0,11418,6,100,0,0,-70.5,1268.8,15.9
77,BOT,Alfa Romeo,52,43.012,2234.87,248.5,11439,6,100,0,0,-70.2,1270.3,15.9
77,BOT,Alfa Romeo,52,43.152,2244.66,251.3,11546,6,100,0,0,-68.6,1279.9,15.9
77,BOT,Alfa Romeo,52,43.185,2246.99,252.0,11571,6,100,0,0,-68.2,1282.1,15.9
77,BOT,Alfa Romeo,52,43.425,2264.12,257.0,11794,6,100,0,0,-66.0,1297.1,15.9
77,BOT,Alfa Romeo,52,43.492,2268.97,258.0,11619,6,100,0,0,-65.0,1303.8,15.9
77,BOT,Alfa Romeo,52,43.651,2280.6,260.3,11203,6,100,0,0,-62.2,1323.7,15.9
77,BOT,Alfa Romeo,52,43.905,2299.33,264.0,10538,6,100,0,0,-60.5,1336.6,15.9
77,BOT,Alfa Romeo,52,44.011,2307.14,265.1,10612,6,100,0,0,-60.0,1341.2,15.9
77,BOT,Alfa Romeo,52,44.105,2314.1,266.0,10678,7,100,0,0,-59.4,1347.1,15.9
77,BOT,Alfa Romeo,52,44.291,2328.02,268.6,10806,7,100,0,0,-58.1,1361.8,15.9
77,BOT,Alfa Romeo,52,44.451,2340.14,270.8,10915,7,100,0,0,-57.2,1373.8,15.9
77,BOT,Alfa Romeo,52,44.465,2341.2,271.0,10925,7,100,0,0,-57.1,1374.8,15.9
77,BOT,Alfa Romeo,52,44.731,2361.6,275.7,11048,7,100,0,0,-56.1,1395.0,15.9
77,BOT,Alfa Romeo,52,44.745,2362.67,276.0,11055,7,100,0,0,-56.1,1396.1,15.9
77,BOT,Alfa Romeo,52,44.931,2376.92,276.0,11170,7,100,0,0,-55.6,1410.3,15.9
77,BOT,Alfa Romeo,52,44.945,2378.0,276.0,11179,7,100,0,0,-55.6,1411.4,15.9
77,BOT,Alfa Romeo,52,45.091,2389.33,277.7,11215,7,100,0,0,-55.4,1422.7,15.9
77,BOT,Alfa Romeo,52,45.211,2398.73,279.0,11245,7,100,0,0,-55.3,1432.0,15.8
77,BOT,Alfa Romeo,52,45.386,2412.43,281.0,11288,7,100,0,0,-55.2,1446.3,15.8
77,BOT,Alfa Romeo,52,45.491,2420.61,281.0,11286,7,100,0,0,-55.2,1454.7,15.8
77,BOT,Alfa Romeo,52,45.586,2428.04,281.0,11284,7,100,0,0,-55.3,1461.9,15.8
77,BOT,Alfa Romeo,52,45.711,2437.88,282.6,11356,7,100,0,0,-55.6,1471.9,15.8
77,BOT,Alfa Romeo,52,45.825,2446.89,284.0,11421,7,100,0,0,-56.2,1482.8,15.8
77,BOT,Alfa Romeo,52,45.991,2460.0,284.0,11363,7,100,0,0,-57.5,1498.5,15.7
77,BOT,Alfa Romeo,52,46.105,2468.98,284.0,11323,7,100,0,0,-58.4,1506.2,15.7
77,BOT,Alfa Romeo,52,46.291,2483.6,283.1,11305,7,100,0,0,-60.2,1517.1,15.7
77,BOT,Alfa Romeo,52,46.305,2484.7,283.0,11304,7,100,0,0,-60.4,1518.1,15.7
77,BOT,Alfa Romeo,52,46.572,2505.67,281.7,11183,7,100,0,0,-64.8,1540.3,15.7
77,BOT,Alfa Romeo,52,46.705,2515.92,281.0,11123,7,100,1,0,-67.2,1550.9,15.7
77,BOT,Alfa Romeo,52,46.812,2524.03,276.1,10972,7,61,1,0,-69.0,1558.7,15.7
77,BOT,Alfa Romeo,52,46.945,2533.92,270.0,10785,7,12,1,0,-71.1,1567.4,15.7
77,BOT,Alfa Romeo,52,46.992,2537.37,266.8,10582,7,9,1,0,-71.8,1570.5,15.7
77,BOT,Alfa Romeo,52,47.105,2545.44,259.0,10095,7,1,1,0,-73.6,1578.4,15.7
77,BOT,Alfa Romeo,52,47.172,2549.99,250.6,9813,7,1,1,0,-74.7,1583.0,15.7
77,BOT,Alfa Romeo,52,47.265,2556.06,239.0,9421,7,0,1,0,-76.1,1589.2,15.7
77,BOT,Alfa Romeo,52,47.332,2560.3,232.9,9130,7,0,1,0,-77.1,1593.4,15.7
77,BOT,Alfa Romeo,52,47.505,2570.52,217.0,8380,7,0,1,0,-79.4,1603.3,15.7
77,BOT,Alfa Romeo,52,47.572,2574.06,207.8,8382,7,0,1,0,-80.3,1607.6,15.7
77,BOT,Alfa Romeo,52,47.825,2585.9,173.0,8389,7,0,1,0,-84.0,1625.3,15.7
77,BOT,Alfa Romeo,52,47.832,2586.22,172.5,8413,7,0,1,0,-84.1,1625.6,15.7
77,BOT,Alfa Romeo,52,47.985,2593.1,162.0,8941,7,0,1,0,-84.9,1629.9,15.7
77,BOT,Alfa Romeo,52,48.092,2597.49,150.6,8894,7,0,1,0,-85.4,1632.5,15.7
77,BOT,Alfa Romeo,52,48.145,2599.55,145.0,8870,7,0,1,0,-85.7,1634.3,15.7
77,BOT,Alfa Romeo,52,48.272,2604.16,135.9,8838,7,0,1,0,-86.7,1639.6,15.6
77,BOT,Alfa Romeo,52,48.425,2609.27,125.0,8800,5,0,1,0,-87.5,1645.1,15.6
77,BOT,Alfa Romeo,52,48.512,2612.01,118.9,8606,5,0,1,0,-87.8,1648.0,15.6
77,BOT,Alfa Romeo,52,48.625,2615.44,111.0,8355,4,0,1,0,-88.0,1651.6,15.6
77,BOT,Alfa Romeo,52,48.692,2617.43,108.5,7961,4,0,1,0,-88.0,1653.6,15.6
77,BOT,Alfa Romeo,52,48.785,2620.1,105.0,7415,3,0,1,0,-87.9,1656.3,15.6
77,BOT,Alfa Romeo,52,48.952,2624.41,95.3,7505,3,0,1,0,-87.4,1660.6,15.6
77,BOT,Alfa Romeo,52,49.025,2626.17,91.0,7545,3,0,1,0,-87.0,1662.3,15.6
77,BOT,Alfa Romeo,52,49.132,2628.67,86.7,7160,3,0,1,0,-86.3,1664.7,15.6
77,BOT,Alfa Romeo,52,49.225,2630.78,83.0,6825,2,0,1,0,-85.4,1666.6,15.5
77,BOT,Alfa Romeo,52,49.272,2631.82,82.0,6716,2,0,1,0,-84.9,1667.5,15.5
77,BOT,Alfa Romeo,52,49.505,2636.77,77.0,6177,2,0,1,0,-81.5,1671.4,15.5
77,BOT,Alfa Romeo,52,49.552,2637.72,75.6,6135,2,0,1,0,-80.8,1672.0,15.5
77,BOT,Alfa Romeo,52,49.705,2640.71,71.0,5999,2,0,1,0,-78.3,1673.6,15.6
77,BOT,Alfa Romeo,52,49.712,2640.85,70.9,5991,2,0,1,0,-78.2,1673.7,15.6
77,BOT,Alfa Romeo,52,49.932,2644.88,67.2,5729,2,0,1,0,-74.3,1675.3,15.6
77,BOT,Alfa Romeo,52,50.065,2647.21,65.0,5571,2,0,1,0,-71.9,1675.8,15.6
77,BOT,Alfa Romeo,52,50.191,2649.38,63.2,5484,2,0,1,0,-69.7,1676.0,15.6
77,BOT,Alfa Romeo,52,50.345,2651.96,61.0,5378,2,0,0,0,-67.0,1675.9,15.6
77,BOT,Alfa Romeo,52,50.391,2652.71,60.6,5363,2,0,0,0,-66.2,1675.8,15.6
77,BOT,Alfa Romeo,52,50.611,2656.24,58.5,5290,2,0,0,0,-62.8,1674.7,15.5
77,BOT,Alfa Romeo,52,50.665,2657.11,58.0,5272,2,0,0,0,-61.8,1674.1,15.5
77,BOT,Alfa Romeo,52,50.871,2660.49,58.9,5478,2,9,0,0,-58.0,1671.4,15.5
77,BOT,Alfa Romeo,52,51.105,2664.45,60.0,5712,2,19,0,0,-56.3,1669.6,15.5
77,BOT,Alfa Romeo,52,51.151,2665.24,60.7,5789,2,21,0,0,-55.9,1669.2,15.5
77,BOT,Alfa Romeo,52,51.305,2667.95,63.0,6045,2,28,0,0,-54.3,1667.2,15.5
77,BOT,Alfa Romeo,52,51.331,2668.41,63.5,6085,2,29,0,0,-54.0,1666.7,15.5
77,BOT,Alfa Romeo,52,51.465,2670.88,66.0,6290,2,37,0,0,-52.4,1663.9,15.5
77,BOT,Alfa Romeo,52,51.671,2675.01,71.1,6744,2,43,0,0,-50.2,1659.6,15.5
77,BOT,Alfa Romeo,52,51.785,2677.46,74.0,6995,2,46,0,0,-49.7,1658.5,15.5
77,BOT,Alfa Romeo,52,52.071,2684.08,82.9,7898,2,51,0,0,-49.1,1657.1,15.5
77,BOT,Alfa Romeo,52,52.106,2684.95,84.0,8009,2,52,0,0,-48.9,1656.6,15.5
77,BOT,Alfa Romeo,52,52.271,2689.19,90.9,8420,2,57,0,0,-47.4,1652.6,15.5
77,BOT,Alfa Romeo,52,52.346,2691.21,94.0,8607,2,60,0,0,-46.5,1649.9,15.5
77,BOT,Alfa Romeo,52,52.491,2695.32,99.5,9250,2,66,0,0,-44.9,1644.3,15.5
77,BOT,Alfa Romeo,52,52.665,2700.61,106.0,10021,2,73,0,0,-43.8,1640.0,15.5
77,BOT,Alfa Romeo,52,52.911,2708.79,116.5,10718,2,75,0,0,-42.9,1634.8,15.5
77,BOT,Alfa Romeo,52,53.065,2714.27,123.0,11155,2,76,0,0,-42.0,1629.2,15.5
77,BOT,Alfa Romeo,52,53.112,2716.0,125.2,11194,2,80,0,0,-41.8,1627.4,15.5
77,BOT,Alfa Romeo,52,53.292,2722.83,133.6,11344,2,93,0,0,-41.1,1620.8,15.5
77,BOT,Alfa Romeo,52,53.385,2726.54,138.0,11422,2,100,0,0,-40.8,1617.2,15.5
77,BOT,Alfa Romeo,52,53.472,2730.13,142.7,11447,2,100,0,0,-40.5,1613.8,15.5
77,BOT,Alfa Romeo,52,53.652,2737.87,152.3,11498,2,100,0,0,-40.0,1607.2,15.5
77,BOT,Alfa Romeo,52,53.665,2738.44,153.0,11502,3,100,0,0,-40.0,1606.7,15.5
77,BOT,Alfa Romeo,52,53.812,2745.04,160.3,10803,3,100,0,0,-39.4,1600.2,15.5
77,BOT,Alfa Romeo,52,53.865,2747.5,163.0,10551,3,100,0,0,-39.1,1597.4,15.5
77,BOT,Alfa Romeo,52,54.132,2760.64,173.9,11110,3,100,0,0,-37.2,1581.4,15.5
77,BOT,Alfa Romeo,52,54.305,2769.62,181.0,11472,4,100,0,0,-35.9,1573.9,15.5
77,BOT,Alfa Romeo,52,54.532,2781.8,190.9,10719,4,100,0,0,-33.9,1565.6,15.4
77,BOT,Alfa Romeo,52,54.625,2786.95,195.0,10411,4,100,0,0,-32.8,1561.5,15.3
77,BOT,Alfa Romeo,52,54.792,2796.48,200.8,10766,4,100,0,0,-30.0,1552.2,15.2
77,BOT,Alfa Romeo,52,54.992,2808.22,207.8,11192,4,100,0,0,-24.5,1537.2,15.0
77,BOT,Alfa Romeo,52,55.025,2810.17,209.0,11262,5,100,0,0,-23.8,1535.3,15.0
77,BOT,Alfa Romeo,52,55.305,2826.9,215.0,11512,5,100,0,0,-19.6,1524.8,14.8
77,BOT,Alfa Romeo,52,55.352,2829.75,216.2,11579,5,100,0,0,-18.3,1521.8,14.8
77,BOT,Alfa Romeo,52,55.585,2844.16,222.0,11909,5,100,0,0,-9.8,1501.7,14.6
77,BOT,Alfa Romeo,52,55.592,2844.6,222.3,11894,5,100,0,0,-9.6,1501.3,14.6
77,BOT,Alfa Romeo,52,55.745,2854.3,228.0,11571,5,100,0,0,-7.6,1496.5,14.6
77,BOT,Alfa Romeo,52,55.852,2861.21,231.2,11018,5,100,0,0,-6.2,1493.1,14.6
77,BOT,Alfa Romeo,52,55.945,2867.3,234.0,10538,6,100,0,0,-3.8,1487.4,14.6
77,BOT,Alfa Romeo,52,56.145,2880.52,238.0,10938,6,100,0,0,3.8,1469.5,14.6
77,BOT,Alfa Romeo,52,56.212,2884.97,238.8,10970,6,100,0,0,6.1,1464.2,14.6
77,BOT,Alfa Romeo,52,56.305,2891.18,240.0,11014,6,100,0,0,8.8,1457.9,14.6
77,BOT,Alfa Romeo,52,56.572,2909.47,245.8,11314,6,100,0,0,15.2,1443.0,14.6
77,BOT,Alfa Romeo,52,56.625,2913.14,247.0,11374,6,100,0,0,16.7,1439.5,14.6
77,BOT,Alfa Romeo,52,56.825,2927.08,251.0,11536,6,100,0,0,23.4,1424.0,14.6
77,BOT,Alfa Romeo,52,57.065,2944.08,255.0,11673,6,100,0,0,31.5,1405.5,14.6
77,BOT,Alfa Romeo,52,57.071,2944.51,255.1,11676,6,100,0,0,31.7,1405.1,14.6
77,BOT,Alfa Romeo,52,57.345,2964.38,261.0,11812,6,100,0,0,38.9,1388.7,14.5
77,BOT,Alfa Romeo,52,57.411,2969.22,261.8,11610,6,100,0,0,40.4,1385.3,14.5
77,BOT,Alfa Romeo,52,57.665,2987.94,265.0,10832,7,100,0,0,45.5,1373.7,14.4
77,BOT,Alfa Romeo,52,57.771,2995.81,266.6,10816,7,100,0,0,48.0,1367.8,14.4
77,BOT,Alfa Romeo,52,57.865,3002.83,268.0,10801,7,100,0,0,50.7,1361.5,14.3
77,BOT,Alfa Romeo,52,57.931,3007.78,268.9,10845,7,100,0,0,52.6,1356.8,14.3
77,BOT,Alfa Romeo,52,58.145,3023.98,272.0,10988,7,100,0,1,58.8,1342.2,14.2
77,BOT,Alfa Romeo,52,58.211,3029.03,273.1,11028,7,100,0,1,60.7,1337.6,14.1
77,BOT,Alfa Romeo,52,58.391,3042.9,276.1,11136,7,100,0,1,65.9,1324.9,13.8
77,BOT,Alfa Romeo,52,58.506,3051.86,278.0,11205,7,100,0,1,69.1,1317.0,13.7
77,BOT,Alfa Romeo,52,58.731,3069.59,282.2,11361,7,100,0,1,75.8,1300.5,13.5
77,BOT,Alfa Romeo,52,58.826,3077.11,284.0,11427,7,100,0,1,79.2,1291.9,13.4
77,BOT,Alfa Romeo,52,58.931,3085.41,284.5,11506,7,100,0,1,82.8,1282.8,13.3
77,BOT,Alfa Romeo,52,59.026,3092.94,285.0,11577,7,100,0,1,85.2,1276.6,13.2
77,BOT,Alfa Romeo,52,59.305,3115.26,288.0,11619,7,100,0,1,92.0,1258.1,13.2
77,BOT,Alfa Romeo,52,59.311,3115.74,288.1,11622,7,100,0,1,92.3,1257.4,13.2
77,BOT,Alfa Romeo,52,59.471,3128.76,292.1,11702,7,100,0,1,100.1,1234.5,13.1
77,BOT,Alfa Romeo,52,59.505,3131.54,293.0,11719,7,100,0,1,101.4,1230.6,13.1
77,BOT,Alfa Romeo,52,59.825,3157.85,296.0,10626,7,100,0,1,106.5,1214.5,13.0
77,BOT,Alfa Romeo,52,59.892,3163.38,296.6,10626,7,100,0,1,107.5,1211.1,13.0
77,BOT,Alfa Romeo,52,60.065,3177.72,298.0,10626,8,100,0,1,111.2,1198.7,13.0
77,BOT,Alfa Romeo,52,60.172,3186.61,298.7,10645,8,100,0,1,113.7,1190.0,13.0
77,BOT,Alfa Romeo,52,60.372,3203.29,299.9,10681,8,100,0,1,118.1,1173.9,13.0
77,BOT,Alfa Romeo,52,60.385,3204.38,300.0,10683,8,100,0,1,118.4,1172.9,13.0
77,BOT,Alfa Romeo,52,60.545,3217.8,302.0,10791,8,100,0,1,121.6,1160.9,13.0
77,BOT,Alfa Romeo,52,60.592,3221.76,302.3,10800,8,100,0,1,122.8,1156.2,13.0
77,BOT,Alfa Romeo,52,60.812,3240.31,303.5,10844,8,100,0,1,129.8,1128.4,13.0
77,BOT,Alfa Romeo,52,60.905,3248.2,304.0,10862,8,100,0,1,131.9,1120.2,13.0
77,BOT,Alfa Romeo,52,61.065,3261.85,307.0,10907,8,100,0,1,133.7,1112.7,12.9
77,BOT,Alfa Romeo,52,61.212,3274.41,307.5,10924,8,100,0,1,135.5,1105.2,12.9
77,BOT,Alfa Romeo,52,61.345,3285.8,308.0,10939,8,100,0,1,137.7,1095.7,12.9
77,BOT,Alfa Romeo,52,61.432,3293.28,308.7,10985,8,100,0,1,139.8,1086.9,12.9
77,BOT,Alfa Romeo,52,61.585,3306.47,310.0,11066,8,100,0,1,144.6,1066.5,12.8
77,BOT,Alfa Romeo,52,61.612,3308.8,310.2,11073,8,100,0,1,145.3,1063.4,12.8
77,BOT,Alfa Romeo,52,61.745,3320.29,311.0,11106,8,100,0,1,147.7,1053.1,12.8
77,BOT,Alfa Romeo,52,61.952,3338.28,312.5,11150,8,100,0,1,150.1,1043.2,12.8
77,BOT,Alfa Romeo,52,62.025,3344.64,313.0,11166,8,100,0,1,151.4,1037.5,12.8
77,BOT,Alfa Romeo,52,62.132,3353.98,313.5,11201,8,100,0,1,153.6,1028.0,12.8
77,BOT,Alfa Romeo,52,62.412,3378.5,314.9,11294,8,100,0,1,159.2,1004.2,12.7
77,BOT,Alfa Romeo,52,62.425,3379.64,315.0,11298,8,100,0,1,159.5,1003.1,12.7
77,BOT,Alfa Romeo,52,62.572,3392.58,316.0,11304,8,100,0,1,162.4,990.5,12.7
77,BOT,Alfa Romeo,52,62.705,3404.29,317.0,11310,8,100,0,1,165.6,976.8,12.7
77,BOT,Alfa Romeo,52,62.872,3419.0,317.0,11320,8,100,0,1,170.0,957.9,12.7
77,BOT,Alfa Romeo,52,62.905,3421.9,317.0,11322,8,100,0,1,170.9,954.2,12.7
77,BOT,Alfa Romeo,52,63.185,3446.64,318.0,11339,8,100,0,1,177.7,924.6,12.6
77,BOT,Alfa Romeo,52,63.272,3454.34,318.3,11357,8,100,0,1,179.2,918.2,12.6
77,BOT,Alfa Romeo,52,63.505,3474.99,319.0,11407,8,100,0,1,181.6,908.1,12.6
77,BOT,Alfa Romeo,52,63.571,3480.86,319.3,11418,8,100,0,1,182.5,904.3,12.6
77,BOT,Alfa Romeo,52,63.831,3504.04,320.6,11461,8,100,0,1,187.7,881.7,12.6
77,BOT,Alfa Romeo,52,63.905,3510.66,321.0,11473,8,100,0,1,189.2,875.2,12.6
77,BOT,Alfa Romeo,52,63.991,3518.37,322.1,11478,8,100,0,1,190.9,867.8,12.6
77,BOT,Alfa Romeo,52,64.065,3525.02,323.0,11482,8,100,0,1,192.4,861.2,12.6
77,BOT,Alfa Romeo,52,64.211,3538.11,323.0,11501,8,100,0,1,195.2,848.5,12.6
77,BOT,Alfa Romeo,52,64.305,3546.55,323.0,11513,8,100,0,1,196.9,841.1,12.6
77,BOT,Alfa Romeo,52,64.411,3556.1,323.7,11524,8,100,0,1,199.2,831.1,12.6
77,BOT,Alfa Romeo,52,64.625,3575.44,325.0,11546,8,100,0,1,206.1,800.8,12.7
77,BOT,Alfa Romeo,52,64.631,3575.98,325.0,11546,8,100,0,1,206.3,800.0,12.7
77,BOT,Alfa Romeo,52,64.905,3600.72,325.0,11547,8,100,0,1,211.5,777.6,12.7
77,BOT,Alfa Romeo,52,65.106,3618.86,325.0,11542,8,100,0,1,214.1,766.7,12.7
77,BOT,Alfa Romeo,52,65.151,3622.92,325.0,11540,8,100,0,1,214.8,763.7,12.7
77,BOT,Alfa Romeo,52,65.346,3640.53,325.0,11529,8,100,0,1,218.5,748.2,12.8
77,BOT,Alfa Romeo,52,65.411,3646.4,325.0,11552,8,100,0,1,219.8,742.6,12.8
77,BOT,Alfa Romeo,52,65.506,3654.97,325.0,11585,8,100,0,1,221.8,734.3,12.7
77,BOT,Alfa Romeo,52,65.671,3669.82,324.2,11508,8,100,0,1,225.3,719.8,12.6
77,BOT,Alfa Romeo,52,65.706,3672.97,324.0,11492,8,100,0,1,226.0,716.8,12.6
77,BOT,Alfa Romeo,52,65.891,3689.71,323.3,11411,8,97,0,1,229.9,700.5,12.8
77,BOT,Alfa Romeo,52,65.985,3698.0,323.0,11370,8,96,0,1,232.3,690.3,12.9
77,BOT,Alfa Romeo,52,66.172,3713.76,309.0,10798,8,40,0,1,237.2,669.9,12.9
77,BOT,Alfa Romeo,52,66.305,3724.58,299.0,10392,8,0,1,0,239.4,660.7,13.0
77,BOT,Alfa Romeo,52,66.452,3736.29,287.1,9815,8,0,1,0,241.2,652.9,13.0
77,BOT,Alfa Romeo,52,66.465,3737.29,286.0,9764,8,0,1,0,241.4,652.2,13.0
77,BOT,Alfa Romeo,52,66.665,3751.85,262.0,8881,8,0,1,0,244.4,639.5,13.0
77,BOT,Alfa Romeo,52,66.692,3753.66,258.0,8861,8,0,1,0,244.9,637.4,13.0
77,BOT,Alfa Romeo,52,66.945,3769.04,221.0,8669,8,0,1,0,250.4,614.0,13.1
77,BOT,Alfa Romeo,52,67.032,3774.02,214.1,8803,8,0,1,0,251.7,608.4,13.1
77,BOT,Alfa Romeo,52,67.185,3782.5,202.0,9039,8,0,1,0,252.7,604.3,13.1
77,BOT,Alfa Romeo,52,67.292,3788.19,194.0,9429,8,0,1,0,253.2,602.0,13.1
77,BOT,Alfa Romeo,52,67.385,3792.89,187.0,9768,8,0,1,0,254.1,598.4,13.1
77,BOT,Alfa Romeo,52,67.532,3799.75,176.3,9587,8,0,1,0,255.9,590.2,13.2
77,BOT,Alfa Romeo,52,67.812,3811.32,155.9,9242,8,0,1,0,259.4,571.9,13.2
77,BOT,Alfa Romeo,52,67.825,3811.84,155.0,9226,5,0,1,0,259.5,571.3,13.2
77,BOT,Alfa Romeo,52,68.025,3819.56,139.0,8407,4,0,1,0,260.3,565.6,13.2
77,BOT,Alfa Romeo,52,68.232,3827.17,134.5,8221,4,0,1,0,260.4,561.4,13.2
77,BOT,Alfa Romeo,52,68.345,3831.29,132.0,8120,4,0,1,0,260.4,557.6,13.1
77,BOT,Alfa Romeo,52,68.472,3835.97,132.0,7928,4,0,1,0,260.3,552.9,13.1
77,BOT,Alfa Romeo,52,68.505,3837.16,132.0,7878,4,0,1,0,260.2,551.8,13.1
77,BOT,Alfa Romeo,52,68.552,3838.84,130.6,7863,4,0,1,0,260.0,550.3,13.1
77,BOT,Alfa Romeo,52,68.705,3844.16,126.0,7814,4,0,1,0,258.9,545.4,13.1
77,BOT,Alfa Romeo,52,68.812,3847.82,124.7,7799,4,2,1,0,257.8,542.1,13.1
77,BOT,Alfa Romeo,52,68.972,3853.22,122.7,7776,4,5,1,0,255.6,537.2,13.1
77,BOT,Alfa Romeo,52,69.025,3855.0,122.0,7769,4,6,0,0,254.5,535.1,13.1
77,BOT,Alfa Romeo,52,69.232,3861.94,122.0,7778,4,26,0,0,249.1,526.4,13.0
77,BOT,Alfa Romeo,52,69.465,3869.92,122.0,7788,4,49,0,0,246.6,522.1,13.0
77,BOT,Alfa Romeo,52,69.512,3871.58,123.6,7933,4,50,0,0,246.1,521.1,13.0
77,BOT,Alfa Romeo,52,69.665,3877.08,129.0,8404,4,53,0,0,244.0,516.7,12.9
77,BOT,Alfa Romeo,52,69.792,3881.65,129.4,8491,4,52,0,0,242.3,512.4,12.9
77,BOT,Alfa Romeo,52,69.951,3887.39,129.9,8601,4,51,0,0,240.9,507.0,12.9
77,BOT,Alfa Romeo,52,69.985,3888.64,130.0,8624,4,51,0,0,240.7,505.6,12.9
77,BOT,Alfa Romeo,52,70.251,3898.62,135.0,8981,4,59,0,0,239.5,492.9,12.8
77,BOT,Alfa Romeo,52,70.305,3900.73,136.0,9054,4,61,0,0,239.4,490.8,12.8
77,BOT,Alfa Romeo,52,70.585,3912.16,147.0,9890,4,100,0,0,239.7,482.4,12.8
77,BOT,Alfa Romeo,52,70.631,3914.13,148.9,10060,4,100,0,0,239.8,480.8,12.8
77,BOT,Alfa Romeo,52,70.891,3925.73,159.4,11019,4,100,0,0,241.0,469.6,12.7
77,BOT,Alfa Romeo,52,70.905,3926.38,160.0,11071,4,100,0,0,241.1,469.0,12.7
77,BOT,Alfa Romeo,52,71.111,3936.27,168.8,11268,4,100,0,0,242.5,459.6,12.6
77,BOT,Alfa Romeo,52,71.305,3946.05,177.0,11453,4,100,0,0,244.6,448.6,12.6
77,BOT,Alfa Romeo,52,71.311,3946.36,177.2,11441,4,100,0,0,244.7,448.2,12.6
77,BOT,Alfa Romeo,52,71.706,3967.44,192.0,10619,4,100,0,1,250.4,425.6,12.6
77,BOT,Alfa Romeo,52,71.751,3969.93,193.5,10687,4,100,0,1,251.1,423.0,12.6
77,BOT,Alfa Romeo,52,72.106,3990.21,205.0,11227,5,100,0,1,256.6,403.9,12.7
77,BOT,Alfa Romeo,52,72.151,3992.82,206.1,11299,5,100,0,1,257.1,402.1,12.7
77,BOT,Alfa Romeo,52,72.306,4001.88,210.0,11547,5,100,0,1,258.4,397.7,12.7
77,BOT,Alfa Romeo,52,72.466,4011.44,215.0,11719,5,100,0,1,260.4,391.1,12.7
77,BOT,Alfa Romeo,52,72.531,4015.43,218.3,11307,5,100,0,1,262.1,385.0,12.7
77,BOT,Alfa Romeo,52,72.665,4023.87,225.0,10459,5,100,0,1,267.0,367.8,12.7
77,BOT,Alfa Romeo,52,72.672,4024.32,225.2,10467,5,100,0,1,267.2,367.0,12.7
77,BOT,Alfa Romeo,52,72.945,4042.07,234.0,10797,6,100,0,1,270.8,354.0,12.7
77,BOT,Alfa Romeo,52,73.092,4051.66,234.9,11004,6,100,0,1,271.9,349.5,12.7
77,BOT,Alfa Romeo,52,73.105,4052.52,235.0,11022,6,100,0,1,272.1,348.9,12.7
77,BOT,Alfa Romeo,52,73.265,4063.23,241.0,11127,6,100,0,1,274.5,339.6,12.8
77,BOT,Alfa Romeo,52,73.292,4065.06,241.6,11160,6,100,0,1,274.9,337.9,12.8
77,BOT,Alfa Romeo,52,73.492,4078.77,245.9,11407,6,100,0,1,278.2,324.8,12.8
77,BOT,Alfa Romeo,52,73.545,4082.44,247.0,11472,6,100,0,1,279.1,321.3,12.8
77,BOT,Alfa Romeo,52,73.732,4095.5,250.9,11620,6,100,0,1,282.3,308.7,12.7
77,BOT,Alfa Romeo,52,73.785,4099.24,252.0,11662,6,100,0,1,283.3,304.9,12.7
77,BOT,Alfa Romeo,52,73.945,4110.62,256.0,11877,6,100,0,1,286.3,292.9,12.8
77,BOT,Alfa Romeo,52,74.012,4115.37,256.0,11885,6,100,0,1,287.5,288.1,12.8
77,BOT,Alfa Romeo,52,74.105,4122.0,256.0,11896,6,100,0,1,289.1,281.6,12.8
77,BOT,Alfa Romeo,52,74.352,4140.15,263.9,10940,6,100,0,1,293.3,265.6,12.8
77,BOT,Alfa Romeo,52,74.385,4142.61,265.0,10812,7,100,0,1,293.8,263.5,12.8
77,BOT,Alfa Romeo,52,74.572,4156.57,268.7,10835,7,100,0,1,297.4,249.9,12.8
77,BOT,Alfa Romeo,52,74.585,4157.55,269.0,10837,7,100,0,1,297.7,248.6,12.8
77,BOT,Alfa Romeo,52,74.785,4172.72,273.0,10985,7,100,0,1,304.0,224.8,12.8
77,BOT,Alfa Romeo,52,74.832,4176.32,274.2,11026,7,100,0,1,305.1,220.5,12.8
77,BOT,Alfa Romeo,52,74.945,4185.03,277.0,11126,7,100,0,1,306.8,214.0,12.8
77,BOT,Alfa Romeo,52,75.152,4201.15,280.0,11232,7,100,0,1,308.6,207.1,12.8
77,BOT,Alfa Romeo,52,75.225,4206.88,281.0,11270,7,100,0,1,310.0,202.0,12.8
77,BOT,Alfa Romeo,52,75.312,4213.74,282.1,11342,7,100,0,1,311.8,195.0,12.8
77,BOT,Alfa Romeo,52,75.472,4226.42,284.1,11473,7,100,0,1,315.0,182.8,12.8
77,BOT,Alfa Romeo,52,75.545,4232.22,285.0,11533,7,100,0,1,316.8,176.1,12.8
77,BOT,Alfa Romeo,52,75.772,4250.31,286.9,11573,7,100,0,1,322.9,152.0,12.8
77,BOT,Alfa Romeo,52,75.785,4251.35,287.0,11575,7,100,0,1,323.2,150.7,12.8
77,BOT,Alfa Romeo,52,76.145,4280.65,293.0,11789,7,100,0,1,329.9,121.5,12.9
77,BOT,Alfa Romeo,52,76.192,4284.5,293.5,11838,7,100,0,1,330.5,118.5,12.9
77,BOT,Alfa Romeo,52,76.345,4297.04,295.0,11997,7,100,0,1,332.3,109.8,12.8
77,BOT,Alfa Romeo,52,76.511,4310.73,296.7,11648,7,100,0,1,334.0,99.9,12.8
77,BOT,Alfa Romeo,52,76.545,4313.54,297.0,11577,7,100,0,1,334.4,97.5,12.8
77,BOT,Alfa Romeo,52,76.625,4320.14,297.0,11320,7,100,0,1,335.3,91.3,12.9
81,PIA,McLaren,59,0.0,0.05,285.1,11397,7,99,0,0,336.2,85.4,13.2
81,PIA,McLaren,59,0.171,13.69,286.0,11408,7,99,0,0,337.1,78.4,12.9
81,PIA,McLaren,59,0.355,28.46,288.3,11512,7,99,0,0,338.2,67.1,12.8
81,PIA,McLaren,59,0.411,32.96,289.0,11543,7,99,0,0,338.5,62.9,12.8
81,PIA,McLaren,59,0.515,41.3,289.0,11545,7,99,0,0,339.1,54.4,12.8
81,PIA,McLaren,59,0.611,49.01,289.0,11547,7,99,0,0,339.4,46.6,12.8
81,PIA,McLaren,59,0.795,63.84,289.5,11538,7,99,0,0,339.5,31.9,12.8
81,PIA,McLaren,59,0.971,78.01,290.0,11529,7,99,0,0,339.2,17.8,12.8
81,PIA,McLaren,59,0.995,79.94,289.8,11527,7,99,0,0,339.1,15.8,12.8
81,PIA,McLaren,59,1.256,100.81,288.2,11508,7,99,0,0,337.6,-6.6,12.9
81,PIA,McLaren,59,1.291,103.61,288.0,11505,7,99,0,0,337.4,-9.3,12.9
81,PIA,McLaren,59,1.436,115.25,288.0,11494,7,99,0,0,336.2,-20.9,13.0
81,PIA,McLaren,59,1.491,119.61,288.0,11490,7,99,0,0,335.6,-26.5,13.0
81,PIA,McLaren,59,1.696,135.36,276.3,11011,7,27,0,0,333.0,-48.7,13.0
81,PIA,McLaren,59,1.771,140.77,272.0,10836,7,0,1,0,332.4,-53.5,13.0
81,PIA,McLaren,59,1.996,155.6,240.7,9461,7,0,1,0,331.5,-61.5,13.1
81,PIA,McLaren,59,2.051,158.89,233.0,9125,7,0,1,0,331.2,-64.5,13.1
81,PIA,McLaren,59,2.216,167.96,215.1,9509,7,0,1,0,330.0,-75.5,13.2
81,PIA,McLaren,59,2.416,177.63,193.5,9974,7,0,1,0,329.0,-86.5,13.2
81,PIA,McLaren,59,2.531,183.02,181.0,10242,7,0,1,0,328.6,-91.7,13.2
81,PIA,McLaren,59,2.636,187.87,175.8,10369,7,0,1,0,328.3,-97.5,13.3
81,PIA,McLaren,59,2.836,196.9,165.8,10611,7,0,1,0,328.3,-112.8,13.4
81,PIA,McLaren,59,2.891,199.32,163.0,10677,4,0,1,0,328.3,-115.6,13.4
81,PIA,McLaren,59,3.051,206.21,155.0,10745,3,0,1,0,328.3,-118.6,13.4
81,PIA,McLaren,59,3.216,213.05,150.9,10502,3,0,1,0,329.3,-122.6,13.3
81,PIA,McLaren,59,3.371,219.28,147.0,10274,3,0,1,0,331.8,-131.5,13.3
81,PIA,McLaren,59,3.496,224.21,144.6,10112,3,0,1,0,333.7,-138.1,13.3
81,PIA,McLaren,59,3.731,233.28,140.0,9807,3,0,0,0,335.6,-142.0,13.3
81,PIA,McLaren,59,3.776,234.99,139.4,9802,3,1,0,0,336.2,-142.7,13.3
81,PIA,McLaren,59,4.116,247.63,134.8,9763,3,8,0,0,344.0,-152.8,13.4
81,PIA,McLaren,59,4.171,249.66,134.0,9757,3,9,0,0,345.5,-154.3,13.4
81,PIA,McLaren,59,4.196,250.58,133.8,9729,3,9,0,0,346.2,-154.9,13.4
81,PIA,McLaren,59,4.371,256.99,132.0,9534,3,10,0,0,351.0,-159.0,13.5
81,PIA,McLaren,59,4.436,259.35,131.2,9418,3,8,0,0,353.1,-160.6,13.5
81,PIA,McLaren,59,4.69,268.33,128.0,8965,3,0,0,0,363.0,-167.0,13.5
81,PIA,McLaren,59,4.756,270.55,124.3,8986,3,0,0,0,365.2,-168.3,13.5
81,PIA,McLaren,59,4.85,273.62,119.0,9016,3,0,1,0,367.7,-169.7,13.5
81,PIA,McLaren,59,5.076,280.48,111.2,9143,3,0,1,0,372.3,-172.1,13.4
81,PIA,McLaren,59,5.17,283.22,108.0,9196,2,0,1,0,374.6,-173.3,13.4
81,PIA,McLaren,59,5.316,287.4,103.6,8787,2,0,1,0,378.5,-175.7,13.5
81,PIA,McLaren,59,5.37,288.89,102.0,8636,2,0,1,0,380.0,-176.9,13.5
81,PIA,McLaren,59,5.595,294.66,95.1,8145,2,0,1,0,385.9,-182.7,13.5
81,PIA,McLaren,59,5.73,297.99,91.0,7851,2,0,1,0,387.8,-186.2,13.5
81,PIA,McLaren,59,5.93,302.88,88.0,7492,2,0,1,0,388.7,-190.9,13.5
81,PIA,McLaren,59,5.995,304.39,86.5,7419,2,0,1,0,388.8,-192.1,13.5
81,PIA,McLaren,59,6.295,310.91,79.8,7080,2,0,1,0,388.7,-195.9,13.6
81,PIA,McLaren,59,6.33,311.66,79.0,7040,2,0,0,0,388.6,-196.5,13.6
81,PIA,McLaren,59,6.611,317.67,77.0,6662,2,0,0,0,387.3,-202.6,13.6
81,PIA,McLaren,59,6.635,318.18,77.0,6698,2,2,0,0,387.1,-203.3,13.6
81,PIA,McLaren,59,6.815,322.0,77.0,6966,2,15,0,0,385.1,-208.5,13.7
81,PIA,McLaren,59,6.971,325.37,77.0,7198,2,26,0,0,384.2,-210.8,13.8
81,PIA,McLaren,59,7.155,329.45,79.8,7419,2,30,0,0,382.4,-213.4,13.9
81,PIA,McLaren,59,7.171,329.81,80.0,7438,2,30,0,0,382.1,-213.8,13.9
81,PIA,McLaren,59,7.335,333.58,82.0,7660,2,35,0,0,378.2,-218.7,14.1
81,PIA,McLaren,59,7.491,337.28,84.0,7871,2,39,0,0,376.0,-221.1,14.2
81,PIA,McLaren,59,7.691,342.22,89.0,8333,2,45,0,0,373.8,-222.2,14.2
81,PIA,McLaren,59,7.696,342.35,89.1,8344,2,45,0,0,373.7,-222.2,14.2
81,PIA,McLaren,59,7.971,349.77,97.0,8976,2,51,0,0,367.2,-225.0,14.3
81,PIA,McLaren,59,8.056,352.17,100.2,9252,2,53,0,0,364.4,-225.7,14.4
81,PIA,McLaren,59,8.131,354.34,103.0,9495,2,55,0,0,361.7,-226.2,14.5
81,PIA,McLaren,59,8.371,361.61,109.0,10099,2,61,0,0,352.5,-227.1,14.8
81,PIA,McLaren,59,8.396,362.4,110.1,10174,2,61,0,0,351.7,-227.2,14.8
81,PIA,McLaren,59,8.531,366.77,116.0,10578,2,63,0,0,348.5,-227.4,14.9
81,PIA,McLaren,59,8.731,373.65,124.0,11556,2,69,0,0,345.4,-227.5,15.0
81,PIA,McLaren,59,8.876,378.93,128.5,10898,2,73,0,0,339.6,-227.2,15.3
81,PIA,McLaren,59,9.036,384.99,133.5,10171,2,77,0,0,330.2,-226.7,15.8
81,PIA,McLaren,59,9.051,385.57,134.0,10103,3,77,0,0,329.5,-226.7,15.8
81,PIA,McLaren,59,9.251,393.45,142.0,10660,3,82,0,0,324.7,-226.1,16.1
81,PIA,McLaren,59,9.316,396.09,144.3,10835,3,84,0,0,323.2,-225.9,16.1
81,PIA,McLaren,59,9.451,401.73,149.0,11199,3,88,0,0,319.0,-225.4,16.2
81,PIA,McLaren,59,9.576,407.19,154.7,10559,3,93,0,0,312.7,-224.2,16.4
81,PIA,McLaren,59,9.691,412.4,160.0,9971,3,98,0,0,304.2,-222.1,16.8
81,PIA,McLaren,59,9.816,418.22,164.7,10310,3,98,0,0,294.5,-219.5,17.1
81,PIA,McLaren,59,10.011,427.69,172.0,10839,4,98,0,0,284.5,-216.5,17.1
81,PIA,McLaren,59,10.211,437.91,184.0,11314,4,98,0,0,277.3,-214.0,16.9
81,PIA,McLaren,59,10.256,440.26,185.5,11112,4,98,0,0,275.3,-213.3,16.9
81,PIA,McLaren,59,10.416,448.79,190.8,10392,4,98,0,0,267.4,-210.6,17.3
81,PIA,McLaren,59,10.451,450.71,192.0,10234,4,98,0,0,265.6,-210.0,17.4
81,PIA,McLaren,59,10.676,463.51,200.0,10669,4,98,0,0,254.4,-205.8,17.8
81,PIA,McLaren,59,10.916,477.69,208.5,11134,4,99,0,0,242.0,-200.4,17.8
81,PIA,McLaren,59,10.931,478.58,209.0,11163,5,99,0,0,241.2,-200.0,17.8
81,PIA,McLaren,59,11.131,490.47,214.0,11345,5,99,0,0,230.9,-194.7,17.8
81,PIA,McLaren,59,11.136,490.77,214.2,11353,5,99,0,0,230.6,-194.6,17.8
81,PIA,McLaren,59,11.296,500.53,219.0,11613,5,99,0,0,222.3,-189.8,17.8
81,PIA,McLaren,59,11.33,502.63,220.0,11668,5,99,0,0,220.5,-188.7,17.8
81,PIA,McLaren,59,11.416,507.97,222.1,11247,5,99,0,0,216.0,-185.9,17.8
81,PIA,McLaren,59,11.53,515.13,225.0,10688,5,99,0,0,209.8,-181.9,17.8
81,PIA,McLaren,59,11.73,527.9,230.0,10553,6,99,0,0,198.5,-174.4,17.7
81,PIA,McLaren,59,11.756,529.59,230.5,10578,6,99,0,0,197.1,-173.4,17.7
81,PIA,McLaren,59,12.13,554.35,238.0,10944,6,99,0,0,177.2,-159.0,17.6
81,PIA,McLaren,59,12.155,556.0,238.0,10944,6,99,0,0,176.0,-158.1,17.6
81,PIA,McLaren,59,12.29,564.93,238.0,10943,6,99,0,0,169.6,-153.3,17.6
81,PIA,McLaren,59,12.415,573.33,241.1,11030,6,99,0,0,163.3,-148.4,17.6
81,PIA,McLaren,59,12.57,583.98,245.0,11138,6,98,0,0,153.9,-140.9,17.6
81,PIA,McLaren,59,12.755,597.02,246.5,11234,6,98,0,0,142.1,-131.3,17.6
81,PIA,McLaren,59,12.93,608.78,248.0,11324,6,98,0,0,132.5,-123.5,17.6
81,PIA,McLaren,59,13.175,622.91,229.6,11311,6,77,0,0,121.0,-114.3,17.6
81,PIA,McLaren,59,14.035,658.36,165.2,11267,6,5,0,0,87.1,-83.1,17.5
81,PIA,McLaren,59,14.091,660.7,161.0,11264,3,0,1,0,84.3,-79.1,17.4
81,PIA,McLaren,59,14.195,665.13,156.8,10945,3,0,1,0,79.4,-71.9,17.3
81,PIA,McLaren,59,14.291,669.2,153.0,10650,3,0,1,0,76.5,-67.4,17.2
81,PIA,McLaren,59,14.451,675.83,149.0,10345,3,0,1,0,75.2,-64.5,17.1
81,PIA,McLaren,59,14.611,682.23,144.0,10200,3,0,0,0,75.0,-61.7,17.0
81,PIA,McLaren,59,14.656,683.99,143.2,10153,3,0,0,0,74.9,-60.4,17.0
81,PIA,McLaren,59,14.816,690.13,140.2,9985,3,0,0,0,74.2,-54.3,16.9
81,PIA,McLaren,59,14.931,694.49,138.0,9865,3,0,0,0,74.2,-50.0,16.8
81,PIA,McLaren,59,15.136,702.23,136.3,10283,3,14,0,0,75.2,-42.5,16.6
81,PIA,McLaren,59,15.171,703.56,136.0,10354,3,16,0,0,75.4,-41.1,16.6
81,PIA,McLaren,59,15.256,706.8,136.7,10357,3,23,0,0,75.9,-37.8,16.5
81,PIA,McLaren,59,15.436,713.72,138.2,10364,3,39,0,0,76.7,-31.0,16.3
81,PIA,McLaren,59,15.531,717.46,139.0,10368,3,47,0,0,76.9,-27.4,16.2
81,PIA,McLaren,59,15.736,725.73,143.5,10453,3,46,0,0,76.8,-19.4,15.9
81,PIA,McLaren,59,15.851,730.44,146.0,10500,3,46,0,0,76.4,-14.8,15.8
81,PIA,McLaren,59,15.956,734.75,147.3,10652,3,43,0,0,75.8,-10.6,15.6
81,PIA,McLaren,59,16.011,737.02,148.0,10731,3,41,0,0,75.5,-8.5,15.5
81,PIA,McLaren,59,16.136,742.22,149.0,10886,3,40,0,0,74.4,-3.4,15.2
81,PIA,McLaren,59,16.251,747.02,150.0,11029,3,39,0,0,72.3,2.9,14.9
81,PIA,McLaren,59,16.376,752.2,150.0,11216,3,41,0,0,69.6,9.4,14.6
81,PIA,McLaren,59,16.451,755.35,150.0,11329,3,43,0,0,68.4,11.9,14.5
81,PIA,McLaren,59,16.656,764.25,155.1,11606,3,62,0,0,65.6,16.0,14.3
81,PIA,McLaren,59,16.771,769.39,158.0,11761,3,73,0,0,63.4,19.0,14.2
81,PIA,McLaren,59,16.971,778.56,165.0,10617,3,85,0,0,57.3,27.1,13.8
81,PIA,McLaren,59,16.996,779.73,165.7,10635,3,86,0,0,56.2,28.5,13.8
81,PIA,McLaren,59,17.171,788.06,171.0,10759,4,97,0,0,46.9,40.1,13.4
81,PIA,McLaren,59,17.196,789.27,172.0,10784,4,97,0,0,45.9,41.3,13.4
81,PIA,McLaren,59,17.371,798.0,179.0,10962,4,99,0,0,43.3,44.5,13.3
81,PIA,McLaren,59,17.456,802.45,182.8,10926,4,99,0,0,42.1,46.0,13.3
81,PIA,McLaren,59,17.731,817.5,195.0,10808,4,99,0,0,32.2,58.3,13.0
81,PIA,McLaren,59,17.796,821.09,196.2,10803,4,99,0,0,30.0,60.9,13.0
81,PIA,McLaren,59,18.05,835.32,201.0,10784,5,99,0,0,24.2,67.8,13.0
81,PIA,McLaren,59,18.096,837.98,203.9,10899,5,99,0,0,22.9,69.4,13.0
81,PIA,McLaren,59,18.21,844.69,211.0,11184,5,99,0,0,18.7,74.2,12.9
81,PIA,McLaren,59,18.296,849.87,213.4,11246,5,99,0,0,15.2,78.2,12.9
81,PIA,McLaren,59,18.516,863.5,219.4,11404,5,99,0,0,6.2,87.6,13.0
81,PIA,McLaren,59,18.61,869.36,222.0,11471,5,99,0,0,2.1,91.5,13.0
81,PIA,McLaren,59,18.735,877.16,224.3,10800,5,98,0,0,-3.7,96.7,13.0
81,PIA,McLaren,59,18.77,879.36,225.0,10612,5,98,0,0,-5.4,98.1,13.0
81,PIA,McLaren,59,19.05,897.4,232.0,10623,6,99,0,0,-19.1,109.5,13.0
81,PIA,McLaren,59,19.055,897.73,232.2,10626,6,99,0,0,-19.4,109.7,13.0
81,PIA,McLaren,59,19.21,907.98,238.0,10734,6,99,0,0,-27.3,116.1,13.0
81,PIA,McLaren,59,19.235,909.65,238.5,10766,6,99,0,0,-28.6,117.1,13.0
81,PIA,McLaren,59,19.495,927.28,243.3,11096,6,99,0,0,-42.3,127.9,13.0
81,PIA,McLaren,59,19.53,929.67,244.0,11140,6,99,0,0,-44.1,129.3,13.0
81,PIA,McLaren,59,19.595,934.11,244.6,11173,6,99,0,0,-47.4,132.2,13.1
81,PIA,McLaren,59,19.731,943.41,246.0,11242,6,98,0,0,-55.9,140.4,13.1
81,PIA,McLaren,59,19.875,953.31,247.0,11302,6,93,0,0,-64.4,149.5,13.1
81,PIA,McLaren,59,20.011,962.69,248.0,11359,6,89,0,0,-69.3,155.7,13.1
81,PIA,McLaren,59,20.215,976.78,248.7,11450,6,84,0,0,-73.9,164.4,13.1
81,PIA,McLaren,59,20.291,982.06,249.0,11484,6,82,0,0,-76.1,169.1,13.1
81,PIA,McLaren,59,20.375,987.92,249.9,11490,6,82,0,0,-78.6,174.6,13.0
81,PIA,McLaren,59,20.555,1000.54,251.8,11503,6,82,0,0,-83.3,186.5,13.0
81,PIA,McLaren,59,20.571,1001.66,252.0,11504,6,82,0,0,-83.7,187.8,13.0
81,PIA,McLaren,59,20.876,1023.09,253.0,11540,6,83,0,0,-92.3,219.2,13.0
81,PIA,McLaren,59,20.891,1024.15,253.0,11542,6,83,0,0,-92.6,220.4,13.0
81,PIA,McLaren,59,21.131,1041.15,255.0,11606,6,85,0,0,-93.9,233.0,13.0
81,PIA,McLaren,59,21.216,1047.18,255.2,11641,6,88,0,0,-94.0,237.4,13.0
81,PIA,McLaren,59,21.476,1065.67,255.9,11750,6,97,0,0,-94.4,254.6,13.0
81,PIA,McLaren,59,21.531,1069.59,256.0,11773,6,99,0,0,-94.4,258.6,13.0
81,PIA,McLaren,59,21.696,1081.42,257.4,11789,6,99,0,0,-94.2,270.3,13.0
81,PIA,McLaren,59,21.891,1095.49,259.0,11807,6,98,0,0,-93.8,283.2,13.0
81,PIA,McLaren,59,21.936,1098.76,258.7,11728,6,98,0,0,-93.6,287.6,13.0
81,PIA,McLaren,59,22.051,1106.96,258.0,11527,6,98,0,0,-93.0,302.5,13.1
81,PIA,McLaren,59,22.116,1111.29,249.4,11277,6,75,0,0,-92.6,310.0,13.2
81,PIA,McLaren,59,22.331,1124.15,221.0,10449,6,0,1,0,-91.8,319.8,13.3
81,PIA,McLaren,59,22.496,1132.98,207.0,10043,6,0,1,0,-91.5,324.6,13.4
81,PIA,McLaren,59,22.731,1144.93,187.0,9465,5,0,1,0,-91.3,341.0,13.7
81,PIA,McLaren,59,22.776,1147.28,187.0,9504,5,0,1,0,-91.3,343.8,13.8
81,PIA,McLaren,59,22.891,1153.24,187.0,9605,5,0,1,0,-91.4,349.2,13.9
81,PIA,McLaren,59,23.156,1164.95,163.4,9481,5,0,1,0,-92.9,359.0,14.0
81,PIA,McLaren,59,23.251,1168.74,155.0,9437,5,0,1,0,-94.4,365.2,14.0
81,PIA,McLaren,59,23.356,1172.77,147.8,9305,5,0,1,0,-96.3,372.1,14.1
81,PIA,McLaren,59,23.571,1180.56,133.0,9036,3,0,1,0,-99.6,380.3,14.2
81,PIA,McLaren,59,23.731,1185.98,122.0,8450,3,0,1,0,-101.9,383.5,14.4
81,PIA,McLaren,59,23.776,1187.47,121.1,8400,3,0,1,0,-102.5,384.4,14.4
81,PIA,McLaren,59,24.131,1198.65,114.0,8005,3,0,1,0,-108.2,390.9,14.7
81,PIA,McLaren,59,24.176,1200.03,113.2,7941,3,0,1,0,-109.2,391.7,14.7
81,PIA,McLaren,59,24.396,1206.63,109.4,7630,3,0,1,0,-114.7,395.2,14.9
81,PIA,McLaren,59,24.531,1210.54,107.0,7439,3,0,0,0,-118.4,396.8,14.9
81,PIA,McLaren,59,24.616,1212.93,104.9,7476,3,0,0,0,-120.8,397.4,14.9
81,PIA,McLaren,59,24.656,1214.04,103.9,7493,3,0,0,0,-121.9,397.6,14.9
81,PIA,McLaren,59,24.81,1218.29,100.0,7560,3,0,0,0,-126.4,398.2,15.0
81,PIA,McLaren,59,24.936,1221.8,100.3,7559,3,9,0,0,-130.0,398.4,15.1
81,PIA,McLaren,59,25.176,1228.55,100.9,7558,3,26,0,0,-136.9,398.1,15.2
81,PIA,McLaren,59,25.21,1229.51,101.0,7558,3,28,0,0,-138.1,398.0,15.2
81,PIA,McLaren,59,25.37,1234.09,103.0,7702,3,42,0,0,-143.7,397.6,15.4
81,PIA,McLaren,59,25.415,1235.41,104.0,7778,3,43,0,0,-143.9,397.6,15.4
81,PIA,McLaren,59,25.515,1238.41,106.1,7948,3,45,0,0,-142.3,397.8,15.3
81,PIA,McLaren,59,25.65,1242.57,109.0,8177,3,48,0,0,-143.1,397.7,15.3
81,PIA,McLaren,59,25.855,1249.04,112.7,8550,3,58,0,0,-150.0,397.1,15.5
81,PIA,McLaren,59,26.09,1256.87,117.0,8978,3,69,0,0,-158.9,397.0,15.6
81,PIA,McLaren,59,26.095,1257.04,117.2,8987,3,69,0,0,-159.1,397.0,15.6
81,PIA,McLaren,59,26.455,1270.21,130.7,9622,3,56,0,0,-170.2,398.6,15.8
81,PIA,McLaren,59,26.491,1271.57,132.0,9685,3,55,0,0,-171.4,399.0,15.8
81,PIA,McLaren,59,26.655,1277.84,135.0,9954,3,56,0,0,-177.0,401.0,15.9
81,PIA,McLaren,59,26.815,1284.08,137.9,10216,3,58,0,0,-182.4,403.7,16.0
81,PIA,McLaren,59,26.931,1288.68,140.0,10406,3,59,0,0,-187.6,407.4,16.1
81,PIA,McLaren,59,27.115,1296.14,144.1,10739,3,66,0,0,-196.1,414.5,16.3
81,PIA,McLaren,59,27.291,1303.48,148.0,11057,3,72,0,0,-200.8,419.4,16.2
81,PIA,McLaren,59,27.516,1313.22,155.5,11586,3,78,0,0,-203.8,423.5,16.3
81,PIA,McLaren,59,27.531,1313.88,156.0,11621,3,78,0,0,-204.0,423.7,16.3
81,PIA,McLaren,59,27.556,1314.99,156.7,11555,3,79,0,0,-204.3,424.1,16.4
81,PIA,McLaren,59,27.876,1329.76,165.6,10714,3,91,0,0,-214.2,440.4,16.3
81,PIA,McLaren,59,27.891,1330.48,166.0,10675,4,92,0,0,-214.6,441.0,16.3
81,PIA,McLaren,59,28.131,1342.28,177.0,10893,4,98,0,0,-217.5,447.7,16.4
81,PIA,McLaren,59,28.176,1344.55,178.6,10965,4,98,0,0,-218.0,449.2,16.4
81,PIA,McLaren,59,28.331,1352.5,184.0,11215,4,99,0,0,-220.2,456.0,16.5
81,PIA,McLaren,59,28.536,1363.59,191.2,10862,4,99,0,0,-223.5,466.9,16.5
81,PIA,McLaren,59,28.596,1366.93,193.3,10759,4,99,0,0,-224.3,470.0,16.4
81,PIA,McLaren,59,28.731,1374.5,198.0,10526,4,99,0,0,-225.8,477.1,16.4
81,PIA,McLaren,59,28.916,1385.03,204.5,10695,4,99,0,0,-227.6,487.3,16.5
81,PIA,McLaren,59,28.931,1385.89,205.0,10709,5,99,0,0,-227.7,488.1,16.5
81,PIA,McLaren,59,29.076,1394.39,209.1,10964,5,99,0,0,-229.0,496.4,16.4
81,PIA,McLaren,59,29.211,1402.46,213.0,11201,5,99,0,0,-230.0,504.0,16.5
81,PIA,McLaren,59,29.276,1406.38,214.6,11227,5,99,0,0,-230.5,508.0,16.5
81,PIA,McLaren,59,29.451,1417.06,219.0,11296,5,98,0,0,-232.0,520.3,16.5
81,PIA,McLaren,59,29.556,1423.6,222.0,11105,5,98,0,0,-232.8,527.2,16.5
81,PIA,McLaren,59,29.731,1434.71,227.0,10787,5,98,0,0,-233.8,536.3,16.6
81,PIA,McLaren,59,29.816,1440.18,228.9,10770,5,98,0,0,-234.3,540.9,16.6
81,PIA,McLaren,59,30.036,1454.53,233.7,10727,5,98,0,0,-235.7,554.8,16.6
81,PIA,McLaren,59,30.051,1455.51,234.0,10724,5,98,0,0,-235.8,555.8,16.6
81,PIA,McLaren,59,30.236,1467.74,237.7,10916,5,98,0,0,-237.0,567.9,16.6
81,PIA,McLaren,59,30.251,1468.74,238.0,10932,6,98,0,0,-237.1,568.9,16.6
81,PIA,McLaren,59,30.396,1478.48,241.0,11040,6,98,0,0,-237.9,578.5,16.6
81,PIA,McLaren,59,30.491,1484.94,243.0,11111,6,98,0,0,-238.4,584.4,16.6
81,PIA,McLaren,59,30.676,1497.69,247.0,11304,6,98,0,0,-239.5,597.5,16.4
81,PIA,McLaren,59,30.771,1504.3,249.0,11403,6,98,0,0,-240.3,607.4,16.3
81,PIA,McLaren,59,30.916,1514.45,251.7,11529,6,98,0,0,-241.4,622.5,16.1
81,PIA,McLaren,59,30.931,1515.5,252.0,11542,6,98,0,0,-241.5,623.6,16.1
81,PIA,McLaren,59,31.131,1529.73,256.0,11580,6,98,0,0,-242.0,631.9,16.0
81,PIA,McLaren,59,31.236,1537.3,257.9,11359,6,98,0,0,-242.3,636.6,16.0
81,PIA,McLaren,59,31.41,1549.95,261.0,10993,6,98,0,0,-243.0,649.0,16.0
81,PIA,McLaren,59,31.436,1551.85,261.3,10954,6,98,0,0,-243.1,651.0,16.0
81,PIA,McLaren,59,31.69,1570.49,264.0,10573,7,99,0,0,-244.0,669.6,16.2
81,PIA,McLaren,59,31.696,1570.93,264.1,10576,7,99,0,0,-244.0,670.0,16.2
81,PIA,McLaren,59,31.85,1582.35,267.0,10660,7,99,0,0,-244.4,681.4,16.3
81,PIA,McLaren,59,31.855,1582.72,267.0,10663,7,99,0,0,-244.4,681.8,16.3
81,PIA,McLaren,59,32.17,1606.26,269.0,10854,7,98,0,0,-244.9,709.9,16.3
81,PIA,McLaren,59,32.195,1608.16,269.4,10866,7,98,0,0,-244.9,711.7,16.3
81,PIA,McLaren,59,32.475,1629.61,273.9,10997,7,99,0,0,-244.8,728.3,16.4
81,PIA,McLaren,59,32.61,1640.0,276.0,11061,7,99,0,0,-244.6,738.4,16.3
81,PIA,McLaren,59,32.675,1644.99,276.4,11057,7,99,0,0,-244.4,743.6,16.3
81,PIA,McLaren,59,32.77,1652.31,277.0,11052,7,99,0,0,-244.1,751.1,16.3
81,PIA,McLaren,59,32.975,1668.29,279.6,11139,7,99,0,0,-243.4,766.7,16.3
81,PIA,McLaren,59,33.091,1677.36,281.0,11189,7,99,0,0,-242.9,774.9,16.4
81,PIA,McLaren,59,33.215,1687.04,281.0,11270,7,98,0,0,-242.1,785.4,16.5
81,PIA,McLaren,59,33.291,1692.98,281.0,11320,7,98,0,0,-241.4,794.0,16.5
81,PIA,McLaren,59,33.415,1702.71,282.2,11298,7,98,0,0,-240.1,808.8,16.4
81,PIA,McLaren,59,33.491,1708.7,283.0,11284,7,98,0,0,-239.4,816.2,16.4
81,PIA,McLaren,59,33.771,1730.94,286.0,11389,7,98,0,0,-237.2,834.6,16.4
81,PIA,McLaren,59,33.835,1736.04,286.3,11402,7,98,0,0,-236.7,838.6,16.4
81,PIA,McLaren,59,33.971,1746.89,287.0,11429,7,99,0,0,-235.5,847.5,16.4
81,PIA,McLaren,59,34.176,1763.35,288.5,11576,7,99,0,0,-233.3,862.3,16.3
81,PIA,McLaren,59,34.251,1769.36,289.0,11630,7,99,0,0,-232.4,868.2,16.3
81,PIA,McLaren,59,34.396,1780.97,288.3,11564,7,99,0,0,-230.5,879.7,16.4
81,PIA,McLaren,59,34.451,1785.36,288.0,11539,7,99,0,0,-229.8,883.7,16.4
81,PIA,McLaren,59,34.636,1800.16,288.0,11518,7,99,0,0,-227.3,896.4,16.4
81,PIA,McLaren,59,34.651,1801.36,288.0,11516,7,99,0,0,-227.1,897.5,16.4
81,PIA,McLaren,59,34.776,1811.37,288.3,11512,7,99,0,0,-225.2,906.9,16.4
81,PIA,McLaren,59,34.976,1827.44,288.9,11506,7,98,0,0,-221.7,922.5,16.5
81,PIA,McLaren,59,35.011,1830.26,289.0,11505,7,98,0,0,-221.1,925.2,16.5
81,PIA,McLaren,59,35.196,1845.18,287.5,11488,7,98,0,0,-217.7,939.6,16.5
81,PIA,McLaren,59,35.251,1849.4,287.0,11483,7,98,0,0,-216.7,943.8,16.5
81,PIA,McLaren,59,35.476,1865.09,262.6,10512,7,52,0,0,-212.5,961.0,16.4
81,PIA,McLaren,59,35.696,1878.66,238.8,9562,7,7,0,0,-208.7,977.3,16.4
81,PIA,McLaren,59,35.731,1880.73,235.0,9411,7,0,1,0,-208.1,980.0,16.4
81,PIA,McLaren,59,35.916,1891.33,215.9,9934,7,0,1,0,-205.1,993.3,16.5
81,PIA,McLaren,59,36.051,1898.69,202.0,10316,7,0,1,0,-203.6,999.8,16.5
81,PIA,McLaren,59,36.156,1904.21,194.1,10081,7,0,1,0,-202.6,1004.3,16.5
81,PIA,McLaren,59,36.291,1910.95,184.0,9778,7,0,1,0,-201.1,1011.0,16.5
81,PIA,McLaren,59,36.396,1915.83,176.1,10056,7,0,1,0,-199.8,1016.2,16.5
81,PIA,McLaren,59,36.616,1925.1,159.6,10638,7,0,1,0,-197.1,1025.9,16.5
81,PIA,McLaren,59,36.691,1928.06,154.0,10836,4,0,1,0,-195.9,1029.4,16.5
81,PIA,McLaren,59,36.956,1937.88,140.1,9787,4,0,1,0,-190.7,1041.9,16.5
81,PIA,McLaren,59,37.131,1944.08,131.0,9094,3,0,1,0,-186.9,1047.3,16.5
81,PIA,McLaren,59,37.356,1951.96,126.3,8838,3,0,1,0,-182.7,1051.4,16.5
81,PIA,McLaren,59,37.371,1952.48,126.0,8821,3,0,1,0,-182.5,1051.6,16.5
81,PIA,McLaren,59,37.571,1959.31,123.0,8637,3,0,0,0,-180.4,1053.7,16.5
81,PIA,McLaren,59,37.776,1966.17,120.8,8764,3,1,0,0,-172.5,1056.2,16.5
81,PIA,McLaren,59,37.851,1968.64,120.0,8810,3,1,0,0,-166.7,1057.5,16.5
81,PIA,McLaren,59,37.876,1969.46,119.7,8802,3,3,0,0,-165.0,1057.9,16.5
81,PIA,McLaren,59,38.091,1976.44,117.0,8734,3,16,0,0,-159.4,1059.1,16.4
81,PIA,McLaren,59,38.216,1980.56,118.3,8864,3,31,0,0,-157.8,1059.7,16.4
81,PIA,McLaren,59,38.37,1985.74,120.0,9025,3,50,0,0,-153.4,1061.3,16.3
81,PIA,McLaren,59,38.475,1989.38,123.1,9060,3,53,0,0,-149.9,1062.8,16.3
81,PIA,McLaren,59,38.57,1992.74,126.0,9091,3,55,0,0,-146.8,1064.3,16.2
81,PIA,McLaren,59,38.675,1996.55,128.1,9325,3,54,0,0,-143.7,1066.0,16.2
81,PIA,McLaren,59,38.975,2007.89,134.3,9992,3,51,0,0,-136.9,1070.6,16.2
81,PIA,McLaren,59,39.01,2009.24,135.0,10070,3,51,0,0,-135.7,1071.6,16.2
81,PIA,McLaren,59,39.175,2015.69,139.9,10338,3,57,0,0,-129.5,1076.9,16.1
81,PIA,McLaren,59,39.21,2017.08,141.0,10395,3,58,0,0,-128.4,1077.9,16.1
81,PIA,McLaren,59,39.491,2028.47,146.0,10855,3,77,0,0,-122.4,1084.5,16.0
81,PIA,McLaren,59,39.555,2031.17,148.2,10997,3,79,0,0,-121.0,1086.4,16.0
81,PIA,McLaren,59,39.735,2038.99,154.4,11395,3,85,0,0,-116.8,1092.8,15.9
81,PIA,McLaren,59,39.811,2042.43,157.0,11563,3,87,0,0,-115.2,1095.4,15.9
81,PIA,McLaren,59,40.035,2053.09,166.5,11201,3,93,0,0,-110.5,1104.6,15.9
81,PIA,McLaren,59,40.195,2060.97,173.3,10942,3,97,0,0,-106.1,1115.1,15.8
81,PIA,McLaren,59,40.211,2061.76,174.0,10916,4,97,0,0,-105.8,1115.9,15.8
81,PIA,McLaren,59,40.411,2071.82,181.0,11286,4,98,0,0,-103.6,1122.3,15.7
81,PIA,McLaren,59,40.475,2075.17,183.4,11182,4,98,0,0,-102.9,1124.5,15.7
81,PIA,McLaren,59,40.796,2092.78,195.4,10663,4,98,0,0,-97.9,1141.8,15.9
81,PIA,McLaren,59,40.811,2093.59,196.0,10639,4,98,0,0,-97.7,1142.6,15.9
81,PIA,McLaren,59,40.956,2101.44,196.0,10694,4,99,0,0,-95.7,1150.3,15.9
81,PIA,McLaren,59,41.011,2104.48,196.0,10715,5,99,0,0,-95.0,1153.1,15.9
81,PIA,McLaren,59,41.171,2113.64,206.0,11003,5,99,0,0,-93.0,1161.3,15.9
81,PIA,McLaren,59,41.276,2119.81,209.0,11049,5,99,0,0,-91.6,1166.9,15.9
81,PIA,McLaren,59,41.491,2132.75,215.0,11142,5,98,0,0,-88.6,1179.3,15.8
81,PIA,McLaren,59,41.496,2133.05,215.2,11157,5,98,0,0,-88.5,1179.6,15.8
81,PIA,McLaren,59,41.651,2142.57,221.0,11635,5,98,0,0,-86.4,1188.7,15.9
81,PIA,McLaren,59,41.676,2144.14,221.7,11563,5,98,0,0,-86.0,1190.2,15.9
81,PIA,McLaren,59,41.756,2149.2,223.9,11334,5,98,0,0,-84.8,1195.0,15.9
81,PIA,McLaren,59,42.011,2165.67,231.0,10604,6,98,0,0,-80.0,1216.3,15.7
81,PIA,McLaren,59,42.036,2167.27,231.0,10614,6,98,0,0,-79.6,1218.4,15.7
81,PIA,McLaren,59,42.171,2175.94,231.0,10670,6,98,0,0,-77.4,1229.3,15.7
81,PIA,McLaren,59,42.371,2189.16,238.0,11000,6,98,0,0,-74.8,1243.1,15.9
81,PIA,McLaren,59,42.496,2197.57,240.3,10989,6,98,0,0,-73.7,1249.4,15.9
81,PIA,McLaren,59,42.691,2210.85,244.0,10973,6,98,0,0,-72.6,1256.0,15.8
81,PIA,McLaren,59,42.756,2215.31,245.3,11090,6,98,0,0,-72.1,1258.8,15.8
81,PIA,McLaren,59,42.891,2224.63,248.0,11332,6,98,0,0,-70.7,1266.9,15.8
81,PIA,McLaren,59,43.076,2237.64,251.2,11483,6,98,0,0,-68.5,1280.6,15.9
81,PIA,McLaren,59,43.276,2251.89,254.7,11646,6,98,0,0,-66.4,1294.6,15.9
81,PIA,McLaren,59,43.291,2252.96,255.0,11658,6,98,0,0,-66.2,1295.6,15.9
81,PIA,McLaren,59,43.451,2264.43,258.0,11763,6,98,0,0,-64.6,1306.9,15.9
81,PIA,McLaren,59,43.516,2269.14,259.2,11467,6,98,0,0,-63.9,1311.5,15.9
81,PIA,McLaren,59,43.716,2283.78,262.7,10554,6,98,0,0,-61.9,1325.8,15.9
81,PIA,McLaren,59,43.731,2284.88,263.0,10486,7,98,0,0,-61.8,1326.9,15.9
81,PIA,McLaren,59,43.796,2289.65,263.4,10521,7,98,0,0,-61.2,1331.6,15.9
81,PIA,McLaren,59,43.891,2296.62,264.0,10571,7,98,0,0,-60.4,1338.6,15.9
81,PIA,McLaren,59,44.016,2305.84,265.2,10632,7,98,0,0,-59.3,1347.7,15.9
81,PIA,McLaren,59,44.091,2311.39,266.0,10669,7,98,0,0,-58.8,1353.1,15.9
81,PIA,McLaren,59,44.296,2326.69,267.9,10772,7,98,0,0,-57.6,1368.4,15.9
81,PIA,McLaren,59,44.531,2344.39,270.0,10891,7,98,0,0,-56.3,1390.0,15.9
81,PIA,McLaren,59,44.556,2346.29,270.4,10897,7,98,0,0,-56.2,1392.4,15.9
81,PIA,McLaren,59,44.771,2362.66,274.0,10949,7,98,0,0,-55.6,1412.9,15.9
81,PIA,McLaren,59,44.996,2380.02,277.2,11096,7,98,0,0,-55.3,1430.7,15.9
81,PIA,McLaren,59,45.05,2384.21,278.0,11131,7,98,0,0,-55.3,1433.8,15.9
81,PIA,McLaren,59,45.21,2396.61,279.0,11186,7,98,0,0,-55.2,1441.5,15.9
81,PIA,McLaren,59,45.275,2401.65,279.3,11170,7,98,0,0,-55.2,1445.3,15.9
81,PIA,McLaren,59,45.45,2415.27,280.0,11127,7,98,0,0,-55.3,1458.9,15.8
81,PIA,McLaren,59,45.535,2421.9,280.4,11127,7,98,0,0,-55.4,1465.5,15.8
81,PIA,McLaren,59,45.69,2434.01,281.0,11127,7,98,0,0,-55.6,1475.9,15.8
81,PIA,McLaren,59,45.795,2442.2,281.0,11180,7,98,0,0,-56.3,1485.7,15.8
81,PIA,McLaren,59,45.935,2453.13,281.0,11252,7,98,0,0,-58.2,1504.2,15.7
81,PIA,McLaren,59,46.01,2458.98,281.0,11290,7,98,0,0,-59.3,1512.9,15.7
81,PIA,McLaren,59,46.171,2471.55,281.0,11227,7,99,0,0,-61.8,1526.9,15.7
81,PIA,McLaren,59,46.395,2489.03,281.0,11196,7,99,0,0,-65.4,1542.6,15.7
81,PIA,McLaren,59,46.411,2490.28,281.0,11194,7,99,0,0,-65.7,1543.8,15.7
81,PIA,McLaren,59,46.755,2517.05,279.3,11031,7,99,0,0,-71.3,1568.4,15.7
81,PIA,McLaren,59,46.811,2521.28,279.0,11004,7,99,0,0,-72.1,1571.8,15.7
81,PIA,McLaren,59,47.171,2546.78,255.0,9308,7,0,1,0,-76.5,1590.8,15.7
81,PIA,McLaren,59,47.176,2547.1,254.0,9296,7,0,1,0,-76.6,1591.1,15.7
81,PIA,McLaren,59,47.371,2558.62,213.0,8820,7,0,1,0,-79.4,1603.6,15.7
81,PIA,McLaren,59,47.376,2558.89,212.3,8828,7,0,1,0,-79.5,1603.9,15.7
81,PIA,McLaren,59,47.531,2567.06,190.0,9092,7,0,1,0,-81.3,1612.3,15.7
81,PIA,McLaren,59,47.656,2572.88,175.7,8946,7,0,1,0,-82.8,1619.2,15.7
81,PIA,McLaren,59,47.811,2579.35,158.0,8765,7,0,1,0,-84.8,1628.9,15.7
81,PIA,McLaren,59,47.836,2580.35,156.2,8796,7,0,1,0,-85.0,1630.2,15.7
81,PIA,McLaren,59,48.096,2589.99,137.4,9113,7,0,1,0,-86.3,1637.6,15.6
81,PIA,McLaren,59,48.171,2592.55,132.0,9205,6,0,1,0,-86.7,1639.9,15.6
81,PIA,McLaren,59,48.396,2599.7,116.7,9473,6,0,1,0,-87.8,1648.1,15.6
81,PIA,McLaren,59,48.451,2601.34,113.0,9538,4,0,1,0,-87.9,1649.9,15.6
81,PIA,McLaren,59,48.616,2606.0,104.8,8814,4,0,1,0,-88.0,1654.7,15.6
81,PIA,McLaren,59,48.731,2609.04,99.0,8310,2,0,1,0,-87.8,1657.9,15.6
81,PIA,McLaren,59,48.736,2609.17,98.8,8294,2,0,1,0,-87.8,1658.0,15.6
81,PIA,McLaren,59,48.936,2614.08,91.3,7659,2,0,1,0,-86.9,1662.9,15.6
81,PIA,McLaren,59,49.051,2616.77,87.0,7294,2,0,1,0,-86.2,1665.3,15.6
81,PIA,McLaren,59,49.291,2622.17,81.0,6806,2,0,1,0,-83.1,1669.9,15.5
81,PIA,McLaren,59,49.296,2622.28,80.9,6800,2,0,1,0,-83.0,1670.0,15.5
81,PIA,McLaren,59,49.476,2626.03,75.5,6568,2,0,1,0,-78.1,1673.8,15.6
81,PIA,McLaren,59,49.491,2626.34,75.0,6549,2,0,1,0,-77.8,1674.0,15.6
81,PIA,McLaren,59,49.731,2631.21,73.0,5942,2,0,1,0,-75.4,1675.2,15.6
81,PIA,McLaren,59,49.796,2632.47,71.7,5844,2,0,1,0,-74.3,1675.3,15.6
81,PIA,McLaren,59,49.931,2635.04,69.0,5640,2,0,1,0,-70.6,1675.8,15.6
81,PIA,McLaren,59,50.036,2637.0,67.7,5625,2,0,1,0,-67.6,1676.0,15.6
81,PIA,McLaren,59,50.091,2638.02,67.0,5617,2,0,0,0,-66.3,1676.0,15.6
81,PIA,McLaren,59,50.291,2641.68,66.0,5444,2,0,0,0,-63.6,1675.4,15.5
81,PIA,McLaren,59,50.491,2645.18,63.0,5211,2,2,0,0,-61.7,1674.2,15.5
81,PIA,McLaren,59,50.536,2645.94,62.3,5247,2,4,0,0,-61.2,1673.9,15.5
81,PIA,McLaren,59,50.696,2648.54,59.6,5375,2,11,0,0,-59.0,1672.4,15.5
81,PIA,McLaren,59,50.731,2649.12,59.0,5403,2,12,0,0,-58.4,1671.8,15.5
81,PIA,McLaren,59,50.891,2651.78,60.0,5678,2,23,0,0,-55.4,1668.4,15.5
81,PIA,McLaren,59,50.936,2652.55,60.6,5688,2,24,0,0,-54.7,1667.6,15.5
81,PIA,McLaren,59,51.051,2654.54,62.0,5715,2,25,0,0,-53.6,1666.2,15.5
81,PIA,McLaren,59,51.211,2657.43,65.0,6179,2,32,0,0,-53.1,1665.3,15.5
81,PIA,McLaren,59,51.276,2658.65,66.2,6278,2,34,0,0,-52.7,1664.6,15.5
81,PIA,McLaren,59,51.436,2661.77,69.0,6523,2,39,0,0,-51.3,1662.0,15.5
81,PIA,McLaren,59,51.491,2662.87,70.0,6607,2,41,0,0,-50.7,1660.8,15.5
81,PIA,McLaren,59,51.65,2666.14,74.0,6799,2,42,0,0,-48.9,1656.6,15.5
81,PIA,McLaren,59,51.755,2668.43,77.1,7158,2,45,0,0,-48.7,1656.1,15.5
81,PIA,McLaren,59,51.85,2670.59,80.0,7482,2,48,0,0,-49.4,1657.9,15.6
81,PIA,McLaren,59,51.915,2672.11,82.4,7663,2,50,0,0,-49.6,1658.6,15.6
81,PIA,McLaren,59,52.01,2674.41,86.0,7927,2,52,0,0,-49.0,1656.8,15.5
81,PIA,McLaren,59,52.075,2676.03,87.9,8143,2,53,0,0,-48.3,1655.0,15.5
81,PIA,McLaren,59,52.25,2680.61,93.0,8723,2,56,0,0,-47.0,1651.4,15.5
81,PIA,McLaren,59,52.375,2684.02,97.4,9137,2,58,0,0,-45.9,1647.9,15.5
81,PIA,McLaren,59,52.45,2686.16,100.0,9385,2,59,0,0,-45.1,1644.7,15.5
81,PIA,McLaren,59,52.535,2688.71,103.6,9720,2,61,0,0,-44.1,1640.8,15.5
81,PIA,McLaren,59,52.731,2694.91,112.0,10491,2,67,0,0,-42.6,1633.0,15.5
81,PIA,McLaren,59,52.891,2700.06,116.0,11000,2,71,0,0,-41.9,1628.0,15.5
81,PIA,McLaren,59,53.015,2704.34,121.8,10977,2,76,0,0,-41.5,1624.7,15.5
81,PIA,McLaren,59,53.171,2710.09,129.0,10949,2,82,0,0,-41.2,1621.4,15.5
81,PIA,McLaren,59,53.335,2716.52,136.8,11041,2,88,0,0,-40.8,1617.4,15.5
81,PIA,McLaren,59,53.571,2726.54,148.0,11173,3,97,0,0,-40.0,1608.2,15.5
81,PIA,McLaren,59,53.635,2729.44,151.8,11075,3,97,0,0,-39.8,1605.3,15.5
81,PIA,McLaren,59,53.796,2737.09,161.3,10828,3,98,0,0,-39.2,1597.5,15.5
81,PIA,McLaren,59,53.916,2743.03,168.4,10645,3,98,0,0,-38.7,1592.2,15.5
81,PIA,McLaren,59,54.011,2747.81,174.0,10499,4,98,0,0,-38.3,1588.2,15.5
81,PIA,McLaren,59,54.236,2759.4,182.4,11060,4,98,0,0,-36.5,1577.1,15.5
81,PIA,McLaren,59,54.331,2764.34,186.0,11297,4,98,0,0,-34.9,1570.0,15.5
81,PIA,McLaren,59,54.456,2770.87,188.3,11469,4,98,0,0,-32.7,1561.1,15.4
81,PIA,McLaren,59,54.491,2772.74,189.0,11517,4,98,0,0,-32.3,1559.5,15.4
81,PIA,McLaren,59,54.716,2785.22,199.3,10730,4,98,0,0,-30.5,1553.9,15.3
81,PIA,McLaren,59,54.731,2786.07,200.0,10678,5,98,0,0,-30.3,1553.4,15.3
81,PIA,McLaren,59,55.036,2803.69,207.6,10853,5,99,0,0,-24.3,1536.7,15.0
81,PIA,McLaren,59,55.051,2804.56,208.0,10862,5,99,0,0,-23.9,1535.7,15.0
81,PIA,McLaren,59,55.276,2817.75,211.5,11074,5,98,0,0,-17.7,1520.3,14.8
81,PIA,McLaren,59,55.371,2823.49,213.0,11163,5,98,0,0,-15.9,1515.9,14.8
81,PIA,McLaren,59,55.571,2835.99,225.0,10271,5,98,0,0,-12.0,1506.9,14.7
81,PIA,McLaren,59,55.576,2836.31,225.1,10276,5,98,0,0,-11.9,1506.6,14.7
81,PIA,McLaren,59,55.851,2853.73,228.0,10539,6,99,0,0,-1.6,1482.5,14.6
81,PIA,McLaren,59,55.856,2854.05,228.2,10547,6,99,0,0,-1.5,1482.2,14.6
81,PIA,McLaren,59,56.051,2866.95,238.0,10870,6,99,0,0,1.5,1474.9,14.6
81,PIA,McLaren,59,56.196,2876.68,240.4,11001,6,99,0,0,3.6,1470.0,14.6
81,PIA,McLaren,59,56.396,2890.31,243.7,11181,6,98,0,0,8.9,1457.6,14.6
81,PIA,McLaren,59,56.411,2891.35,244.0,11195,6,98,0,0,9.3,1456.7,14.6
81,PIA,McLaren,59,56.596,2904.29,249.2,11406,6,98,0,0,14.3,1445.0,14.6
81,PIA,McLaren,59,56.731,2913.84,253.0,11560,6,98,0,0,19.2,1433.7,14.6
81,PIA,McLaren,59,56.931,2928.01,255.0,11733,6,98,0,0,27.4,1415.0,14.5
81,PIA,McLaren,59,56.956,2929.77,255.0,11733,6,98,0,0,28.3,1412.9,14.5
81,PIA,McLaren,59,57.091,2939.34,255.0,11733,6,98,0,0,32.7,1402.9,14.5
81,PIA,McLaren,59,57.356,2958.78,262.4,10892,6,98,0,0,39.3,1387.9,14.5
81,PIA,McLaren,59,57.451,2965.84,265.0,10591,7,98,0,0,41.3,1383.4,14.5
81,PIA,McLaren,59,57.636,2979.61,267.8,10738,7,98,0,0,45.7,1373.0,14.4
81,PIA,McLaren,59,57.651,2980.73,268.0,10750,7,98,0,0,46.2,1371.8,14.4
81,PIA,McLaren,59,57.916,3000.74,271.8,10851,7,98,0,0,57.4,1345.4,14.2
81,PIA,McLaren,59,57.931,3001.88,272.0,10857,7,98,0,0,58.0,1344.0,14.2
81,PIA,McLaren,59,58.131,3017.16,275.0,10944,7,98,0,0,64.2,1329.0,14.0
81,PIA,McLaren,59,58.395,3037.54,277.8,11127,7,98,0,0,70.2,1314.3,13.7
81,PIA,McLaren,59,58.41,3038.71,278.0,11137,7,98,0,0,70.5,1313.5,13.7
81,PIA,McLaren,59,58.69,3060.56,281.0,11253,7,98,0,0,76.6,1298.5,13.4
81,PIA,McLaren,59,58.735,3064.09,281.6,11263,7,98,0,0,77.8,1295.5,13.4
81,PIA,McLaren,59,58.835,3071.96,282.8,11286,7,98,0,0,80.7,1288.3,13.3
81,PIA,McLaren,59,58.85,3073.14,283.0,11289,7,98,0,0,81.1,1287.2,13.3
81,PIA,McLaren,59,59.115,3094.04,283.9,11409,7,98,0,0,88.5,1267.7,13.1
81,PIA,McLaren,59,59.13,3095.23,284.0,11416,7,98,0,0,88.9,1266.6,13.1
81,PIA,McLaren,59,59.331,3111.2,286.0,11455,7,98,0,0,94.3,1251.6,13.1
81,PIA,McLaren,59,59.375,3114.71,286.4,11470,7,98,0,0,95.5,1248.3,13.1
81,PIA,McLaren,59,59.595,3132.39,288.5,11547,7,98,0,0,101.1,1231.6,13.0
81,PIA,McLaren,59,59.651,3136.89,289.0,11567,7,98,0,0,102.3,1227.8,13.0
81,PIA,McLaren,59,59.775,3146.83,289.0,11579,7,99,0,0,105.4,1217.9,13.1
81,PIA,McLaren,59,59.891,3156.15,289.0,11591,7,99,0,0,110.1,1202.2,13.1
81,PIA,McLaren,59,59.995,3164.56,290.1,11622,7,99,0,0,114.2,1188.1,13.0
81,PIA,McLaren,59,60.171,3178.86,292.0,11674,7,98,0,0,117.8,1175.4,13.0
81,PIA,McLaren,59,60.371,3195.14,293.0,10414,7,98,0,0,119.8,1167.7,13.0
81,PIA,McLaren,59,60.396,3197.18,293.2,10415,7,98,0,0,120.2,1166.1,13.0
81,PIA,McLaren,59,60.571,3211.53,295.0,10425,8,98,0,0,123.9,1152.1,13.0
81,PIA,McLaren,59,60.616,3215.22,295.2,10440,8,98,0,0,124.8,1148.7,13.0
81,PIA,McLaren,59,60.811,3231.26,296.0,10507,8,98,0,0,127.9,1136.6,13.0
81,PIA,McLaren,59,60.876,3236.63,296.5,10508,8,98,0,0,129.6,1129.6,13.0
81,PIA,McLaren,59,61.016,3248.23,297.7,10509,8,99,0,0,134.6,1108.7,12.9
81,PIA,McLaren,59,61.051,3251.13,298.0,10509,8,99,0,0,135.6,1104.4,12.9
81,PIA,McLaren,59,61.371,3277.71,299.0,10587,8,98,0,0,139.6,1087.9,12.9
81,PIA,McLaren,59,61.456,3284.79,299.5,10602,8,98,0,0,140.8,1082.9,12.9
81,PIA,McLaren,59,61.531,3291.04,300.0,10615,8,98,0,0,142.1,1077.1,12.9
81,PIA,McLaren,59,61.616,3298.13,300.2,10610,8,98,0,0,143.8,1069.9,12.9
81,PIA,McLaren,59,61.891,3321.14,301.0,10595,8,98,0,0,149.0,1047.6,12.8
81,PIA,McLaren,59,61.896,3321.56,301.0,10597,8,98,0,0,149.1,1047.1,12.8
81,PIA,McLaren,59,62.131,3341.34,303.0,10690,8,98,0,0,155.2,1021.5,12.8
81,PIA,McLaren,59,62.136,3341.76,303.0,10691,8,98,0,0,155.3,1021.0,12.8
81,PIA,McLaren,59,62.331,3358.17,303.0,10726,8,98,0,0,159.8,1001.6,12.8
81,PIA,McLaren,59,62.516,3373.78,303.5,10811,8,98,0,0,162.9,988.1,12.7
81,PIA,McLaren,59,62.691,3388.57,304.0,10891,8,98,0,0,164.6,980.9,12.7
81,PIA,McLaren,59,62.776,3395.77,304.4,10821,8,98,0,0,166.0,974.9,12.7
81,PIA,McLaren,59,62.891,3405.52,305.0,10726,8,98,0,0,169.2,961.4,12.7
81,PIA,McLaren,59,63.056,3419.59,306.4,10773,8,98,0,0,174.1,940.2,12.7
81,PIA,McLaren,59,63.131,3425.99,307.0,10795,8,98,0,0,175.4,934.6,12.7
81,PIA,McLaren,59,63.291,3439.59,306.0,10790,8,99,0,0,176.6,929.5,12.6
81,PIA,McLaren,59,63.376,3446.82,306.3,10818,8,99,0,0,177.6,925.3,12.6
81,PIA,McLaren,59,63.611,3466.87,307.0,10894,8,98,0,0,182.1,905.7,12.6
81,PIA,McLaren,59,63.616,3467.3,307.0,10893,8,98,0,0,182.2,905.3,12.6
81,PIA,McLaren,59,63.771,3480.52,307.0,10862,8,99,0,0,185.2,892.4,12.7
81,PIA,McLaren,59,63.776,3480.95,307.0,10863,8,99,0,0,185.3,892.0,12.7
81,PIA,McLaren,59,64.051,3504.47,308.0,10901,8,98,0,0,190.6,869.1,12.6
81,PIA,McLaren,59,64.056,3504.9,308.0,10901,8,98,0,0,190.7,868.7,12.6
81,PIA,McLaren,59,64.211,3518.16,308.0,10904,8,98,0,0,193.6,855.8,12.6
81,PIA,McLaren,59,64.236,3520.3,308.0,10905,8,98,0,0,194.1,853.7,12.6
81,PIA,McLaren,59,64.411,3535.27,308.0,10912,8,99,0,0,197.3,839.1,12.6
81,PIA,McLaren,59,64.456,3539.13,308.1,10912,8,99,0,0,198.2,835.3,12.6
81,PIA,McLaren,59,64.656,3556.29,308.7,10911,8,98,0,0,202.1,818.5,12.6
81,PIA,McLaren,59,64.771,3566.17,309.0,10910,8,98,0,0,204.3,808.8,12.6
81,PIA,McLaren,59,64.955,3582.02,309.5,10928,8,98,0,0,207.8,793.3,12.7
81,PIA,McLaren,59,65.095,3594.07,309.9,10942,8,98,0,0,210.6,781.6,12.7
81,PIA,McLaren,59,65.13,3597.09,310.0,10945,8,98,0,0,211.3,778.7,12.7
81,PIA,McLaren,59,65.315,3613.01,310.0,10942,8,98,0,0,214.9,763.2,12.7
81,PIA,McLaren,59,65.45,3624.64,310.0,10939,8,98,0,0,217.6,751.8,12.8
81,PIA,McLaren,59,65.535,3631.99,310.5,10954,8,98,0,0,219.3,744.7,12.8
81,PIA,McLaren,59,65.61,3638.47,311.0,10968,8,98,0,0,220.8,738.4,12.8
81,PIA,McLaren,59,65.755,3650.95,310.5,10955,8,98,0,0,223.7,726.3,12.8
81,PIA,McLaren,59,65.891,3662.66,310.0,10942,8,98,0,0,226.4,714.8,12.8
81,PIA,McLaren,59,65.995,3671.65,310.6,10952,8,98,0,0,228.5,706.2,12.8
81,PIA,McLaren,59,66.051,3676.49,311.0,10958,8,98,0,0,229.6,701.6,12.8
81,PIA,McLaren,59,66.135,3683.73,310.5,10968,8,98,0,0,231.3,694.5,12.8
81,PIA,McLaren,59,66.211,3690.26,310.0,10978,8,98,0,0,233.1,687.2,12.8
81,PIA,McLaren,59,66.395,3706.05,309.2,10903,8,98,0,0,237.7,667.7,12.9
81,PIA,McLaren,59,66.451,3710.86,309.0,10880,8,98,0,0,239.0,662.1,12.9
81,PIA,McLaren,59,66.771,3737.8,303.0,10972,8,0,1,0,245.5,634.5,13.0
81,PIA,McLaren,59,66.795,3739.65,299.2,10816,8,0,1,0,245.9,632.9,13.0
81,PIA,McLaren,59,67.036,3756.92,261.4,9250,8,0,1,0,249.1,619.5,13.1
81,PIA,McLaren,59,67.051,3757.94,259.0,9152,8,0,1,0,249.3,618.6,13.1
81,PIA,McLaren,59,67.331,3775.91,231.0,9188,8,0,1,0,254.1,598.1,13.2
81,PIA,McLaren,59,67.416,3780.54,218.5,9144,8,0,1,0,255.3,592.9,13.2
81,PIA,McLaren,59,67.716,3794.36,174.2,8991,8,0,1,0,257.9,580.5,13.2
81,PIA,McLaren,59,67.731,3795.02,172.0,8983,8,0,1,0,258.0,579.9,13.2
81,PIA,McLaren,59,67.971,3805.42,156.0,10243,8,0,1,0,259.8,570.2,13.2
81,PIA,McLaren,59,68.036,3808.12,154.0,10150,8,0,1,0,260.1,566.3,13.2
81,PIA,McLaren,59,68.216,3815.31,148.3,9891,8,0,1,0,260.4,553.8,13.1
81,PIA,McLaren,59,68.451,3824.22,141.0,9553,4,0,1,0,260.1,549.4,13.1
81,PIA,McLaren,59,68.516,3826.61,138.8,9490,4,0,1,0,259.7,548.2,13.1
81,PIA,McLaren,59,68.736,3834.53,131.2,9276,4,0,1,0,257.4,540.9,13.1
81,PIA,McLaren,59,68.771,3835.77,130.0,9242,3,0,0,0,256.9,539.7,13.1
81,PIA,McLaren,59,68.971,3842.83,127.0,9115,3,1,0,0,253.6,533.5,13.1
81,PIA,McLaren,59,68.996,3843.71,127.0,9122,3,3,0,0,253.0,532.5,13.1
81,PIA,McLaren,59,69.216,3851.44,127.0,9182,3,25,0,0,246.9,522.7,13.0
81,PIA,McLaren,59,69.371,3856.94,127.0,9225,3,40,0,0,243.8,516.9,13.0
81,PIA,McLaren,59,69.651,3867.13,131.0,9650,3,43,0,0,241.1,508.1,12.9
81,PIA,McLaren,59,69.676,3868.06,131.5,9676,3,43,0,0,240.9,507.2,12.9
81,PIA,McLaren,59,69.891,3876.2,136.0,9897,3,44,0,0,239.9,499.2,12.8
81,PIA,McLaren,59,70.051,3882.37,139.0,9975,3,48,0,0,239.5,493.7,12.8
81,PIA,McLaren,59,70.056,3882.57,139.1,9989,3,48,0,0,239.5,493.5,12.8
81,PIA,McLaren,59,70.376,3895.47,144.9,10884,3,71,0,0,239.6,484.7,12.8
81,PIA,McLaren,59,70.491,3900.34,147.0,11206,3,79,0,0,239.9,480.3,12.8
81,PIA,McLaren,59,70.656,3907.59,153.4,11016,3,83,0,0,240.6,473.0,12.7
81,PIA,McLaren,59,70.851,3916.44,161.0,10792,3,88,0,0,241.7,464.5,12.7
81,PIA,McLaren,59,70.896,3918.51,162.0,10840,3,89,0,0,242.0,462.5,12.7
81,PIA,McLaren,59,70.956,3921.27,163.4,10904,3,91,0,0,242.5,459.9,12.6
81,PIA,McLaren,59,71.176,3931.63,168.4,11138,3,96,0,0,244.4,449.7,12.6
81,PIA,McLaren,59,71.291,3937.34,171.0,11260,4,99,0,0,245.6,444.1,12.6
81,PIA,McLaren,59,71.491,3947.79,188.0,11590,4,98,0,0,248.1,434.1,12.6
81,PIA,McLaren,59,71.515,3949.07,188.6,11538,4,98,0,0,248.4,432.9,12.6
81,PIA,McLaren,59,71.675,3957.74,192.6,11194,4,98,0,0,250.7,424.6,12.6
81,PIA,McLaren,59,71.875,3968.88,197.6,10763,4,98,0,0,253.6,413.9,12.7
81,PIA,McLaren,59,71.89,3969.73,198.0,10731,5,98,0,0,253.8,413.1,12.7
81,PIA,McLaren,59,71.995,3975.72,202.4,10837,5,98,0,0,255.5,407.4,12.7
81,PIA,McLaren,59,72.13,3983.6,208.0,10974,5,99,0,0,257.8,399.8,12.7
81,PIA,McLaren,59,72.315,3994.74,216.3,11437,5,98,0,0,260.8,389.5,12.7
81,PIA,McLaren,59,72.331,3995.71,217.0,11477,5,98,0,0,261.0,388.7,12.7
81,PIA,McLaren,59,72.491,4005.49,220.0,11621,5,98,0,0,263.7,379.3,12.7
81,PIA,McLaren,59,72.495,4005.74,220.1,11603,5,98,0,0,263.8,379.0,12.7
81,PIA,McLaren,59,72.715,4019.66,227.5,10620,5,98,0,0,269.8,357.3,12.7
81,PIA,McLaren,59,72.731,4020.69,228.0,10548,5,98,0,0,270.1,356.0,12.7
81,PIA,McLaren,59,73.115,4046.02,236.7,10833,5,98,0,0,274.1,341.0,12.7
81,PIA,McLaren,59,73.171,4049.78,238.0,10875,6,98,0,0,274.9,337.8,12.7
81,PIA,McLaren,59,73.315,4059.52,241.6,11061,6,98,0,0,277.3,328.2,12.7
81,PIA,McLaren,59,73.451,4068.84,245.0,11237,6,98,0,0,279.6,319.3,12.8
81,PIA,McLaren,59,73.536,4074.72,246.8,11307,6,98,0,0,281.3,312.5,12.8
81,PIA,McLaren,59,73.731,4088.36,251.0,11466,6,98,0,0,286.3,292.8,12.8
81,PIA,McLaren,59,73.736,4088.71,251.1,11469,6,98,0,0,286.4,292.4,12.8
81,PIA,McLaren,59,74.076,4112.88,255.8,11665,6,98,0,0,290.3,277.3,12.8
81,PIA,McLaren,59,74.091,4113.96,256.0,11674,6,98,0,0,290.5,276.5,12.8
81,PIA,McLaren,59,74.371,4134.26,261.0,10633,7,98,0,0,295.6,256.9,12.8
81,PIA,McLaren,59,74.376,4134.62,261.1,10634,7,98,0,0,295.7,256.5,12.8
81,PIA,McLaren,59,74.596,4150.9,264.7,10674,7,98,0,0,299.7,240.9,12.8
81,PIA,McLaren,59,74.731,4160.96,267.0,10699,7,98,0,0,302.6,229.7,12.8
81,PIA,McLaren,59,74.816,4167.3,267.8,10733,7,98,0,0,304.6,222.3,12.8
81,PIA,McLaren,59,74.931,4175.9,269.0,10780,7,98,0,0,307.3,212.1,12.8
81,PIA,McLaren,59,75.131,4190.9,270.0,10907,7,99,0,0,311.8,195.1,12.8
81,PIA,McLaren,59,75.196,4195.83,271.3,10924,7,99,0,0,313.0,190.4,12.8
81,PIA,McLaren,59,75.331,4206.12,274.0,10959,7,98,0,0,315.2,182.2,12.8
81,PIA,McLaren,59,75.491,4218.3,274.0,11048,7,98,0,0,317.2,174.4,12.8
81,PIA,McLaren,59,75.616,4227.93,276.0,11111,7,98,0,0,319.2,166.7,12.8
81,PIA,McLaren,59,75.796,4241.93,278.8,11201,7,98,0,0,322.6,153.2,12.9
81,PIA,McLaren,59,75.811,4243.1,279.0,11209,7,98,0,0,322.9,152.1,12.9
81,PIA,McLaren,59,76.011,4258.71,281.0,11224,7,99,0,0,326.4,137.6,12.9
81,PIA,McLaren,59,76.036,4260.67,281.1,11228,7,99,0,0,326.9,135.1,12.9
81,PIA,McLaren,59,76.236,4276.3,281.6,11262,7,99,0,0,331.8,112.1,12.8
81,PIA,McLaren,59,76.371,4286.91,282.0,11285,7,99,0,0,333.1,105.5,12.8
81,PIA,McLaren,59,76.516,4298.38,284.2,11371,7,99,0,0,333.7,101.7,12.9
81,PIA,McLaren,59,76.571,4302.75,285.0,11404,7,99,0,0,334.1,99.1,12.9
81,PIA,McLaren,59,76.598,4304.89,285.2,11412,7,99,0,0,334.3,97.5,12.9
10,GAS,Alpine,67,0.0,0.01,285.1,10926,7,100,0,0,334.8,95.1,12.8
10,GAS,Alpine,67,0.172,13.67,286.0,10927,7,100,0,0,336.7,81.7,12.8
10,GAS,Alpine,67,0.216,17.17,286.0,10934,7,100,0,0,337.1,78.2,12.8
10,GAS,Alpine,67,0.372,29.56,286.0,10960,7,100,0,0,338.3,65.9,12.8
10,GAS,Alpine,67,0.456,36.23,286.0,10943,7,100,0,0,338.8,59.3,12.8
10,GAS,Alpine,67,0.716,56.89,286.0,10892,7,100,0,0,339.5,38.7,12.7
10,GAS,Alpine,67,0.732,58.16,286.0,10889,7,100,0,0,339.5,37.4,12.7
10,GAS,Alpine,67,0.916,72.74,285.1,10868,7,100,0,0,339.3,22.8,12.8
10,GAS,Alpine,67,0.932,73.99,285.0,10866,7,100,0,0,339.3,21.5,12.8
10,GAS,Alpine,67,0.956,75.87,284.5,10852,7,98,0,0,339.2,19.6,12.8
10,GAS,Alpine,67,1.932,147.88,266.0,10264,7,3,1,0,332.1,-56.5,13.0
10,GAS,Alpine,67,2.036,155.08,255.6,10456,7,3,1,0,331.3,-63.7,13.1
10,GAS,Alpine,67,2.116,160.46,247.6,10604,7,2,1,0,330.7,-69.1,13.2
10,GAS,Alpine,67,2.172,164.02,242.0,10707,7,2,1,0,330.3,-72.8,13.2
10,GAS,Alpine,67,2.315,172.36,217.1,10873,7,1,1,0,329.3,-82.3,13.2
10,GAS,Alpine,67,2.373,175.57,207.0,10940,7,1,1,0,329.0,-86.6,13.2
10,GAS,Alpine,67,2.635,189.39,190.2,11071,7,0,1,0,328.1,-105.9,13.4
10,GAS,Alpine,67,2.653,190.27,189.0,11080,6,0,1,0,328.1,-106.7,13.4
10,GAS,Alpine,67,2.935,203.03,165.2,11274,6,0,1,0,328.3,-114.3,13.4
10,GAS,Alpine,67,2.973,204.67,162.0,11300,3,0,1,0,328.5,-115.8,13.4
10,GAS,Alpine,67,3.213,214.87,153.0,10510,3,0,1,0,330.4,-128.5,13.3
10,GAS,Alpine,67,3.255,216.65,152.5,10432,3,0,1,0,330.9,-130.6,13.3
10,GAS,Alpine,67,3.373,221.59,151.0,10212,3,0,1,0,332.6,-135.9,13.3
10,GAS,Alpine,67,3.653,232.86,145.0,9996,3,0,0,0,337.8,-145.3,13.3
10,GAS,Alpine,67,3.676,233.77,144.6,9981,3,0,0,0,338.2,-145.9,13.3
10,GAS,Alpine,67,3.893,242.26,141.0,9837,3,3,0,0,341.8,-150.8,13.4
10,GAS,Alpine,67,4.053,248.4,138.0,9763,3,8,0,0,345.2,-154.2,13.4
10,GAS,Alpine,67,4.096,250.02,137.4,9681,3,10,0,0,346.4,-155.2,13.4
10,GAS,Alpine,67,4.116,250.77,137.1,9643,3,10,0,0,347.0,-155.7,13.4
10,GAS,Alpine,67,4.396,261.08,133.2,9112,3,20,0,0,355.4,-162.3,13.5
10,GAS,Alpine,67,4.413,261.7,133.0,9080,3,21,0,0,356.0,-162.7,13.5
10,GAS,Alpine,67,4.613,268.86,129.0,8993,3,0,1,0,364.6,-167.9,13.5
10,GAS,Alpine,67,4.656,270.32,127.0,9077,3,0,1,0,366.2,-168.8,13.5
10,GAS,Alpine,67,4.933,279.0,114.0,9618,2,0,1,0,372.6,-172.3,13.5
10,GAS,Alpine,67,5.016,281.44,110.9,9289,2,0,1,0,374.4,-173.3,13.5
10,GAS,Alpine,67,5.196,286.51,104.1,8577,2,0,1,0,378.9,-176.0,13.5
10,GAS,Alpine,67,5.253,288.06,102.0,8351,2,0,1,0,380.1,-176.8,13.5
10,GAS,Alpine,67,5.436,292.85,96.1,7843,2,0,1,0,383.7,-180.0,13.5
10,GAS,Alpine,67,5.533,295.3,93.0,7574,2,0,1,0,385.9,-183.3,13.5
10,GAS,Alpine,67,5.636,297.83,89.8,7559,2,0,1,0,387.9,-186.8,13.5
10,GAS,Alpine,67,5.693,299.21,88.0,7551,2,0,1,0,388.6,-188.2,13.5
10,GAS,Alpine,67,5.996,306.22,83.8,6942,2,0,1,0,388.8,-191.8,13.5
10,GAS,Alpine,67,6.053,307.51,83.0,6828,2,0,0,0,388.7,-192.9,13.5
10,GAS,Alpine,67,6.213,311.06,80.0,6630,2,0,0,0,388.5,-196.8,13.6
10,GAS,Alpine,67,6.256,311.98,79.2,6645,2,1,0,0,388.4,-197.8,13.6
10,GAS,Alpine,67,6.496,316.82,74.5,6727,2,6,0,0,387.2,-203.0,13.6
10,GAS,Alpine,67,6.573,318.36,73.0,6754,2,8,0,0,386.4,-205.0,13.6
10,GAS,Alpine,67,6.756,322.06,73.0,6888,2,20,0,0,384.4,-209.8,13.8
10,GAS,Alpine,67,6.852,324.02,73.0,6959,2,27,0,0,383.7,-211.2,13.8
10,GAS,Alpine,67,7.036,327.84,74.8,7137,2,36,0,0,382.6,-213.1,13.9
10,GAS,Alpine,67,7.052,328.19,75.0,7153,2,37,0,0,382.4,-213.3,13.9
10,GAS,Alpine,67,7.236,332.33,79.0,7457,2,40,0,0,380.1,-216.5,14.0
10,GAS,Alpine,67,7.372,335.48,82.0,7681,2,43,0,0,378.1,-218.7,14.1
10,GAS,Alpine,67,7.436,336.96,82.8,7855,2,46,0,0,377.1,-219.7,14.1
10,GAS,Alpine,67,7.532,339.21,84.0,8117,2,50,0,0,375.4,-221.1,14.1
10,GAS,Alpine,67,7.656,342.23,87.1,8183,2,52,0,0,372.9,-222.6,14.2
10,GAS,Alpine,67,7.692,343.12,88.0,8202,2,52,0,0,372.1,-223.0,14.2
10,GAS,Alpine,67,7.932,349.32,93.0,8551,2,56,0,0,366.6,-225.2,14.4
10,GAS,Alpine,67,7.936,349.43,93.1,8570,2,56,0,0,366.5,-225.2,14.4
10,GAS,Alpine,67,8.132,354.88,100.0,9516,2,68,0,0,361.3,-226.3,14.6
10,GAS,Alpine,67,8.196,356.63,100.0,9339,2,68,0,0,359.4,-226.6,14.6
10,GAS,Alpine,67,8.332,360.43,100.0,8964,2,69,0,0,354.9,-227.0,14.7
10,GAS,Alpine,67,8.416,363.02,106.0,8942,2,70,0,0,352.1,-227.1,14.8
10,GAS,Alpine,67,8.572,368.23,117.0,8902,3,71,0,0,347.5,-227.3,15.1
10,GAS,Alpine,67,8.656,371.18,120.4,9107,3,74,0,0,345.0,-227.3,15.2
10,GAS,Alpine,67,8.876,379.34,129.1,9645,3,82,0,0,337.4,-227.1,15.5
10,GAS,Alpine,67,8.973,383.05,133.0,9882,3,85,0,0,333.9,-226.9,15.6
10,GAS,Alpine,67,9.155,390.16,140.3,10535,3,87,0,0,327.1,-226.4,15.9
10,GAS,Alpine,67,9.173,390.88,141.0,10600,3,87,0,0,326.4,-226.3,15.9
10,GAS,Alpine,67,9.335,397.52,145.4,11051,3,92,0,0,320.0,-225.5,16.2
10,GAS,Alpine,67,9.613,409.58,153.0,11826,3,100,0,0,308.4,-223.2,16.6
10,GAS,Alpine,67,9.635,410.57,154.3,11728,3,100,0,0,307.5,-223.0,16.6
10,GAS,Alpine,67,9.795,417.96,163.6,11015,3,100,0,0,300.5,-221.2,16.8
10,GAS,Alpine,67,9.853,420.71,167.0,10757,4,100,0,0,297.2,-220.3,16.9
10,GAS,Alpine,67,10.053,430.44,175.0,10941,4,100,0,0,282.7,-215.8,17.3
10,GAS,Alpine,67,10.056,430.58,175.1,10942,4,100,0,0,282.5,-215.7,17.3
10,GAS,Alpine,67,10.253,440.44,180.0,10981,4,100,0,0,266.4,-210.3,17.4
10,GAS,Alpine,67,10.256,440.59,180.2,10982,4,100,0,0,266.2,-210.2,17.4
10,GAS,Alpine,67,10.533,455.52,194.0,11100,4,100,0,0,257.1,-207.0,17.7
10,GAS,Alpine,67,10.696,464.57,198.1,10810,4,100,0,0,252.0,-204.8,17.8
10,GAS,Alpine,67,10.856,473.67,202.1,10526,4,100,0,0,243.7,-201.2,17.8
10,GAS,Alpine,67,10.893,475.82,203.0,10460,5,100,0,0,241.8,-200.3,17.8
10,GAS,Alpine,67,11.036,484.32,208.4,10685,5,100,0,0,234.4,-196.6,17.8
10,GAS,Alpine,67,11.293,500.05,218.0,11088,5,100,0,0,216.6,-186.3,17.8
10,GAS,Alpine,67,11.336,502.7,219.1,11140,5,100,0,0,213.7,-184.5,17.8
10,GAS,Alpine,67,11.493,512.44,223.0,11329,5,100,0,0,203.9,-178.4,17.8
10,GAS,Alpine,67,12.413,572.49,235.0,11864,5,100,0,0,163.2,-148.3,17.6
10,GAS,Alpine,67,12.436,574.01,235.2,11780,5,100,0,0,162.1,-147.4,17.6
10,GAS,Alpine,67,12.716,592.55,237.1,10755,5,100,0,0,147.8,-136.0,17.6
10,GAS,Alpine,67,12.853,601.58,238.0,10254,6,100,0,0,140.7,-130.2,17.6
10,GAS,Alpine,67,12.896,604.41,237.2,10223,6,88,0,0,138.6,-128.4,17.6
10,GAS,Alpine,67,13.136,619.92,232.7,10051,6,23,0,0,126.2,-118.4,17.6
10,GAS,Alpine,67,13.173,622.2,232.0,10025,6,13,1,0,123.6,-116.3,17.6
10,GAS,Alpine,67,13.296,629.51,219.1,10551,6,7,1,0,114.6,-109.1,17.6
10,GAS,Alpine,67,13.412,635.94,207.0,11048,6,1,1,0,109.4,-104.9,17.6
10,GAS,Alpine,67,13.616,646.07,184.4,10483,6,1,1,0,104.5,-100.7,17.6
10,GAS,Alpine,67,13.692,649.63,176.0,10273,5,1,1,0,102.0,-98.5,17.6
10,GAS,Alpine,67,13.856,657.11,165.3,10075,5,1,1,0,96.1,-92.8,17.6
10,GAS,Alpine,67,13.892,658.69,163.0,10032,4,1,1,0,94.9,-91.6,17.6
10,GAS,Alpine,67,14.136,668.61,152.3,9852,4,0,1,0,87.9,-84.0,17.5
10,GAS,Alpine,67,14.356,677.01,142.7,9689,4,0,1,0,82.6,-77.0,17.4
10,GAS,Alpine,67,14.372,677.62,142.0,9677,3,0,1,0,82.1,-76.2,17.4
10,GAS,Alpine,67,14.532,683.76,138.0,9530,3,0,1,0,77.2,-67.1,17.1
10,GAS,Alpine,67,14.556,684.68,137.9,9520,3,1,1,0,76.6,-65.9,17.1
10,GAS,Alpine,67,14.892,697.46,137.0,9381,3,15,0,0,74.5,-58.3,17.0
10,GAS,Alpine,67,14.956,699.82,135.0,9252,3,17,0,0,74.4,-57.0,17.0
10,GAS,Alpine,67,15.052,703.32,132.0,9058,3,20,0,0,74.2,-54.5,16.9
10,GAS,Alpine,67,15.176,707.81,131.3,9252,3,27,0,0,74.4,-49.0,16.8
10,GAS,Alpine,67,15.316,712.85,130.5,9471,3,35,0,0,75.8,-38.5,16.5
10,GAS,Alpine,67,15.413,716.36,130.0,9623,3,40,0,0,76.6,-33.2,16.3
10,GAS,Alpine,67,15.573,722.22,132.0,9422,3,53,0,0,77.1,-29.6,16.2
10,GAS,Alpine,67,15.773,729.95,139.0,10195,3,76,0,0,77.0,-26.4,16.1
10,GAS,Alpine,67,15.815,731.63,140.2,10007,3,74,0,0,77.0,-25.2,16.1
10,GAS,Alpine,67,15.995,739.07,145.2,9203,3,64,0,0,76.7,-18.2,15.9
10,GAS,Alpine,67,16.133,744.85,149.0,8587,3,57,0,0,76.1,-12.5,15.7
10,GAS,Alpine,67,16.235,749.11,149.7,8791,3,55,0,0,75.5,-8.3,15.5
10,GAS,Alpine,67,16.335,753.3,150.4,8990,3,53,0,0,74.7,-4.3,15.3
10,GAS,Alpine,67,16.413,756.59,151.0,9146,4,52,0,0,73.7,-0.9,15.1
10,GAS,Alpine,67,16.653,766.92,155.0,9600,4,77,0,0,69.2,10.2,14.5
10,GAS,Alpine,67,16.676,767.95,155.7,9636,4,77,0,0,68.7,11.1,14.5
10,GAS,Alpine,67,17.053,785.48,167.0,10228,4,85,0,0,60.3,23.4,14.0
10,GAS,Alpine,67,17.076,786.57,167.8,10300,4,87,0,0,59.6,24.2,14.0
10,GAS,Alpine,67,17.156,790.4,170.6,10550,4,93,0,0,57.2,27.3,13.9
10,GAS,Alpine,67,17.253,795.15,174.0,10854,4,100,0,0,54.2,31.1,13.7
10,GAS,Alpine,67,17.376,801.47,179.8,11047,4,100,0,0,50.3,35.9,13.5
10,GAS,Alpine,67,17.573,811.95,189.0,11357,4,100,0,0,43.9,43.8,13.3
10,GAS,Alpine,67,17.616,814.22,189.5,11250,4,100,0,0,42.5,45.5,13.3
10,GAS,Alpine,67,17.853,826.88,192.0,10663,4,100,0,0,34.8,55.1,13.1
10,GAS,Alpine,67,17.916,830.4,194.6,10679,4,100,0,0,32.7,57.7,13.1
10,GAS,Alpine,67,18.216,848.1,207.1,10758,4,100,0,0,22.5,69.9,13.0
10,GAS,Alpine,67,18.333,855.15,212.0,10788,5,100,0,0,18.1,75.0,12.9
10,GAS,Alpine,67,18.396,858.95,214.4,10900,5,100,0,0,15.5,77.8,12.9
10,GAS,Alpine,67,18.493,864.84,218.0,11072,5,100,0,0,11.2,82.3,12.9
10,GAS,Alpine,67,18.693,877.22,223.0,11348,5,100,0,0,1.9,91.6,13.0
10,GAS,Alpine,67,18.736,879.92,224.1,11392,5,100,0,0,0.1,93.3,13.0
10,GAS,Alpine,67,18.893,889.89,228.0,11551,5,100,0,0,-6.1,98.8,13.0
10,GAS,Alpine,67,18.956,893.95,229.3,11407,5,100,0,0,-9.3,101.5,13.0
10,GAS,Alpine,67,19.276,915.04,235.8,10674,5,100,0,0,-31.8,119.5,13.1
10,GAS,Alpine,67,19.333,918.86,237.0,10544,6,100,0,0,-34.3,121.5,13.1
10,GAS,Alpine,67,19.576,935.35,242.4,10667,6,100,0,0,-41.2,127.0,13.0
10,GAS,Alpine,67,19.693,943.36,245.0,10726,6,100,0,0,-46.9,131.8,13.0
10,GAS,Alpine,67,19.816,951.81,246.8,10815,6,100,0,0,-53.6,137.7,13.1
10,GAS,Alpine,67,19.893,957.14,248.0,10870,6,100,0,0,-57.2,141.1,13.1
10,GAS,Alpine,67,20.036,967.11,250.1,10963,6,100,0,0,-63.7,148.7,13.1
10,GAS,Alpine,67,20.172,976.67,252.0,11051,6,100,0,0,-70.9,160.3,13.1
10,GAS,Alpine,67,20.336,988.23,253.6,10992,6,100,0,0,-78.4,174.0,13.0
10,GAS,Alpine,67,20.372,990.78,254.0,10979,6,100,0,0,-79.4,175.9,13.0
10,GAS,Alpine,67,20.616,1008.13,255.5,11142,6,100,0,0,-82.7,184.7,13.0
10,GAS,Alpine,67,20.692,1013.53,256.0,11193,6,100,0,0,-84.9,191.2,13.0
10,GAS,Alpine,67,20.816,1022.34,256.0,11205,6,100,0,0,-89.0,203.9,13.0
10,GAS,Alpine,67,20.892,1027.75,256.0,11212,6,100,0,0,-90.8,210.4,13.0
10,GAS,Alpine,67,21.092,1042.09,258.0,11184,6,100,0,0,-93.0,223.4,13.0
10,GAS,Alpine,67,21.156,1046.66,257.7,11189,6,100,0,0,-93.4,227.6,13.0
10,GAS,Alpine,67,21.292,1056.37,257.0,11200,6,100,0,0,-94.0,237.2,13.1
10,GAS,Alpine,67,21.316,1058.08,257.1,11198,6,100,0,0,-94.1,239.2,13.1
10,GAS,Alpine,67,21.532,1073.57,258.0,11183,6,100,0,0,-94.3,260.1,12.9
10,GAS,Alpine,67,21.576,1076.72,258.0,11188,6,100,0,0,-94.3,263.7,12.9
10,GAS,Alpine,67,21.692,1085.03,258.0,11202,6,100,0,0,-94.2,271.2,12.9
10,GAS,Alpine,67,21.916,1101.03,258.0,11209,6,100,0,0,-93.8,282.3,13.0
10,GAS,Alpine,67,21.973,1105.17,258.0,11211,6,100,0,0,-93.7,286.1,13.0
10,GAS,Alpine,67,22.095,1114.17,258.3,11093,6,83,0,0,-93.3,295.2,13.1
10,GAS,Alpine,67,22.375,1134.39,258.9,10824,6,45,0,0,-92.2,315.3,13.2
10,GAS,Alpine,67,22.413,1136.83,259.0,10787,6,40,1,0,-92.0,317.8,13.2
10,GAS,Alpine,67,22.555,1145.21,222.8,11185,6,12,1,0,-91.4,326.7,13.4
10,GAS,Alpine,67,22.613,1148.38,208.0,11347,6,0,1,0,-91.2,329.9,13.5
10,GAS,Alpine,67,22.773,1156.6,185.0,11096,6,0,1,0,-91.2,338.7,13.7
10,GAS,Alpine,67,22.795,1157.7,183.8,11139,6,0,1,0,-91.2,340.1,13.7
10,GAS,Alpine,67,22.933,1164.43,176.0,11412,4,0,1,0,-91.8,350.1,13.9
10,GAS,Alpine,67,22.975,1166.42,174.4,11318,4,0,1,0,-92.0,352.7,13.9
10,GAS,Alpine,67,23.296,1180.71,162.4,10602,4,0,1,0,-94.1,364.6,14.0
10,GAS,Alpine,67,23.413,1185.49,158.0,10341,3,0,1,0,-96.2,370.7,14.1
10,GAS,Alpine,67,23.576,1191.74,140.1,9640,3,0,1,0,-99.4,379.2,14.3
10,GAS,Alpine,67,23.613,1193.05,136.0,9481,3,0,1,0,-99.9,380.5,14.3
10,GAS,Alpine,67,23.956,1203.45,110.3,7595,3,0,1,0,-103.4,385.6,14.5
10,GAS,Alpine,67,23.973,1203.95,109.0,7502,3,0,1,0,-103.7,385.9,14.5
10,GAS,Alpine,67,24.136,1208.87,108.4,7299,3,0,1,0,-106.9,389.6,14.7
10,GAS,Alpine,67,24.253,1212.35,108.0,7154,3,0,0,0,-110.3,392.3,14.8
10,GAS,Alpine,67,24.476,1218.62,102.4,7091,3,5,0,0,-118.0,396.5,14.9
10,GAS,Alpine,67,24.533,1220.2,101.0,7075,3,6,0,0,-119.8,397.2,14.9
10,GAS,Alpine,67,24.733,1225.76,100.0,7334,3,7,0,0,-125.5,398.2,15.1
10,GAS,Alpine,67,24.856,1229.11,98.8,7211,3,14,0,0,-128.3,398.4,15.1
10,GAS,Alpine,67,24.933,1231.2,98.0,7134,3,19,0,0,-129.7,398.5,15.1
10,GAS,Alpine,67,25.176,1237.87,98.7,7347,3,34,0,0,-134.0,398.3,15.1
10,GAS,Alpine,67,25.293,1241.1,99.0,7450,3,41,0,0,-137.7,398.0,15.2
10,GAS,Alpine,67,25.453,1245.55,100.0,7585,3,45,0,0,-141.9,397.7,15.3
10,GAS,Alpine,67,25.456,1245.63,100.1,7591,3,45,0,0,-141.9,397.7,15.3
10,GAS,Alpine,67,25.613,1250.13,103.0,7898,3,53,0,0,-141.8,397.7,15.3
10,GAS,Alpine,67,25.636,1250.81,103.8,7931,3,55,0,0,-142.0,397.7,15.3
10,GAS,Alpine,67,25.836,1257.05,111.0,8215,3,71,0,0,-147.9,397.2,15.4
10,GAS,Alpine,67,25.893,1258.92,113.0,8296,3,76,0,0,-150.6,397.1,15.4
10,GAS,Alpine,67,26.093,1265.75,123.0,8716,3,76,0,0,-161.1,397.2,15.6
10,GAS,Alpine,67,26.096,1265.86,123.1,8711,3,76,0,0,-161.2,397.2,15.6
10,GAS,Alpine,67,26.373,1276.09,133.0,8248,4,76,0,0,-167.7,397.8,15.7
10,GAS,Alpine,67,26.516,1281.53,135.0,8296,4,71,0,0,-171.1,398.9,15.8
10,GAS,Alpine,67,26.696,1288.46,137.5,8356,4,65,0,0,-177.4,401.1,15.9
10,GAS,Alpine,67,26.733,1289.89,138.0,8368,4,64,0,0,-178.6,401.6,15.9
10,GAS,Alpine,67,26.876,1295.48,140.0,8537,4,66,0,0,-183.6,404.4,16.0
10,GAS,Alpine,67,27.036,1301.86,142.2,8727,4,68,0,0,-193.2,411.7,16.2
10,GAS,Alpine,67,27.092,1304.15,143.0,8793,4,69,0,0,-195.8,413.8,16.2
10,GAS,Alpine,67,27.372,1316.05,153.0,9397,4,83,0,0,-200.4,418.8,16.3
10,GAS,Alpine,67,27.496,1321.53,156.1,9666,4,84,0,0,-202.4,421.7,16.3
10,GAS,Alpine,67,27.696,1330.6,161.1,10101,4,87,0,0,-207.7,428.9,16.4
10,GAS,Alpine,67,27.732,1332.25,162.0,10179,4,87,0,0,-208.6,430.3,16.4
10,GAS,Alpine,67,27.932,1341.64,169.0,9991,4,84,0,0,-213.2,438.3,16.4
10,GAS,Alpine,67,27.956,1342.81,170.1,10071,4,86,0,0,-213.7,439.3,16.4
10,GAS,Alpine,67,28.136,1351.81,178.4,10672,4,98,0,0,-217.3,447.3,16.5
10,GAS,Alpine,67,28.172,1353.64,180.0,10792,4,100,0,0,-218.0,449.0,16.5
10,GAS,Alpine,67,28.372,1364.03,187.0,11072,4,100,0,0,-221.2,458.5,16.5
10,GAS,Alpine,67,28.376,1364.24,187.1,11079,4,100,0,0,-221.3,458.7,16.5
10,GAS,Alpine,67,28.496,1370.69,191.3,11281,4,100,0,0,-223.0,464.8,16.4
10,GAS,Alpine,67,28.573,1374.86,194.0,11411,4,100,0,0,-224.0,468.8,16.5
10,GAS,Alpine,67,28.675,1380.39,195.3,11648,4,100,0,0,-225.2,474.2,16.6
10,GAS,Alpine,67,28.813,1388.0,197.0,11968,4,100,0,0,-226.6,481.6,16.6
10,GAS,Alpine,67,28.875,1391.51,200.5,11588,4,100,0,0,-227.2,485.0,16.6
10,GAS,Alpine,67,28.973,1397.15,206.0,10988,4,100,0,0,-228.1,490.5,16.6
10,GAS,Alpine,67,29.133,1406.44,209.0,10569,5,100,0,0,-229.5,499.9,16.5
10,GAS,Alpine,67,29.175,1408.93,210.2,10651,5,100,0,0,-229.8,502.4,16.5
10,GAS,Alpine,67,29.413,1423.32,217.0,11118,5,100,0,0,-231.5,516.6,16.5
10,GAS,Alpine,67,29.435,1424.66,217.3,11138,5,100,0,0,-231.7,517.9,16.5
10,GAS,Alpine,67,29.455,1425.87,217.5,11155,5,100,0,0,-231.9,519.1,16.5
10,GAS,Alpine,67,29.653,1437.99,220.0,11332,5,100,0,0,-233.4,532.1,16.5
10,GAS,Alpine,67,29.716,1441.93,222.5,11410,5,100,0,0,-233.8,536.2,16.5
10,GAS,Alpine,67,29.853,1450.65,228.0,11580,5,100,0,0,-234.7,544.8,16.7
10,GAS,Alpine,67,29.896,1453.43,229.1,11444,5,100,0,0,-235.0,547.5,16.7
10,GAS,Alpine,67,30.096,1466.56,234.1,10812,5,100,0,0,-236.3,560.2,16.5
10,GAS,Alpine,67,30.173,1471.63,236.0,10568,5,100,0,0,-236.7,564.8,16.5
10,GAS,Alpine,67,30.316,1481.03,237.0,10584,5,100,0,0,-237.5,573.2,16.7
10,GAS,Alpine,67,30.453,1490.14,238.0,10600,6,100,0,0,-238.3,582.3,16.6
10,GAS,Alpine,67,30.496,1493.05,239.2,10643,6,100,0,0,-238.5,585.1,16.6
10,GAS,Alpine,67,30.816,1515.23,248.0,10961,6,100,0,0,-240.3,607.0,16.3
10,GAS,Alpine,67,30.853,1517.81,249.0,10998,6,100,0,0,-240.6,610.8,16.3
10,GAS,Alpine,67,31.053,1531.81,252.0,11166,6,100,0,0,-242.1,633.4,16.0
10,GAS,Alpine,67,31.076,1533.44,252.6,11181,6,100,0,0,-242.2,635.2,16.0
10,GAS,Alpine,67,31.376,1555.21,260.1,11371,6,100,0,0,-242.9,646.7,16.0
10,GAS,Alpine,67,31.413,1557.91,261.0,11394,6,100,0,0,-243.1,650.2,16.0
10,GAS,Alpine,67,31.596,1571.27,262.8,11475,6,100,0,0,-244.1,672.9,16.3
10,GAS,Alpine,67,31.613,1572.52,263.0,11483,6,100,0,0,-244.2,674.6,16.3
10,GAS,Alpine,67,31.893,1593.36,268.0,11170,6,100,0,0,-244.7,688.7,16.3
10,GAS,Alpine,67,32.116,1610.15,270.8,10388,6,100,0,0,-244.8,701.3,16.3
10,GAS,Alpine,67,32.133,1611.43,271.0,10328,7,100,0,0,-244.8,702.9,16.3
10,GAS,Alpine,67,32.293,1623.56,273.0,10435,7,100,0,0,-244.8,720.8,16.4
10,GAS,Alpine,67,32.336,1626.85,273.5,10453,7,100,0,0,-244.8,725.5,16.4
10,GAS,Alpine,67,32.716,1656.22,277.8,10610,7,100,0,0,-244.0,754.8,16.3
10,GAS,Alpine,67,32.733,1657.54,278.0,10617,7,100,0,0,-244.0,755.7,16.3
10,GAS,Alpine,67,32.933,1673.1,280.0,10724,7,100,0,0,-243.5,765.3,16.3
10,GAS,Alpine,67,33.016,1679.6,280.9,10748,7,100,0,0,-243.2,770.3,16.3
10,GAS,Alpine,67,33.216,1695.4,283.1,10805,7,100,0,0,-242.1,785.9,16.3
10,GAS,Alpine,67,33.293,1701.5,284.0,10827,7,100,0,0,-241.6,792.0,16.3
10,GAS,Alpine,67,33.416,1711.23,284.3,10844,7,100,0,0,-240.8,801.6,16.4
10,GAS,Alpine,67,33.716,1734.98,284.9,10886,7,100,0,0,-238.3,825.2,16.4
10,GAS,Alpine,67,33.772,1739.42,285.0,10894,7,100,0,0,-237.8,829.6,16.4
10,GAS,Alpine,67,33.956,1754.04,285.5,10922,7,100,0,0,-236.0,844.1,16.4
10,GAS,Alpine,67,34.116,1766.75,286.0,10947,7,100,0,0,-234.2,856.7,16.3
10,GAS,Alpine,67,34.132,1768.02,286.0,10949,7,100,0,0,-234.0,858.0,16.3
10,GAS,Alpine,67,34.276,1779.43,285.6,10917,7,100,0,0,-232.2,869.2,16.3
10,GAS,Alpine,67,34.436,1792.09,285.2,10881,7,100,0,0,-230.1,881.7,16.3
10,GAS,Alpine,67,34.492,1796.52,285.0,10868,7,100,0,0,-229.3,886.0,16.3
10,GAS,Alpine,67,34.736,1815.83,285.0,10869,7,100,0,0,-225.7,904.4,16.4
10,GAS,Alpine,67,34.772,1818.68,285.0,10869,7,100,0,0,-225.1,907.2,16.4
10,GAS,Alpine,67,34.932,1831.35,285.0,10869,7,100,0,0,-222.4,919.6,16.5
10,GAS,Alpine,67,34.996,1836.4,284.6,10855,7,100,0,0,-221.3,924.5,16.5
10,GAS,Alpine,67,35.092,1843.97,284.0,10834,7,100,0,0,-219.5,931.9,16.5
10,GAS,Alpine,67,35.176,1850.65,284.4,10841,7,100,0,0,-218.0,938.3,16.5
10,GAS,Alpine,67,35.293,1859.89,285.0,10851,7,100,0,0,-215.9,947.3,16.5
10,GAS,Alpine,67,35.435,1870.74,276.4,10537,7,51,0,0,-213.2,958.2,16.4
10,GAS,Alpine,67,35.475,1873.71,273.9,10448,7,37,0,0,-212.4,961.3,16.4
10,GAS,Alpine,67,35.573,1880.73,268.0,10231,7,3,1,0,-210.6,968.7,16.4
10,GAS,Alpine,67,35.695,1888.95,253.3,10440,7,1,1,0,-208.6,977.4,16.4
10,GAS,Alpine,67,35.813,1896.66,239.0,10642,7,0,1,0,-206.9,985.1,16.4
10,GAS,Alpine,67,35.955,1906.05,234.6,10759,7,0,1,0,-204.9,994.3,16.5
10,GAS,Alpine,67,36.133,1917.02,229.0,10906,7,0,1,0,-202.1,1006.6,16.5
10,GAS,Alpine,67,36.196,1920.39,213.6,10862,7,0,1,0,-201.2,1010.5,16.5
10,GAS,Alpine,67,36.333,1927.02,180.0,10766,5,0,1,0,-199.4,1017.7,16.5
10,GAS,Alpine,67,36.436,1931.7,172.3,10364,5,0,1,0,-198.1,1022.5,16.5
10,GAS,Alpine,67,36.616,1939.37,158.8,9662,5,0,1,0,-195.7,1030.1,16.5
10,GAS,Alpine,67,36.653,1940.89,156.0,9518,4,0,1,0,-195.3,1031.4,16.5
10,GAS,Alpine,67,36.836,1948.13,144.6,9283,4,0,1,0,-192.8,1037.6,16.5
10,GAS,Alpine,67,36.893,1950.29,141.0,9210,4,0,1,0,-191.5,1040.2,16.5
10,GAS,Alpine,67,36.996,1954.07,137.0,8979,4,0,1,0,-188.8,1045.1,16.4
10,GAS,Alpine,67,37.253,1962.99,127.0,8402,3,0,1,0,-183.9,1051.1,16.4
10,GAS,Alpine,67,37.413,1968.36,121.0,8306,3,0,1,0,-180.9,1052.8,16.5
10,GAS,Alpine,67,37.456,1969.79,120.6,8264,3,0,1,0,-179.9,1053.3,16.5
10,GAS,Alpine,67,37.613,1974.97,119.0,8112,3,0,0,0,-175.2,1055.4,16.5
10,GAS,Alpine,67,37.616,1975.07,119.0,8112,3,0,0,0,-175.1,1055.4,16.5
10,GAS,Alpine,67,37.796,1980.89,116.7,8117,3,11,0,0,-164.6,1058.0,16.5
10,GAS,Alpine,67,37.853,1982.71,116.0,8118,3,14,0,0,-161.8,1058.7,16.5
10,GAS,Alpine,67,38.093,1990.31,114.0,8369,3,36,0,0,-154.8,1060.8,16.3
10,GAS,Alpine,67,38.176,1993.0,115.5,8498,3,42,0,0,-152.9,1061.5,16.3
10,GAS,Alpine,67,38.373,1999.56,119.0,8805,3,57,0,0,-148.7,1063.3,16.2
10,GAS,Alpine,67,38.533,2005.07,124.0,9030,3,74,0,0,-145.3,1065.0,16.2
10,GAS,Alpine,67,38.716,2011.74,129.2,9468,3,66,0,0,-140.8,1067.8,16.2
10,GAS,Alpine,67,38.813,2015.34,132.0,9700,3,62,0,0,-138.0,1069.7,16.2
10,GAS,Alpine,67,38.876,2017.68,132.8,9621,3,58,0,0,-136.0,1071.2,16.2
10,GAS,Alpine,67,38.973,2021.3,134.0,9500,3,51,0,0,-132.5,1074.2,16.2
10,GAS,Alpine,67,39.076,2025.21,135.8,9676,3,56,0,0,-128.8,1077.5,16.1
10,GAS,Alpine,67,39.253,2032.11,139.0,9979,3,65,0,0,-124.5,1082.0,16.0
10,GAS,Alpine,67,39.456,2040.33,144.1,10481,3,75,0,0,-120.7,1087.0,16.0
10,GAS,Alpine,67,39.613,2046.91,148.0,10870,3,83,0,0,-117.2,1092.2,15.9
10,GAS,Alpine,67,39.696,2050.46,151.3,11121,3,86,0,0,-115.3,1095.3,15.9
10,GAS,Alpine,67,39.813,2055.57,156.0,11474,3,91,0,0,-112.8,1099.8,15.9
10,GAS,Alpine,67,39.876,2058.38,158.1,11393,3,93,0,0,-111.6,1102.2,15.9
10,GAS,Alpine,67,40.053,2066.51,164.0,11167,3,98,0,0,-108.6,1108.9,15.8
10,GAS,Alpine,67,40.096,2068.54,166.2,11092,3,99,0,0,-107.6,1111.4,15.8
10,GAS,Alpine,67,40.213,2074.15,172.0,10888,4,100,0,0,-104.2,1120.8,15.8
10,GAS,Alpine,67,40.296,2078.16,173.6,11121,4,100,0,0,-102.1,1126.9,15.8
10,GAS,Alpine,67,40.372,2081.88,175.0,11335,4,100,0,0,-100.8,1130.6,15.8
10,GAS,Alpine,67,40.636,2095.5,185.4,11406,4,100,0,0,-99.3,1136.6,15.9
10,GAS,Alpine,67,40.652,2096.35,186.0,11410,4,100,0,0,-99.1,1137.2,15.9
10,GAS,Alpine,67,40.852,2107.07,193.0,11530,4,100,0,0,-96.4,1147.8,15.9
10,GAS,Alpine,67,40.856,2107.29,193.2,11518,4,100,0,0,-96.3,1148.0,15.9
10,GAS,Alpine,67,41.116,2122.12,203.7,10729,4,100,0,0,-92.8,1162.0,15.9
10,GAS,Alpine,67,41.172,2125.38,206.0,10559,5,100,0,0,-92.1,1165.1,15.9
10,GAS,Alpine,67,41.356,2136.21,210.1,10802,5,100,0,0,-89.6,1175.4,15.8
10,GAS,Alpine,67,41.536,2147.06,214.2,11039,5,100,0,0,-87.0,1185.8,15.9
10,GAS,Alpine,67,41.572,2149.27,215.0,11087,5,100,0,0,-86.5,1187.8,15.9
10,GAS,Alpine,67,41.656,2154.49,217.9,11200,5,100,0,0,-85.3,1192.8,15.9
10,GAS,Alpine,67,41.973,2174.78,229.0,11627,5,100,0,0,-79.0,1221.1,15.7
10,GAS,Alpine,67,41.975,2174.91,229.0,11627,5,100,0,0,-79.0,1221.2,15.7
10,GAS,Alpine,67,42.255,2193.16,234.3,11612,5,100,0,0,-77.2,1230.2,15.9
10,GAS,Alpine,67,42.293,2195.67,235.0,11610,5,100,0,0,-76.8,1232.2,15.9
10,GAS,Alpine,67,42.415,2203.77,238.1,10935,5,100,0,0,-75.3,1240.6,15.9
10,GAS,Alpine,67,42.493,2209.0,240.0,10504,5,100,0,0,-74.3,1246.1,15.9
10,GAS,Alpine,67,42.773,2228.13,246.0,10761,6,100,0,0,-70.9,1265.5,15.8
10,GAS,Alpine,67,42.776,2228.34,246.1,10763,6,100,0,0,-70.9,1265.7,15.8
10,GAS,Alpine,67,42.936,2239.44,249.3,10892,6,100,0,0,-69.2,1276.6,15.9
10,GAS,Alpine,67,42.973,2242.02,250.0,10922,6,100,0,0,-68.8,1279.1,15.9
10,GAS,Alpine,67,43.116,2252.06,251.6,11026,6,100,0,0,-67.2,1289.0,15.9
10,GAS,Alpine,67,43.276,2263.39,253.4,11142,6,100,0,0,-65.5,1300.2,15.9
10,GAS,Alpine,67,43.413,2273.19,255.0,11242,6,100,0,0,-64.2,1309.3,15.9
10,GAS,Alpine,67,43.556,2283.51,258.1,11312,6,100,0,0,-62.9,1318.6,15.9
10,GAS,Alpine,67,43.693,2293.49,261.0,11379,6,100,0,0,-61.5,1328.3,15.9
10,GAS,Alpine,67,43.696,2293.71,261.1,11381,6,100,0,0,-61.5,1328.6,15.9
10,GAS,Alpine,67,43.893,2308.21,265.0,11500,6,100,0,0,-59.1,1350.8,15.9
10,GAS,Alpine,67,43.996,2315.84,266.0,11568,6,100,0,0,-58.1,1360.7,15.9
10,GAS,Alpine,67,44.093,2323.04,267.0,11632,6,100,0,0,-57.6,1366.5,15.9
10,GAS,Alpine,67,44.293,2337.99,269.0,11726,6,100,0,0,-57.3,1372.9,15.9
10,GAS,Alpine,67,44.316,2339.72,269.3,11726,6,100,0,0,-57.2,1374.1,15.9
10,GAS,Alpine,67,44.533,2356.12,272.0,11726,7,100,0,0,-56.4,1390.0,15.9
10,GAS,Alpine,67,44.636,2363.97,273.1,11291,7,100,0,0,-56.0,1398.2,15.9
10,GAS,Alpine,67,44.813,2377.51,275.0,10543,7,100,0,0,-55.6,1411.6,15.9
10,GAS,Alpine,67,44.816,2377.74,275.0,10545,7,100,0,0,-55.6,1411.9,15.9
10,GAS,Alpine,67,45.053,2395.98,277.0,10667,7,100,0,0,-55.2,1434.8,15.8
10,GAS,Alpine,67,45.056,2396.21,277.0,10668,7,100,0,0,-55.2,1435.0,15.8
10,GAS,Alpine,67,45.213,2408.38,279.0,10698,7,100,0,0,-55.2,1444.0,15.8
10,GAS,Alpine,67,45.296,2414.81,279.0,10696,7,100,0,0,-55.2,1448.6,15.8
10,GAS,Alpine,67,45.413,2423.88,279.0,10693,7,100,0,0,-55.3,1456.6,15.8
10,GAS,Alpine,67,45.613,2439.43,280.0,10577,7,100,0,0,-55.7,1473.0,15.8
10,GAS,Alpine,67,45.676,2444.34,280.0,10610,7,100,0,0,-55.9,1478.0,15.8
10,GAS,Alpine,67,45.773,2451.88,280.0,10661,7,100,0,0,-56.3,1485.5,15.8
10,GAS,Alpine,67,45.776,2452.11,280.0,10661,7,100,0,0,-56.3,1485.7,15.8
10,GAS,Alpine,67,45.936,2464.53,279.7,10653,7,100,0,0,-57.4,1498.0,15.7
10,GAS,Alpine,67,46.253,2489.08,279.0,10637,7,100,0,0,-61.1,1522.3,15.7
10,GAS,Alpine,67,46.296,2492.4,278.9,10632,7,100,0,0,-61.7,1525.6,15.7
10,GAS,Alpine,67,46.456,2504.77,278.5,10616,7,100,0,0,-64.3,1537.8,15.7
10,GAS,Alpine,67,46.653,2519.97,278.0,10595,7,100,0,0,-67.4,1551.6,15.7
10,GAS,Alpine,67,46.696,2523.28,278.0,10595,7,100,0,0,-68.4,1556.0,15.7
10,GAS,Alpine,67,46.853,2535.41,278.0,10595,7,100,0,0,-73.4,1577.3,15.7
10,GAS,Alpine,67,46.876,2537.2,277.6,10558,7,90,0,0,-74.1,1580.1,15.7
10,GAS,Alpine,67,47.092,2553.6,274.0,10215,7,0,1,0,-78.1,1597.8,15.7
10,GAS,Alpine,67,47.236,2562.97,241.6,10110,7,0,1,0,-79.6,1604.4,15.7
10,GAS,Alpine,67,47.292,2566.32,229.0,10069,7,0,1,0,-80.1,1606.5,15.7
10,GAS,Alpine,67,47.612,2583.21,190.0,10812,6,0,1,0,-82.4,1616.7,15.7
10,GAS,Alpine,67,47.696,2587.22,177.9,10596,6,0,1,0,-83.4,1621.9,15.7
10,GAS,Alpine,67,47.772,2590.64,167.0,10400,5,0,1,0,-84.6,1628.0,15.7
10,GAS,Alpine,67,47.856,2594.1,159.1,10287,5,0,1,0,-85.8,1634.6,15.6
10,GAS,Alpine,67,48.092,2602.81,137.0,9971,4,0,1,0,-87.5,1643.7,15.6
10,GAS,Alpine,67,48.252,2608.72,133.0,10681,3,0,1,0,-87.7,1645.9,15.6
10,GAS,Alpine,67,48.336,2611.49,127.1,10278,3,0,1,0,-87.8,1647.9,15.6
10,GAS,Alpine,67,48.515,2616.49,114.5,9418,3,0,1,0,-88.0,1653.7,15.6
10,GAS,Alpine,67,48.693,2621.22,102.0,8564,2,0,1,0,-87.7,1658.6,15.6
10,GAS,Alpine,67,48.695,2621.27,102.0,8556,2,0,1,0,-87.7,1658.7,15.6
10,GAS,Alpine,67,48.835,2625.13,99.0,8008,2,0,1,0,-87.1,1662.3,15.6
10,GAS,Alpine,67,48.933,2627.69,97.0,7624,2,0,1,0,-86.4,1664.5,15.6
10,GAS,Alpine,67,49.115,2631.75,86.4,6956,2,0,1,0,-84.5,1668.1,15.6
10,GAS,Alpine,67,49.293,2635.29,76.0,6302,2,0,1,0,-81.9,1671.2,15.5
10,GAS,Alpine,67,49.356,2636.53,74.4,6167,2,0,1,0,-80.7,1672.1,15.5
10,GAS,Alpine,67,49.533,2639.95,70.0,5789,2,0,1,0,-77.0,1674.3,15.6
10,GAS,Alpine,67,49.556,2640.39,69.6,5770,2,0,1,0,-76.6,1674.5,15.6
10,GAS,Alpine,67,49.693,2642.93,67.0,5657,2,0,1,0,-74.6,1675.3,15.6
10,GAS,Alpine,67,49.836,2645.51,65.6,5415,2,0,1,0,-72.3,1675.7,15.5
10,GAS,Alpine,67,49.893,2646.54,65.0,5318,2,0,1,0,-70.9,1675.8,15.5
10,GAS,Alpine,67,50.053,2649.43,65.0,5149,2,0,0,0,-66.5,1675.7,15.6
10,GAS,Alpine,67,50.076,2649.84,64.7,5133,2,0,0,0,-66.0,1675.7,15.6
10,GAS,Alpine,67,50.333,2654.17,61.0,4958,2,0,0,0,-63.3,1675.1,15.5
10,GAS,Alpine,67,50.456,2656.19,60.0,5059,2,3,0,0,-62.2,1674.4,15.5
10,GAS,Alpine,67,50.573,2658.11,59.0,5156,2,6,0,0,-60.7,1673.5,15.5
10,GAS,Alpine,67,50.696,2660.14,59.4,5327,2,13,0,0,-58.9,1672.3,15.5
10,GAS,Alpine,67,50.893,2663.44,60.0,5602,2,25,0,0,-56.6,1670.0,15.5
10,GAS,Alpine,67,50.936,2664.18,60.5,5682,2,27,0,0,-56.1,1669.5,15.5
10,GAS,Alpine,67,51.133,2667.64,63.0,6049,2,35,0,0,-54.0,1666.8,15.5
10,GAS,Alpine,67,51.156,2668.06,63.6,6094,2,35,0,0,-53.8,1666.4,15.5
10,GAS,Alpine,67,51.293,2670.62,67.0,6362,2,38,0,0,-52.3,1663.7,15.5
10,GAS,Alpine,67,51.436,2673.42,70.0,6475,2,43,0,0,-50.9,1661.1,15.5
10,GAS,Alpine,67,51.533,2675.42,72.0,6552,2,47,0,0,-50.4,1660.1,15.5
10,GAS,Alpine,67,51.813,2681.64,80.0,7811,2,53,0,0,-49.7,1658.8,15.6
10,GAS,Alpine,67,51.816,2681.71,80.1,7819,2,53,0,0,-49.7,1658.8,15.6
10,GAS,Alpine,67,52.053,2687.31,85.0,8412,2,57,0,0,-48.2,1654.9,15.6
10,GAS,Alpine,67,52.256,2692.75,92.6,9118,2,63,0,0,-46.6,1650.2,15.5
10,GAS,Alpine,67,52.436,2697.92,99.4,9744,2,68,0,0,-45.3,1645.5,15.5
10,GAS,Alpine,67,52.453,2698.42,100.0,9803,2,69,0,0,-45.2,1645.0,15.5
10,GAS,Alpine,67,52.516,2700.26,102.2,9998,2,71,0,0,-44.7,1643.3,15.5
10,GAS,Alpine,67,52.653,2704.36,107.0,10423,2,74,0,0,-43.8,1639.3,15.5
10,GAS,Alpine,67,52.736,2706.94,109.8,10161,2,75,0,0,-43.3,1636.8,15.5
10,GAS,Alpine,67,52.893,2712.03,115.0,9665,3,76,0,0,-42.4,1631.8,15.5
10,GAS,Alpine,67,52.936,2713.48,116.7,9836,3,77,0,0,-42.2,1630.5,15.5
10,GAS,Alpine,67,53.156,2721.27,125.7,10710,3,79,0,0,-41.3,1623.1,15.5
10,GAS,Alpine,67,53.213,2723.41,128.0,10937,3,80,0,0,-41.0,1620.2,15.5
10,GAS,Alpine,67,53.436,2732.27,137.3,11109,3,85,0,0,-40.0,1607.5,15.5
10,GAS,Alpine,67,53.692,2743.1,148.0,11306,3,91,0,0,-39.6,1602.1,15.5
10,GAS,Alpine,67,53.736,2745.0,150.2,11208,3,92,0,0,-39.5,1601.0,15.5
10,GAS,Alpine,67,53.892,2751.88,158.0,10859,3,96,0,0,-38.9,1594.8,15.5
10,GAS,Alpine,67,54.076,2760.62,166.3,10743,3,98,0,0,-37.9,1586.1,15.5
10,GAS,Alpine,67,54.236,2768.61,173.5,10641,3,99,0,0,-36.7,1578.7,15.5
10,GAS,Alpine,67,54.292,2771.43,176.0,10606,4,100,0,0,-35.8,1574.6,15.5
10,GAS,Alpine,67,54.436,2778.75,181.8,10969,4,100,0,0,-33.0,1562.2,15.4
10,GAS,Alpine,67,54.492,2781.66,184.0,11110,4,100,0,0,-32.1,1558.7,15.4
10,GAS,Alpine,67,54.856,2801.66,196.4,11408,4,100,0,0,-28.5,1548.0,15.2
10,GAS,Alpine,67,54.933,2806.03,199.0,11471,4,100,0,0,-27.2,1544.4,15.2
10,GAS,Alpine,67,55.135,2817.67,206.6,10969,4,100,0,0,-22.6,1532.4,15.0
10,GAS,Alpine,67,55.173,2819.9,208.0,10874,5,100,0,0,-21.7,1530.0,15.0
10,GAS,Alpine,67,55.413,2834.23,215.0,10850,5,100,0,0,-15.2,1514.5,14.7
10,GAS,Alpine,67,55.555,2842.81,217.1,11125,5,100,0,0,-11.2,1505.1,14.6
10,GAS,Alpine,67,55.613,2846.34,218.0,11237,5,100,0,0,-9.5,1501.2,14.6
10,GAS,Alpine,67,55.853,2861.21,223.0,11377,5,100,0,0,-2.8,1485.3,14.6
10,GAS,Alpine,67,55.956,2867.6,223.0,11533,5,100,0,0,-0.5,1479.8,14.6
10,GAS,Alpine,67,56.013,2871.12,223.0,11620,5,100,0,0,0.6,1477.2,14.6
10,GAS,Alpine,67,56.213,2883.51,223.0,11718,5,100,0,0,3.6,1470.1,14.6
10,GAS,Alpine,67,56.316,2890.12,226.7,11246,5,100,0,0,5.4,1465.8,14.6
10,GAS,Alpine,67,56.573,2907.11,236.0,10070,5,100,0,0,11.5,1451.6,14.6
10,GAS,Alpine,67,56.576,2907.31,236.0,10074,5,100,0,0,11.6,1451.4,14.6
10,GAS,Alpine,67,56.776,2920.53,238.5,10364,5,100,0,0,16.8,1439.4,14.6
10,GAS,Alpine,67,56.893,2928.44,240.0,10534,6,100,0,0,19.8,1432.5,14.6
10,GAS,Alpine,67,56.936,2931.41,242.2,10617,6,100,0,0,21.0,1429.7,14.6
10,GAS,Alpine,67,57.173,2948.2,254.0,11077,6,100,0,0,29.1,1411.0,14.6
10,GAS,Alpine,67,57.216,2951.27,254.9,11106,6,100,0,0,30.5,1407.8,14.6
10,GAS,Alpine,67,57.373,2962.53,258.0,11212,6,100,0,0,35.0,1397.5,14.5
10,GAS,Alpine,67,57.396,2964.19,258.3,11228,6,100,0,0,35.7,1396.0,14.5
10,GAS,Alpine,67,57.533,2974.09,260.0,11321,6,100,0,0,39.7,1387.0,14.5
10,GAS,Alpine,67,57.576,2977.21,260.6,11352,6,100,0,0,40.9,1384.1,14.5
10,GAS,Alpine,67,57.733,2988.7,263.0,11464,6,100,0,0,45.4,1373.6,14.4
10,GAS,Alpine,67,57.756,2990.39,263.4,11445,6,100,0,0,46.1,1372.1,14.4
10,GAS,Alpine,67,57.876,2999.28,265.4,11347,6,100,0,0,49.6,1364.0,14.4
10,GAS,Alpine,67,57.973,3006.5,267.0,11268,6,100,0,1,52.4,1357.4,14.4
10,GAS,Alpine,67,58.133,3018.46,269.0,10148,7,100,0,1,57.0,1346.4,14.2
10,GAS,Alpine,67,58.176,3021.68,269.5,10212,7,100,0,1,58.2,1343.4,14.2
10,GAS,Alpine,67,58.336,3033.77,271.5,10451,7,100,0,1,62.9,1332.3,14.0
10,GAS,Alpine,67,58.373,3036.59,272.0,10506,7,100,0,1,64.0,1329.7,14.0
10,GAS,Alpine,67,58.536,3049.15,276.1,10606,7,100,0,1,68.7,1318.2,13.8
10,GAS,Alpine,67,58.613,3055.12,278.0,10653,7,100,0,1,70.9,1312.7,13.7
10,GAS,Alpine,67,58.716,3063.12,279.0,10722,7,100,0,1,73.9,1305.3,13.5
10,GAS,Alpine,67,58.933,3080.1,281.0,10867,7,100,0,1,80.0,1289.8,13.3
10,GAS,Alpine,67,58.956,3081.92,281.6,10880,7,100,0,1,80.8,1287.8,13.3
10,GAS,Alpine,67,59.173,3099.23,287.0,11007,7,100,0,1,89.4,1265.3,13.1
10,GAS,Alpine,67,59.236,3104.28,287.5,11045,7,100,0,1,91.5,1259.5,13.1
10,GAS,Alpine,67,59.453,3121.71,289.0,11174,7,100,0,1,96.2,1246.4,13.1
10,GAS,Alpine,67,59.636,3136.56,291.6,11188,7,100,0,1,99.4,1236.7,13.1
10,GAS,Alpine,67,59.733,3144.5,293.0,11195,7,100,0,1,101.6,1229.9,13.1
10,GAS,Alpine,67,59.836,3152.99,294.6,11276,7,100,0,1,104.4,1221.2,13.1
10,GAS,Alpine,67,60.036,3169.58,297.7,11435,7,100,0,1,110.4,1201.3,13.0
10,GAS,Alpine,67,60.053,3170.99,298.0,11448,7,100,0,1,110.9,1199.8,13.0
10,GAS,Alpine,67,60.253,3187.6,299.0,11312,7,100,0,1,115.4,1183.9,13.0
10,GAS,Alpine,67,60.256,3187.85,299.1,11293,7,100,0,1,115.5,1183.7,13.0
10,GAS,Alpine,67,60.412,3200.94,302.0,10308,7,100,0,1,118.8,1171.3,13.0
10,GAS,Alpine,67,60.456,3204.64,302.4,10370,7,100,0,1,119.8,1167.6,13.0
10,GAS,Alpine,67,60.612,3217.83,304.0,10589,8,100,0,1,123.5,1153.5,13.0
10,GAS,Alpine,67,60.696,3224.98,305.3,10613,8,100,0,1,125.4,1146.4,13.0
10,GAS,Alpine,67,60.812,3234.88,307.0,10645,8,100,0,1,127.6,1137.8,13.0
10,GAS,Alpine,67,61.012,3251.99,308.0,10721,8,100,0,1,131.1,1123.3,13.0
10,GAS,Alpine,67,61.076,3257.51,309.2,10751,8,100,0,1,132.7,1116.5,13.0
10,GAS,Alpine,67,61.172,3265.82,311.0,10796,8,100,0,1,135.6,1104.1,13.0
10,GAS,Alpine,67,61.316,3278.25,311.0,10800,8,100,0,1,140.3,1084.6,12.9
10,GAS,Alpine,67,61.332,3279.64,311.0,10800,8,100,0,1,140.7,1082.8,12.9
10,GAS,Alpine,67,61.693,3311.13,314.0,10915,8,100,0,1,147.1,1055.9,12.8
10,GAS,Alpine,67,61.695,3311.3,314.0,10916,8,100,0,1,147.1,1055.8,12.8
10,GAS,Alpine,67,61.933,3332.13,315.0,10984,8,100,0,1,149.9,1043.7,12.8
10,GAS,Alpine,67,62.015,3339.34,315.8,11004,8,100,0,1,151.5,1037.0,12.8
10,GAS,Alpine,67,62.253,3360.39,318.0,11061,8,100,0,1,158.1,1008.5,12.7
10,GAS,Alpine,67,62.275,3362.35,318.2,11063,8,100,0,1,158.7,1006.1,12.7
10,GAS,Alpine,67,62.573,3388.93,321.0,11088,8,100,0,1,163.7,984.6,12.7
10,GAS,Alpine,67,62.716,3401.74,321.8,11132,8,100,0,1,166.0,974.9,12.7
10,GAS,Alpine,67,62.916,3419.7,322.9,11194,8,100,0,1,170.1,957.5,12.6
10,GAS,Alpine,67,62.933,3421.23,323.0,11199,8,100,0,1,170.5,955.8,12.6
10,GAS,Alpine,67,63.133,3439.23,324.0,11264,8,100,0,1,175.3,935.0,12.7
10,GAS,Alpine,67,63.136,3439.5,324.0,11265,8,100,0,1,175.4,934.7,12.7
10,GAS,Alpine,67,63.416,3464.91,325.9,11315,8,100,0,1,179.9,915.3,12.6
10,GAS,Alpine,67,63.573,3479.19,327.0,11343,8,100,0,1,183.0,902.2,12.6
10,GAS,Alpine,67,63.756,3495.8,327.0,11368,8,100,0,1,186.9,885.3,12.6
10,GAS,Alpine,67,63.853,3504.63,327.0,11381,8,100,0,1,188.9,876.5,12.6
10,GAS,Alpine,67,63.976,3515.84,327.8,11394,8,100,0,1,191.3,865.8,12.6
10,GAS,Alpine,67,64.116,3528.65,328.6,11408,8,100,0,1,194.2,853.3,12.6
10,GAS,Alpine,67,64.173,3533.87,329.0,11414,8,100,0,1,195.7,846.5,12.6
10,GAS,Alpine,67,64.373,3552.2,330.0,11411,8,100,0,1,202.2,817.8,12.6
10,GAS,Alpine,67,64.416,3556.15,330.0,11416,8,100,0,1,203.3,813.1,12.6
10,GAS,Alpine,67,64.533,3566.87,330.0,11430,8,100,0,1,205.3,804.0,12.6
10,GAS,Alpine,67,64.693,3581.54,330.0,11442,8,100,0,1,206.7,798.1,12.7
10,GAS,Alpine,67,64.796,3591.0,330.4,11455,8,100,0,1,208.2,791.6,12.7
10,GAS,Alpine,67,64.933,3603.6,331.0,11472,8,100,0,1,211.2,778.9,12.7
10,GAS,Alpine,67,64.956,3605.72,331.0,11476,8,100,0,1,211.7,776.7,12.7
10,GAS,Alpine,67,65.093,3618.31,331.0,11497,8,100,0,1,214.6,764.4,12.7
10,GAS,Alpine,67,65.136,3622.27,331.1,11501,8,100,0,1,215.5,760.6,12.7
10,GAS,Alpine,67,65.316,3638.86,331.6,11519,8,100,0,1,219.4,744.5,12.8
10,GAS,Alpine,67,65.453,3651.51,332.0,11532,8,100,0,1,222.3,732.2,12.7
10,GAS,Alpine,67,65.556,3661.04,332.6,11548,8,100,0,1,224.5,722.9,12.7
10,GAS,Alpine,67,65.613,3666.31,333.0,11557,8,100,0,1,225.7,717.8,12.7
10,GAS,Alpine,67,65.776,3681.38,333.0,11545,8,100,0,1,229.3,703.1,12.8
10,GAS,Alpine,67,65.853,3688.51,333.0,11540,8,100,0,1,230.9,696.2,12.8
10,GAS,Alpine,67,66.016,3703.64,332.3,11504,8,100,0,1,234.4,681.5,12.9
10,GAS,Alpine,67,66.093,3710.65,332.0,11487,8,100,0,1,236.1,674.6,12.9
10,GAS,Alpine,67,66.256,3724.96,317.7,10734,8,33,0,1,239.5,660.2,13.0
10,GAS,Alpine,67,66.333,3731.38,311.0,10378,8,1,1,0,241.0,653.8,13.0
10,GAS,Alpine,67,66.416,3738.02,297.7,10429,8,1,1,0,242.6,647.1,13.0
10,GAS,Alpine,67,66.533,3746.88,279.0,10501,8,0,1,0,244.7,638.2,13.0
10,GAS,Alpine,67,66.616,3752.83,266.5,10525,8,0,1,0,246.1,632.2,13.0
10,GAS,Alpine,67,66.733,3760.71,249.0,10559,7,0,1,0,247.9,624.3,13.1
10,GAS,Alpine,67,66.836,3767.11,236.1,10521,7,0,1,0,249.5,617.7,13.1
10,GAS,Alpine,67,67.036,3778.37,211.1,10446,7,0,1,0,252.4,605.7,13.1
10,GAS,Alpine,67,67.053,3779.29,209.0,10440,6,0,1,0,252.6,604.8,13.1
10,GAS,Alpine,67,67.256,3789.83,193.7,10798,6,0,1,0,255.0,594.2,13.2
10,GAS,Alpine,67,67.452,3799.13,179.0,11144,4,0,1,0,258.0,579.8,13.2
10,GAS,Alpine,67,67.476,3800.2,175.4,11068,4,0,1,0,258.3,578.4,13.2
10,GAS,Alpine,67,67.612,3806.02,155.0,10637,4,0,1,0,259.2,573.6,13.2
10,GAS,Alpine,67,67.796,3813.35,146.4,9922,4,0,1,0,259.6,570.3,13.2
10,GAS,Alpine,67,67.932,3818.46,140.0,9394,3,0,1,0,260.2,565.7,13.2
10,GAS,Alpine,67,68.056,3822.98,133.1,9186,3,0,1,0,260.5,560.6,13.2
10,GAS,Alpine,67,68.093,3824.32,131.0,9124,3,0,1,0,260.5,559.0,13.2
10,GAS,Alpine,67,68.253,3830.15,131.0,9030,3,0,0,0,260.1,551.9,13.1
10,GAS,Alpine,67,68.315,3832.37,130.1,8964,3,1,0,0,259.9,549.6,13.1
10,GAS,Alpine,67,68.533,3840.02,127.0,8731,3,4,0,0,258.6,544.0,13.1
10,GAS,Alpine,67,68.595,3842.17,126.4,8744,3,7,0,0,258.0,542.5,13.1
10,GAS,Alpine,67,68.895,3852.41,123.4,8807,3,23,0,0,253.3,533.2,13.1
10,GAS,Alpine,67,68.933,3853.69,123.0,8815,3,25,0,0,252.6,531.9,13.1
10,GAS,Alpine,67,69.133,3860.41,121.0,8921,3,41,0,0,248.6,525.5,13.0
10,GAS,Alpine,67,69.136,3860.51,121.1,8921,3,41,0,0,248.5,525.4,13.0
10,GAS,Alpine,67,69.293,3865.92,124.0,8920,3,55,0,0,246.0,521.1,13.0
10,GAS,Alpine,67,69.336,3867.44,125.1,8998,3,56,0,0,245.2,519.4,13.0
10,GAS,Alpine,67,69.516,3873.99,129.6,9325,3,60,0,0,241.5,509.7,12.9
10,GAS,Alpine,67,69.573,3876.11,131.0,9429,3,61,0,0,240.8,507.8,12.9
10,GAS,Alpine,67,69.816,3885.45,135.9,9766,3,60,0,0,240.4,504.1,12.9
10,GAS,Alpine,67,69.973,3891.56,139.0,9983,3,60,0,0,240.0,497.7,12.9
10,GAS,Alpine,67,70.173,3899.33,140.0,10309,3,69,0,0,239.5,487.3,12.8
10,GAS,Alpine,67,70.196,3900.25,140.5,10391,3,70,0,0,239.5,486.3,12.8
10,GAS,Alpine,67,70.556,3915.1,147.8,11682,3,83,0,0,240.4,474.5,12.7
10,GAS,Alpine,67,70.613,3917.55,149.0,11886,3,85,0,0,240.7,472.2,12.7
10,GAS,Alpine,67,70.716,3922.02,154.2,11762,3,84,0,0,241.2,467.6,12.7
10,GAS,Alpine,67,70.813,3926.38,159.0,11645,3,83,0,0,241.8,463.3,12.7
10,GAS,Alpine,67,70.936,3932.2,165.2,11420,3,88,0,0,242.8,457.8,12.7
10,GAS,Alpine,67,71.196,3945.38,178.2,10944,3,99,0,0,245.4,445.5,12.6
10,GAS,Alpine,67,71.213,3946.27,179.0,10913,4,100,0,0,245.6,444.8,12.6
10,GAS,Alpine,67,71.356,3953.87,185.0,11235,4,100,0,0,247.1,438.0,12.6
10,GAS,Alpine,67,71.573,3965.67,194.0,11724,4,100,0,0,251.5,421.2,12.7
10,GAS,Alpine,67,71.576,3965.83,194.1,11724,4,100,0,0,251.6,421.0,12.7
10,GAS,Alpine,67,71.733,3974.47,198.0,11724,4,100,0,1,253.9,412.5,12.7
10,GAS,Alpine,67,71.933,3985.86,205.0,10798,4,100,0,1,255.7,406.7,12.7
10,GAS,Alpine,67,72.076,3994.31,210.1,10825,4,100,0,1,257.6,400.3,12.7
10,GAS,Alpine,67,72.136,3997.92,212.3,10836,4,100,0,1,258.6,396.9,12.7
10,GAS,Alpine,67,72.213,4002.58,215.0,10850,5,100,0,1,259.9,392.5,12.7
10,GAS,Alpine,67,72.356,4011.33,219.3,11220,5,100,0,1,262.3,384.2,12.7
10,GAS,Alpine,67,72.413,4014.86,221.0,11368,5,100,0,1,263.3,380.9,12.7
10,GAS,Alpine,67,72.576,4025.08,224.3,11531,5,100,0,1,266.0,371.1,12.7
10,GAS,Alpine,67,72.853,4042.97,230.0,11809,5,100,0,1,270.7,354.1,12.8
10,GAS,Alpine,67,72.856,4043.17,230.1,11793,5,100,0,1,270.7,353.9,12.8
10,GAS,Alpine,67,73.016,4053.82,237.5,10922,5,100,0,1,273.4,343.7,12.7
10,GAS,Alpine,67,73.093,4059.03,241.0,10503,6,100,0,1,274.9,337.8,12.7
10,GAS,Alpine,67,73.296,4073.01,246.1,10767,6,100,0,1,279.1,321.4,12.8
10,GAS,Alpine,67,73.413,4081.17,249.0,10919,6,100,0,1,280.8,314.5,12.8
10,GAS,Alpine,67,73.573,4092.41,253.0,11056,6,100,0,1,282.9,306.5,12.8
10,GAS,Alpine,67,73.596,4094.05,253.5,11077,6,100,0,1,283.2,305.2,12.8
10,GAS,Alpine,67,73.856,4112.93,259.4,11309,6,100,0,1,287.7,287.4,12.8
10,GAS,Alpine,67,73.972,4121.45,262.0,11412,6,100,0,1,289.8,279.2,12.8
10,GAS,Alpine,67,74.116,4132.05,263.8,11540,6,100,0,1,292.4,269.1,12.8
10,GAS,Alpine,67,74.276,4143.9,265.8,11682,6,100,0,1,295.4,257.7,12.8
10,GAS,Alpine,67,74.292,4145.09,266.0,11696,6,100,0,1,295.7,256.6,12.8
10,GAS,Alpine,67,74.516,4161.95,270.7,11815,6,100,0,1,299.9,240.3,12.8
10,GAS,Alpine,67,74.532,4163.16,271.0,11823,6,100,0,1,300.3,238.7,12.8
10,GAS,Alpine,67,74.756,4180.22,273.8,11057,6,100,0,1,306.8,213.7,12.8
10,GAS,Alpine,67,74.853,4187.68,275.0,10726,7,100,0,1,308.6,206.8,12.8
10,GAS,Alpine,67,75.093,4206.42,281.0,10772,7,100,0,1,311.2,197.0,12.8
10,GAS,Alpine,67,75.115,4208.15,281.4,10787,7,100,0,1,311.6,195.7,12.8
10,GAS,Alpine,67,75.295,4222.44,284.6,10909,7,100,0,1,315.2,182.0,12.8
10,GAS,Alpine,67,75.373,4228.66,286.0,10962,7,100,0,1,316.7,176.0,12.8
10,GAS,Alpine,67,75.595,4246.46,288.4,11082,7,100,0,1,321.1,158.9,12.8
10,GAS,Alpine,67,75.653,4251.14,289.0,11113,7,100,0,1,322.4,153.7,12.8
10,GAS,Alpine,67,75.816,4264.35,291.4,11206,7,100,0,1,326.1,138.6,12.8
10,GAS,Alpine,67,75.853,4267.36,292.0,11227,7,100,0,1,326.8,135.4,12.8
10,GAS,Alpine,67,76.016,4280.66,293.6,11249,7,100,0,1,329.7,122.5,12.9
10,GAS,Alpine,67,76.053,4283.69,294.0,11254,7,100,0,1,330.3,119.6,12.9
10,GAS,Alpine,67,76.196,4295.46,295.4,11300,7,100,0,1,332.3,109.2,12.8
10,GAS,Alpine,67,76.356,4308.72,297.0,11351,7,100,0,1,333.8,101.2,12.9
10,GAS,Alpine,67,76.425,4314.47,297.7,11373,7,100,0,1,334.6,96.5,13.0
4,NOR,McLaren,65,0.0,0.45,286.7,11565,7,98,0,0,335.5,90.4,12.9
4,NOR,McLaren,65,0.036,3.32,287.0,11581,7,98,0,0,335.9,87.5,12.9
4,NOR,McLaren,65,0.72,57.66,286.0,11422,7,98,0,0,339.5,33.3,12.8
4,NOR,McLaren,65,0.756,60.52,286.0,11414,7,98,0,0,339.5,30.5,12.8
4,NOR,McLaren,65,0.96,76.73,286.0,11354,7,98,0,0,339.0,14.3,12.8
4,NOR,McLaren,65,0.996,79.59,286.0,11344,7,98,0,0,338.8,11.3,12.8
4,NOR,McLaren,65,1.196,95.42,285.0,11331,7,98,0,0,337.6,-6.7,12.9
4,NOR,McLaren,65,1.34,106.81,284.5,11317,7,98,0,0,336.5,-18.7,13.0
4,NOR,McLaren,65,1.476,117.51,284.0,11303,7,98,0,0,335.4,-28.6,13.0
4,NOR,McLaren,65,1.7,134.86,277.3,10716,7,45,0,0,333.6,-43.7,13.0
4,NOR,McLaren,65,1.876,147.73,272.0,10254,7,3,1,0,332.0,-56.9,13.1
4,NOR,McLaren,65,1.9,149.4,268.6,10156,7,3,1,0,331.8,-58.7,13.1
4,NOR,McLaren,65,2.116,163.6,238.0,9275,7,0,1,0,330.1,-73.9,13.2
4,NOR,McLaren,65,2.16,166.31,233.2,9352,7,0,1,0,329.8,-76.8,13.2
4,NOR,McLaren,65,2.32,175.71,215.9,9634,7,0,1,0,328.9,-86.9,13.2
4,NOR,McLaren,65,2.356,177.73,212.0,9697,7,0,1,0,328.7,-89.0,13.2
4,NOR,McLaren,65,2.516,186.31,193.0,9865,7,0,1,0,328.2,-97.7,13.3
4,NOR,McLaren,65,2.519,186.46,192.8,9873,7,0,1,0,328.2,-97.9,13.3
4,NOR,McLaren,65,2.719,196.14,181.0,10406,7,0,1,0,328.1,-107.9,13.4
4,NOR,McLaren,65,2.957,206.77,167.0,11041,7,0,1,0,328.7,-118.7,13.4
4,NOR,McLaren,65,2.959,206.85,166.9,11039,7,0,1,0,328.7,-118.8,13.4
4,NOR,McLaren,65,3.139,214.76,158.8,10823,7,0,1,0,330.7,-129.5,13.3
4,NOR,McLaren,65,3.157,215.54,158.0,10801,5,0,1,0,330.9,-130.3,13.3
4,NOR,McLaren,65,3.397,225.74,153.0,10732,3,0,1,0,333.1,-136.7,13.3
4,NOR,McLaren,65,3.439,227.48,151.8,10645,3,0,1,0,333.6,-137.8,13.3
4,NOR,McLaren,65,3.637,235.48,146.0,10233,3,0,1,0,337.3,-144.5,13.3
4,NOR,McLaren,65,3.679,237.14,145.2,10168,3,0,1,0,338.3,-146.0,13.3
4,NOR,McLaren,65,3.86,244.19,141.8,9886,3,0,1,0,343.3,-152.1,13.4
4,NOR,McLaren,65,3.956,247.88,140.0,9736,3,0,1,0,346.0,-154.8,13.4
4,NOR,McLaren,65,4.1,253.36,137.6,9876,3,3,1,0,350.2,-158.4,13.4
4,NOR,McLaren,65,4.196,256.95,136.0,9969,3,5,0,0,353.0,-160.6,13.5
4,NOR,McLaren,65,4.28,260.03,134.3,9830,3,4,0,0,355.6,-162.4,13.5
4,NOR,McLaren,65,4.636,272.47,127.0,9241,3,0,1,0,367.5,-169.5,13.5
4,NOR,McLaren,65,4.64,272.6,126.8,9250,3,0,1,0,367.6,-169.6,13.5
4,NOR,McLaren,65,4.86,279.72,118.2,9729,3,0,1,0,373.1,-172.5,13.5
4,NOR,McLaren,65,4.916,281.49,116.0,9851,2,0,1,0,374.5,-173.3,13.5
4,NOR,McLaren,65,5.076,286.47,112.0,9060,2,0,1,0,378.9,-176.0,13.5
4,NOR,McLaren,65,5.18,289.51,107.3,8842,2,0,1,0,381.4,-177.8,13.5
4,NOR,McLaren,65,5.276,292.19,103.0,8640,2,0,1,0,383.3,-179.4,13.5
4,NOR,McLaren,65,5.34,293.93,100.9,8506,2,0,1,0,384.5,-180.8,13.5
4,NOR,McLaren,65,5.556,299.5,94.0,8052,2,0,1,0,387.9,-188.1,13.5
4,NOR,McLaren,65,5.62,301.11,92.0,7880,2,0,1,0,388.6,-190.0,13.5
4,NOR,McLaren,65,5.716,303.46,89.0,7621,2,0,1,0,389.2,-192.2,13.5
4,NOR,McLaren,65,6.04,310.87,82.7,6874,2,0,1,0,388.6,-196.6,13.6
4,NOR,McLaren,65,6.076,311.66,82.0,6791,2,0,1,0,388.5,-197.4,13.6
4,NOR,McLaren,65,6.12,312.62,81.3,6738,2,0,1,0,388.3,-198.4,13.6
4,NOR,McLaren,65,6.436,319.26,76.0,6359,2,0,0,0,386.4,-205.1,13.7
4,NOR,McLaren,65,6.44,319.34,75.9,6361,2,0,0,0,386.4,-205.2,13.7
4,NOR,McLaren,65,6.676,323.99,71.0,6468,2,0,0,0,383.3,-211.9,13.8
4,NOR,McLaren,65,6.68,324.07,71.0,6475,2,0,0,0,383.3,-212.0,13.8
4,NOR,McLaren,65,6.956,329.52,71.0,6928,2,22,0,0,381.6,-214.8,13.9
4,NOR,McLaren,65,7.06,331.63,72.3,6993,2,24,0,0,380.6,-215.9,14.0
4,NOR,McLaren,65,7.196,334.45,74.0,7079,2,27,0,0,378.8,-218.0,14.1
4,NOR,McLaren,65,7.2,334.53,74.1,7088,2,27,0,0,378.7,-218.1,14.1
4,NOR,McLaren,65,7.356,337.87,77.0,7429,2,31,0,0,376.6,-219.9,14.2
4,NOR,McLaren,65,7.46,340.22,79.0,7578,2,34,0,0,375.3,-220.9,14.2
4,NOR,McLaren,65,7.716,346.27,84.0,7944,2,41,0,0,371.8,-223.1,14.2
4,NOR,McLaren,65,7.8,348.25,85.0,8174,2,44,0,0,370.3,-223.8,14.2
4,NOR,McLaren,65,7.876,350.09,86.0,8383,2,46,0,0,368.7,-224.4,14.3
4,NOR,McLaren,65,8.036,354.23,93.0,8658,2,50,0,0,364.9,-225.5,14.4
4,NOR,McLaren,65,8.12,356.43,94.3,9004,2,53,0,0,362.7,-226.0,14.5
4,NOR,McLaren,65,8.236,359.56,96.0,9481,2,58,0,0,359.6,-226.5,14.6
4,NOR,McLaren,65,8.26,360.23,96.9,9536,2,58,0,0,358.9,-226.6,14.6
4,NOR,McLaren,65,8.46,366.16,104.8,9992,2,58,0,0,353.1,-227.1,14.8
4,NOR,McLaren,65,8.516,367.88,107.0,10120,2,58,0,0,351.4,-227.2,14.9
4,NOR,McLaren,65,8.7,373.67,112.3,10539,2,61,0,0,345.7,-227.3,15.1
4,NOR,McLaren,65,8.78,376.29,114.5,10721,2,63,0,0,343.1,-227.3,15.2
4,NOR,McLaren,65,8.796,376.83,115.0,10757,2,63,0,0,342.5,-227.3,15.2
4,NOR,McLaren,65,9.036,385.16,125.0,10897,2,62,0,0,331.0,-226.8,15.8
4,NOR,McLaren,65,9.1,387.41,126.2,10491,2,62,0,0,327.8,-226.5,15.9
4,NOR,McLaren,65,9.196,390.85,128.0,9881,2,62,0,0,323.3,-226.0,16.1
4,NOR,McLaren,65,9.517,403.42,141.0,10545,3,79,0,0,311.2,-223.8,16.5
4,NOR,McLaren,65,9.519,403.5,141.0,10549,3,79,0,0,311.1,-223.8,16.5
4,NOR,McLaren,65,9.677,409.82,144.0,10825,3,79,0,0,307.2,-222.9,16.6
4,NOR,McLaren,65,9.879,418.48,152.7,11228,3,86,0,0,302.1,-221.6,16.8
4,NOR,McLaren,65,9.957,421.95,156.0,11383,3,89,0,0,299.4,-220.9,16.9
4,NOR,McLaren,65,10.039,425.67,160.1,11133,3,93,0,0,295.2,-219.7,17.0
4,NOR,McLaren,65,10.157,431.18,166.0,10774,4,99,0,0,285.3,-216.6,17.0
4,NOR,McLaren,65,10.279,437.16,171.4,11092,4,99,0,0,274.0,-212.9,16.9
4,NOR,McLaren,65,10.516,449.33,182.0,11710,4,99,0,0,260.1,-208.0,17.3
4,NOR,McLaren,65,10.74,461.01,187.6,10754,4,99,0,0,252.4,-204.9,17.8
4,NOR,McLaren,65,10.796,464.03,189.0,10515,4,99,0,0,250.7,-204.2,17.9
4,NOR,McLaren,65,11.116,482.07,203.0,10674,5,99,0,0,240.4,-199.6,17.8
4,NOR,McLaren,65,11.12,482.3,203.1,10684,5,99,0,0,240.2,-199.5,17.8
4,NOR,McLaren,65,11.316,493.74,210.0,11158,5,99,0,0,230.3,-194.4,17.8
4,NOR,McLaren,65,11.34,495.15,210.5,11191,5,99,0,0,228.9,-193.6,17.8
4,NOR,McLaren,65,11.556,508.07,215.0,11491,5,98,0,0,215.6,-185.6,17.7
4,NOR,McLaren,65,11.62,511.96,216.6,11568,5,98,0,0,211.5,-183.0,17.7
4,NOR,McLaren,65,11.796,522.8,221.0,11779,5,98,0,0,200.0,-175.3,17.6
4,NOR,McLaren,65,11.94,531.89,224.6,11358,5,98,0,0,191.8,-169.6,17.6
4,NOR,McLaren,65,12.156,545.8,230.0,10727,6,98,0,0,183.4,-163.6,17.6
4,NOR,McLaren,65,12.356,558.86,235.0,10849,6,98,0,0,176.3,-158.3,17.6
4,NOR,McLaren,65,12.36,559.12,235.1,10853,6,98,0,0,176.1,-158.2,17.6
4,NOR,McLaren,65,12.62,576.37,238.8,11115,6,98,0,0,162.4,-147.7,17.6
4,NOR,McLaren,65,12.636,577.45,239.0,11131,6,98,0,0,161.3,-146.9,17.6
4,NOR,McLaren,65,12.82,589.96,244.5,11300,6,98,0,0,148.7,-136.7,17.6
4,NOR,McLaren,65,12.836,591.06,245.0,11315,6,98,0,0,147.8,-136.0,17.6
4,NOR,McLaren,65,13.14,612.13,248.8,11201,6,39,0,0,134.8,-125.4,17.6
4,NOR,McLaren,65,13.156,613.19,249.0,11195,6,36,0,0,133.9,-124.7,17.6
4,NOR,McLaren,65,13.36,626.24,233.7,10353,6,10,0,0,121.2,-114.4,17.6
4,NOR,McLaren,65,13.436,630.93,228.0,10039,6,0,1,0,116.7,-110.7,17.6
4,NOR,McLaren,65,13.596,640.48,215.0,9890,6,0,1,0,108.3,-103.9,17.6
4,NOR,McLaren,65,13.66,644.0,208.9,9935,6,0,1,0,105.5,-101.5,17.6
4,NOR,McLaren,65,13.996,660.15,177.0,10173,5,0,1,0,94.7,-91.5,17.6
4,NOR,McLaren,65,14.02,661.26,175.2,10268,5,0,1,0,93.9,-90.6,17.6
4,NOR,McLaren,65,14.156,667.48,165.0,10805,4,0,1,0,88.9,-85.0,17.5
4,NOR,McLaren,65,14.28,672.96,160.0,10587,4,0,1,0,84.7,-79.9,17.4
4,NOR,McLaren,65,14.356,676.2,157.0,10454,3,0,1,0,82.7,-77.4,17.4
4,NOR,McLaren,65,14.596,685.94,146.0,10121,3,0,1,0,78.9,-71.1,17.3
4,NOR,McLaren,65,14.66,688.48,144.4,10000,3,0,1,0,78.0,-69.2,17.2
4,NOR,McLaren,65,14.756,692.25,142.0,9818,3,0,1,0,76.6,-65.9,17.1
4,NOR,McLaren,65,14.82,694.71,140.4,9762,3,0,1,0,75.8,-63.7,17.0
4,NOR,McLaren,65,14.956,699.86,137.0,9642,3,0,1,0,74.5,-59.5,16.9
4,NOR,McLaren,65,15.12,706.0,135.5,9663,3,3,1,0,74.2,-52.8,16.8
4,NOR,McLaren,65,15.276,711.77,134.0,9683,3,5,0,0,75.2,-42.8,16.6
4,NOR,McLaren,65,15.3,712.65,133.7,9672,3,6,0,0,75.4,-41.4,16.6
4,NOR,McLaren,65,15.556,721.96,131.0,9549,3,18,0,0,76.6,-32.3,16.3
4,NOR,McLaren,65,15.719,727.87,131.0,9896,3,42,0,0,76.9,-28.4,16.2
4,NOR,McLaren,65,15.756,729.24,131.0,9975,3,48,0,0,76.9,-27.4,16.2
4,NOR,McLaren,65,16.039,740.12,138.1,10504,3,71,0,0,76.7,-18.6,15.9
4,NOR,McLaren,65,16.077,741.63,139.0,10575,3,74,0,0,76.6,-17.2,15.9
4,NOR,McLaren,65,16.277,749.74,146.0,10893,3,64,0,0,75.6,-9.1,15.5
4,NOR,McLaren,65,16.299,750.63,146.0,10812,3,61,0,0,75.4,-8.2,15.5
4,NOR,McLaren,65,16.477,757.85,146.0,10161,3,41,0,0,73.8,-1.0,15.2
4,NOR,McLaren,65,16.559,761.27,148.1,9935,3,43,0,0,72.9,2.0,15.0
4,NOR,McLaren,65,16.717,767.99,152.0,9500,4,47,0,0,70.6,7.7,14.7
4,NOR,McLaren,65,16.739,768.93,152.3,9518,4,48,0,0,70.0,8.8,14.6
4,NOR,McLaren,65,16.959,778.51,155.4,9696,4,62,0,0,60.7,22.8,14.1
4,NOR,McLaren,65,17.077,783.69,157.0,9791,4,69,0,0,58.1,26.3,13.9
4,NOR,McLaren,65,17.236,790.75,160.0,10335,4,81,0,0,56.5,28.1,13.8
4,NOR,McLaren,65,17.26,791.86,161.2,10407,4,83,0,0,56.1,28.6,13.8
4,NOR,McLaren,65,17.436,800.2,170.0,10934,4,98,0,0,51.4,34.5,13.6
4,NOR,McLaren,65,17.6,808.13,174.1,11399,4,98,0,0,45.2,42.2,13.4
4,NOR,McLaren,65,17.636,809.92,175.0,11501,4,98,0,0,43.7,44.1,13.4
4,NOR,McLaren,65,17.956,826.81,190.0,10250,5,98,0,0,30.5,60.3,13.0
4,NOR,McLaren,65,17.96,827.03,190.1,10256,5,98,0,0,30.4,60.4,13.0
4,NOR,McLaren,65,18.26,843.58,197.6,10740,5,98,0,0,24.7,67.2,13.0
4,NOR,McLaren,65,18.396,851.38,201.0,10959,5,98,0,0,21.3,71.3,13.0
4,NOR,McLaren,65,18.6,863.5,209.5,11298,5,98,0,0,11.7,81.9,12.9
4,NOR,McLaren,65,18.756,872.98,216.0,11558,5,98,0,0,-0.8,94.2,13.0
4,NOR,McLaren,65,18.76,873.22,216.1,11561,5,98,0,0,-1.1,94.5,13.0
4,NOR,McLaren,65,18.916,882.8,221.0,11663,5,98,0,0,-7.6,100.6,13.1
4,NOR,McLaren,65,19.076,892.75,224.0,10683,5,98,0,0,-10.4,102.6,13.0
4,NOR,McLaren,65,19.14,896.8,225.6,10693,5,98,0,0,-12.6,104.3,13.0
4,NOR,McLaren,65,19.3,907.09,229.6,10719,5,98,0,0,-20.6,110.7,12.9
4,NOR,McLaren,65,19.396,913.38,232.0,10735,6,98,0,0,-25.2,114.3,12.9
4,NOR,McLaren,65,19.58,925.63,236.6,10937,6,98,0,0,-35.0,122.1,13.1
4,NOR,McLaren,65,19.756,937.48,241.0,11130,6,98,0,0,-49.8,134.7,13.1
4,NOR,McLaren,65,19.82,941.78,241.5,11171,6,98,0,0,-54.4,138.6,13.1
4,NOR,McLaren,65,20.036,956.38,243.0,11308,6,98,0,0,-61.9,144.9,13.1
4,NOR,McLaren,65,20.24,970.56,248.8,11464,6,98,0,0,-66.8,152.7,13.1
4,NOR,McLaren,65,20.316,975.9,251.0,11522,6,98,0,0,-70.2,158.8,13.1
4,NOR,McLaren,65,20.48,987.45,252.5,11613,6,98,0,0,-78.2,173.6,13.0
4,NOR,McLaren,65,20.636,998.48,254.0,11699,6,98,0,0,-81.5,180.7,13.0
4,NOR,McLaren,65,20.78,1008.69,255.0,11733,6,98,0,0,-83.5,187.0,13.0
4,NOR,McLaren,65,20.916,1018.39,256.0,11765,6,98,0,0,-86.9,197.3,13.0
4,NOR,McLaren,65,20.96,1021.54,256.7,11796,6,98,0,0,-88.0,200.6,13.0
4,NOR,McLaren,65,21.116,1032.78,259.0,11904,6,98,0,0,-90.9,210.6,13.0
4,NOR,McLaren,65,21.28,1044.61,259.8,11913,6,98,0,0,-92.8,222.9,13.0
4,NOR,McLaren,65,21.316,1047.22,260.0,11915,6,98,0,0,-93.1,226.6,13.0
4,NOR,McLaren,65,21.46,1057.71,261.4,11978,6,98,0,0,-94.2,242.1,12.9
4,NOR,McLaren,65,21.636,1070.6,263.0,12055,6,98,0,0,-94.5,252.4,12.9
4,NOR,McLaren,65,21.72,1076.74,263.3,12057,6,98,0,0,-94.4,256.9,12.9
4,NOR,McLaren,65,21.956,1094.06,264.0,12061,6,98,0,0,-94.1,274.2,13.0
4,NOR,McLaren,65,21.96,1094.36,264.0,12057,6,98,0,0,-94.1,274.5,13.0
4,NOR,McLaren,65,22.196,1111.73,265.0,11827,6,74,1,0,-93.4,291.7,13.1
4,NOR,McLaren,65,22.2,1112.02,264.7,11817,6,73,1,0,-93.4,292.1,13.1
4,NOR,McLaren,65,22.459,1129.8,248.2,11144,6,5,1,0,-92.0,318.3,13.2
4,NOR,McLaren,65,22.477,1131.01,247.0,11097,6,0,1,0,-91.9,319.5,13.2
4,NOR,McLaren,65,22.677,1144.07,235.0,10117,6,0,1,0,-91.4,325.9,13.4
4,NOR,McLaren,65,22.739,1147.75,227.6,9934,6,0,1,0,-91.3,327.9,13.5
4,NOR,McLaren,65,22.997,1161.58,197.0,9171,6,0,1,0,-91.3,341.6,13.8
4,NOR,McLaren,65,23.019,1162.75,195.6,9157,6,0,1,0,-91.3,342.8,13.8
4,NOR,McLaren,65,23.157,1169.89,187.0,9067,5,0,1,0,-91.8,349.8,13.9
4,NOR,McLaren,65,23.279,1175.2,170.0,9189,5,0,1,0,-92.4,355.3,13.9
4,NOR,McLaren,65,23.437,1181.4,148.0,9347,5,0,1,0,-93.4,361.8,14.0
4,NOR,McLaren,65,23.479,1183.13,148.0,9498,5,0,1,0,-93.9,363.7,14.0
4,NOR,McLaren,65,23.597,1187.98,148.0,9921,5,0,1,0,-95.8,369.8,14.1
4,NOR,McLaren,65,23.76,1193.9,137.4,9237,5,0,1,0,-98.7,377.7,14.2
4,NOR,McLaren,65,23.996,1201.5,122.0,8246,3,1,1,0,-101.3,382.8,14.4
4,NOR,McLaren,65,24.12,1205.51,117.4,8043,3,1,1,0,-102.8,384.8,14.5
4,NOR,McLaren,65,24.156,1206.65,116.0,7984,3,1,1,0,-103.4,385.5,14.5
4,NOR,McLaren,65,24.356,1212.82,111.0,7621,3,1,1,0,-107.1,389.7,14.7
4,NOR,McLaren,65,24.36,1212.94,110.9,7615,3,1,1,0,-107.2,389.8,14.7
4,NOR,McLaren,65,24.5,1217.06,107.8,7417,3,1,1,0,-110.3,392.5,14.8
4,NOR,McLaren,65,24.676,1222.07,104.0,7167,3,1,1,0,-117.6,396.1,14.9
4,NOR,McLaren,65,24.74,1223.85,102.9,7136,3,2,1,0,-120.0,397.1,14.9
4,NOR,McLaren,65,24.956,1229.77,99.0,7030,3,4,0,0,-124.7,398.6,15.0
4,NOR,McLaren,65,25.2,1236.35,97.6,7277,3,16,0,0,-128.5,398.4,15.1
4,NOR,McLaren,65,25.26,1237.96,97.3,7337,3,19,0,0,-130.1,398.4,15.1
4,NOR,McLaren,65,25.316,1239.47,97.0,7394,3,22,0,0,-131.6,398.4,15.1
4,NOR,McLaren,65,25.596,1247.01,97.0,7706,3,32,0,0,-139.5,397.9,15.3
4,NOR,McLaren,65,25.6,1247.12,97.1,7701,3,32,0,0,-139.6,397.9,15.3
4,NOR,McLaren,65,25.756,1251.45,100.0,7498,3,50,0,0,-143.3,397.6,15.3
4,NOR,McLaren,65,25.76,1251.57,100.2,7511,3,50,0,0,-143.4,397.6,15.3
4,NOR,McLaren,65,25.916,1256.17,106.0,8036,3,59,0,0,-144.6,397.5,15.4
4,NOR,McLaren,65,26.02,1259.3,107.9,8345,3,62,0,0,-145.8,397.4,15.4
4,NOR,McLaren,65,26.196,1264.8,111.0,8868,3,67,0,0,-151.1,397.1,15.5
4,NOR,McLaren,65,26.26,1266.92,114.0,8962,3,68,0,0,-153.3,397.0,15.5
4,NOR,McLaren,65,26.44,1273.16,122.3,9225,3,72,0,0,-159.4,397.1,15.6
4,NOR,McLaren,65,26.476,1274.44,124.0,9278,3,73,0,0,-160.6,397.2,15.6
4,NOR,McLaren,65,27.276,1304.67,136.0,10261,3,61,0,0,-187.5,407.2,16.0
4,NOR,McLaren,65,27.36,1307.96,139.2,10261,3,61,0,0,-190.0,409.0,16.1
4,NOR,McLaren,65,27.436,1310.98,142.0,10261,3,61,0,0,-192.2,410.8,16.2
4,NOR,McLaren,65,27.48,1312.75,143.0,10406,3,63,0,0,-193.6,412.1,16.2
4,NOR,McLaren,65,27.74,1323.59,148.8,11263,3,77,0,0,-204.6,424.6,16.3
4,NOR,McLaren,65,27.796,1325.98,150.0,11448,3,80,0,0,-206.1,426.5,16.3
4,NOR,McLaren,65,28.036,1336.44,157.0,12086,3,83,0,0,-208.9,430.8,16.4
4,NOR,McLaren,65,28.08,1338.42,158.6,11881,3,85,0,0,-209.5,431.9,16.4
4,NOR,McLaren,65,28.276,1347.51,166.0,10966,4,94,0,0,-213.9,439.5,16.4
4,NOR,McLaren,65,28.42,1354.56,173.2,11279,4,97,0,0,-216.8,446.1,16.4
4,NOR,McLaren,65,28.44,1355.56,174.2,11323,4,97,0,0,-217.1,447.0,16.4
4,NOR,McLaren,65,28.516,1359.38,178.0,11488,4,99,0,0,-218.3,450.4,16.4
4,NOR,McLaren,65,28.66,1366.69,182.3,11347,4,99,0,0,-220.9,457.4,16.5
4,NOR,McLaren,65,28.716,1369.6,184.0,11292,4,99,0,0,-221.9,460.7,16.5
4,NOR,McLaren,65,29.019,1386.07,195.4,10646,4,99,0,0,-226.4,480.2,16.5
4,NOR,McLaren,65,29.036,1387.02,196.0,10610,5,99,0,0,-226.6,481.0,16.5
4,NOR,McLaren,65,29.317,1403.02,205.0,10933,5,99,0,0,-228.4,492.3,16.5
4,NOR,McLaren,65,29.319,1403.14,205.0,10938,5,99,0,0,-228.4,492.4,16.5
4,NOR,McLaren,65,29.477,1412.27,208.0,11295,5,99,0,0,-229.9,503.0,16.5
4,NOR,McLaren,65,29.519,1414.73,209.1,11329,5,99,0,0,-230.3,505.8,16.5
4,NOR,McLaren,65,29.759,1429.15,215.1,11525,5,99,0,0,-232.0,520.0,16.5
4,NOR,McLaren,65,29.797,1431.47,216.0,11556,5,99,0,0,-232.2,522.2,16.5
4,NOR,McLaren,65,29.939,1440.21,221.3,11693,5,99,0,0,-233.2,530.9,16.5
4,NOR,McLaren,65,29.957,1441.33,222.0,11710,5,99,0,0,-233.3,532.1,16.5
4,NOR,McLaren,65,30.26,1460.68,229.6,10669,5,99,0,0,-235.5,552.3,16.7
4,NOR,McLaren,65,30.277,1461.78,230.0,10611,6,99,0,0,-235.6,553.3,16.7
4,NOR,McLaren,65,30.44,1472.4,234.1,10856,6,99,0,0,-236.6,564.0,16.6
4,NOR,McLaren,65,30.477,1474.83,235.0,10912,6,99,0,0,-236.9,567.4,16.6
4,NOR,McLaren,65,30.637,1485.5,240.0,10912,6,99,0,0,-238.4,583.7,16.6
4,NOR,McLaren,65,30.64,1485.7,240.1,10916,6,99,0,0,-238.4,583.9,16.6
4,NOR,McLaren,65,30.876,1501.7,244.0,11242,6,99,0,0,-239.1,592.4,16.5
4,NOR,McLaren,65,30.92,1504.73,245.0,11270,6,99,0,0,-239.3,594.7,16.5
4,NOR,McLaren,65,31.236,1526.9,252.0,11474,6,99,0,0,-241.5,623.5,16.1
4,NOR,McLaren,65,31.24,1527.18,252.1,11462,6,99,0,0,-241.5,623.8,16.1
4,NOR,McLaren,65,31.62,1554.52,258.7,10337,6,99,0,0,-242.7,643.8,16.0
4,NOR,McLaren,65,31.636,1555.68,259.0,10290,6,99,0,0,-242.8,645.1,16.0
4,NOR,McLaren,65,31.876,1573.08,261.0,10570,7,98,0,0,-243.9,669.6,16.2
4,NOR,McLaren,65,31.9,1574.84,261.5,10578,7,98,0,0,-244.0,671.4,16.2
4,NOR,McLaren,65,32.116,1590.81,266.0,10651,7,98,0,0,-244.3,681.0,16.2
4,NOR,McLaren,65,32.16,1594.08,266.4,10670,7,98,0,0,-244.4,683.2,16.2
4,NOR,McLaren,65,32.316,1605.7,268.0,10738,7,98,0,0,-244.7,694.3,16.3
4,NOR,McLaren,65,32.42,1613.52,269.3,10806,7,98,0,0,-244.8,702.6,16.3
4,NOR,McLaren,65,32.56,1624.13,271.0,10898,7,99,0,0,-244.9,713.1,16.3
4,NOR,McLaren,65,32.636,1629.88,272.0,10948,7,99,0,0,-244.9,718.8,16.3
4,NOR,McLaren,65,32.796,1641.97,272.0,10986,7,98,0,0,-244.7,730.9,16.4
4,NOR,McLaren,65,32.86,1646.84,272.9,11011,7,98,0,0,-244.6,735.8,16.4
4,NOR,McLaren,65,33.076,1663.43,276.0,11097,7,99,0,0,-244.1,752.4,16.4
4,NOR,McLaren,65,33.08,1663.74,276.0,11099,7,99,0,0,-244.1,752.7,16.4
4,NOR,McLaren,65,33.3,1680.77,278.4,11195,7,99,0,0,-243.2,769.7,16.3
4,NOR,McLaren,65,33.356,1685.13,279.0,11220,7,99,0,0,-242.9,774.0,16.3
4,NOR,McLaren,65,33.56,1701.14,281.3,11317,7,98,0,0,-241.8,789.9,16.3
4,NOR,McLaren,65,33.6,1704.29,281.7,11336,7,98,0,0,-241.5,793.0,16.3
4,NOR,McLaren,65,33.716,1713.43,283.0,11391,7,98,0,0,-240.7,802.2,16.3
4,NOR,McLaren,65,33.84,1723.2,283.4,11399,7,98,0,0,-239.8,811.8,16.4
4,NOR,McLaren,65,33.996,1735.52,284.0,11410,7,99,0,0,-238.6,823.2,16.4
4,NOR,McLaren,65,34.08,1742.19,284.7,11427,7,99,0,0,-237.7,830.6,16.4
4,NOR,McLaren,65,34.34,1762.94,286.9,11479,7,99,0,0,-233.8,859.0,16.3
4,NOR,McLaren,65,34.356,1764.22,287.0,11482,7,99,0,0,-233.6,860.4,16.3
4,NOR,McLaren,65,34.636,1786.7,289.0,11561,7,98,0,0,-231.1,876.1,16.4
4,NOR,McLaren,65,34.7,1791.85,289.2,11578,7,98,0,0,-230.5,879.6,16.4
4,NOR,McLaren,65,34.94,1811.19,290.0,11644,7,98,0,0,-227.1,897.7,16.4
4,NOR,McLaren,65,34.956,1812.48,290.0,11648,7,98,0,0,-226.7,899.4,16.4
4,NOR,McLaren,65,35.196,1831.88,291.0,11665,7,98,0,0,-220.3,928.7,16.4
4,NOR,McLaren,65,35.2,1832.21,291.0,11664,7,97,0,0,-220.2,929.1,16.4
4,NOR,McLaren,65,35.596,1864.32,292.0,11550,7,26,1,0,-215.1,949.7,16.4
4,NOR,McLaren,65,35.639,1867.47,286.5,11328,7,23,1,0,-214.5,952.6,16.4
4,NOR,McLaren,65,35.659,1868.9,284.0,11224,7,22,1,0,-214.2,954.1,16.4
4,NOR,McLaren,65,35.859,1882.17,258.6,10190,7,10,1,0,-210.6,968.9,16.4
4,NOR,McLaren,65,36.037,1893.23,236.0,9270,7,0,1,0,-207.9,980.7,16.4
4,NOR,McLaren,65,36.079,1895.8,233.1,9319,7,0,1,0,-207.3,983.3,16.4
4,NOR,McLaren,65,36.397,1914.33,211.0,9692,7,0,1,0,-203.2,1001.8,16.5
4,NOR,McLaren,65,36.419,1915.5,208.1,9763,7,0,1,0,-202.9,1003.0,16.5
4,NOR,McLaren,65,36.499,1919.63,197.4,10022,7,0,1,0,-202.0,1007.2,16.5
4,NOR,McLaren,65,36.637,1926.27,179.0,10468,5,0,1,0,-200.3,1014.3,16.5
4,NOR,McLaren,65,36.82,1934.25,162.7,9807,5,0,1,0,-198.0,1022.9,16.5
4,NOR,McLaren,65,36.917,1938.24,154.0,9456,4,0,1,0,-196.8,1026.9,16.5
4,NOR,McLaren,65,37.06,1943.93,146.8,9450,4,0,1,0,-194.9,1032.3,16.5
4,NOR,McLaren,65,37.157,1947.71,142.0,9446,3,0,1,0,-193.6,1035.8,16.5
4,NOR,McLaren,65,37.24,1950.91,139.9,9282,3,0,1,0,-192.4,1038.5,16.5
4,NOR,McLaren,65,37.357,1955.32,137.0,9051,3,0,1,0,-190.7,1041.9,16.4
4,NOR,McLaren,65,37.44,1958.33,133.5,8950,3,0,1,0,-189.3,1044.2,16.4
4,NOR,McLaren,65,37.54,1961.83,129.3,8828,3,0,1,0,-187.4,1046.9,16.5
4,NOR,McLaren,65,37.596,1963.75,127.0,8760,3,0,1,0,-186.0,1048.4,16.5
4,NOR,McLaren,65,37.88,1973.05,119.1,8437,3,1,1,0,-176.8,1054.7,16.5
4,NOR,McLaren,65,37.956,1975.45,117.0,8350,3,1,0,0,-175.0,1055.5,16.5
4,NOR,McLaren,65,38.16,1981.8,113.4,8267,3,15,0,0,-170.6,1056.6,16.5
4,NOR,McLaren,65,38.236,1984.16,112.0,8236,3,20,0,0,-168.4,1057.1,16.5
4,NOR,McLaren,65,38.46,1991.19,112.9,8603,3,26,0,0,-160.9,1058.8,16.4
4,NOR,McLaren,65,38.476,1991.7,113.0,8629,3,26,0,0,-160.4,1058.9,16.4
4,NOR,McLaren,65,38.56,1994.37,114.3,8723,3,32,0,0,-157.8,1059.7,16.4
4,NOR,McLaren,65,38.676,1998.14,116.0,8853,3,41,0,0,-154.3,1060.9,16.4
4,NOR,McLaren,65,38.78,2001.69,119.9,9080,3,55,0,0,-151.2,1062.2,16.3
4,NOR,McLaren,65,38.916,2006.47,125.0,9376,3,74,0,0,-146.9,1064.4,16.2
4,NOR,McLaren,65,39.06,2011.62,128.0,9675,3,60,0,0,-142.7,1066.7,16.2
4,NOR,McLaren,65,39.156,2015.14,130.0,9875,3,50,0,0,-140.5,1068.0,16.2
4,NOR,McLaren,65,39.26,2019.07,132.6,10086,3,49,0,0,-138.2,1069.6,16.2
4,NOR,McLaren,65,39.42,2025.26,136.6,10410,3,48,0,0,-133.4,1073.3,16.1
4,NOR,McLaren,65,39.476,2027.41,138.0,10523,3,47,0,0,-131.6,1074.9,16.1
4,NOR,McLaren,65,39.676,2035.07,138.0,10751,3,62,0,0,-124.9,1081.7,16.0
4,NOR,McLaren,65,39.72,2036.84,140.5,10938,3,65,0,0,-123.6,1083.2,16.0
4,NOR,McLaren,65,39.836,2041.61,147.0,11431,3,73,0,0,-120.6,1086.9,16.0
4,NOR,McLaren,65,40.036,2050.0,151.0,11550,3,89,0,0,-116.6,1093.0,15.9
4,NOR,McLaren,65,40.14,2054.49,154.9,11277,3,89,0,0,-114.6,1096.5,15.9
4,NOR,McLaren,65,40.196,2056.97,157.0,11130,3,89,0,0,-113.5,1098.5,15.9
4,NOR,McLaren,65,40.4,2066.55,166.1,11073,3,94,0,0,-109.7,1106.3,15.9
4,NOR,McLaren,65,40.556,2074.27,173.0,11029,4,98,0,0,-106.8,1113.2,15.8
4,NOR,McLaren,65,40.68,2080.6,178.3,11184,4,98,0,0,-104.7,1119.0,15.8
4,NOR,McLaren,65,40.836,2088.66,185.0,11380,4,98,0,0,-102.3,1126.6,15.8
4,NOR,McLaren,65,40.84,2088.87,185.0,11382,4,98,0,0,-102.2,1126.8,15.8
4,NOR,McLaren,65,41.076,2101.2,188.0,11529,4,98,0,0,-98.7,1138.7,15.9
4,NOR,McLaren,65,41.1,2102.5,189.4,11448,4,98,0,0,-98.4,1140.0,15.9
4,NOR,McLaren,65,41.316,2114.66,202.0,10720,5,98,0,0,-95.3,1151.8,15.8
4,NOR,McLaren,65,41.34,2116.02,202.4,10765,5,98,0,0,-95.0,1153.0,15.8
4,NOR,McLaren,65,41.476,2123.77,205.0,11023,5,98,0,0,-93.3,1159.8,15.9
4,NOR,McLaren,65,41.52,2126.32,206.2,11082,5,98,0,0,-92.6,1162.9,15.9
4,NOR,McLaren,65,41.74,2139.39,212.4,11378,5,98,0,0,-87.5,1183.8,15.9
4,NOR,McLaren,65,41.796,2142.8,214.0,11453,5,98,0,0,-86.6,1187.4,15.9
4,NOR,McLaren,65,42.079,2160.46,223.7,11199,5,98,0,0,-84.6,1195.8,15.9
4,NOR,McLaren,65,42.116,2162.8,225.0,11166,5,98,0,0,-84.2,1197.6,15.9
4,NOR,McLaren,65,42.259,2171.85,227.7,10593,5,98,0,0,-82.1,1206.8,15.9
4,NOR,McLaren,65,42.277,2172.99,228.0,10521,6,98,0,0,-81.8,1208.1,15.9
4,NOR,McLaren,65,42.437,2183.3,232.0,10667,6,98,0,0,-79.2,1220.4,15.9
4,NOR,McLaren,65,42.619,2195.34,236.1,10839,6,98,0,0,-76.4,1234.3,15.9
4,NOR,McLaren,65,42.779,2206.14,239.7,10989,6,98,0,0,-74.5,1244.8,15.9
4,NOR,McLaren,65,42.837,2210.08,241.0,11044,6,98,0,0,-73.8,1248.6,15.9
4,NOR,McLaren,65,42.999,2221.15,244.0,11223,6,98,0,0,-72.0,1259.4,15.8
4,NOR,McLaren,65,43.157,2232.04,247.0,11398,6,98,0,0,-70.3,1269.9,15.8
4,NOR,McLaren,65,43.239,2237.71,248.2,11450,6,98,0,0,-69.3,1275.7,15.8
4,NOR,McLaren,65,43.357,2245.93,250.0,11525,6,98,0,0,-67.8,1284.8,15.9
4,NOR,McLaren,65,43.42,2250.34,251.1,11549,6,98,0,0,-67.1,1289.5,15.9
4,NOR,McLaren,65,43.58,2261.65,253.7,11611,6,98,0,0,-65.5,1300.7,15.9
4,NOR,McLaren,65,43.597,2262.86,254.0,11618,6,98,0,0,-65.3,1301.9,15.9
4,NOR,McLaren,65,43.68,2268.78,255.4,11681,6,98,0,0,-64.4,1307.7,15.9
4,NOR,McLaren,65,43.837,2280.06,258.0,11800,6,98,0,0,-62.9,1318.2,15.9
4,NOR,McLaren,65,43.96,2288.94,259.3,11246,6,98,0,0,-61.8,1326.2,15.9
4,NOR,McLaren,65,44.116,2300.29,261.0,10544,7,98,0,0,-60.5,1336.5,15.9
4,NOR,McLaren,65,44.22,2307.91,262.4,10593,7,98,0,0,-59.6,1345.0,15.9
4,NOR,McLaren,65,44.46,2325.69,265.8,10706,7,98,0,0,-57.4,1370.0,15.9
4,NOR,McLaren,65,44.476,2326.89,266.0,10714,7,98,0,0,-57.3,1371.5,15.9
4,NOR,McLaren,65,44.716,2344.89,270.0,10784,7,98,0,0,-56.3,1388.3,15.9
4,NOR,McLaren,65,44.84,2354.25,271.2,10847,7,98,0,0,-56.0,1397.0,15.9
4,NOR,McLaren,65,44.916,2360.0,272.0,10886,7,98,0,0,-55.8,1403.1,15.9
4,NOR,McLaren,65,45.22,2383.02,272.8,11022,7,98,0,0,-55.3,1429.1,15.9
4,NOR,McLaren,65,45.276,2387.3,273.0,11047,7,98,0,0,-55.3,1432.6,15.9
4,NOR,McLaren,65,45.58,2410.82,277.6,11145,7,98,0,0,-55.2,1447.7,15.8
4,NOR,McLaren,65,45.676,2418.3,279.0,11176,7,98,0,0,-55.2,1454.0,15.8
4,NOR,McLaren,65,45.86,2432.65,280.5,11227,7,98,0,0,-55.5,1469.4,15.8
4,NOR,McLaren,65,45.916,2437.03,281.0,11243,7,98,0,0,-55.8,1475.2,15.8
4,NOR,McLaren,65,46.06,2448.33,281.7,11239,7,98,0,0,-56.8,1491.2,15.8
4,NOR,McLaren,65,46.316,2468.48,283.0,11233,7,98,0,0,-60.4,1517.5,15.7
4,NOR,McLaren,65,46.52,2484.47,282.5,11290,7,98,0,0,-62.9,1531.5,15.7
4,NOR,McLaren,65,46.716,2499.81,282.0,11345,7,98,0,0,-64.1,1537.3,15.7
4,NOR,McLaren,65,46.76,2503.25,282.0,11330,7,98,0,0,-64.6,1539.3,15.7
4,NOR,McLaren,65,46.996,2521.74,282.0,11252,7,98,0,0,-68.7,1557.2,15.7
4,NOR,McLaren,65,47.02,2523.63,281.7,11212,7,91,0,0,-69.2,1559.2,15.7
4,NOR,McLaren,65,47.276,2543.44,279.0,10788,7,11,1,0,-73.7,1578.6,15.7
4,NOR,McLaren,65,47.34,2548.06,270.8,10472,7,8,1,0,-74.8,1583.2,15.7
4,NOR,McLaren,65,47.556,2562.34,243.0,9405,7,0,1,0,-78.2,1598.1,15.7
4,NOR,McLaren,65,47.56,2562.59,242.4,9394,7,0,1,0,-78.3,1598.4,15.7
4,NOR,McLaren,65,47.76,2573.66,213.0,8850,7,0,1,0,-80.9,1610.4,15.7
4,NOR,McLaren,65,47.916,2581.34,190.0,8425,7,0,1,0,-83.2,1621.4,15.7
4,NOR,McLaren,65,47.96,2583.41,186.2,8473,7,0,1,0,-83.8,1624.1,15.7
4,NOR,McLaren,65,48.26,2596.33,160.3,8797,7,0,1,0,-85.9,1635.0,15.6
4,NOR,McLaren,65,48.356,2599.92,152.0,8901,5,0,1,0,-86.3,1638.0,15.6
4,NOR,McLaren,65,49.239,2622.03,96.4,7358,5,1,1,0,-85.8,1665.9,15.5
4,NOR,McLaren,65,49.357,2624.67,89.0,7152,2,1,1,0,-84.4,1668.3,15.5
4,NOR,McLaren,65,49.459,2627.01,86.8,6935,2,1,1,0,-83.0,1670.1,15.5
4,NOR,McLaren,65,49.677,2631.96,82.0,6470,2,1,1,0,-79.3,1673.1,15.6
4,NOR,McLaren,65,49.679,2632.0,81.9,6466,2,1,1,0,-79.3,1673.1,15.6
4,NOR,McLaren,65,49.94,2637.23,72.6,5880,2,1,1,0,-74.1,1675.4,15.6
4,NOR,McLaren,65,49.957,2637.56,72.0,5842,2,1,1,0,-73.8,1675.5,15.6
4,NOR,McLaren,65,50.16,2641.33,68.2,5446,2,1,1,0,-69.9,1676.0,15.6
4,NOR,McLaren,65,50.277,2643.42,66.0,5217,2,1,1,0,-67.9,1676.0,15.6
4,NOR,McLaren,65,50.34,2644.53,65.1,5296,2,3,1,0,-66.7,1675.8,15.6
4,NOR,McLaren,65,50.58,2648.59,61.8,5596,2,10,1,0,-61.7,1674.1,15.5
4,NOR,McLaren,65,50.637,2649.52,61.0,5667,2,12,0,0,-60.9,1673.7,15.5
4,NOR,McLaren,65,50.9,2653.75,58.5,5593,2,19,0,0,-58.8,1672.1,15.5
4,NOR,McLaren,65,50.956,2654.66,58.0,5577,2,20,0,0,-58.2,1671.6,15.5
4,NOR,McLaren,65,51.116,2657.33,60.0,5690,2,23,0,0,-56.3,1669.6,15.5
4,NOR,McLaren,65,51.14,2657.74,60.4,5722,2,24,0,0,-56.0,1669.3,15.5
4,NOR,McLaren,65,51.316,2660.83,63.0,5955,2,28,0,0,-54.1,1666.8,15.5
4,NOR,McLaren,65,51.34,2661.26,63.4,5993,2,28,0,0,-53.9,1666.5,15.5
4,NOR,McLaren,65,51.516,2664.5,66.0,6274,2,31,0,0,-52.4,1664.3,15.5
4,NOR,McLaren,65,51.62,2666.43,66.7,6483,2,34,0,0,-51.3,1662.0,15.5
4,NOR,McLaren,65,51.796,2669.79,68.0,6837,2,39,0,0,-48.8,1656.3,15.5
4,NOR,McLaren,65,51.82,2670.26,68.5,6890,2,40,0,0,-48.6,1655.8,15.5
4,NOR,McLaren,65,52.076,2675.54,74.0,7451,2,45,0,0,-49.0,1657.0,15.5
4,NOR,McLaren,65,52.2,2678.31,78.6,7819,2,49,0,0,-49.1,1657.1,15.5
4,NOR,McLaren,65,52.316,2681.07,83.0,8163,2,52,0,0,-48.4,1655.1,15.5
4,NOR,McLaren,65,52.48,2685.37,89.6,8736,2,55,0,0,-46.8,1650.7,15.5
4,NOR,McLaren,65,52.66,2690.46,96.8,9364,2,58,0,0,-45.5,1646.3,15.5
4,NOR,McLaren,65,52.716,2692.07,99.0,9560,2,59,0,0,-44.9,1643.9,15.5
4,NOR,McLaren,65,52.84,2695.68,103.1,9692,2,60,0,0,-43.5,1638.0,15.5
4,NOR,McLaren,65,52.956,2699.21,107.0,9815,2,61,0,0,-42.8,1634.9,15.5
4,NOR,McLaren,65,53.16,2705.95,115.2,10742,2,66,0,0,-42.4,1631.9,15.5
4,NOR,McLaren,65,53.356,2712.87,123.0,11633,2,71,0,0,-41.6,1625.8,15.5
4,NOR,McLaren,65,53.54,2719.6,131.3,10860,2,80,0,0,-40.9,1618.8,15.5
4,NOR,McLaren,65,53.556,2720.21,132.0,10793,2,81,0,0,-40.8,1618.2,15.5
4,NOR,McLaren,65,53.716,2726.47,141.0,10718,3,91,0,0,-40.4,1612.2,15.5
4,NOR,McLaren,65,53.74,2727.46,142.0,10697,3,91,0,0,-40.3,1611.1,15.5
4,NOR,McLaren,65,54.0,2738.91,153.3,10475,3,96,0,0,-39.1,1596.9,15.5
4,NOR,McLaren,65,54.156,2746.03,160.0,10342,3,98,0,0,-38.6,1591.1,15.5
4,NOR,McLaren,65,54.34,2754.49,165.5,10723,3,99,0,0,-37.8,1585.1,15.5
4,NOR,McLaren,65,54.356,2755.25,166.0,10756,4,99,0,0,-37.7,1584.4,15.5
4,NOR,McLaren,65,54.58,2766.59,176.7,11266,4,99,0,0,-35.8,1573.5,15.5
4,NOR,McLaren,65,54.76,2776.19,185.3,11676,4,99,0,0,-33.7,1564.6,15.4
4,NOR,McLaren,65,54.796,2778.11,187.0,11758,4,99,0,0,-33.2,1562.8,15.4
4,NOR,McLaren,65,54.86,2781.52,188.9,11442,4,99,0,0,-32.2,1559.5,15.4
4,NOR,McLaren,65,55.036,2791.04,194.0,10574,5,99,0,0,-29.8,1551.4,15.3
4,NOR,McLaren,65,55.14,2796.88,198.2,10727,5,99,0,0,-27.4,1544.8,15.2
4,NOR,McLaren,65,55.356,2809.44,207.0,11045,5,99,0,0,-19.8,1525.5,14.9
4,NOR,McLaren,65,55.359,2809.62,207.1,11049,5,99,0,0,-19.7,1525.3,14.9
4,NOR,McLaren,65,55.557,2821.39,214.0,11320,5,99,0,0,-15.6,1515.1,14.7
4,NOR,McLaren,65,55.797,2836.06,220.0,11233,5,99,0,0,-12.6,1508.1,14.6
4,NOR,McLaren,65,55.839,2838.67,221.2,11137,5,99,0,0,-11.7,1506.1,14.6
4,NOR,McLaren,65,55.919,2843.7,223.5,10953,5,99,0,0,-9.7,1501.5,14.6
4,NOR,McLaren,65,56.077,2853.79,228.0,10590,6,99,0,0,-3.9,1487.9,14.6
4,NOR,McLaren,65,56.259,2865.62,232.6,10778,6,98,0,0,2.9,1471.7,14.6
4,NOR,McLaren,65,56.397,2874.77,236.0,10920,6,98,0,0,5.7,1465.1,14.6
4,NOR,McLaren,65,56.62,2889.87,241.6,11164,6,99,0,0,8.6,1458.3,14.6
4,NOR,McLaren,65,56.757,2899.27,245.0,11314,6,99,0,0,11.7,1451.1,14.6
4,NOR,McLaren,65,56.86,2906.35,246.5,11379,6,99,0,0,15.1,1443.2,14.6
4,NOR,McLaren,65,57.037,2918.63,249.0,11492,6,99,0,0,23.3,1424.4,14.6
4,NOR,McLaren,65,57.1,2923.07,250.6,11534,6,99,0,0,25.7,1418.9,14.6
4,NOR,McLaren,65,57.317,2938.54,256.0,11678,6,99,0,0,30.0,1409.3,14.5
4,NOR,McLaren,65,57.4,2944.5,257.2,11343,6,99,0,0,32.0,1404.6,14.5
4,NOR,McLaren,65,57.596,2958.69,260.0,10551,7,99,0,0,40.1,1386.0,14.5
4,NOR,McLaren,65,57.68,2964.86,261.6,10579,7,99,0,0,43.6,1378.0,14.5
4,NOR,McLaren,65,57.916,2982.34,266.0,10657,7,99,0,0,50.4,1362.1,14.4
4,NOR,McLaren,65,58.076,2994.21,267.0,10803,7,99,0,1,53.7,1354.3,14.3
4,NOR,McLaren,65,58.12,2997.49,267.7,10829,7,99,0,1,54.6,1352.1,14.3
4,NOR,McLaren,65,58.316,3012.27,271.0,10943,7,99,0,1,58.7,1342.2,14.1
4,NOR,McLaren,65,58.36,3015.63,271.9,10980,7,99,0,1,59.8,1339.6,14.1
4,NOR,McLaren,65,58.56,3031.12,275.9,11146,7,99,0,1,65.7,1325.4,13.9
4,NOR,McLaren,65,58.716,3043.27,279.0,11276,7,99,0,1,70.3,1314.1,13.7
4,NOR,McLaren,65,58.8,3049.81,279.6,11310,7,99,0,1,72.7,1308.2,13.6
4,NOR,McLaren,65,58.996,3065.13,281.0,11389,7,98,0,1,78.3,1294.3,13.3
4,NOR,McLaren,65,59.04,3068.61,281.9,11415,7,98,0,1,79.7,1290.8,13.3
4,NOR,McLaren,65,59.34,3092.64,287.7,11589,7,99,0,1,89.9,1263.9,13.1
4,NOR,McLaren,65,59.356,3093.93,288.0,11598,7,99,0,1,90.3,1262.7,13.1
4,NOR,McLaren,65,59.64,3116.86,290.7,10815,7,99,0,1,96.4,1245.7,13.1
4,NOR,McLaren,65,59.676,3119.79,291.0,10716,7,99,0,1,97.3,1243.2,13.1
4,NOR,McLaren,65,59.8,3129.96,292.8,10683,7,99,0,1,100.5,1233.3,13.1
4,NOR,McLaren,65,60.156,3159.53,298.0,10587,8,98,0,1,111.2,1198.7,13.0
4,NOR,McLaren,65,60.18,3161.53,298.3,10601,8,98,0,1,111.9,1196.3,13.0
4,NOR,McLaren,65,60.396,3179.59,301.0,10729,8,99,0,1,118.0,1174.5,13.0
4,NOR,McLaren,65,60.58,3195.08,302.8,10769,8,98,0,1,121.7,1160.6,13.0
4,NOR,McLaren,65,60.596,3196.43,303.0,10772,8,98,0,1,121.9,1159.8,13.0
4,NOR,McLaren,65,60.996,3230.54,307.0,10920,8,98,0,1,127.8,1136.6,13.0
4,NOR,McLaren,65,61.0,3230.88,307.0,10921,8,98,0,1,128.0,1135.9,13.0
4,NOR,McLaren,65,61.1,3239.48,308.3,10935,8,98,0,1,132.9,1115.9,12.9
4,NOR,McLaren,65,61.236,3251.21,310.0,10955,8,98,0,1,137.7,1096.2,12.8
4,NOR,McLaren,65,61.436,3268.48,311.0,10988,8,98,0,1,140.5,1083.9,12.9
4,NOR,McLaren,65,61.54,3277.52,312.0,11025,8,98,0,1,141.7,1078.9,12.9
4,NOR,McLaren,65,61.756,3296.39,314.0,11102,8,98,0,1,144.0,1069.0,12.8
4,NOR,McLaren,65,61.879,3307.15,314.8,11110,8,98,0,1,145.7,1061.9,12.8
4,NOR,McLaren,65,61.916,3310.39,315.0,11113,8,98,0,1,146.3,1059.4,12.8
4,NOR,McLaren,65,62.077,3324.57,317.0,11213,8,98,0,1,149.4,1046.3,12.8
4,NOR,McLaren,65,62.139,3330.04,317.2,11217,8,98,0,1,150.9,1039.7,12.8
4,NOR,McLaren,65,62.397,3352.84,318.0,11235,8,98,0,1,158.8,1005.5,12.8
4,NOR,McLaren,65,62.399,3353.02,318.0,11235,8,98,0,1,158.9,1005.3,12.8
4,NOR,McLaren,65,62.677,3377.73,320.0,11245,8,98,0,1,164.2,982.6,12.7
4,NOR,McLaren,65,62.839,3392.15,320.6,11299,8,98,0,1,166.6,972.4,12.7
4,NOR,McLaren,65,62.957,3402.69,321.0,11338,8,98,0,1,168.4,964.6,12.7
4,NOR,McLaren,65,63.117,3417.05,323.0,11375,8,98,0,1,171.1,953.1,12.7
4,NOR,McLaren,65,63.16,3420.91,323.1,11383,8,98,0,1,171.9,949.7,12.7
4,NOR,McLaren,65,63.36,3438.91,323.7,11418,8,98,0,1,176.0,932.2,12.6
4,NOR,McLaren,65,63.477,3449.45,324.0,11438,8,98,0,1,178.4,921.7,12.6
4,NOR,McLaren,65,63.56,3456.93,324.2,11460,8,98,0,1,180.1,914.6,12.6
4,NOR,McLaren,65,63.78,3476.79,324.8,11517,8,98,0,1,184.1,897.1,12.6
4,NOR,McLaren,65,63.837,3481.95,325.0,11532,8,98,0,1,185.2,892.2,12.6
4,NOR,McLaren,65,63.98,3494.93,326.0,11538,8,98,0,1,188.2,879.4,12.6
4,NOR,McLaren,65,64.117,3507.38,327.0,11543,8,98,0,1,191.1,867.0,12.6
4,NOR,McLaren,65,64.24,3518.55,327.0,11551,8,98,0,1,193.5,856.4,12.6
4,NOR,McLaren,65,64.356,3529.09,327.0,11559,8,98,0,1,195.6,847.1,12.6
4,NOR,McLaren,65,64.46,3538.56,327.4,11568,8,98,0,1,197.9,836.9,12.6
4,NOR,McLaren,65,64.596,3550.96,328.0,11580,8,98,0,1,202.2,818.1,12.7
4,NOR,McLaren,65,64.66,3556.8,328.4,11593,8,98,0,1,204.0,810.2,12.7
4,NOR,McLaren,65,64.756,3565.58,329.0,11612,8,98,0,1,205.9,801.7,12.7
4,NOR,McLaren,65,65.0,3587.94,329.8,11640,8,98,0,1,208.9,788.6,12.7
4,NOR,McLaren,65,65.076,3594.91,330.0,11649,8,98,0,1,210.4,782.3,12.7
4,NOR,McLaren,65,65.2,3606.31,330.5,11654,8,98,0,1,213.2,770.5,12.7
4,NOR,McLaren,65,65.316,3616.98,331.0,11658,8,98,0,1,215.7,760.1,12.7
4,NOR,McLaren,65,65.38,3622.86,331.0,11669,8,98,0,1,217.0,754.4,12.7
4,NOR,McLaren,65,65.516,3635.37,331.0,11692,8,98,0,1,219.9,742.2,12.7
4,NOR,McLaren,65,65.72,3654.16,331.6,11727,8,98,0,1,224.3,723.9,12.8
4,NOR,McLaren,65,65.836,3664.88,332.0,11747,8,98,0,1,226.8,713.5,12.8
4,NOR,McLaren,65,65.92,3672.66,332.0,11726,8,94,0,1,228.6,706.0,12.8
4,NOR,McLaren,65,66.08,3687.43,332.0,11686,8,88,0,1,232.0,691.6,12.8
4,NOR,McLaren,65,66.116,3690.7,332.0,11677,8,86,0,1,232.7,688.5,12.8
4,NOR,McLaren,65,66.3,3707.12,325.1,11352,8,46,0,1,236.7,672.0,12.9
4,NOR,McLaren,65,66.516,3725.93,317.0,10971,8,0,1,0,242.3,648.3,13.0
4,NOR,McLaren,65,66.54,3728.0,315.6,10870,8,0,1,0,242.8,646.1,13.0
4,NOR,McLaren,65,66.716,3742.87,305.0,10128,8,0,1,0,245.5,634.8,13.1
4,NOR,McLaren,65,66.84,3752.38,284.3,9659,8,0,1,0,247.2,627.5,13.1
4,NOR,McLaren,65,66.956,3760.54,265.0,9220,8,0,1,0,249.3,618.7,13.1
4,NOR,McLaren,65,67.18,3774.44,235.9,9371,8,0,1,0,253.5,600.9,13.2
4,NOR,McLaren,65,67.356,3784.2,213.0,9490,8,0,1,0,255.3,593.0,13.2
4,NOR,McLaren,65,67.44,3788.64,204.6,9649,8,0,1,0,256.0,589.6,13.2
4,NOR,McLaren,65,67.676,3800.29,181.0,10096,8,0,1,0,258.3,578.1,13.2
4,NOR,McLaren,65,67.82,3806.79,163.9,9690,8,0,1,0,259.5,571.2,13.2
4,NOR,McLaren,65,67.836,3807.49,162.0,9645,6,0,1,0,259.6,570.5,13.2
4,NOR,McLaren,65,68.02,3815.38,156.4,9868,6,0,1,0,260.4,562.9,13.2
4,NOR,McLaren,65,68.08,3817.88,154.5,9941,6,0,1,0,260.5,560.4,13.2
4,NOR,McLaren,65,68.196,3822.59,151.0,10081,3,0,1,0,260.2,554.8,13.2
4,NOR,McLaren,65,68.396,3830.37,140.0,9846,3,0,1,0,258.8,545.1,13.1
4,NOR,McLaren,65,68.4,3830.52,139.8,9835,3,0,1,0,258.8,545.0,13.1
4,NOR,McLaren,65,68.557,3836.27,132.0,9401,3,0,1,0,257.7,541.3,13.1
4,NOR,McLaren,65,68.699,3841.37,130.2,9140,3,4,1,0,256.5,538.9,13.1
4,NOR,McLaren,65,68.797,3844.87,129.0,8960,3,7,0,0,255.3,536.7,13.1
4,NOR,McLaren,65,68.957,3850.56,128.0,9388,3,15,0,0,252.3,531.4,13.1
4,NOR,McLaren,65,68.999,3852.03,127.4,9398,3,19,0,0,251.0,529.3,13.1
4,NOR,McLaren,65,69.139,3856.88,125.3,9432,3,30,0,0,245.8,520.6,13.0
4,NOR,McLaren,65,69.157,3857.51,125.0,9436,3,32,0,0,245.2,519.6,13.0
4,NOR,McLaren,65,69.357,3864.67,129.0,9984,3,48,0,0,241.2,510.5,12.9
4,NOR,McLaren,65,69.637,3875.1,134.0,9442,3,19,0,0,240.2,503.3,12.9
4,NOR,McLaren,65,69.68,3876.71,134.1,9502,3,21,0,0,240.1,502.3,12.9
4,NOR,McLaren,65,69.957,3887.1,135.0,9892,3,34,0,0,239.5,496.1,12.8
4,NOR,McLaren,65,70.0,3888.69,134.8,10037,3,40,0,0,239.5,494.7,12.8
4,NOR,McLaren,65,70.157,3894.54,134.0,10567,3,60,0,0,239.5,488.7,12.8
4,NOR,McLaren,65,70.16,3894.65,134.1,10573,3,60,0,0,239.5,488.6,12.8
4,NOR,McLaren,65,70.36,3902.68,142.7,10976,3,72,0,0,239.8,481.3,12.8
4,NOR,McLaren,65,70.437,3905.89,146.0,11131,3,76,0,0,240.0,478.6,12.8
4,NOR,McLaren,65,70.6,3912.85,150.5,10771,3,85,0,0,240.8,471.4,12.7
4,NOR,McLaren,65,70.82,3922.57,156.5,10285,3,97,0,0,243.1,456.5,12.6
4,NOR,McLaren,65,70.837,3923.34,157.0,10247,4,98,0,0,243.3,455.6,12.6
4,NOR,McLaren,65,70.996,3930.67,166.0,10772,4,98,0,0,244.2,450.2,12.6
4,NOR,McLaren,65,71.2,3940.68,175.5,11140,4,99,0,0,245.7,444.2,12.6
4,NOR,McLaren,65,71.276,3944.59,179.0,11277,4,99,0,0,246.7,440.2,12.6
4,NOR,McLaren,65,71.5,3956.72,189.2,10865,4,99,0,0,250.2,426.0,12.6
4,NOR,McLaren,65,71.716,3968.92,199.0,10468,5,99,0,1,252.6,417.5,12.7
4,NOR,McLaren,65,71.78,3972.57,200.8,10645,5,99,0,1,253.4,414.8,12.7
4,NOR,McLaren,65,72.076,3989.82,209.0,11463,5,99,0,1,258.2,398.7,12.7
4,NOR,McLaren,65,72.12,3992.47,210.7,11321,5,99,0,1,258.9,396.1,12.7
4,NOR,McLaren,65,72.16,3994.89,212.3,11193,5,99,0,1,259.5,393.8,12.7
4,NOR,McLaren,65,72.436,4012.12,223.0,10305,6,99,0,1,263.7,379.2,12.7
4,NOR,McLaren,65,72.52,4017.47,225.7,10424,6,99,0,1,265.6,372.6,12.7
4,NOR,McLaren,65,72.716,4030.16,232.0,10701,6,98,0,1,271.0,352.4,12.7
4,NOR,McLaren,65,72.76,4033.05,233.1,10748,6,98,0,1,271.9,349.1,12.7
4,NOR,McLaren,65,73.02,4050.41,239.6,11024,6,98,0,1,274.0,341.4,12.7
4,NOR,McLaren,65,73.036,4051.49,240.0,11041,6,98,0,1,274.2,340.7,12.7
4,NOR,McLaren,65,73.24,4065.35,244.2,11279,6,98,0,1,277.6,327.1,12.8
4,NOR,McLaren,65,73.276,4067.83,245.0,11321,6,98,0,1,278.2,324.6,12.8
4,NOR,McLaren,65,73.44,4079.28,249.8,11497,6,98,0,1,281.0,313.7,12.8
4,NOR,McLaren,65,73.516,4084.63,252.0,11579,6,98,0,1,282.3,308.6,12.8
4,NOR,McLaren,65,73.62,4091.94,253.3,11720,6,98,0,1,284.1,301.4,12.8
4,NOR,McLaren,65,73.676,4095.92,254.0,11796,6,98,0,1,285.1,297.5,12.8
4,NOR,McLaren,65,73.9,4112.14,260.5,11852,6,98,0,1,289.1,282.0,12.8
4,NOR,McLaren,65,73.916,4113.32,261.0,11856,6,98,0,1,289.4,280.9,12.8
4,NOR,McLaren,65,74.02,4120.95,262.7,11327,6,98,0,1,291.3,273.5,12.8
4,NOR,McLaren,65,74.156,4130.98,265.0,10635,7,98,0,1,294.7,260.5,12.8
4,NOR,McLaren,65,74.316,4142.85,267.0,10781,7,98,0,1,299.3,242.7,12.8
4,NOR,McLaren,65,74.4,4149.17,269.1,10858,7,98,0,1,301.0,236.0,12.8
4,NOR,McLaren,65,74.556,4161.05,273.0,11002,7,98,0,1,302.8,229.0,12.8
4,NOR,McLaren,65,74.72,4173.6,275.0,11054,7,98,0,1,304.5,222.7,12.8
4,NOR,McLaren,65,74.796,4179.45,276.0,11078,7,98,0,1,305.8,217.8,12.8
4,NOR,McLaren,65,74.96,4192.19,278.9,11244,7,98,0,1,309.2,204.8,12.8
4,NOR,McLaren,65,75.076,4201.3,281.0,11361,7,98,0,1,311.5,195.9,12.8
4,NOR,McLaren,65,75.199,4211.05,283.6,11381,7,98,0,1,314.0,186.6,12.8
4,NOR,McLaren,65,75.299,4219.02,285.6,11397,7,98,0,1,316.0,178.9,12.8
4,NOR,McLaren,65,75.317,4220.45,286.0,11400,7,98,0,1,316.4,177.5,12.8
4,NOR,McLaren,65,75.477,4233.21,287.0,11612,7,98,0,1,319.4,165.8,12.8
4,NOR,McLaren,65,75.599,4243.02,288.8,11647,7,98,0,1,322.0,155.6,12.8
4,NOR,McLaren,65,75.677,4249.32,290.0,11670,7,98,0,1,323.8,148.1,12.8
4,NOR,McLaren,65,75.839,4262.45,291.6,11748,7,98,0,1,327.6,132.2,12.9
4,NOR,McLaren,65,75.877,4265.54,292.0,11766,7,98,0,1,328.3,129.1,12.9
4,NOR,McLaren,65,76.079,4282.1,294.5,11865,7,98,0,1,331.3,114.6,12.8
4,NOR,McLaren,65,76.197,4291.85,296.0,11923,7,98,0,1,333.2,104.9,12.9
4,NOR,McLaren,65,76.32,4302.06,297.4,11960,7,98,0,1,335.1,93.4,13.1
4,NOR,McLaren,65,76.374,4306.55,298.0,11976,7,98,0,1,335.9,88.0,13.1
22,TSU,AlphaTauri,68,0.0,0.11,284.6,11377,7,100,0,0,335.5,92.5,12.9
22,TSU,AlphaTauri,68,0.059,4.82,285.0,11415,7,100,0,0,335.9,90.7,12.9
22,TSU,AlphaTauri,68,0.299,24.08,289.0,11484,7,100,0,0,337.6,74.0,12.8
22,TSU,AlphaTauri,68,0.322,25.93,289.0,11483,7,100,0,0,337.8,71.6,12.8
22,TSU,AlphaTauri,68,0.539,43.35,289.0,11471,7,100,0,0,339.4,46.2,12.8
22,TSU,AlphaTauri,68,0.542,43.59,289.0,11472,7,100,0,0,339.4,45.9,12.8
22,TSU,AlphaTauri,68,0.819,66.06,292.0,11525,7,100,0,0,339.6,29.9,12.8
22,TSU,AlphaTauri,68,0.902,72.81,292.2,11525,7,100,0,0,339.4,24.8,12.8
22,TSU,AlphaTauri,68,1.102,89.1,292.7,11524,7,100,0,0,338.7,8.5,12.9
22,TSU,AlphaTauri,68,1.219,98.62,293.0,11523,7,100,0,0,338.1,-0.5,12.9
22,TSU,AlphaTauri,68,1.362,110.22,292.4,11519,7,100,0,0,337.1,-12.5,12.9
22,TSU,AlphaTauri,68,1.459,118.08,292.0,11517,7,100,0,0,336.0,-23.1,12.9
22,TSU,AlphaTauri,68,1.642,132.87,286.9,11187,7,60,0,0,333.5,-44.7,13.0
22,TSU,AlphaTauri,68,1.819,146.28,282.0,10868,7,21,1,0,331.7,-59.9,13.1
22,TSU,AlphaTauri,68,2.082,163.22,243.9,11061,7,7,1,0,330.1,-74.0,13.2
22,TSU,AlphaTauri,68,2.219,171.17,224.0,11161,7,0,1,0,329.5,-79.1,13.2
22,TSU,AlphaTauri,68,2.382,180.17,207.1,11252,7,0,1,0,329.0,-85.8,13.2
22,TSU,AlphaTauri,68,2.498,186.28,195.0,11317,6,0,1,0,328.6,-93.2,13.3
22,TSU,AlphaTauri,68,2.682,195.51,181.2,10673,6,0,1,0,328.1,-105.3,13.4
22,TSU,AlphaTauri,68,2.698,196.28,180.0,10617,4,0,1,0,328.1,-106.1,13.4
22,TSU,AlphaTauri,68,2.899,205.61,167.0,11269,4,0,1,0,328.1,-112.4,13.4
22,TSU,AlphaTauri,68,2.962,208.4,163.5,11170,4,0,1,0,328.3,-114.4,13.4
22,TSU,AlphaTauri,68,3.099,214.27,156.0,10956,3,0,1,0,328.8,-119.6,13.4
22,TSU,AlphaTauri,68,3.321,223.17,148.0,10378,3,0,1,0,330.5,-129.0,13.3
22,TSU,AlphaTauri,68,3.459,228.57,143.0,10018,3,0,1,0,332.1,-134.0,13.3
22,TSU,AlphaTauri,68,3.481,229.44,142.8,10000,3,0,1,0,332.4,-134.8,13.3
22,TSU,AlphaTauri,68,3.681,237.31,141.4,9832,3,0,1,0,335.5,-141.7,13.3
22,TSU,AlphaTauri,68,3.739,239.54,141.0,9784,3,0,0,0,336.7,-143.7,13.3
22,TSU,AlphaTauri,68,3.862,244.15,137.5,9630,3,0,0,0,339.7,-147.9,13.3
22,TSU,AlphaTauri,68,4.019,249.89,133.0,9433,3,0,0,0,343.6,-152.4,13.4
22,TSU,AlphaTauri,68,4.102,252.91,132.1,9330,3,0,0,0,345.8,-154.5,13.4
22,TSU,AlphaTauri,68,4.299,260.0,130.0,9087,3,0,0,0,351.4,-159.3,13.5
22,TSU,AlphaTauri,68,4.362,262.2,128.0,8968,3,0,0,0,353.1,-160.6,13.5
22,TSU,AlphaTauri,68,4.459,265.55,125.0,8784,3,0,1,0,355.4,-162.3,13.5
22,TSU,AlphaTauri,68,4.582,269.74,122.8,8457,3,0,1,0,359.1,-164.6,13.5
22,TSU,AlphaTauri,68,4.739,274.89,120.0,8040,3,0,1,0,367.1,-169.2,13.5
22,TSU,AlphaTauri,68,4.782,276.24,118.2,7911,3,0,1,0,368.9,-170.2,13.5
22,TSU,AlphaTauri,68,5.019,283.29,108.0,7200,3,0,1,0,372.7,-172.3,13.5
22,TSU,AlphaTauri,68,5.122,286.19,104.7,7028,3,0,1,0,374.2,-173.1,13.5
22,TSU,AlphaTauri,68,5.262,290.0,100.2,6795,3,0,1,0,377.6,-175.1,13.5
22,TSU,AlphaTauri,68,5.299,290.99,99.0,6733,3,0,1,0,378.5,-175.7,13.5
22,TSU,AlphaTauri,68,5.462,295.22,94.9,6733,3,0,1,0,381.8,-178.2,13.5
22,TSU,AlphaTauri,68,5.539,297.19,93.0,6733,3,0,1,0,383.2,-179.5,13.5
22,TSU,AlphaTauri,68,5.682,300.79,91.2,6332,3,0,1,0,385.4,-182.0,13.5
22,TSU,AlphaTauri,68,5.779,303.19,90.0,6060,3,0,0,0,386.6,-183.9,13.5
22,TSU,AlphaTauri,68,5.939,307.01,86.0,5714,3,0,0,0,388.1,-187.3,13.5
22,TSU,AlphaTauri,68,5.942,307.08,85.9,5712,3,0,0,0,388.1,-187.4,13.5
22,TSU,AlphaTauri,68,6.182,312.35,81.3,5516,3,0,0,0,388.8,-192.9,13.5
22,TSU,AlphaTauri,68,6.262,314.0,79.8,5451,3,0,0,0,388.7,-194.7,13.6
22,TSU,AlphaTauri,68,6.459,317.99,76.0,5290,3,0,0,0,387.6,-200.6,13.7
22,TSU,AlphaTauri,68,6.642,321.62,73.7,5213,3,1,0,0,386.3,-205.6,13.7
22,TSU,AlphaTauri,68,6.779,324.39,72.0,5156,3,1,0,0,385.6,-207.6,13.7
22,TSU,AlphaTauri,68,7.002,329.11,75.0,5536,3,18,0,0,384.5,-209.7,13.8
22,TSU,AlphaTauri,68,7.242,334.48,78.2,5944,3,36,0,0,382.0,-214.0,13.9
22,TSU,AlphaTauri,68,7.299,335.8,79.0,6041,3,40,0,0,381.2,-215.2,13.9
22,TSU,AlphaTauri,68,7.362,337.27,80.4,6163,3,43,0,0,380.2,-216.5,14.0
22,TSU,AlphaTauri,68,7.522,341.09,84.0,6472,3,49,0,0,377.7,-219.2,14.1
22,TSU,AlphaTauri,68,7.659,344.5,87.0,6737,3,55,0,0,375.5,-221.1,14.2
22,TSU,AlphaTauri,68,7.722,346.11,88.4,6831,3,56,0,0,374.0,-222.0,14.2
22,TSU,AlphaTauri,68,8.022,354.19,95.3,7281,3,62,0,0,363.4,-225.9,14.4
22,TSU,AlphaTauri,68,8.099,356.35,97.0,7396,3,64,0,0,361.6,-226.4,14.5
22,TSU,AlphaTauri,68,8.259,360.97,104.0,7816,3,68,0,0,359.4,-226.7,14.6
22,TSU,AlphaTauri,68,8.382,364.78,107.9,8246,3,69,0,0,357.0,-226.8,14.7
22,TSU,AlphaTauri,68,8.602,372.08,114.9,9016,3,72,0,0,350.2,-227.2,14.9
22,TSU,AlphaTauri,68,8.699,375.4,118.0,9355,3,73,0,0,347.0,-227.3,15.0
22,TSU,AlphaTauri,68,8.862,381.07,124.5,9609,3,76,0,0,341.4,-227.3,15.3
22,TSU,AlphaTauri,68,8.899,382.4,126.0,9667,3,77,0,0,340.1,-227.3,15.4
22,TSU,AlphaTauri,68,9.098,389.8,134.0,10375,3,85,0,0,332.9,-226.9,15.7
22,TSU,AlphaTauri,68,9.102,389.96,134.1,10390,3,85,0,0,332.8,-226.9,15.7
22,TSU,AlphaTauri,68,9.262,396.15,138.7,10983,3,89,0,0,326.7,-226.4,15.9
22,TSU,AlphaTauri,68,9.379,400.89,142.0,11417,3,92,0,0,321.0,-225.6,16.1
22,TSU,AlphaTauri,68,9.542,407.88,151.5,11120,3,97,0,0,312.9,-224.2,16.4
22,TSU,AlphaTauri,68,9.619,411.29,156.0,10979,3,100,0,0,310.0,-223.7,16.5
22,TSU,AlphaTauri,68,9.859,422.22,164.0,10478,4,100,0,0,302.6,-221.9,16.8
22,TSU,AlphaTauri,68,9.941,426.09,166.9,10650,4,100,0,0,297.9,-220.5,16.9
22,TSU,AlphaTauri,68,10.139,435.75,174.0,11067,4,100,0,0,282.3,-215.6,17.3
22,TSU,AlphaTauri,68,10.161,436.86,175.0,11055,4,100,0,0,281.1,-215.2,17.3
22,TSU,AlphaTauri,68,10.379,448.09,185.0,10934,4,100,0,0,275.9,-213.5,16.9
22,TSU,AlphaTauri,68,10.402,449.3,186.0,10833,4,100,0,0,275.2,-213.3,16.9
22,TSU,AlphaTauri,68,10.539,456.62,192.0,10234,4,100,0,0,268.6,-211.0,17.2
22,TSU,AlphaTauri,68,10.622,461.13,194.1,10349,4,100,0,0,264.0,-209.4,17.5
22,TSU,AlphaTauri,68,10.819,472.1,199.0,10621,5,100,0,0,254.2,-205.8,17.8
22,TSU,AlphaTauri,68,10.902,476.84,202.7,10747,5,100,0,0,249.4,-203.7,17.8
22,TSU,AlphaTauri,68,11.019,483.65,208.0,10925,5,100,0,0,241.4,-199.9,17.8
22,TSU,AlphaTauri,68,11.182,493.45,213.4,11140,5,100,0,0,230.4,-194.4,17.8
22,TSU,AlphaTauri,68,11.379,505.65,220.0,11400,5,100,0,0,223.1,-190.3,17.8
22,TSU,AlphaTauri,68,11.502,513.41,223.1,11325,5,100,0,0,218.7,-187.6,17.8
22,TSU,AlphaTauri,68,11.779,531.21,230.0,11155,5,100,0,0,204.1,-178.2,17.7
22,TSU,AlphaTauri,68,11.782,531.4,230.1,11151,5,100,0,0,203.9,-178.1,17.7
22,TSU,AlphaTauri,68,11.942,541.82,232.7,10917,5,100,0,0,195.4,-172.2,17.7
22,TSU,AlphaTauri,68,12.139,554.81,236.0,10630,6,100,0,0,185.1,-164.8,17.6
22,TSU,AlphaTauri,68,12.242,561.69,238.2,10741,6,100,0,0,179.6,-160.8,17.6
22,TSU,AlphaTauri,68,12.402,572.48,241.6,10915,6,100,0,0,171.0,-154.3,17.6
22,TSU,AlphaTauri,68,12.419,573.63,242.0,10933,6,100,0,0,170.1,-153.6,17.6
22,TSU,AlphaTauri,68,12.579,584.57,246.0,10933,6,100,0,0,162.2,-147.4,17.6
22,TSU,AlphaTauri,68,12.642,588.91,247.1,11003,6,100,0,0,158.2,-144.3,17.6
22,TSU,AlphaTauri,68,12.819,601.23,250.0,11201,6,100,0,0,143.7,-132.6,17.6
22,TSU,AlphaTauri,68,12.882,605.68,250.0,11258,6,98,0,0,138.7,-128.6,17.6
22,TSU,AlphaTauri,68,13.099,620.68,250.0,11454,6,92,1,0,125.6,-118.1,17.6
22,TSU,AlphaTauri,68,13.222,628.18,234.6,11421,6,61,1,0,119.5,-113.1,17.6
22,TSU,AlphaTauri,68,13.422,639.17,209.6,11367,6,9,1,0,110.0,-105.3,17.6
22,TSU,AlphaTauri,68,13.459,641.18,205.0,11357,6,0,1,0,108.4,-103.9,17.6
22,TSU,AlphaTauri,68,13.619,649.67,191.0,10667,5,0,1,0,101.8,-98.2,17.6
22,TSU,AlphaTauri,68,13.662,651.79,186.7,10544,5,0,1,0,100.2,-96.7,17.6
22,TSU,AlphaTauri,68,13.822,659.14,170.7,10088,5,0,1,0,94.6,-91.3,17.5
22,TSU,AlphaTauri,68,13.859,660.8,167.0,9983,4,0,1,0,93.4,-90.1,17.5
22,TSU,AlphaTauri,68,14.019,667.91,160.0,9261,4,0,1,0,88.6,-84.7,17.5
22,TSU,AlphaTauri,68,14.062,669.78,158.8,9145,4,0,1,0,87.4,-83.3,17.5
22,TSU,AlphaTauri,68,14.282,679.04,152.5,8549,4,0,1,0,81.9,-76.0,17.4
22,TSU,AlphaTauri,68,14.299,679.73,152.0,8503,4,0,1,0,81.5,-75.4,17.4
22,TSU,AlphaTauri,68,14.482,686.89,145.3,8251,4,0,1,0,78.0,-69.3,17.2
22,TSU,AlphaTauri,68,14.739,696.35,136.0,7897,4,0,0,0,74.9,-60.5,17.0
22,TSU,AlphaTauri,68,14.742,696.46,135.9,7897,4,0,0,0,74.9,-60.4,17.0
22,TSU,AlphaTauri,68,14.962,704.28,131.4,7919,4,6,0,0,74.3,-50.1,16.8
22,TSU,AlphaTauri,68,15.179,711.88,127.0,7941,4,11,0,0,75.0,-42.9,16.7
22,TSU,AlphaTauri,68,15.382,719.02,127.6,7960,4,34,0,0,76.1,-36.9,16.5
22,TSU,AlphaTauri,68,15.442,721.16,127.7,7966,4,41,0,0,76.4,-34.8,16.4
22,TSU,AlphaTauri,68,15.539,724.68,128.0,7975,4,52,0,0,76.8,-31.4,16.3
22,TSU,AlphaTauri,68,15.822,735.35,134.4,8291,4,64,0,0,76.9,-21.3,16.0
22,TSU,AlphaTauri,68,15.939,739.9,137.0,8422,4,69,0,0,76.6,-16.8,15.8
22,TSU,AlphaTauri,68,16.022,743.17,138.6,8558,4,68,0,0,76.2,-13.6,15.7
22,TSU,AlphaTauri,68,16.181,749.51,141.7,8819,4,66,0,0,75.3,-7.4,15.5
22,TSU,AlphaTauri,68,16.299,754.3,144.0,9012,4,64,0,0,74.3,-2.9,15.3
22,TSU,AlphaTauri,68,16.381,757.66,145.7,9175,4,64,0,0,73.4,0.2,15.1
22,TSU,AlphaTauri,68,16.539,764.23,149.0,9490,4,65,0,0,71.2,6.1,14.8
22,TSU,AlphaTauri,68,16.581,766.0,150.1,9490,4,66,0,0,70.5,7.7,14.7
22,TSU,AlphaTauri,68,16.699,771.03,153.0,9490,4,69,0,0,68.2,12.0,14.4
22,TSU,AlphaTauri,68,16.761,773.72,154.6,9662,4,72,0,0,66.7,14.3,14.3
22,TSU,AlphaTauri,68,17.019,785.34,161.0,10379,4,84,0,0,59.3,24.5,14.0
22,TSU,AlphaTauri,68,17.022,785.48,161.1,10386,4,84,0,0,59.2,24.6,14.0
22,TSU,AlphaTauri,68,17.202,794.14,168.6,10804,4,92,0,0,54.0,31.3,13.7
22,TSU,AlphaTauri,68,17.379,802.94,176.0,11215,4,100,0,0,48.6,38.0,13.5
22,TSU,AlphaTauri,68,17.382,803.09,176.1,11215,4,100,0,0,48.5,38.1,13.5
22,TSU,AlphaTauri,68,17.562,812.23,182.4,11216,4,100,0,0,42.8,45.2,13.3
22,TSU,AlphaTauri,68,17.579,813.11,183.0,11216,4,100,0,0,42.3,45.9,13.3
22,TSU,AlphaTauri,68,17.802,824.92,190.4,11940,4,100,0,0,35.6,54.1,13.2
22,TSU,AlphaTauri,68,17.819,825.84,191.0,11995,4,100,0,0,35.1,54.7,13.2
22,TSU,AlphaTauri,68,18.022,837.17,199.0,12029,4,100,0,0,28.0,63.4,13.0
22,TSU,AlphaTauri,68,18.099,841.55,202.0,12042,4,100,0,0,23.9,68.2,12.9
22,TSU,AlphaTauri,68,18.299,853.11,208.0,10822,5,100,0,0,12.3,81.3,12.9
22,TSU,AlphaTauri,68,18.302,853.29,208.1,10826,5,100,0,0,12.2,81.4,12.9
22,TSU,AlphaTauri,68,18.499,865.05,215.0,11097,5,100,0,0,8.4,85.6,13.0
22,TSU,AlphaTauri,68,18.622,872.53,218.1,11205,5,100,0,0,4.7,89.0,13.0
22,TSU,AlphaTauri,68,18.699,877.28,220.0,11272,5,100,0,0,0.3,92.9,13.0
22,TSU,AlphaTauri,68,18.902,890.09,225.1,11548,5,100,0,0,-14.1,105.4,13.0
22,TSU,AlphaTauri,68,19.099,902.83,230.0,11815,5,100,0,0,-20.3,110.5,13.0
22,TSU,AlphaTauri,68,19.222,910.89,232.7,11455,5,100,0,0,-24.2,113.5,13.0
22,TSU,AlphaTauri,68,19.422,924.16,237.2,10870,5,100,0,0,-34.5,121.7,13.1
22,TSU,AlphaTauri,68,19.459,926.63,238.0,10762,6,100,0,0,-36.5,123.3,13.1
22,TSU,AlphaTauri,68,19.702,943.02,242.3,11057,6,100,0,0,-49.0,133.6,13.1
22,TSU,AlphaTauri,68,19.739,945.53,243.0,11102,6,100,0,0,-50.9,135.3,13.1
22,TSU,AlphaTauri,68,19.882,955.28,245.1,11151,6,100,0,0,-57.8,142.0,13.1
22,TSU,AlphaTauri,68,19.939,959.2,246.0,11171,6,100,0,0,-60.4,144.8,13.1
22,TSU,AlphaTauri,68,20.142,973.34,249.0,11300,6,100,0,0,-68.7,155.6,13.1
22,TSU,AlphaTauri,68,20.339,987.2,252.0,11426,6,100,0,0,-75.5,167.6,13.0
22,TSU,AlphaTauri,68,20.342,987.41,252.0,11428,6,100,0,0,-75.6,167.8,13.0
22,TSU,AlphaTauri,68,20.539,1001.31,254.0,11542,6,100,0,0,-80.8,180.0,13.0
22,TSU,AlphaTauri,68,20.642,1008.65,255.5,11587,6,100,0,0,-83.7,187.7,13.0
22,TSU,AlphaTauri,68,20.802,1020.15,257.8,11658,6,100,0,0,-88.6,202.3,13.0
22,TSU,AlphaTauri,68,20.819,1021.38,258.0,11665,6,100,0,0,-89.0,203.9,13.0
22,TSU,AlphaTauri,68,21.099,1041.68,261.0,11693,6,100,0,0,-93.4,230.2,13.0
22,TSU,AlphaTauri,68,21.182,1047.69,261.0,11772,6,100,0,0,-94.0,236.2,13.0
22,TSU,AlphaTauri,68,21.259,1053.28,261.0,11845,6,100,0,0,-94.3,240.6,13.0
22,TSU,AlphaTauri,68,21.539,1073.73,263.0,11730,6,100,0,0,-94.4,252.6,12.9
22,TSU,AlphaTauri,68,21.562,1075.42,263.1,11737,6,100,0,0,-94.4,253.9,12.9
22,TSU,AlphaTauri,68,21.779,1091.33,264.0,11803,6,100,0,0,-94.2,269.8,13.0
22,TSU,AlphaTauri,68,21.802,1093.02,264.0,11803,6,100,0,0,-94.2,271.5,13.0
22,TSU,AlphaTauri,68,21.962,1104.75,264.0,11803,6,100,0,0,-93.8,283.3,13.0
22,TSU,AlphaTauri,68,21.979,1106.0,264.0,11803,6,100,0,0,-93.8,284.5,13.0
22,TSU,AlphaTauri,68,22.242,1125.03,260.2,11770,6,75,0,0,-92.9,303.8,13.1
22,TSU,AlphaTauri,68,22.259,1126.22,260.0,11768,6,73,1,0,-92.8,305.1,13.1
22,TSU,AlphaTauri,68,22.442,1138.64,249.0,11768,6,73,1,0,-92.0,318.4,13.3
22,TSU,AlphaTauri,68,22.482,1141.26,246.6,11768,6,73,1,0,-91.8,321.1,13.3
22,TSU,AlphaTauri,68,22.659,1152.44,236.0,11768,6,73,1,0,-91.1,332.2,13.5
22,TSU,AlphaTauri,68,22.801,1160.92,218.8,11616,6,73,1,0,-91.2,341.8,13.8
22,TSU,AlphaTauri,68,22.899,1166.24,207.0,11511,6,73,1,0,-91.9,349.7,13.9
22,TSU,AlphaTauri,68,23.041,1172.87,182.7,11230,6,36,1,0,-93.2,360.1,14.0
22,TSU,AlphaTauri,68,23.179,1178.61,159.0,10957,6,0,1,0,-94.0,365.1,14.0
22,TSU,AlphaTauri,68,23.381,1186.65,147.6,10408,6,0,1,0,-95.3,369.0,14.1
22,TSU,AlphaTauri,68,23.499,1191.14,141.0,10087,3,0,1,0,-96.8,373.5,14.1
22,TSU,AlphaTauri,68,23.562,1193.47,138.6,9883,3,0,1,0,-97.9,376.2,14.2
22,TSU,AlphaTauri,68,23.882,1204.59,126.6,8849,3,0,1,0,-106.2,388.9,14.7
22,TSU,AlphaTauri,68,23.899,1205.14,126.0,8794,3,0,1,0,-106.5,389.3,14.7
22,TSU,AlphaTauri,68,24.179,1213.85,112.0,7849,3,0,0,0,-109.5,392.1,14.8
22,TSU,AlphaTauri,68,24.222,1215.16,111.5,7796,3,0,0,0,-110.3,392.5,14.8
22,TSU,AlphaTauri,68,24.462,1222.37,108.5,7501,3,0,0,0,-116.6,396.0,14.9
22,TSU,AlphaTauri,68,24.499,1223.45,108.0,7455,3,0,0,0,-117.5,396.4,14.9
22,TSU,AlphaTauri,68,24.659,1228.08,104.0,7212,3,0,0,0,-122.1,397.7,15.0
22,TSU,AlphaTauri,68,24.662,1228.16,104.0,7212,3,0,0,0,-122.2,397.7,15.0
22,TSU,AlphaTauri,68,24.819,1232.61,102.0,7186,3,7,0,0,-130.6,398.4,15.1
22,TSU,AlphaTauri,68,24.822,1232.69,102.0,7188,3,7,0,0,-130.8,398.4,15.1
22,TSU,AlphaTauri,68,25.019,1238.11,99.0,7300,3,24,0,0,-138.3,398.3,15.2
22,TSU,AlphaTauri,68,25.242,1244.26,99.7,7531,3,37,0,0,-141.7,397.7,15.3
22,TSU,AlphaTauri,68,25.339,1247.0,100.0,7632,3,43,0,0,-141.7,397.7,15.3
22,TSU,AlphaTauri,68,25.602,1254.68,105.1,8084,3,52,0,0,-142.0,397.8,15.3
22,TSU,AlphaTauri,68,25.699,1257.7,107.0,8251,3,56,0,0,-145.3,397.6,15.3
22,TSU,AlphaTauri,68,25.922,1265.09,115.1,8691,3,64,0,0,-155.5,397.0,15.5
22,TSU,AlphaTauri,68,26.059,1269.7,120.0,8962,3,69,0,0,-158.4,396.9,15.5
22,TSU,AlphaTauri,68,26.202,1274.42,120.0,8521,3,67,0,0,-160.8,397.1,15.6
22,TSU,AlphaTauri,68,26.339,1279.03,120.0,8099,3,65,0,0,-165.1,397.6,15.7
22,TSU,AlphaTauri,68,26.422,1281.94,123.0,8101,3,64,0,0,-168.1,398.1,15.8
22,TSU,AlphaTauri,68,26.619,1289.14,130.0,8105,4,63,0,0,-174.7,400.0,15.8
22,TSU,AlphaTauri,68,26.762,1294.52,133.6,8343,4,67,0,0,-179.4,402.1,15.9
22,TSU,AlphaTauri,68,26.859,1298.21,136.0,8505,4,69,0,0,-182.6,403.8,16.0
22,TSU,AlphaTauri,68,26.922,1300.63,136.9,8651,4,72,0,0,-184.6,405.1,16.1
22,TSU,AlphaTauri,68,27.082,1306.84,139.2,9021,4,79,0,0,-189.6,408.7,16.1
22,TSU,AlphaTauri,68,27.139,1309.1,140.0,9153,4,82,0,0,-191.3,410.1,16.1
22,TSU,AlphaTauri,68,27.282,1314.89,145.4,9038,4,86,0,0,-195.6,414.1,16.2
22,TSU,AlphaTauri,68,27.299,1315.59,146.0,9024,4,87,0,0,-196.1,414.6,16.2
22,TSU,AlphaTauri,68,27.522,1325.04,152.5,9794,4,92,0,0,-202.3,421.5,16.3
22,TSU,AlphaTauri,68,27.539,1325.79,153.0,9853,4,92,0,0,-202.8,422.1,16.3
22,TSU,AlphaTauri,68,27.662,1331.28,157.8,10225,4,96,0,0,-206.0,426.4,16.4
22,TSU,AlphaTauri,68,27.819,1338.54,164.0,10699,4,100,0,0,-209.8,432.4,16.4
22,TSU,AlphaTauri,68,27.882,1341.54,166.4,10818,4,100,0,0,-211.3,434.9,16.4
22,TSU,AlphaTauri,68,28.062,1350.35,173.1,11158,4,100,0,0,-215.2,442.6,16.3
22,TSU,AlphaTauri,68,28.139,1354.19,176.0,11303,4,100,0,0,-216.7,446.1,16.3
22,TSU,AlphaTauri,68,28.282,1361.4,181.0,11486,4,100,0,0,-219.3,452.7,16.5
22,TSU,AlphaTauri,68,28.339,1364.35,183.0,11559,4,100,0,0,-220.2,455.4,16.5
22,TSU,AlphaTauri,68,28.482,1372.03,188.5,11168,4,100,0,0,-222.4,462.5,16.5
22,TSU,AlphaTauri,68,28.742,1386.69,198.6,10456,4,100,0,0,-225.6,476.2,16.6
22,TSU,AlphaTauri,68,28.779,1388.8,200.0,10355,4,100,0,0,-226.0,478.2,16.6
22,TSU,AlphaTauri,68,29.002,1401.57,205.6,10779,4,100,0,0,-228.1,490.7,16.5
22,TSU,AlphaTauri,68,29.06,1404.96,207.0,10889,5,100,0,0,-228.6,493.8,16.5
22,TSU,AlphaTauri,68,29.162,1410.99,210.4,10924,5,100,0,0,-229.4,499.8,16.5
22,TSU,AlphaTauri,68,29.299,1419.23,215.0,10972,5,100,0,0,-230.8,510.8,16.5
22,TSU,AlphaTauri,68,29.381,1424.21,216.5,11122,5,100,0,0,-231.7,517.5,16.5
22,TSU,AlphaTauri,68,29.579,1436.34,220.0,11483,5,100,0,0,-233.3,530.8,16.6
22,TSU,AlphaTauri,68,29.739,1446.21,222.0,11486,5,100,0,0,-234.2,539.3,16.7
22,TSU,AlphaTauri,68,29.821,1451.37,224.3,11582,5,100,0,0,-234.6,543.3,16.7
22,TSU,AlphaTauri,68,30.019,1464.1,230.0,11813,5,100,0,0,-235.5,552.1,16.7
22,TSU,AlphaTauri,68,30.202,1476.08,235.5,10854,5,100,0,0,-236.7,565.2,16.6
22,TSU,AlphaTauri,68,30.219,1477.21,236.0,10765,5,100,0,0,-236.9,566.9,16.6
22,TSU,AlphaTauri,68,30.379,1487.92,241.0,10812,6,100,0,0,-238.5,585.0,16.5
22,TSU,AlphaTauri,68,30.382,1488.12,241.1,10815,6,100,0,0,-238.5,585.3,16.5
22,TSU,AlphaTauri,68,30.659,1507.21,248.0,11073,6,100,0,0,-239.5,596.9,16.4
22,TSU,AlphaTauri,68,30.742,1512.98,249.0,11125,6,100,0,0,-239.8,600.3,16.4
22,TSU,AlphaTauri,68,30.979,1529.61,252.0,11274,6,100,0,0,-241.0,616.6,16.2
22,TSU,AlphaTauri,68,31.002,1531.24,252.6,11293,6,100,0,0,-241.1,618.4,16.2
22,TSU,AlphaTauri,68,31.179,1543.89,257.0,11439,6,100,0,0,-242.0,632.2,16.1
22,TSU,AlphaTauri,68,31.282,1551.25,257.5,11521,6,100,0,0,-242.5,639.7,16.1
22,TSU,AlphaTauri,68,31.379,1558.22,258.0,11599,6,100,0,0,-242.9,646.0,16.1
22,TSU,AlphaTauri,68,31.562,1571.59,261.9,11433,6,100,0,0,-243.5,658.5,16.1
22,TSU,AlphaTauri,68,31.659,1578.75,264.0,11345,6,100,0,0,-243.9,667.7,16.1
22,TSU,AlphaTauri,68,31.822,1590.84,265.8,11056,6,100,0,0,-244.5,683.5,16.2
22,TSU,AlphaTauri,68,32.019,1605.55,268.0,10706,7,100,0,0,-244.7,694.2,16.2
22,TSU,AlphaTauri,68,32.122,1613.31,269.7,10754,7,100,0,0,-244.8,699.9,16.2
22,TSU,AlphaTauri,68,32.259,1623.69,272.0,10819,7,100,0,0,-244.9,710.0,16.3
22,TSU,AlphaTauri,68,32.322,1628.48,272.7,10844,7,100,0,0,-244.9,715.0,16.3
22,TSU,AlphaTauri,68,32.539,1645.07,275.0,10930,7,100,0,0,-244.7,731.7,16.3
22,TSU,AlphaTauri,68,32.602,1649.9,275.4,10958,7,100,0,0,-244.6,736.4,16.3
22,TSU,AlphaTauri,68,32.842,1668.35,276.7,11064,7,100,0,0,-244.0,754.9,16.3
22,TSU,AlphaTauri,68,32.899,1672.77,277.0,11089,7,100,0,0,-243.7,760.7,16.3
22,TSU,AlphaTauri,68,33.122,1690.29,281.8,11154,7,100,0,0,-242.2,784.5,16.4
22,TSU,AlphaTauri,68,33.179,1694.79,283.0,11170,7,100,0,0,-242.0,788.3,16.4
22,TSU,AlphaTauri,68,33.419,1713.72,284.0,11180,7,100,0,0,-241.0,799.6,16.4
22,TSU,AlphaTauri,68,33.442,1715.54,284.1,11191,7,100,0,0,-240.8,801.8,16.4
22,TSU,AlphaTauri,68,33.642,1731.43,285.4,11286,7,100,0,0,-238.0,828.6,16.4
22,TSU,AlphaTauri,68,33.739,1739.14,286.0,11332,7,100,0,0,-236.7,839.5,16.4
22,TSU,AlphaTauri,68,33.979,1758.21,286.0,11345,7,100,0,0,-234.2,856.5,16.3
22,TSU,AlphaTauri,68,34.082,1766.41,286.4,11356,7,100,0,0,-233.4,861.7,16.3
22,TSU,AlphaTauri,68,34.259,1780.53,287.0,11374,7,100,0,0,-232.5,868.5,16.3
22,TSU,AlphaTauri,68,34.542,1803.15,287.7,11395,7,100,0,0,-228.9,888.4,16.4
22,TSU,AlphaTauri,68,34.659,1812.53,288.0,11403,7,100,0,0,-225.4,905.7,16.4
22,TSU,AlphaTauri,68,34.682,1814.38,288.1,11398,7,100,0,0,-224.8,908.5,16.4
22,TSU,AlphaTauri,68,34.939,1835.01,289.0,11338,7,100,0,0,-222.6,918.8,16.5
22,TSU,AlphaTauri,68,34.982,1838.46,289.0,11345,7,100,0,0,-222.1,921.0,16.5
22,TSU,AlphaTauri,68,35.139,1851.06,289.0,11370,7,100,0,0,-218.7,935.3,16.5
22,TSU,AlphaTauri,68,35.302,1864.2,289.0,11370,7,100,0,0,-214.3,953.7,16.4
22,TSU,AlphaTauri,68,35.339,1867.12,289.0,11370,7,100,0,0,-213.4,957.4,16.4
22,TSU,AlphaTauri,68,35.579,1884.99,268.0,10561,7,0,1,0,-208.8,976.6,16.5
22,TSU,AlphaTauri,68,35.762,1897.22,242.5,10692,7,0,1,0,-206.4,987.1,16.5
22,TSU,AlphaTauri,68,35.78,1898.39,240.0,10705,7,0,1,0,-206.2,988.0,16.5
22,TSU,AlphaTauri,68,35.939,1908.32,225.0,10084,7,0,1,0,-204.8,994.5,16.5
22,TSU,AlphaTauri,68,36.161,1920.36,196.3,10602,7,0,1,0,-202.9,1003.1,16.5
22,TSU,AlphaTauri,68,36.179,1921.26,194.0,10644,6,0,1,0,-202.7,1004.0,16.5
22,TSU,AlphaTauri,68,36.341,1928.85,179.4,10893,6,0,1,0,-200.7,1012.4,16.5
22,TSU,AlphaTauri,68,36.501,1935.65,165.0,11139,6,0,1,0,-198.8,1019.7,16.5
22,TSU,AlphaTauri,68,36.579,1938.81,158.0,11259,3,0,1,0,-197.9,1023.0,16.5
22,TSU,AlphaTauri,68,36.621,1940.48,155.6,11075,3,0,1,0,-197.4,1024.7,16.5
22,TSU,AlphaTauri,68,36.862,1949.51,141.9,10022,3,0,1,0,-194.3,1033.9,16.4
22,TSU,AlphaTauri,68,37.019,1955.07,133.0,9336,3,0,1,0,-192.2,1039.3,16.4
22,TSU,AlphaTauri,68,37.142,1959.29,127.4,9023,3,0,1,0,-189.8,1043.5,16.5
22,TSU,AlphaTauri,68,37.259,1963.2,122.0,8725,3,0,1,0,-186.3,1047.7,16.5
22,TSU,AlphaTauri,68,37.382,1967.2,118.9,8453,3,0,1,0,-182.8,1051.3,16.5
22,TSU,AlphaTauri,68,37.499,1970.93,116.0,8194,3,0,0,0,-180.8,1053.0,16.5
22,TSU,AlphaTauri,68,37.662,1976.07,113.6,8070,3,1,0,0,-178.6,1053.9,16.5
22,TSU,AlphaTauri,68,37.699,1977.21,113.0,8042,3,1,0,0,-177.8,1054.2,16.5
22,TSU,AlphaTauri,68,37.942,1984.57,109.5,8339,3,21,0,0,-170.3,1056.6,16.5
22,TSU,AlphaTauri,68,37.979,1985.69,109.0,8384,3,24,0,0,-168.8,1057.0,16.5
22,TSU,AlphaTauri,68,38.219,1993.09,111.0,8199,3,50,0,0,-158.2,1059.7,16.4
22,TSU,AlphaTauri,68,38.282,1995.08,112.6,8422,3,53,0,0,-156.1,1060.3,16.4
22,TSU,AlphaTauri,68,38.379,1998.2,115.0,8766,3,58,0,0,-153.9,1061.0,16.4
22,TSU,AlphaTauri,68,38.619,2006.33,122.0,9246,3,74,0,0,-149.6,1063.0,16.3
22,TSU,AlphaTauri,68,38.622,2006.44,122.1,9252,3,74,0,0,-149.5,1063.0,16.3
22,TSU,AlphaTauri,68,38.842,2014.43,130.4,9692,3,65,0,0,-140.6,1067.9,16.2
22,TSU,AlphaTauri,68,38.859,2015.07,131.0,9726,3,64,0,0,-140.0,1068.3,16.2
22,TSU,AlphaTauri,68,39.062,2022.86,135.6,9958,3,68,0,0,-134.2,1072.6,16.1
22,TSU,AlphaTauri,68,39.222,2029.21,139.3,10140,3,71,0,0,-129.7,1076.6,16.1
22,TSU,AlphaTauri,68,39.299,2032.3,141.0,10228,3,73,0,0,-127.6,1078.7,16.1
22,TSU,AlphaTauri,68,39.402,2036.47,144.0,10649,3,80,0,0,-124.9,1081.7,16.0
22,TSU,AlphaTauri,68,39.539,2042.17,148.0,11208,3,89,0,0,-121.4,1085.9,16.0
22,TSU,AlphaTauri,68,39.582,2044.02,149.7,11354,3,89,0,0,-120.4,1087.3,16.0
22,TSU,AlphaTauri,68,39.782,2052.99,157.5,12031,3,89,0,0,-115.7,1094.5,15.9
22,TSU,AlphaTauri,68,39.899,2058.37,162.0,12427,3,89,0,0,-112.1,1101.6,15.8
22,TSU,AlphaTauri,68,40.082,2066.93,168.4,12524,3,94,0,0,-106.9,1112.9,15.8
22,TSU,AlphaTauri,68,40.099,2067.76,169.0,12533,3,95,0,0,-106.6,1113.6,15.8
22,TSU,AlphaTauri,68,40.342,2080.14,179.8,11869,3,98,0,0,-104.9,1118.5,15.9
22,TSU,AlphaTauri,68,40.459,2086.26,185.0,11550,4,100,0,0,-103.6,1122.3,15.9
22,TSU,AlphaTauri,68,40.619,2094.66,189.0,11639,4,100,0,0,-100.9,1130.8,15.9
22,TSU,AlphaTauri,68,40.682,2098.06,191.3,11749,4,100,0,0,-99.6,1135.4,15.9
22,TSU,AlphaTauri,68,40.899,2110.13,199.0,12128,4,100,0,0,-94.7,1154.4,15.9
22,TSU,AlphaTauri,68,40.902,2110.3,199.1,12127,4,100,0,0,-94.6,1154.6,15.9
22,TSU,AlphaTauri,68,41.139,2123.8,205.0,12038,4,100,0,0,-92.8,1162.1,15.9
22,TSU,AlphaTauri,68,41.282,2132.34,210.8,11672,4,100,0,0,-91.4,1168.0,15.9
22,TSU,AlphaTauri,68,41.459,2143.18,218.0,11218,5,100,0,0,-87.7,1182.9,15.9
22,TSU,AlphaTauri,68,41.542,2148.29,219.5,11325,5,100,0,0,-86.2,1189.1,15.9
22,TSU,AlphaTauri,68,41.739,2160.52,223.0,11578,5,100,0,0,-84.3,1196.5,15.9
22,TSU,AlphaTauri,68,41.862,2168.32,226.1,11687,5,100,0,0,-83.0,1202.4,15.9
22,TSU,AlphaTauri,68,42.019,2178.41,230.0,11827,5,100,0,0,-80.0,1216.4,15.8
22,TSU,AlphaTauri,68,42.142,2186.4,232.3,11434,5,100,0,0,-77.7,1227.7,15.8
22,TSU,AlphaTauri,68,42.34,2199.46,236.0,10802,5,100,0,0,-75.4,1239.5,15.8
22,TSU,AlphaTauri,68,42.581,2215.77,242.9,10959,5,100,0,0,-73.6,1250.1,15.9
22,TSU,AlphaTauri,68,42.619,2218.37,244.0,10984,6,100,0,0,-73.2,1252.2,15.9
22,TSU,AlphaTauri,68,42.899,2237.65,248.0,11184,6,100,0,0,-70.1,1270.2,15.9
22,TSU,AlphaTauri,68,42.921,2239.19,248.5,11198,6,100,0,0,-69.9,1271.7,15.9
22,TSU,AlphaTauri,68,43.139,2254.52,253.0,11341,6,100,0,0,-67.5,1286.7,15.9
22,TSU,AlphaTauri,68,43.161,2256.09,253.4,11359,6,100,0,0,-67.3,1288.3,15.9
22,TSU,AlphaTauri,68,43.382,2271.97,256.9,11540,6,100,0,0,-64.8,1305.3,15.9
22,TSU,AlphaTauri,68,43.579,2286.3,260.0,11702,6,100,0,0,-62.7,1319.4,15.9
22,TSU,AlphaTauri,68,43.602,2287.98,260.4,11635,6,100,0,0,-62.5,1321.0,15.9
22,TSU,AlphaTauri,68,43.642,2290.9,261.1,11517,6,100,0,0,-62.2,1323.8,15.9
22,TSU,AlphaTauri,68,43.819,2303.9,264.0,10999,6,100,0,0,-60.7,1335.6,15.9
22,TSU,AlphaTauri,68,43.902,2310.04,265.2,10899,6,100,0,0,-60.0,1341.3,15.9
22,TSU,AlphaTauri,68,44.099,2324.74,268.0,10663,7,100,0,0,-58.5,1355.9,15.9
22,TSU,AlphaTauri,68,44.122,2326.47,268.4,10674,7,100,0,0,-58.4,1357.5,15.9
22,TSU,AlphaTauri,68,44.419,2349.01,273.0,10811,7,100,0,0,-56.8,1379.7,15.9
22,TSU,AlphaTauri,68,44.422,2349.24,273.0,10813,7,100,0,0,-56.8,1380.0,15.9
22,TSU,AlphaTauri,68,44.622,2364.57,274.8,10920,7,100,0,0,-55.8,1405.8,15.9
22,TSU,AlphaTauri,68,44.859,2382.87,277.0,11047,7,100,0,0,-55.4,1419.2,15.9
22,TSU,AlphaTauri,68,45.062,2398.64,278.9,11094,7,100,0,0,-55.3,1428.9,15.9
22,TSU,AlphaTauri,68,45.179,2407.75,280.0,11121,7,100,0,0,-55.2,1440.0,15.8
22,TSU,AlphaTauri,68,45.262,2414.22,280.3,11146,7,100,0,0,-55.2,1447.9,15.8
22,TSU,AlphaTauri,68,45.419,2426.49,281.0,11192,7,100,0,0,-55.2,1458.9,15.8
22,TSU,AlphaTauri,68,45.602,2440.87,282.3,11144,7,100,0,0,-55.5,1469.7,15.8
22,TSU,AlphaTauri,68,45.699,2448.5,283.0,11119,7,100,0,0,-55.8,1477.0,15.8
22,TSU,AlphaTauri,68,45.862,2461.31,283.0,11234,7,100,0,0,-56.7,1490.1,15.8
22,TSU,AlphaTauri,68,45.922,2466.03,283.0,11277,7,100,0,0,-57.1,1494.7,15.8
22,TSU,AlphaTauri,68,45.939,2467.37,283.0,11289,7,100,0,0,-57.2,1496.1,15.8
22,TSU,AlphaTauri,68,46.219,2489.45,284.0,11248,7,100,0,0,-61.6,1523.9,15.7
22,TSU,AlphaTauri,68,46.302,2495.99,284.0,11231,7,100,0,0,-62.8,1530.6,15.7
22,TSU,AlphaTauri,68,46.419,2505.23,284.0,11206,7,100,0,0,-64.2,1537.5,15.7
22,TSU,AlphaTauri,68,46.582,2518.23,284.5,11225,7,100,0,0,-66.1,1546.1,15.7
22,TSU,AlphaTauri,68,46.742,2530.88,284.9,11243,7,100,0,0,-69.0,1558.5,15.7
22,TSU,AlphaTauri,68,46.779,2533.73,285.0,11247,7,100,0,0,-69.7,1561.4,15.7
22,TSU,AlphaTauri,68,47.099,2557.11,263.0,10537,7,0,1,0,-75.3,1585.2,15.7
22,TSU,AlphaTauri,68,47.122,2558.68,259.5,10567,7,0,1,0,-75.7,1587.1,15.7
22,TSU,AlphaTauri,68,47.299,2570.05,233.0,10795,7,0,1,0,-79.2,1602.4,15.7
22,TSU,AlphaTauri,68,47.302,2570.23,232.6,10793,7,0,1,0,-79.2,1602.6,15.7
22,TSU,AlphaTauri,68,47.582,2584.85,199.6,10599,7,0,1,0,-82.0,1615.4,15.7
22,TSU,AlphaTauri,68,47.739,2592.18,181.0,10490,5,0,1,0,-83.5,1622.5,15.7
22,TSU,AlphaTauri,68,47.939,2601.07,160.0,10614,4,0,1,0,-85.5,1632.5,15.7
22,TSU,AlphaTauri,68,47.942,2601.19,159.7,10613,4,0,1,0,-85.5,1632.6,15.7
22,TSU,AlphaTauri,68,48.162,2608.99,138.7,10532,4,0,1,0,-87.1,1642.5,15.6
22,TSU,AlphaTauri,68,48.379,2615.49,118.0,10453,3,0,1,0,-87.9,1648.7,15.6
22,TSU,AlphaTauri,68,48.402,2616.16,116.5,10292,3,0,1,0,-87.9,1649.3,15.6
22,TSU,AlphaTauri,68,48.579,2621.32,105.0,9053,2,0,1,0,-88.0,1654.4,15.6
22,TSU,AlphaTauri,68,48.739,2625.99,105.0,8148,2,0,1,0,-87.7,1659.1,15.6
22,TSU,AlphaTauri,68,48.782,2627.13,102.2,8010,2,0,1,0,-87.5,1660.2,15.6
22,TSU,AlphaTauri,68,48.822,2628.13,99.6,7882,2,0,1,0,-87.3,1661.2,15.6
22,TSU,AlphaTauri,68,49.042,2633.07,85.2,7176,2,0,1,0,-85.7,1666.1,15.5
22,TSU,AlphaTauri,68,49.06,2633.48,84.0,7118,2,0,1,0,-85.4,1666.6,15.5
22,TSU,AlphaTauri,68,49.22,2637.08,81.0,6801,2,0,1,0,-81.7,1671.1,15.5
22,TSU,AlphaTauri,68,49.261,2637.97,80.1,6703,2,0,1,0,-80.8,1672.0,15.5
22,TSU,AlphaTauri,68,49.579,2644.36,73.0,5942,2,0,1,0,-77.4,1674.4,15.6
22,TSU,AlphaTauri,68,49.661,2645.95,71.8,5850,2,0,1,0,-76.2,1674.7,15.6
22,TSU,AlphaTauri,68,49.859,2649.72,69.0,5628,2,0,0,0,-71.8,1675.6,15.6
22,TSU,AlphaTauri,68,49.982,2652.03,67.5,5481,2,0,0,0,-69.2,1676.0,15.6
22,TSU,AlphaTauri,68,50.019,2652.7,67.0,5437,2,0,0,0,-68.5,1676.1,15.6
22,TSU,AlphaTauri,68,50.302,2657.59,63.1,5192,2,0,0,0,-64.3,1675.3,15.5
22,TSU,AlphaTauri,68,50.379,2658.9,62.0,5125,2,0,0,0,-62.6,1674.4,15.5
22,TSU,AlphaTauri,68,50.542,2661.71,62.4,5390,2,11,0,0,-59.0,1672.3,15.5
22,TSU,AlphaTauri,68,50.819,2666.6,63.0,5840,2,30,0,0,-57.2,1670.6,15.5
22,TSU,AlphaTauri,68,50.842,2667.02,63.4,5898,2,31,0,0,-57.0,1670.4,15.5
22,TSU,AlphaTauri,68,50.979,2669.54,66.0,6240,2,35,0,0,-55.5,1668.6,15.5
22,TSU,AlphaTauri,68,51.062,2671.07,66.5,6330,2,38,0,0,-54.5,1667.3,15.5
22,TSU,AlphaTauri,68,51.139,2672.51,67.0,6414,2,40,0,0,-53.6,1666.1,15.5
22,TSU,AlphaTauri,68,51.299,2675.62,70.0,6662,2,42,0,0,-52.0,1663.5,15.5
22,TSU,AlphaTauri,68,51.302,2675.68,70.1,6667,2,42,0,0,-52.0,1663.4,15.5
22,TSU,AlphaTauri,68,51.459,2678.91,74.0,6915,2,46,0,0,-50.6,1660.6,15.5
22,TSU,AlphaTauri,68,51.482,2679.4,74.6,6940,2,47,0,0,-50.4,1660.2,15.5
22,TSU,AlphaTauri,68,51.659,2683.3,79.0,7131,2,53,0,0,-49.0,1656.8,15.5
22,TSU,AlphaTauri,68,51.702,2684.28,79.9,7271,2,53,0,0,-48.6,1655.8,15.5
22,TSU,AlphaTauri,68,51.899,2688.9,84.0,7912,2,55,0,0,-46.5,1649.7,15.5
22,TSU,AlphaTauri,68,51.982,2690.93,86.1,8251,2,57,0,0,-45.8,1647.4,15.5
22,TSU,AlphaTauri,68,52.179,2695.98,91.0,9054,2,62,0,0,-44.8,1643.8,15.5
22,TSU,AlphaTauri,68,52.342,2700.54,99.2,9396,2,62,0,0,-44.1,1640.8,15.5
22,TSU,AlphaTauri,68,52.379,2701.59,101.0,9474,2,62,0,0,-43.9,1639.9,15.5
22,TSU,AlphaTauri,68,52.502,2705.12,103.3,10217,2,68,0,0,-43.2,1636.4,15.5
22,TSU,AlphaTauri,68,52.539,2706.21,104.0,10441,2,70,0,0,-43.0,1635.3,15.5
22,TSU,AlphaTauri,68,52.702,2711.24,110.5,10985,2,72,0,0,-42.2,1630.4,15.5
22,TSU,AlphaTauri,68,52.739,2712.44,112.0,11108,2,73,0,0,-42.0,1629.2,15.5
22,TSU,AlphaTauri,68,52.922,2718.65,120.4,10291,2,78,0,0,-41.3,1623.3,15.5
22,TSU,AlphaTauri,68,52.979,2720.64,123.0,10036,2,80,0,0,-41.1,1621.4,15.5
22,TSU,AlphaTauri,68,53.139,2726.32,128.0,10244,3,90,0,0,-40.7,1615.8,15.5
22,TSU,AlphaTauri,68,53.162,2727.17,128.7,10366,3,90,0,0,-40.6,1615.0,15.5
22,TSU,AlphaTauri,68,53.419,2736.98,137.0,11731,3,96,0,0,-39.9,1605.6,15.5
22,TSU,AlphaTauri,68,53.442,2737.87,137.5,11751,3,96,0,0,-39.8,1604.5,15.5
22,TSU,AlphaTauri,68,53.642,2745.73,141.6,11927,3,100,0,0,-38.8,1593.5,15.5
22,TSU,AlphaTauri,68,53.659,2746.45,142.0,11942,3,100,0,0,-38.7,1592.7,15.5
22,TSU,AlphaTauri,68,53.942,2759.54,160.7,11314,3,100,0,0,-37.6,1583.9,15.5
22,TSU,AlphaTauri,68,54.099,2767.35,171.0,10965,3,100,0,0,-36.2,1576.3,15.5
22,TSU,AlphaTauri,68,54.299,2777.57,184.0,11296,4,100,0,0,-33.5,1564.1,15.4
22,TSU,AlphaTauri,68,54.302,2777.73,184.1,11303,4,100,0,0,-33.5,1563.9,15.4
22,TSU,AlphaTauri,68,54.499,2788.24,192.0,11775,4,100,0,0,-29.7,1551.6,15.2
22,TSU,AlphaTauri,68,54.699,2799.24,198.0,11873,4,100,0,0,-26.0,1541.3,15.1
22,TSU,AlphaTauri,68,54.702,2799.4,198.1,11868,4,100,0,0,-26.0,1541.2,15.1
22,TSU,AlphaTauri,68,54.962,2814.48,206.5,11427,4,100,0,0,-22.7,1532.6,15.0
22,TSU,AlphaTauri,68,55.099,2822.68,211.0,11194,5,100,0,0,-19.8,1525.4,14.8
22,TSU,AlphaTauri,68,55.142,2825.28,212.1,11231,5,100,0,0,-18.8,1523.1,14.8
22,TSU,AlphaTauri,68,55.342,2837.55,217.1,11402,5,100,0,0,-14.2,1512.2,14.7
22,TSU,AlphaTauri,68,55.5,2847.3,221.0,11537,5,100,0,0,-9.1,1500.2,14.6
22,TSU,AlphaTauri,68,55.66,2857.21,223.0,11622,5,100,0,0,-4.1,1488.3,14.6
22,TSU,AlphaTauri,68,55.662,2857.33,223.1,11618,5,100,0,0,-4.0,1488.2,14.6
22,TSU,AlphaTauri,68,55.939,2875.34,234.0,11065,5,100,0,0,0.7,1476.8,14.6
22,TSU,AlphaTauri,68,55.981,2878.14,235.4,11002,5,100,0,0,1.4,1475.1,14.6
22,TSU,AlphaTauri,68,56.179,2891.48,242.0,10703,6,100,0,0,5.6,1465.1,14.6
22,TSU,AlphaTauri,68,56.301,2899.83,244.6,10871,6,100,0,0,9.8,1455.5,14.6
22,TSU,AlphaTauri,68,56.459,2910.76,248.0,11088,6,100,0,0,17.1,1438.7,14.6
22,TSU,AlphaTauri,68,56.482,2912.37,248.5,11117,6,100,0,0,18.0,1436.6,14.6
22,TSU,AlphaTauri,68,56.659,2924.76,252.0,11344,6,100,0,0,22.9,1425.3,14.6
22,TSU,AlphaTauri,68,56.902,2941.96,254.6,11466,6,100,0,0,27.4,1415.0,14.6
22,TSU,AlphaTauri,68,56.939,2944.6,255.0,11484,6,100,0,0,28.4,1412.7,14.6
22,TSU,AlphaTauri,68,57.022,2950.54,256.7,11540,6,100,0,0,31.0,1406.8,14.6
22,TSU,AlphaTauri,68,57.139,2958.99,259.0,11620,6,100,0,0,35.5,1396.6,14.6
22,TSU,AlphaTauri,68,57.282,2969.45,261.3,11268,6,100,0,0,41.3,1383.1,14.5
22,TSU,AlphaTauri,68,57.579,2991.5,266.0,10536,7,100,0,0,51.2,1360.0,14.4
22,TSU,AlphaTauri,68,57.722,3002.14,267.8,10717,7,100,0,0,54.7,1351.8,14.3
22,TSU,AlphaTauri,68,57.739,3003.41,268.0,10738,7,100,0,0,55.1,1351.0,14.3
22,TSU,AlphaTauri,68,58.062,3027.89,272.5,10847,7,100,0,0,60.5,1337.9,14.1
22,TSU,AlphaTauri,68,58.099,3030.71,273.0,10859,7,100,0,0,61.3,1336.1,14.1
22,TSU,AlphaTauri,68,58.339,3049.11,276.0,11024,7,100,0,0,68.5,1318.5,13.8
22,TSU,AlphaTauri,68,58.342,3049.34,276.0,11025,7,100,0,0,68.6,1318.2,13.8
22,TSU,AlphaTauri,68,58.522,3063.32,278.6,11076,7,100,0,0,77.9,1295.3,13.4
22,TSU,AlphaTauri,68,58.619,3070.89,280.0,11104,7,100,0,0,81.0,1287.5,13.3
22,TSU,AlphaTauri,68,58.819,3086.55,282.0,11168,7,100,0,0,83.3,1281.7,13.2
22,TSU,AlphaTauri,68,58.902,3093.12,283.2,11198,7,100,0,0,84.7,1277.8,13.2
22,TSU,AlphaTauri,68,59.122,3110.69,286.2,11277,7,100,0,0,90.8,1261.5,13.1
22,TSU,AlphaTauri,68,59.179,3115.25,287.0,11298,7,100,0,0,92.4,1257.2,13.1
22,TSU,AlphaTauri,68,59.282,3123.51,287.6,11366,7,100,0,0,95.1,1249.5,13.1
22,TSU,AlphaTauri,68,59.442,3136.35,288.6,11471,7,100,0,0,99.2,1237.4,13.1
22,TSU,AlphaTauri,68,59.499,3140.94,289.0,11508,7,100,0,0,100.6,1233.1,13.1
22,TSU,AlphaTauri,68,59.662,3154.1,290.0,11478,7,100,0,0,104.6,1220.5,13.1
22,TSU,AlphaTauri,68,59.819,3166.81,291.0,11450,7,100,0,0,108.5,1207.7,13.1
22,TSU,AlphaTauri,68,60.002,3181.65,291.9,11538,7,100,0,0,112.9,1192.7,13.0
22,TSU,AlphaTauri,68,60.019,3183.03,292.0,11546,7,100,0,0,113.3,1191.3,13.0
22,TSU,AlphaTauri,68,60.082,3188.17,292.5,11484,7,100,0,0,114.7,1186.4,13.0
22,TSU,AlphaTauri,68,60.379,3212.53,295.0,11193,7,100,0,0,120.7,1164.2,13.0
22,TSU,AlphaTauri,68,60.422,3216.06,295.2,11101,7,100,0,0,121.9,1159.7,13.0
22,TSU,AlphaTauri,68,60.622,3232.51,295.9,10676,7,100,0,0,128.0,1135.8,13.0
22,TSU,AlphaTauri,68,60.659,3235.55,296.0,10597,8,100,0,0,128.8,1132.7,13.0
22,TSU,AlphaTauri,68,60.899,3255.35,297.0,10588,8,100,0,0,131.5,1121.6,13.0
22,TSU,AlphaTauri,68,60.902,3255.6,297.0,10589,8,100,0,0,131.5,1121.4,13.0
22,TSU,AlphaTauri,68,61.099,3271.96,299.0,10626,8,100,0,0,135.3,1105.9,12.9
22,TSU,AlphaTauri,68,61.162,3277.22,299.4,10636,8,100,0,0,136.6,1100.5,12.9
22,TSU,AlphaTauri,68,61.402,3297.3,300.7,10674,8,100,0,0,141.2,1081.0,12.9
22,TSU,AlphaTauri,68,61.459,3302.06,301.0,10683,8,100,0,0,142.2,1076.8,12.9
22,TSU,AlphaTauri,68,61.602,3314.02,301.0,10704,8,100,0,0,145.0,1064.8,12.8
22,TSU,AlphaTauri,68,61.699,3322.13,301.0,10719,8,100,0,0,147.9,1052.5,12.8
22,TSU,AlphaTauri,68,61.822,3332.44,301.6,10760,8,100,0,0,151.9,1035.4,12.8
22,TSU,AlphaTauri,68,61.899,3338.91,302.0,10785,8,100,0,0,154.0,1026.5,12.8
22,TSU,AlphaTauri,68,62.22,3366.02,304.0,10791,8,100,0,0,159.7,1001.7,12.7
22,TSU,AlphaTauri,68,62.262,3369.57,304.2,10801,8,100,0,0,160.3,999.2,12.7
22,TSU,AlphaTauri,68,62.46,3386.35,305.0,10850,8,100,0,0,162.7,989.3,12.6
22,TSU,AlphaTauri,68,62.659,3403.21,305.0,10843,8,100,0,0,165.4,977.9,12.6
22,TSU,AlphaTauri,68,62.661,3403.38,305.0,10843,8,100,0,0,165.4,977.8,12.6
22,TSU,AlphaTauri,68,62.901,3423.89,306.8,10875,8,100,0,0,170.0,957.9,12.7
22,TSU,AlphaTauri,68,63.059,3437.43,308.0,10896,8,100,0,0,173.0,944.6,12.7
22,TSU,AlphaTauri,68,63.102,3441.11,308.0,10903,8,100,0,0,174.2,939.6,12.7
22,TSU,AlphaTauri,68,63.262,3454.81,308.0,10927,8,100,0,0,179.7,916.3,12.6
22,TSU,AlphaTauri,68,63.459,3471.65,308.0,10957,8,100,0,0,182.7,903.5,12.6
22,TSU,AlphaTauri,68,63.642,3487.31,308.0,10959,8,100,0,0,184.3,896.3,12.6
22,TSU,AlphaTauri,68,63.659,3488.76,308.0,10959,8,100,0,0,184.6,895.2,12.6
22,TSU,AlphaTauri,68,63.842,3504.46,308.5,10956,8,100,0,0,188.2,879.6,12.6
22,TSU,AlphaTauri,68,64.019,3519.66,309.0,10954,8,100,0,0,191.5,865.0,12.6
22,TSU,AlphaTauri,68,64.042,3521.64,309.1,10953,8,100,0,0,192.0,862.8,12.6
22,TSU,AlphaTauri,68,64.282,3542.31,309.9,10940,8,100,0,0,197.7,837.7,12.6
22,TSU,AlphaTauri,68,64.299,3543.78,310.0,10939,8,100,0,0,198.0,836.2,12.6
22,TSU,AlphaTauri,68,64.659,3574.88,311.0,11032,8,100,0,0,203.5,812.2,12.7
22,TSU,AlphaTauri,68,64.702,3578.59,311.0,11033,8,100,0,0,204.6,807.4,12.7
22,TSU,AlphaTauri,68,64.882,3594.14,311.0,11035,8,100,0,0,210.2,783.3,12.7
22,TSU,AlphaTauri,68,64.939,3599.06,311.0,11036,8,100,0,0,211.5,777.6,12.7
22,TSU,AlphaTauri,68,65.242,3625.32,311.9,11098,8,100,0,0,215.3,761.3,12.7
22,TSU,AlphaTauri,68,65.259,3626.8,312.0,11101,8,100,0,0,215.6,760.2,12.7
22,TSU,AlphaTauri,68,65.459,3644.19,313.0,11062,8,100,0,0,219.7,743.1,12.8
22,TSU,AlphaTauri,68,65.462,3644.45,313.0,11060,8,100,0,0,219.8,742.8,12.8
22,TSU,AlphaTauri,68,65.722,3666.98,312.1,10928,8,100,0,0,227.9,709.1,12.8
22,TSU,AlphaTauri,68,65.739,3668.45,312.0,10919,8,100,0,0,228.3,707.4,12.8
22,TSU,AlphaTauri,68,65.939,3685.73,311.0,10950,8,100,0,0,231.5,694.2,12.8
22,TSU,AlphaTauri,68,66.139,3703.01,311.0,10983,8,100,0,0,233.6,685.2,12.9
22,TSU,AlphaTauri,68,66.182,3706.74,310.8,10977,8,100,0,0,234.3,682.2,12.9
22,TSU,AlphaTauri,68,66.322,3718.9,310.0,10958,8,100,0,0,237.1,670.4,12.9
22,TSU,AlphaTauri,68,66.499,3733.91,309.0,10934,8,100,0,0,240.6,655.6,13.0
22,TSU,AlphaTauri,68,66.542,3737.43,303.6,10805,8,73,0,0,241.4,652.1,13.0
22,TSU,AlphaTauri,68,66.659,3746.75,289.0,10454,8,0,1,0,243.6,642.7,13.0
22,TSU,AlphaTauri,68,66.722,3751.57,282.5,10463,8,0,1,0,244.8,637.7,13.0
22,TSU,AlphaTauri,68,66.939,3766.98,260.0,10495,8,0,1,0,248.7,621.6,13.1
22,TSU,AlphaTauri,68,66.942,3767.17,259.6,10508,8,0,1,0,248.7,621.4,13.1
22,TSU,AlphaTauri,68,67.142,3779.53,230.3,11372,8,0,1,0,251.7,608.3,13.1
22,TSU,AlphaTauri,68,67.219,3784.01,219.0,11704,8,0,1,0,252.8,603.6,13.1
22,TSU,AlphaTauri,68,67.382,3793.19,205.6,11221,8,0,1,0,255.0,594.4,13.2
22,TSU,AlphaTauri,68,67.499,3799.25,196.0,10875,7,0,1,0,256.2,588.7,13.2
22,TSU,AlphaTauri,68,67.582,3803.19,185.0,10965,7,0,1,0,257.1,584.4,13.2
22,TSU,AlphaTauri,68,67.779,3811.62,159.0,11179,4,0,1,0,259.2,572.5,13.2
22,TSU,AlphaTauri,68,67.822,3813.38,155.8,10949,4,0,1,0,259.6,570.4,13.2
22,TSU,AlphaTauri,68,67.979,3819.62,144.0,10111,3,0,1,0,260.4,565.3,13.2
22,TSU,AlphaTauri,68,68.162,3826.62,138.8,9574,3,0,1,0,260.5,560.2,13.2
22,TSU,AlphaTauri,68,68.259,3830.2,136.0,9289,3,0,1,0,260.3,555.5,13.2
22,TSU,AlphaTauri,68,68.402,3835.32,132.0,9132,3,0,1,0,259.7,548.4,13.1
22,TSU,AlphaTauri,68,68.58,3841.52,127.0,8937,3,0,0,0,258.8,544.1,13.1
22,TSU,AlphaTauri,68,68.742,3847.12,124.6,8774,3,0,0,0,257.4,541.1,13.1
22,TSU,AlphaTauri,68,68.78,3848.41,124.0,8736,3,0,0,0,256.9,540.1,13.1
22,TSU,AlphaTauri,68,68.981,3855.02,120.2,8593,3,6,0,0,253.7,533.7,13.1
22,TSU,AlphaTauri,68,69.1,3858.9,118.0,8508,3,10,0,0,251.5,530.2,13.0
22,TSU,AlphaTauri,68,69.221,3862.88,118.4,8904,3,28,0,0,249.3,526.8,13.0
22,TSU,AlphaTauri,68,69.321,3866.2,118.8,9230,3,42,0,0,247.6,523.9,13.0
22,TSU,AlphaTauri,68,69.379,3868.12,119.0,9420,3,51,0,0,246.6,522.1,13.0
22,TSU,AlphaTauri,68,69.539,3873.5,121.0,9271,3,70,0,0,244.0,517.1,12.9
22,TSU,AlphaTauri,68,69.602,3875.7,123.0,9385,3,68,0,0,243.2,515.1,12.9
22,TSU,AlphaTauri,68,69.819,3883.61,130.0,9779,3,61,0,0,241.1,507.9,12.9
22,TSU,AlphaTauri,68,69.822,3883.72,130.1,9780,3,61,0,0,241.1,507.8,12.9
22,TSU,AlphaTauri,68,69.979,3889.57,134.0,9809,3,62,0,0,240.0,499.8,12.8
22,TSU,AlphaTauri,68,70.062,3892.7,135.4,10001,3,66,0,0,239.6,496.1,12.8
22,TSU,AlphaTauri,68,70.219,3898.77,138.0,10363,3,75,0,0,239.3,492.0,12.8
22,TSU,AlphaTauri,68,70.362,3904.56,143.4,10628,3,77,0,0,239.5,488.2,12.8
22,TSU,AlphaTauri,68,70.459,3908.57,147.0,10808,3,79,0,0,239.8,483.8,12.8
22,TSU,AlphaTauri,68,70.619,3915.23,150.0,11486,3,88,0,0,240.4,475.1,12.7
22,TSU,AlphaTauri,68,70.642,3916.22,151.2,11612,3,89,0,0,240.5,474.0,12.7
22,TSU,AlphaTauri,68,70.779,3922.26,158.0,12360,3,94,0,0,241.1,468.2,12.7
22,TSU,AlphaTauri,68,71.062,3935.6,168.6,12043,3,99,0,0,242.8,458.0,12.7
22,TSU,AlphaTauri,68,71.099,3937.37,170.0,12002,3,100,0,0,243.1,456.4,12.7
22,TSU,AlphaTauri,68,71.282,3946.18,173.7,11050,3,100,0,0,244.9,447.6,12.6
22,TSU,AlphaTauri,68,71.299,3947.03,174.0,10962,4,100,0,0,245.1,446.8,12.6
22,TSU,AlphaTauri,68,71.342,3949.21,177.0,11098,4,100,0,0,245.5,444.7,12.6
22,TSU,AlphaTauri,68,71.499,3957.48,188.0,11596,4,100,0,0,248.1,434.2,12.6
22,TSU,AlphaTauri,68,71.699,3968.31,195.0,11935,4,100,0,0,251.8,420.4,12.7
22,TSU,AlphaTauri,68,71.702,3968.48,195.1,11923,4,100,0,0,251.8,420.3,12.7
22,TSU,AlphaTauri,68,72.019,3986.44,204.0,10635,5,100,0,0,254.6,410.8,12.7
22,TSU,AlphaTauri,68,72.022,3986.62,204.1,10639,5,100,0,0,254.6,410.7,12.7
22,TSU,AlphaTauri,68,72.182,3995.83,207.3,10853,5,100,0,0,257.2,401.8,12.7
22,TSU,AlphaTauri,68,72.219,3998.0,208.0,10903,5,100,0,0,257.8,399.7,12.7
22,TSU,AlphaTauri,68,72.379,4007.64,217.0,11217,5,100,0,0,260.5,390.6,12.7
22,TSU,AlphaTauri,68,72.462,4012.75,219.1,11314,5,100,0,0,261.9,385.8,12.7
22,TSU,AlphaTauri,68,72.622,4022.75,223.1,11501,5,100,0,0,264.6,376.3,12.7
22,TSU,AlphaTauri,68,72.699,4027.64,225.0,11591,5,100,0,0,265.9,371.7,12.7
22,TSU,AlphaTauri,68,72.842,4036.88,228.6,11734,5,100,0,0,268.3,363.0,12.7
22,TSU,AlphaTauri,68,73.099,4053.76,235.0,11991,5,100,0,0,272.5,346.9,12.6
22,TSU,AlphaTauri,68,73.162,4057.9,235.9,11815,5,100,0,0,273.6,342.9,12.7
22,TSU,AlphaTauri,68,73.222,4061.86,236.8,11647,5,100,0,0,274.6,339.1,12.8
22,TSU,AlphaTauri,68,73.299,4066.98,238.0,11431,5,100,0,0,275.8,334.6,12.9
22,TSU,AlphaTauri,68,73.499,4080.53,244.0,10922,6,100,0,0,278.7,322.7,12.8
22,TSU,AlphaTauri,68,73.562,4084.85,244.9,10980,6,100,0,0,280.2,316.9,12.8
22,TSU,AlphaTauri,68,73.762,4098.68,247.9,11165,6,100,0,0,286.0,294.2,12.8
22,TSU,AlphaTauri,68,73.899,4108.31,250.0,11291,6,100,0,0,287.6,288.1,12.8
22,TSU,AlphaTauri,68,74.042,4118.51,254.1,11394,6,100,0,0,288.4,284.7,12.8
22,TSU,AlphaTauri,68,74.179,4128.38,258.0,11492,6,100,0,0,290.5,276.5,12.8
22,TSU,AlphaTauri,68,74.282,4135.85,259.3,11576,6,100,0,0,292.6,268.1,12.8
22,TSU,AlphaTauri,68,74.579,4157.6,263.0,11820,6,100,0,0,299.9,240.2,12.8
22,TSU,AlphaTauri,68,74.582,4157.82,263.0,11808,6,100,0,0,300.0,240.0,12.8
22,TSU,AlphaTauri,68,74.859,4178.37,267.0,10689,7,100,0,0,303.6,225.9,12.8
22,TSU,AlphaTauri,68,74.942,4184.59,268.1,10717,7,100,0,0,304.8,221.4,12.8
22,TSU,AlphaTauri,68,75.202,4204.27,271.8,10803,7,100,0,0,309.8,202.5,12.8
22,TSU,AlphaTauri,68,75.22,4205.64,272.0,10809,7,100,0,0,310.1,201.2,12.8
22,TSU,AlphaTauri,68,75.302,4211.91,273.0,10850,7,100,0,0,311.7,195.1,12.8
22,TSU,AlphaTauri,68,75.54,4230.18,276.0,10969,7,100,0,0,316.4,177.5,12.8
22,TSU,AlphaTauri,68,75.561,4231.79,276.1,10974,7,100,0,0,316.8,175.9,12.8
22,TSU,AlphaTauri,68,75.761,4247.18,276.9,11019,7,100,0,0,320.6,161.0,12.9
22,TSU,AlphaTauri,68,75.78,4248.64,277.0,11023,7,100,0,0,321.0,159.6,12.9
22,TSU,AlphaTauri,68,75.921,4259.54,278.2,11112,7,100,0,0,323.6,149.0,12.9
22,TSU,AlphaTauri,68,76.02,4267.24,279.0,11175,7,100,0,0,325.4,141.7,12.9
22,TSU,AlphaTauri,68,76.101,4273.59,280.1,11204,7,100,0,0,326.8,135.4,12.9
22,TSU,AlphaTauri,68,76.342,4292.64,283.5,11290,7,100,0,0,331.1,115.4,12.9
22,TSU,AlphaTauri,68,76.379,4295.56,284.0,11303,7,100,0,0,331.5,113.2,12.9
22,TSU,AlphaTauri,68,76.582,4311.57,284.0,11259,7,100,0,0,333.4,103.1,12.9
22,TSU,AlphaTauri,68,76.619,4314.5,284.0,11251,7,100,0,0,333.9,100.1,12.9
22,TSU,AlphaTauri,68,76.666,4318.22,284.5,11272,7,100,0,0,334.6,95.6,12.9
27,HUL,Haas F1 Team,37,0.0,0.09,281.6,11383,7,100,0,0,334.9,94.5,13.0
27,HUL,Haas F1 Team,37,0.039,3.14,282.0,11410,7,100,0,0,335.3,92.0,13.0
27,HUL,Haas F1 Team,37,0.17,13.4,282.0,11366,7,99,0,0,336.5,83.2,13.0
27,HUL,Haas F1 Team,37,0.199,15.68,282.0,11356,7,99,0,0,336.8,81.1,13.0
27,HUL,Haas F1 Team,37,0.47,37.09,284.0,11418,7,100,0,0,338.8,59.7,12.8
27,HUL,Haas F1 Team,37,0.599,47.34,285.0,11447,7,100,0,0,339.2,49.6,12.8
27,HUL,Haas F1 Team,37,0.63,49.81,285.3,11454,7,100,0,0,339.3,47.1,12.8
27,HUL,Haas F1 Team,37,0.839,66.48,287.0,11500,7,99,0,0,339.4,28.1,12.8
27,HUL,Haas F1 Team,37,0.91,72.16,287.3,11493,7,99,0,0,339.3,21.7,12.8
27,HUL,Haas F1 Team,37,1.079,85.68,288.0,11478,7,99,0,0,338.7,7.6,12.8
27,HUL,Haas F1 Team,37,1.33,105.66,286.9,11452,7,99,0,0,337.0,-13.2,12.9
27,HUL,Haas F1 Team,37,1.519,120.63,286.0,11433,7,99,0,0,335.0,-31.5,13.0
27,HUL,Haas F1 Team,37,1.67,132.55,284.1,11051,7,100,0,0,333.5,-44.6,13.0
27,HUL,Haas F1 Team,37,1.679,133.26,284.0,11028,7,100,1,0,333.4,-45.3,13.0
27,HUL,Haas F1 Team,37,1.879,148.7,278.0,10355,7,1,1,0,332.1,-56.6,13.1
27,HUL,Haas F1 Team,37,2.039,159.99,254.0,10032,7,0,1,0,331.2,-63.8,13.1
27,HUL,Haas F1 Team,37,2.11,164.68,247.3,10103,7,0,1,0,330.8,-67.6,13.1
27,HUL,Haas F1 Team,37,2.369,180.29,222.8,10360,7,0,1,0,329.2,-83.8,13.2
27,HUL,Haas F1 Team,37,2.399,181.99,220.0,10390,7,0,1,0,329.0,-85.6,13.2
27,HUL,Haas F1 Team,37,2.469,185.86,211.8,10279,7,0,1,0,328.7,-89.5,13.3
27,HUL,Haas F1 Team,37,2.639,194.79,192.0,10011,6,0,1,0,328.2,-98.5,13.3
27,HUL,Haas F1 Team,37,2.669,196.29,189.9,10048,6,0,1,0,328.2,-100.0,13.3
27,HUL,Haas F1 Team,37,2.869,205.85,175.6,10294,6,0,1,0,328.1,-109.8,13.4
27,HUL,Haas F1 Team,37,2.919,208.17,172.0,10356,5,0,1,0,328.2,-112.1,13.4
27,HUL,Haas F1 Team,37,3.169,219.51,165.2,10768,5,0,1,0,329.3,-123.1,13.3
27,HUL,Haas F1 Team,37,3.359,227.72,160.0,11081,4,0,1,0,331.0,-130.8,13.3
27,HUL,Haas F1 Team,37,3.389,228.98,158.8,11029,4,0,1,0,331.3,-131.9,13.3
27,HUL,Haas F1 Team,37,3.629,238.66,149.2,10617,4,2,1,0,334.9,-140.6,13.3
27,HUL,Haas F1 Team,37,3.759,243.72,144.0,10394,3,3,1,0,340.1,-148.0,13.4
27,HUL,Haas F1 Team,37,3.829,246.41,142.2,10341,3,2,1,0,342.6,-151.3,13.4
27,HUL,Haas F1 Team,37,4.039,254.38,137.0,10184,3,0,0,0,345.7,-154.9,13.4
27,HUL,Haas F1 Team,37,4.149,258.55,136.3,9985,3,0,0,0,347.5,-156.2,13.4
27,HUL,Haas F1 Team,37,4.199,260.42,136.0,9895,3,0,0,0,348.8,-157.2,13.4
27,HUL,Haas F1 Team,37,4.349,265.94,133.3,9689,3,2,0,0,353.5,-160.9,13.5
27,HUL,Haas F1 Team,37,4.489,270.93,130.7,9497,3,4,0,0,357.8,-163.9,13.5
27,HUL,Haas F1 Team,37,4.639,276.07,128.0,9291,3,6,1,0,363.6,-167.4,13.5
27,HUL,Haas F1 Team,37,4.889,284.13,119.0,9230,3,2,1,0,373.4,-172.7,13.5
27,HUL,Haas F1 Team,37,4.999,287.57,115.0,9203,3,0,1,0,376.0,-174.1,13.5
27,HUL,Haas F1 Team,37,5.159,292.46,110.0,8733,2,0,1,0,378.3,-175.4,13.5
27,HUL,Haas F1 Team,37,5.289,296.06,103.9,8342,2,0,1,0,380.3,-177.0,13.5
27,HUL,Haas F1 Team,37,5.469,300.65,95.5,7801,2,0,1,0,383.8,-180.1,13.5
27,HUL,Haas F1 Team,37,5.479,300.9,95.0,7771,2,0,1,0,384.0,-180.3,13.5
27,HUL,Haas F1 Team,37,5.529,302.15,93.7,7708,2,0,1,0,384.8,-181.1,13.5
27,HUL,Haas F1 Team,37,5.719,306.83,89.0,7470,2,0,1,0,387.2,-184.8,13.5
27,HUL,Haas F1 Team,37,5.789,308.51,87.7,7357,2,0,1,0,387.8,-186.4,13.5
27,HUL,Haas F1 Team,37,5.999,313.37,84.0,7018,2,0,1,0,388.8,-191.6,13.5
27,HUL,Haas F1 Team,37,6.01,313.62,83.8,7006,2,0,1,0,388.8,-191.9,13.5
27,HUL,Haas F1 Team,37,6.279,319.59,80.0,6716,2,0,0,0,388.3,-198.0,13.6
27,HUL,Haas F1 Team,37,6.29,319.83,79.9,6705,2,0,0,0,388.3,-198.2,13.6
27,HUL,Haas F1 Team,37,6.51,324.5,77.1,6489,2,1,0,0,387.3,-202.5,13.6
27,HUL,Haas F1 Team,37,6.55,325.33,76.6,6450,2,1,0,0,387.1,-203.3,13.6
27,HUL,Haas F1 Team,37,6.599,326.34,76.0,6402,2,1,0,0,386.8,-204.3,13.6
27,HUL,Haas F1 Team,37,6.75,329.43,74.7,6673,2,16,0,0,385.7,-207.2,13.7
27,HUL,Haas F1 Team,37,6.839,331.28,74.0,6832,2,25,0,0,385.0,-208.9,13.7
27,HUL,Haas F1 Team,37,6.95,333.64,75.4,7014,2,29,0,0,383.9,-211.0,13.8
27,HUL,Haas F1 Team,37,7.31,341.73,79.9,7605,2,41,0,0,379.7,-217.0,14.0
27,HUL,Haas F1 Team,37,7.319,341.94,80.0,7620,2,41,0,0,379.6,-217.1,14.0
27,HUL,Haas F1 Team,37,7.53,346.96,84.7,8102,2,45,0,0,376.7,-220.0,14.1
27,HUL,Haas F1 Team,37,7.67,350.51,87.8,8421,2,47,0,0,371.3,-223.4,14.2
27,HUL,Haas F1 Team,37,7.679,350.74,88.0,8442,2,47,0,0,371.0,-223.6,14.2
27,HUL,Haas F1 Team,37,8.01,360.01,100.0,9491,2,58,0,0,365.7,-225.4,14.4
27,HUL,Haas F1 Team,37,8.039,360.84,101.0,9583,2,59,0,0,365.1,-225.5,14.4
27,HUL,Haas F1 Team,37,8.239,366.73,106.0,9723,2,61,0,0,359.1,-226.7,14.6
27,HUL,Haas F1 Team,37,8.25,367.07,106.5,9790,2,62,0,0,358.8,-226.7,14.6
27,HUL,Haas F1 Team,37,8.41,372.16,113.7,10766,2,70,0,0,353.7,-227.1,14.8
27,HUL,Haas F1 Team,37,8.439,373.12,115.0,10943,2,71,0,0,352.8,-227.1,14.8
27,HUL,Haas F1 Team,37,8.69,381.83,123.6,10485,2,78,0,0,344.2,-227.3,15.2
27,HUL,Haas F1 Team,37,8.759,384.32,126.0,10359,2,80,0,0,341.7,-227.3,15.3
27,HUL,Haas F1 Team,37,8.919,390.28,134.0,10359,3,80,0,0,335.8,-227.1,15.6
27,HUL,Haas F1 Team,37,8.949,391.43,135.2,10471,3,81,0,0,334.7,-227.0,15.6
27,HUL,Haas F1 Team,37,9.119,398.17,142.0,11107,3,85,0,0,328.1,-226.5,15.8
27,HUL,Haas F1 Team,37,9.149,399.37,142.9,11221,3,85,0,0,326.9,-226.4,15.9
27,HUL,Haas F1 Team,37,9.279,404.7,147.0,11713,3,86,0,0,321.7,-225.8,16.1
27,HUL,Haas F1 Team,37,9.309,405.97,148.7,11735,3,89,0,0,320.4,-225.6,16.2
27,HUL,Haas F1 Team,37,9.439,411.63,156.0,11828,3,100,0,0,314.8,-224.6,16.4
27,HUL,Haas F1 Team,37,9.549,416.66,160.7,11533,3,100,0,0,310.1,-223.6,16.5
27,HUL,Haas F1 Team,37,9.719,424.7,168.0,11077,4,100,0,0,303.4,-222.1,16.8
27,HUL,Haas F1 Team,37,9.789,428.04,170.2,11207,4,100,0,0,299.2,-220.9,16.9
27,HUL,Haas F1 Team,37,9.879,432.39,173.0,11374,4,100,0,0,291.8,-218.7,17.1
27,HUL,Haas F1 Team,37,9.949,435.87,175.8,11456,4,100,0,0,286.3,-217.0,17.2
27,HUL,Haas F1 Team,37,10.159,446.7,184.0,11701,4,100,0,0,276.1,-213.7,16.8
27,HUL,Haas F1 Team,37,10.169,447.22,184.4,11680,4,100,0,0,275.7,-213.5,16.8
27,HUL,Haas F1 Team,37,10.359,457.37,192.0,11277,4,100,0,0,266.3,-210.2,17.3
27,HUL,Haas F1 Team,37,10.409,460.12,193.6,11257,4,100,0,0,263.7,-209.3,17.5
27,HUL,Haas F1 Team,37,10.609,471.48,199.8,11177,4,100,0,0,253.5,-205.4,17.8
27,HUL,Haas F1 Team,37,10.839,484.97,207.0,11085,5,100,0,0,241.5,-200.1,17.8
27,HUL,Haas F1 Team,37,10.849,485.56,207.2,11104,5,100,0,0,241.0,-199.9,17.8
27,HUL,Haas F1 Team,37,11.049,497.44,211.7,11474,5,100,0,0,230.6,-194.6,17.8
27,HUL,Haas F1 Team,37,11.199,506.47,215.0,11751,5,100,0,0,217.0,-186.4,17.8
27,HUL,Haas F1 Team,37,11.249,509.5,216.2,11787,5,100,0,0,213.0,-184.0,17.8
27,HUL,Haas F1 Team,37,11.4,518.75,220.0,11896,5,100,0,0,205.7,-179.5,17.8
27,HUL,Haas F1 Team,37,11.649,534.55,225.7,11939,5,100,0,0,199.4,-175.0,17.7
27,HUL,Haas F1 Team,37,11.709,538.44,227.1,11950,5,100,0,0,196.3,-172.8,17.7
27,HUL,Haas F1 Team,37,11.879,549.49,231.0,11979,5,100,0,0,185.4,-164.9,17.7
27,HUL,Haas F1 Team,37,12.039,559.93,235.0,11077,6,100,0,0,174.1,-156.7,17.6
27,HUL,Haas F1 Team,37,12.069,561.91,235.5,11064,6,100,0,0,172.2,-155.2,17.6
27,HUL,Haas F1 Team,37,12.319,578.6,240.0,10956,6,100,0,0,157.9,-144.1,17.6
27,HUL,Haas F1 Team,37,12.49,590.12,241.9,11057,6,100,0,0,148.0,-136.1,17.6
27,HUL,Haas F1 Team,37,12.679,603.0,244.0,11169,6,100,0,0,135.3,-125.8,17.6
27,HUL,Haas F1 Team,37,12.879,616.61,245.0,11206,6,100,1,0,124.5,-117.1,17.6
27,HUL,Haas F1 Team,37,12.89,617.32,244.0,11182,6,97,1,0,124.2,-116.8,17.6
27,HUL,Haas F1 Team,37,13.13,631.41,221.6,10649,6,43,1,0,120.2,-113.7,17.6
27,HUL,Haas F1 Team,37,13.319,641.54,204.0,10229,6,0,1,0,112.6,-107.5,17.6
27,HUL,Haas F1 Team,37,13.53,652.52,189.7,9912,6,0,1,0,102.1,-98.5,17.6
27,HUL,Haas F1 Team,37,13.599,655.93,185.0,9809,6,0,1,0,99.3,-96.0,17.6
27,HUL,Haas F1 Team,37,13.879,668.69,164.0,9700,4,0,1,0,91.0,-87.5,17.5
27,HUL,Haas F1 Team,37,13.93,670.85,161.6,9587,4,0,1,0,89.6,-86.0,17.5
27,HUL,Haas F1 Team,37,14.15,679.66,151.1,9099,4,0,1,0,83.8,-78.8,17.4
27,HUL,Haas F1 Team,37,14.319,686.16,143.0,8724,4,0,1,0,78.9,-70.9,17.3
27,HUL,Haas F1 Team,37,14.37,688.11,141.5,8647,4,0,1,0,77.8,-68.9,17.2
27,HUL,Haas F1 Team,37,14.519,693.77,137.0,8422,4,0,1,0,76.2,-65.5,17.1
27,HUL,Haas F1 Team,37,14.61,697.23,136.4,8361,4,0,1,0,75.7,-63.5,17.0
27,HUL,Haas F1 Team,37,14.679,699.82,136.0,8314,4,0,0,0,75.2,-61.4,17.0
27,HUL,Haas F1 Team,37,14.81,704.58,132.7,8222,4,0,0,0,74.4,-56.6,17.0
27,HUL,Haas F1 Team,37,14.919,708.49,130.0,8146,4,0,0,0,74.2,-52.9,16.9
27,HUL,Haas F1 Team,37,15.19,718.34,130.8,8553,4,34,0,0,75.2,-42.7,16.6
27,HUL,Haas F1 Team,37,15.279,721.59,131.0,8686,4,45,0,0,75.9,-37.7,16.5
27,HUL,Haas F1 Team,37,15.369,724.86,131.4,8709,4,52,0,0,76.5,-33.1,16.4
27,HUL,Haas F1 Team,37,15.519,730.39,132.0,8748,4,64,0,0,77.2,-29.1,16.3
27,HUL,Haas F1 Team,37,15.719,738.11,139.0,8999,4,71,0,0,77.2,-25.2,16.1
27,HUL,Haas F1 Team,37,15.789,740.9,141.1,9057,4,66,0,0,76.8,-20.3,15.9
27,HUL,Haas F1 Team,37,15.889,744.95,144.1,9139,4,59,0,0,75.9,-10.8,15.6
27,HUL,Haas F1 Team,37,15.919,746.16,145.0,9164,4,57,0,0,75.6,-8.3,15.5
27,HUL,Haas F1 Team,37,16.159,755.96,147.0,9456,4,37,0,0,73.8,1.7,15.1
27,HUL,Haas F1 Team,37,16.359,764.19,148.0,9552,4,41,0,0,71.9,4.8,14.8
27,HUL,Haas F1 Team,37,16.389,765.43,148.3,9553,4,43,0,0,71.5,5.5,14.8
27,HUL,Haas F1 Team,37,16.719,779.29,151.0,9565,4,63,0,0,65.9,15.4,14.3
27,HUL,Haas F1 Team,37,16.789,782.33,153.5,9911,4,69,0,0,64.3,17.8,14.2
27,HUL,Haas F1 Team,37,16.919,788.06,158.0,10554,4,81,0,0,61.0,22.4,14.1
27,HUL,Haas F1 Team,37,16.949,789.4,158.8,10530,4,81,0,0,60.1,23.6,14.1
27,HUL,Haas F1 Team,37,17.079,795.26,162.0,10428,4,83,0,0,55.3,29.7,13.9
27,HUL,Haas F1 Team,37,17.269,804.29,169.9,11019,4,96,0,0,47.8,39.0,13.5
27,HUL,Haas F1 Team,37,17.319,806.73,172.0,11174,4,100,0,0,46.2,41.0,13.4
27,HUL,Haas F1 Team,37,17.599,820.73,180.0,12112,4,100,0,0,40.1,48.6,13.2
27,HUL,Haas F1 Team,37,17.629,822.28,181.1,11974,4,100,0,0,39.6,49.2,13.2
27,HUL,Haas F1 Team,37,17.809,831.74,187.5,11147,4,100,0,0,36.0,53.6,13.2
27,HUL,Haas F1 Team,37,17.879,835.51,190.0,10825,4,100,0,0,32.9,57.3,13.2
27,HUL,Haas F1 Team,37,18.04,844.36,198.0,10824,5,100,0,0,23.5,68.7,13.0
27,HUL,Haas F1 Team,37,18.089,847.12,199.2,10886,5,100,0,0,21.5,71.1,13.0
27,HUL,Haas F1 Team,37,18.329,860.94,205.2,11192,5,100,0,0,17.7,75.4,12.9
27,HUL,Haas F1 Team,37,18.399,865.01,207.0,11281,5,100,0,0,16.1,77.2,12.9
27,HUL,Haas F1 Team,37,18.559,874.34,210.0,11560,5,100,0,0,10.2,83.7,13.0
27,HUL,Haas F1 Team,37,18.649,879.72,213.0,11646,5,100,0,0,4.8,88.9,13.0
27,HUL,Haas F1 Team,37,18.799,888.87,218.0,11788,5,100,0,0,-7.4,99.7,13.0
27,HUL,Haas F1 Team,37,18.849,891.96,219.3,11847,5,100,0,0,-10.8,102.7,13.0
27,HUL,Haas F1 Team,37,19.079,906.37,225.0,12118,5,100,0,0,-18.0,108.7,12.9
27,HUL,Haas F1 Team,37,19.17,912.14,227.3,11720,5,100,0,0,-20.6,110.7,12.9
27,HUL,Haas F1 Team,37,19.239,916.55,229.0,11418,5,100,0,0,-23.4,112.9,12.9
27,HUL,Haas F1 Team,37,19.519,934.75,234.0,10872,6,100,0,0,-38.5,124.8,13.0
27,HUL,Haas F1 Team,37,19.53,935.47,234.2,10883,6,100,0,0,-39.0,125.2,13.0
27,HUL,Haas F1 Team,37,19.73,948.76,238.0,11078,6,100,0,0,-48.2,132.8,13.1
27,HUL,Haas F1 Team,37,19.77,951.44,238.7,11117,6,100,0,0,-50.2,134.6,13.1
27,HUL,Haas F1 Team,37,19.839,956.08,240.0,11184,6,100,0,0,-53.6,137.8,13.1
27,HUL,Haas F1 Team,37,20.01,967.68,243.1,11261,6,100,0,0,-61.4,145.9,13.1
27,HUL,Haas F1 Team,37,20.119,975.14,245.0,11310,6,100,0,0,-65.9,151.5,13.1
27,HUL,Haas F1 Team,37,20.27,985.53,247.3,11434,6,100,0,0,-71.4,160.0,13.1
27,HUL,Haas F1 Team,37,20.319,988.92,248.0,11474,6,100,0,0,-73.0,163.0,13.1
27,HUL,Haas F1 Team,37,20.45,998.0,249.3,11537,6,100,0,0,-77.1,171.2,13.1
27,HUL,Haas F1 Team,37,20.519,1002.81,250.0,11570,6,100,0,0,-79.0,175.6,13.1
27,HUL,Haas F1 Team,37,20.67,1013.41,251.7,11652,6,100,0,0,-83.0,185.6,13.0
27,HUL,Haas F1 Team,37,20.79,1021.92,253.1,11717,6,100,0,0,-86.0,194.3,13.0
27,HUL,Haas F1 Team,37,20.959,1033.97,255.0,11809,6,100,0,0,-89.6,205.3,13.0
27,HUL,Haas F1 Team,37,21.17,1049.11,257.6,11694,6,100,0,0,-92.8,222.4,13.0
27,HUL,Haas F1 Team,37,21.279,1056.99,259.0,11634,6,100,0,0,-93.9,235.7,12.9
27,HUL,Haas F1 Team,37,21.35,1062.16,259.6,11459,6,100,0,0,-94.3,243.5,12.9
27,HUL,Haas F1 Team,37,21.67,1085.57,262.6,10671,6,100,0,0,-94.4,259.7,12.9
27,HUL,Haas F1 Team,37,21.719,1089.14,263.0,10550,7,100,0,0,-94.4,262.8,12.9
27,HUL,Haas F1 Team,37,21.83,1097.19,261.3,10451,7,73,0,0,-94.2,271.4,13.0
27,HUL,Haas F1 Team,37,22.119,1117.69,257.0,10192,7,2,1,0,-93.0,300.5,13.1
27,HUL,Haas F1 Team,37,22.149,1119.75,255.1,10131,7,2,1,0,-92.9,303.0,13.1
27,HUL,Haas F1 Team,37,22.399,1136.28,239.0,9619,7,0,1,0,-92.0,316.5,13.2
27,HUL,Haas F1 Team,37,22.589,1147.86,222.0,9524,7,0,1,0,-91.5,324.1,13.3
27,HUL,Haas F1 Team,37,22.679,1152.93,214.0,9479,7,0,1,0,-91.4,328.4,13.4
27,HUL,Haas F1 Team,37,22.989,1168.13,177.2,10092,7,0,1,0,-91.4,344.5,13.8
27,HUL,Haas F1 Team,37,22.999,1168.57,176.0,10112,5,0,1,0,-91.4,344.9,13.8
27,HUL,Haas F1 Team,37,23.249,1179.03,156.6,10487,5,0,1,0,-92.4,355.2,13.9
27,HUL,Haas F1 Team,37,23.359,1183.37,148.0,10652,5,0,1,0,-93.4,360.4,14.0
27,HUL,Haas F1 Team,37,23.589,1192.08,136.5,9772,5,0,1,0,-95.9,370.9,14.1
27,HUL,Haas F1 Team,37,23.599,1192.44,136.0,9734,3,0,1,0,-96.0,371.2,14.1
27,HUL,Haas F1 Team,37,23.949,1204.12,120.4,8521,3,0,1,0,-99.6,379.6,14.3
27,HUL,Haas F1 Team,37,23.959,1204.44,120.0,8486,3,0,1,0,-99.8,379.9,14.3
27,HUL,Haas F1 Team,37,24.159,1210.72,113.0,8213,3,0,1,0,-105.5,387.9,14.7
27,HUL,Haas F1 Team,37,24.189,1211.64,112.4,8168,3,0,1,0,-106.3,388.9,14.7
27,HUL,Haas F1 Team,37,24.359,1216.77,109.0,7916,3,1,1,0,-110.3,392.9,14.9
27,HUL,Haas F1 Team,37,24.6,1223.8,105.0,7597,3,0,0,0,-114.6,395.0,14.9
27,HUL,Haas F1 Team,37,24.649,1225.2,104.4,7599,3,1,0,0,-115.4,395.4,14.9
27,HUL,Haas F1 Team,37,24.909,1232.42,101.1,7608,3,8,0,0,-120.1,397.2,14.9
27,HUL,Haas F1 Team,37,25.0,1234.91,100.0,7611,3,10,0,0,-122.4,397.7,14.9
27,HUL,Haas F1 Team,37,25.189,1240.03,98.9,7630,3,22,0,0,-127.8,398.3,15.0
27,HUL,Haas F1 Team,37,25.359,1244.69,98.0,7648,3,32,0,0,-132.5,398.4,15.2
27,HUL,Haas F1 Team,37,25.409,1246.08,98.8,7736,3,34,0,0,-134.0,398.3,15.2
27,HUL,Haas F1 Team,37,25.67,1253.58,102.9,8192,3,44,0,0,-142.3,397.7,15.3
27,HUL,Haas F1 Team,37,25.679,1253.84,103.0,8208,3,44,0,0,-142.5,397.7,15.3
27,HUL,Haas F1 Team,37,25.89,1260.22,108.3,8691,3,55,0,0,-149.0,397.2,15.4
27,HUL,Haas F1 Team,37,25.999,1263.71,111.0,8941,3,61,0,0,-156.0,397.0,15.6
27,HUL,Haas F1 Team,37,26.01,1264.07,111.4,8964,3,61,0,0,-156.6,397.0,15.6
27,HUL,Haas F1 Team,37,26.33,1275.22,123.4,9628,3,66,0,0,-162.8,397.3,15.7
27,HUL,Haas F1 Team,37,26.399,1277.71,126.0,9771,3,67,0,0,-164.6,397.6,15.7
27,HUL,Haas F1 Team,37,26.599,1285.04,132.0,9382,3,58,0,0,-172.1,399.2,15.9
27,HUL,Haas F1 Team,37,26.63,1286.2,132.5,9290,3,57,0,0,-173.2,399.5,15.9
27,HUL,Haas F1 Team,37,26.81,1293.0,135.5,8753,3,54,0,0,-179.3,402.0,15.9
27,HUL,Haas F1 Team,37,26.839,1294.11,136.0,8667,4,53,0,0,-180.3,402.5,15.9
27,HUL,Haas F1 Team,37,26.999,1300.24,138.0,9005,4,58,0,0,-185.5,405.7,16.0
27,HUL,Haas F1 Team,37,27.01,1300.67,138.2,9029,4,58,0,0,-185.9,405.9,16.0
27,HUL,Haas F1 Team,37,27.279,1311.44,144.0,9614,4,64,0,0,-194.2,412.7,16.2
27,HUL,Haas F1 Team,37,27.29,1311.9,144.3,9627,4,64,0,0,-194.5,413.0,16.2
27,HUL,Haas F1 Team,37,27.49,1320.4,149.8,9854,4,71,0,0,-200.2,419.0,16.3
27,HUL,Haas F1 Team,37,27.719,1330.51,156.0,10114,4,79,0,0,-206.2,426.8,16.4
27,HUL,Haas F1 Team,37,27.73,1331.0,156.3,10149,4,80,0,0,-206.5,427.2,16.4
27,HUL,Haas F1 Team,37,27.91,1339.13,160.8,10715,4,89,0,0,-210.8,433.9,16.4
27,HUL,Haas F1 Team,37,27.97,1341.89,162.3,10903,4,92,0,0,-212.1,436.3,16.4
27,HUL,Haas F1 Team,37,28.119,1348.95,166.0,11372,4,100,0,0,-215.2,442.6,16.4
27,HUL,Haas F1 Team,37,28.19,1352.43,168.7,11466,4,100,0,0,-216.5,445.5,16.4
27,HUL,Haas F1 Team,37,28.509,1368.73,181.1,11886,4,100,0,0,-221.8,460.4,16.5
27,HUL,Haas F1 Team,37,28.559,1371.32,183.0,11952,4,100,0,0,-222.8,464.4,16.5
27,HUL,Haas F1 Team,37,28.729,1380.17,187.3,12199,4,100,0,0,-226.1,478.8,16.5
27,HUL,Haas F1 Team,37,28.759,1381.76,188.0,12243,4,100,0,0,-226.4,480.4,16.5
27,HUL,Haas F1 Team,37,28.959,1392.6,195.0,12115,4,100,0,0,-227.1,484.6,16.6
27,HUL,Haas F1 Team,37,29.009,1395.35,196.3,11858,4,100,0,0,-227.4,486.3,16.6
27,HUL,Haas F1 Team,37,29.189,1405.43,200.8,10934,4,100,0,0,-229.0,496.2,16.4
27,HUL,Haas F1 Team,37,29.199,1406.0,201.0,10883,5,100,0,0,-229.1,496.7,16.4
27,HUL,Haas F1 Team,37,29.399,1417.5,207.0,11278,5,100,0,0,-230.3,505.5,16.3
27,HUL,Haas F1 Team,37,29.569,1427.48,210.6,11506,5,100,0,0,-231.4,515.3,16.4
27,HUL,Haas F1 Team,37,29.679,1434.06,213.0,11653,5,100,0,0,-232.5,524.8,16.4
27,HUL,Haas F1 Team,37,29.769,1439.54,215.8,11599,5,100,0,0,-233.3,531.9,16.5
27,HUL,Haas F1 Team,37,29.999,1453.89,223.0,11461,5,100,0,0,-234.4,541.4,16.7
27,HUL,Haas F1 Team,37,30.009,1454.52,223.3,11436,5,100,0,0,-234.4,541.8,16.7
27,HUL,Haas F1 Team,37,30.359,1477.19,233.0,10574,6,100,0,0,-236.5,563.0,16.6
27,HUL,Haas F1 Team,37,30.389,1479.16,233.9,10637,6,100,0,0,-236.8,565.9,16.6
27,HUL,Haas F1 Team,37,30.519,1487.76,238.0,10910,6,100,0,0,-238.0,580.2,16.6
27,HUL,Haas F1 Team,37,30.549,1489.75,238.2,10949,6,100,0,0,-238.3,583.1,16.6
27,HUL,Haas F1 Team,37,30.679,1498.39,239.0,11119,6,100,0,0,-239.1,592.5,16.5
27,HUL,Haas F1 Team,37,30.959,1517.29,243.0,11374,6,100,0,0,-240.1,603.9,16.3
27,HUL,Haas F1 Team,37,30.969,1517.97,243.4,11378,6,100,0,0,-240.1,604.5,16.3
27,HUL,Haas F1 Team,37,31.12,1528.42,249.0,11436,6,100,0,0,-240.9,614.7,16.2
27,HUL,Haas F1 Team,37,31.209,1534.64,250.5,11512,6,100,0,0,-241.3,621.1,16.2
27,HUL,Haas F1 Team,37,31.36,1545.29,253.0,11641,6,100,0,0,-242.0,631.6,16.1
27,HUL,Haas F1 Team,37,31.369,1545.93,253.1,11647,6,100,0,0,-242.0,632.2,16.1
27,HUL,Haas F1 Team,37,31.589,1561.61,256.3,11786,6,100,0,0,-243.0,647.8,16.0
27,HUL,Haas F1 Team,37,31.64,1565.28,257.0,11818,6,100,0,0,-243.2,651.5,16.0
27,HUL,Haas F1 Team,37,31.789,1576.04,258.9,11919,6,100,0,0,-243.7,662.2,16.1
27,HUL,Haas F1 Team,37,31.959,1588.4,261.0,12034,6,100,0,0,-244.1,674.3,16.3
27,HUL,Haas F1 Team,37,31.989,1590.6,261.5,11908,6,100,0,0,-244.2,676.6,16.3
27,HUL,Haas F1 Team,37,32.159,1603.07,264.0,11194,6,100,0,0,-244.6,690.4,16.5
27,HUL,Haas F1 Team,37,32.19,1605.35,264.3,11136,6,100,0,0,-244.7,692.8,16.5
27,HUL,Haas F1 Team,37,32.399,1620.8,266.0,10748,7,100,0,0,-244.9,708.2,16.3
27,HUL,Haas F1 Team,37,32.41,1621.62,266.1,10753,7,100,0,0,-244.9,709.0,16.3
27,HUL,Haas F1 Team,37,32.559,1632.72,268.0,10817,7,100,0,0,-244.9,720.4,16.3
27,HUL,Haas F1 Team,37,32.65,1639.54,269.1,10847,7,100,0,0,-244.8,727.0,16.4
27,HUL,Haas F1 Team,37,32.83,1653.17,271.4,10905,7,100,0,0,-244.6,739.0,16.4
27,HUL,Haas F1 Team,37,32.879,1656.89,272.0,10921,7,100,0,0,-244.5,742.7,16.4
27,HUL,Haas F1 Team,37,32.93,1660.78,272.8,10974,7,100,0,0,-244.3,746.6,16.3
27,HUL,Haas F1 Team,37,33.079,1672.17,275.0,11128,7,100,0,0,-243.8,758.0,16.3
27,HUL,Haas F1 Team,37,33.17,1679.13,275.5,11118,7,100,0,0,-243.5,765.0,16.3
27,HUL,Haas F1 Team,37,33.279,1687.5,276.0,11107,7,100,0,0,-243.0,773.5,16.3
27,HUL,Haas F1 Team,37,33.47,1702.31,277.7,11256,7,100,0,0,-241.9,788.1,16.3
27,HUL,Haas F1 Team,37,33.67,1717.91,279.6,11413,7,100,0,0,-240.6,803.5,16.5
27,HUL,Haas F1 Team,37,33.719,1721.73,280.0,11451,7,100,0,0,-240.0,809.0,16.5
27,HUL,Haas F1 Team,37,33.879,1734.17,280.0,11217,7,100,0,0,-237.8,829.8,16.4
27,HUL,Haas F1 Team,37,33.91,1736.6,280.6,11229,7,100,0,0,-237.4,833.0,16.4
27,HUL,Haas F1 Team,37,34.039,1746.75,283.0,11280,7,100,0,0,-236.3,842.5,16.3
27,HUL,Haas F1 Team,37,34.279,1765.68,284.0,11436,7,100,0,0,-235.0,851.4,16.3
27,HUL,Haas F1 Team,37,34.31,1768.13,284.2,11434,7,100,0,0,-234.7,853.3,16.3
27,HUL,Haas F1 Team,37,34.439,1778.35,285.0,11425,7,100,0,0,-233.2,863.1,16.3
27,HUL,Haas F1 Team,37,34.51,1783.98,285.3,11431,7,100,0,0,-232.3,869.0,16.3
27,HUL,Haas F1 Team,37,34.679,1797.42,286.0,11444,7,100,0,0,-230.0,882.4,16.4
27,HUL,Haas F1 Team,37,34.73,1801.47,286.0,11444,7,100,0,0,-229.3,886.2,16.4
27,HUL,Haas F1 Team,37,34.879,1813.3,286.0,11443,7,100,0,0,-227.3,896.9,16.4
27,HUL,Haas F1 Team,37,34.93,1817.35,286.0,11447,7,100,0,0,-226.5,900.6,16.4
27,HUL,Haas F1 Team,37,34.99,1822.12,286.0,11452,7,100,0,0,-225.5,905.2,16.4
27,HUL,Haas F1 Team,37,35.079,1829.19,286.0,11459,7,100,0,0,-223.5,914.1,16.4
27,HUL,Haas F1 Team,37,35.279,1845.14,287.0,11421,7,100,0,0,-218.0,938.2,16.5
27,HUL,Haas F1 Team,37,35.309,1847.53,286.6,11413,7,94,0,0,-217.4,940.8,16.5
27,HUL,Haas F1 Team,37,35.519,1864.07,284.0,11360,7,53,0,0,-215.0,950.8,16.4
27,HUL,Haas F1 Team,37,35.649,1873.88,274.8,10930,7,24,0,0,-213.7,956.0,16.4
27,HUL,Haas F1 Team,37,35.759,1881.87,267.0,10566,7,0,1,0,-212.1,962.7,16.4
27,HUL,Haas F1 Team,37,35.969,1896.27,247.7,10008,7,0,1,0,-208.5,978.0,16.4
27,HUL,Haas F1 Team,37,35.999,1898.2,245.0,9928,7,0,1,0,-208.0,980.0,16.4
27,HUL,Haas F1 Team,37,36.029,1900.1,241.5,10016,7,0,1,0,-207.6,981.9,16.4
27,HUL,Haas F1 Team,37,36.279,1914.69,212.0,10753,7,0,1,0,-204.3,996.6,16.5
27,HUL,Haas F1 Team,37,36.289,1915.25,210.9,10767,7,0,1,0,-204.2,997.2,16.5
27,HUL,Haas F1 Team,37,36.479,1925.3,191.0,11033,7,0,1,0,-201.4,1009.6,16.5
27,HUL,Haas F1 Team,37,36.569,1929.65,182.6,10946,7,0,1,0,-200.2,1014.5,16.5
27,HUL,Haas F1 Team,37,36.799,1939.62,161.0,10723,4,0,1,0,-198.1,1022.4,16.5
27,HUL,Haas F1 Team,37,36.849,1941.63,156.6,10563,4,0,1,0,-197.6,1024.0,16.5
27,HUL,Haas F1 Team,37,37.039,1948.95,140.0,9954,3,0,1,0,-195.3,1031.2,16.4
27,HUL,Haas F1 Team,37,37.109,1951.59,137.4,9670,3,0,1,0,-194.4,1033.7,16.4
27,HUL,Haas F1 Team,37,37.199,1954.9,134.0,9305,3,0,1,0,-193.2,1036.7,16.4
27,HUL,Haas F1 Team,37,37.289,1958.06,130.5,9151,3,0,1,0,-192.0,1039.4,16.5
27,HUL,Haas F1 Team,37,37.639,1969.2,117.0,8553,3,0,0,0,-186.0,1048.5,16.5
27,HUL,Haas F1 Team,37,37.649,1969.52,116.9,8548,3,1,0,0,-185.8,1048.7,16.5
27,HUL,Haas F1 Team,37,37.869,1976.31,113.6,8444,3,14,0,0,-179.7,1053.3,16.5
27,HUL,Haas F1 Team,37,38.04,1981.57,111.0,8363,3,24,0,0,-173.0,1055.9,16.5
27,HUL,Haas F1 Team,37,38.289,1989.22,111.0,8646,3,33,0,0,-164.0,1058.1,16.5
27,HUL,Haas F1 Team,37,38.4,1992.67,111.0,8772,3,37,0,0,-162.2,1058.5,16.5
27,HUL,Haas F1 Team,37,38.549,1997.38,114.1,9020,3,52,0,0,-160.2,1059.0,16.4
27,HUL,Haas F1 Team,37,38.639,2000.37,116.0,9169,3,61,0,0,-157.9,1059.8,16.4
27,HUL,Haas F1 Team,37,38.87,2008.79,126.4,9688,3,73,0,0,-149.7,1062.9,16.3
27,HUL,Haas F1 Team,37,39.039,2015.26,134.0,10067,3,81,0,0,-144.3,1065.7,16.2
27,HUL,Haas F1 Team,37,39.07,2016.44,134.6,10154,3,79,0,0,-143.3,1066.3,16.2
27,HUL,Haas F1 Team,37,39.19,2021.04,137.1,10491,3,70,0,0,-139.2,1068.9,16.2
27,HUL,Haas F1 Team,37,39.279,2024.53,139.0,10741,3,64,0,0,-136.6,1070.6,16.2
27,HUL,Haas F1 Team,37,39.43,2030.61,144.7,9684,3,58,0,0,-132.3,1074.2,16.1
27,HUL,Haas F1 Team,37,39.439,2030.97,145.0,9621,4,58,0,0,-132.0,1074.5,16.1
27,HUL,Haas F1 Team,37,39.599,2037.41,145.0,9307,4,58,0,0,-125.0,1081.9,16.0
27,HUL,Haas F1 Team,37,39.71,2042.05,148.2,9548,4,64,0,0,-121.2,1086.2,16.0
27,HUL,Haas F1 Team,37,39.839,2047.55,152.0,9828,4,71,0,0,-119.3,1088.5,15.9
27,HUL,Haas F1 Team,37,39.95,2052.28,153.7,9856,4,77,0,0,-118.2,1090.4,15.9
27,HUL,Haas F1 Team,37,40.039,2056.16,155.0,9878,4,82,0,0,-116.5,1093.3,15.9
27,HUL,Haas F1 Team,37,40.21,2064.01,161.7,10349,4,93,0,0,-112.5,1100.5,15.9
27,HUL,Haas F1 Team,37,40.319,2069.07,166.0,10650,4,100,0,0,-110.4,1104.7,15.9
27,HUL,Haas F1 Team,37,40.41,2073.23,166.0,10885,4,100,0,0,-108.6,1108.9,15.9
27,HUL,Haas F1 Team,37,40.479,2076.45,166.0,11064,4,100,0,0,-107.0,1113.1,15.9
27,HUL,Haas F1 Team,37,40.67,2086.01,176.9,11491,4,100,0,0,-102.3,1126.5,15.8
27,HUL,Haas F1 Team,37,40.759,2090.6,182.0,11690,4,100,0,0,-100.8,1131.0,15.8
27,HUL,Haas F1 Team,37,40.959,2101.05,188.0,12125,4,100,0,0,-99.1,1136.9,15.9
27,HUL,Haas F1 Team,37,41.119,2109.71,195.0,11784,4,100,0,0,-97.8,1142.5,15.9
27,HUL,Haas F1 Team,37,41.15,2111.42,195.6,11736,4,100,0,0,-97.4,1143.9,15.9
27,HUL,Haas F1 Team,37,41.31,2120.34,198.9,11489,4,100,0,0,-95.2,1152.5,15.8
27,HUL,Haas F1 Team,37,41.49,2130.63,202.6,11211,4,100,0,0,-92.7,1162.5,15.9
27,HUL,Haas F1 Team,37,41.559,2134.65,204.0,11104,5,100,0,0,-91.5,1167.6,15.9
27,HUL,Haas F1 Team,37,41.719,2144.11,213.0,11104,5,100,0,0,-88.5,1180.2,15.8
27,HUL,Haas F1 Team,37,41.729,2144.71,213.2,11130,5,100,0,0,-88.3,1180.8,15.8
27,HUL,Haas F1 Team,37,41.999,2161.15,219.0,11818,5,100,0,0,-85.5,1192.1,15.9
27,HUL,Haas F1 Team,37,42.009,2161.77,219.3,11787,5,100,0,0,-85.4,1192.6,15.9
27,HUL,Haas F1 Team,37,42.229,2175.54,224.8,11094,5,100,0,0,-82.3,1205.9,15.9
27,HUL,Haas F1 Team,37,42.279,2178.73,226.0,10937,5,100,0,0,-81.6,1209.1,15.9
27,HUL,Haas F1 Team,37,42.449,2189.74,229.9,10951,5,100,0,0,-79.3,1219.6,15.7
27,HUL,Haas F1 Team,37,42.689,2205.69,235.5,10970,5,100,0,0,-76.7,1233.1,15.9
27,HUL,Haas F1 Team,37,42.799,2213.1,238.0,10979,6,100,0,0,-75.2,1241.3,15.9
27,HUL,Haas F1 Team,37,43.009,2227.42,243.3,11153,6,100,0,0,-72.0,1259.5,15.8
27,HUL,Haas F1 Team,37,43.119,2234.97,246.0,11244,6,100,0,0,-70.5,1268.7,15.8
27,HUL,Haas F1 Team,37,43.309,2248.07,248.0,11433,6,100,0,0,-68.2,1282.7,15.9
27,HUL,Haas F1 Team,37,43.399,2254.34,249.0,11523,6,100,0,0,-67.4,1287.6,15.9
27,HUL,Haas F1 Team,37,43.669,2273.5,253.9,11676,6,100,0,0,-65.6,1299.4,15.9
27,HUL,Haas F1 Team,37,43.839,2285.75,257.0,11772,6,100,0,0,-63.9,1310.7,15.9
27,HUL,Haas F1 Team,37,44.009,2298.08,259.4,11301,6,100,0,0,-62.2,1323.4,15.9
27,HUL,Haas F1 Team,37,44.199,2311.95,262.0,10774,6,100,0,0,-60.5,1337.1,15.9
27,HUL,Haas F1 Team,37,44.229,2314.14,262.4,10768,6,100,0,0,-60.3,1339.3,15.9
27,HUL,Haas F1 Team,37,44.36,2323.75,264.0,10740,7,100,0,0,-59.3,1348.8,15.9
27,HUL,Haas F1 Team,37,44.409,2327.37,264.6,10748,7,100,0,0,-58.9,1352.4,15.9
27,HUL,Haas F1 Team,37,44.649,2345.25,267.6,10787,7,100,0,0,-57.4,1370.2,15.9
27,HUL,Haas F1 Team,37,44.68,2347.58,268.0,10792,7,100,0,0,-57.2,1372.5,15.9
27,HUL,Haas F1 Team,37,44.809,2357.29,269.4,10840,7,100,0,0,-56.7,1382.1,15.9
27,HUL,Haas F1 Team,37,44.989,2370.91,271.4,10907,7,100,0,0,-56.1,1395.6,15.9
27,HUL,Haas F1 Team,37,45.04,2374.78,272.0,10926,7,100,0,0,-56.0,1399.5,15.9
27,HUL,Haas F1 Team,37,45.2,2386.91,273.0,10946,7,100,0,0,-55.8,1411.7,15.8
27,HUL,Haas F1 Team,37,45.289,2393.72,274.3,11010,7,100,0,0,-55.5,1418.4,15.8
27,HUL,Haas F1 Team,37,45.309,2395.25,274.6,11025,7,100,0,0,-55.4,1419.9,15.8
27,HUL,Haas F1 Team,37,45.399,2402.17,276.0,11090,7,100,0,0,-55.1,1427.1,15.8
27,HUL,Haas F1 Team,37,45.559,2414.48,277.0,11158,7,100,0,0,-55.2,1441.1,15.9
27,HUL,Haas F1 Team,37,45.57,2415.33,277.1,11161,7,100,0,0,-55.2,1442.0,15.9
27,HUL,Haas F1 Team,37,45.83,2435.54,279.3,11220,7,99,0,0,-55.4,1462.4,15.8
27,HUL,Haas F1 Team,37,45.919,2442.48,280.0,11240,7,99,0,0,-55.5,1468.7,15.8
27,HUL,Haas F1 Team,37,46.05,2452.7,280.8,11328,7,99,0,0,-55.9,1477.9,15.8
27,HUL,Haas F1 Team,37,46.079,2454.97,281.0,11347,7,99,0,0,-56.0,1480.1,15.8
27,HUL,Haas F1 Team,37,46.21,2465.21,281.3,11333,7,99,0,0,-56.7,1490.3,15.8
27,HUL,Haas F1 Team,37,46.479,2486.3,282.0,11305,7,99,0,0,-59.2,1511.1,15.7
27,HUL,Haas F1 Team,37,46.49,2487.16,282.1,11305,7,99,0,0,-59.3,1512.0,15.7
27,HUL,Haas F1 Team,37,46.639,2498.88,283.0,11301,7,99,0,0,-61.3,1523.6,15.7
27,HUL,Haas F1 Team,37,46.67,2501.3,282.7,11312,7,93,0,0,-61.8,1526.0,15.7
27,HUL,Haas F1 Team,37,46.91,2519.96,280.7,11396,7,43,0,0,-65.8,1544.5,15.7
27,HUL,Haas F1 Team,37,47.01,2527.68,279.9,11431,7,22,0,0,-67.5,1552.2,15.7
27,HUL,Haas F1 Team,37,47.119,2536.08,279.0,11469,7,0,1,0,-69.8,1562.4,15.7
27,HUL,Haas F1 Team,37,47.319,2551.19,272.0,10218,7,0,1,0,-74.5,1582.1,15.7
27,HUL,Haas F1 Team,37,47.35,2553.38,267.8,10191,7,0,1,0,-75.0,1584.3,15.7
27,HUL,Haas F1 Team,37,47.63,2571.03,230.2,9951,7,0,1,0,-77.8,1596.0,15.7
27,HUL,Haas F1 Team,37,47.639,2571.54,229.0,9943,7,0,1,0,-77.9,1596.4,15.7
27,HUL,Haas F1 Team,37,47.919,2586.48,192.0,9585,7,0,1,0,-81.3,1612.0,15.7
27,HUL,Haas F1 Team,37,47.97,2589.01,187.7,9712,7,0,1,0,-81.9,1614.7,15.7
27,HUL,Haas F1 Team,37,48.15,2597.54,172.7,10162,7,0,1,0,-83.7,1623.3,15.7
27,HUL,Haas F1 Team,37,48.159,2597.94,172.0,10184,5,0,1,0,-83.8,1623.7,15.7
27,HUL,Haas F1 Team,37,48.269,2602.73,162.1,10325,5,0,1,0,-84.7,1628.5,15.7
27,HUL,Haas F1 Team,37,48.359,2606.5,154.0,10440,5,0,1,0,-85.4,1632.2,15.7
27,HUL,Haas F1 Team,37,48.509,2612.59,148.0,10327,5,0,1,0,-86.4,1638.1,15.6
27,HUL,Haas F1 Team,37,48.749,2621.5,138.4,10147,5,0,1,0,-87.7,1646.8,15.6
27,HUL,Haas F1 Team,37,48.759,2621.83,138.0,10140,3,0,1,0,-87.7,1647.1,15.6
27,HUL,Haas F1 Team,37,48.919,2626.81,112.0,9339,2,0,1,0,-88.0,1652.1,15.6
27,HUL,Haas F1 Team,37,48.929,2627.11,111.6,9292,2,0,1,0,-88.0,1652.4,15.6
27,HUL,Haas F1 Team,37,49.129,2632.76,103.0,8351,2,0,1,0,-87.8,1657.9,15.6
27,HUL,Haas F1 Team,37,49.199,2634.59,100.0,8022,2,0,1,0,-87.6,1659.7,15.6
27,HUL,Haas F1 Team,37,49.249,2635.84,97.8,7852,2,0,1,0,-87.4,1660.9,15.6
27,HUL,Haas F1 Team,37,49.509,2641.85,86.2,6969,2,0,1,0,-85.4,1666.6,15.5
27,HUL,Haas F1 Team,37,49.559,2642.99,84.0,6799,2,0,1,0,-84.8,1667.6,15.5
27,HUL,Haas F1 Team,37,49.759,2647.49,81.0,6192,2,0,1,0,-82.2,1670.9,15.5
27,HUL,Haas F1 Team,37,49.769,2647.7,80.7,6178,2,0,1,0,-82.0,1671.0,15.5
27,HUL,Haas F1 Team,37,49.949,2651.31,75.8,5928,2,0,1,0,-79.1,1673.2,15.6
27,HUL,Haas F1 Team,37,50.149,2654.99,70.4,5650,2,0,1,0,-75.6,1674.9,15.6
27,HUL,Haas F1 Team,37,50.199,2655.92,69.0,5580,2,0,0,0,-74.7,1675.2,15.6
27,HUL,Haas F1 Team,37,50.329,2658.35,67.7,5423,2,0,0,0,-72.3,1675.7,15.5
27,HUL,Haas F1 Team,37,50.399,2659.64,67.0,5338,2,0,0,0,-71.1,1675.9,15.5
27,HUL,Haas F1 Team,37,50.509,2661.62,65.6,5259,2,0,0,0,-69.1,1676.0,15.6
27,HUL,Haas F1 Team,37,50.639,2663.91,64.0,5166,2,0,0,0,-66.4,1675.7,15.6
27,HUL,Haas F1 Team,37,50.799,2666.71,63.0,4976,2,0,0,0,-63.2,1674.9,15.5
27,HUL,Haas F1 Team,37,50.829,2667.23,62.7,5038,2,1,0,0,-62.7,1674.7,15.5
27,HUL,Haas F1 Team,37,51.0,2670.12,61.0,5392,2,5,0,0,-60.7,1673.7,15.5
27,HUL,Haas F1 Team,37,51.109,2671.86,59.0,5444,2,17,0,0,-59.6,1672.8,15.5
27,HUL,Haas F1 Team,37,51.16,2672.69,58.0,5468,2,22,0,0,-59.0,1672.3,15.5
27,HUL,Haas F1 Team,37,51.289,2674.89,60.6,5532,2,26,0,0,-57.4,1670.8,15.5
27,HUL,Haas F1 Team,37,51.36,2676.14,62.0,5567,2,28,0,0,-56.4,1669.6,15.5
27,HUL,Haas F1 Team,37,51.6,2680.47,65.0,6113,2,30,0,0,-52.7,1664.6,15.5
27,HUL,Haas F1 Team,37,51.649,2681.41,66.2,6230,2,32,0,0,-52.2,1663.8,15.5
27,HUL,Haas F1 Team,37,51.84,2685.21,71.0,6688,2,39,0,0,-50.9,1661.4,15.5
27,HUL,Haas F1 Team,37,51.95,2687.42,72.4,6978,2,40,0,0,-50.4,1660.2,15.5
27,HUL,Haas F1 Team,37,51.999,2688.43,73.0,7107,2,41,0,0,-50.1,1659.6,15.5
27,HUL,Haas F1 Team,37,52.15,2691.72,77.3,7538,2,45,0,0,-49.3,1657.7,15.5
27,HUL,Haas F1 Team,37,52.279,2694.73,81.0,7907,2,49,0,0,-48.5,1655.6,15.5
27,HUL,Haas F1 Team,37,52.49,2700.05,89.3,8608,2,54,0,0,-47.1,1651.7,15.5
27,HUL,Haas F1 Team,37,52.559,2701.89,92.0,8837,2,56,0,0,-46.7,1650.4,15.5
27,HUL,Haas F1 Team,37,52.77,2707.8,99.5,9388,2,60,0,0,-45.4,1646.1,15.5
27,HUL,Haas F1 Team,37,52.839,2709.82,102.0,9568,2,61,0,0,-44.9,1644.3,15.5
27,HUL,Haas F1 Team,37,52.93,2712.54,105.4,9941,2,64,0,0,-44.3,1641.8,15.5
27,HUL,Haas F1 Team,37,53.079,2717.22,111.0,10551,2,68,0,0,-43.3,1637.3,15.5
27,HUL,Haas F1 Team,37,53.17,2720.27,114.9,10812,2,71,0,0,-42.8,1634.4,15.5
27,HUL,Haas F1 Team,37,53.47,2731.11,127.6,11672,2,82,0,0,-41.4,1624.1,15.5
27,HUL,Haas F1 Team,37,53.479,2731.44,128.0,11698,2,82,0,0,-41.4,1623.8,15.5
27,HUL,Haas F1 Team,37,53.639,2737.4,134.0,11103,2,100,0,0,-40.7,1617.8,15.5
27,HUL,Haas F1 Team,37,53.65,2737.83,134.8,11122,2,100,0,0,-40.7,1617.3,15.5
27,HUL,Haas F1 Team,37,53.839,2745.62,148.0,11441,3,100,0,0,-39.9,1606.0,15.5
27,HUL,Haas F1 Team,37,53.91,2748.66,151.0,11529,3,100,0,0,-39.6,1602.4,15.5
27,HUL,Haas F1 Team,37,54.079,2756.15,158.0,11740,3,100,0,0,-39.2,1597.3,15.5
27,HUL,Haas F1 Team,37,54.21,2762.26,163.3,11578,3,100,0,0,-38.8,1593.4,15.5
27,HUL,Haas F1 Team,37,54.37,2769.96,169.8,11380,3,100,0,0,-37.9,1585.9,15.5
27,HUL,Haas F1 Team,37,54.399,2771.35,171.0,11344,3,100,0,0,-37.7,1584.6,15.5
27,HUL,Haas F1 Team,37,54.599,2781.07,175.0,11834,4,100,0,0,-36.1,1575.0,15.5
27,HUL,Haas F1 Team,37,54.61,2781.63,175.7,11825,4,100,0,0,-35.9,1574.3,15.5
27,HUL,Haas F1 Team,37,54.889,2796.65,192.2,11608,4,100,0,0,-30.5,1554.0,15.3
27,HUL,Haas F1 Team,37,54.919,2798.32,194.0,11585,4,100,0,0,-30.0,1552.4,15.3
27,HUL,Haas F1 Team,37,55.209,2814.83,202.7,11223,4,100,0,0,-26.9,1543.5,15.2
27,HUL,Haas F1 Team,37,55.319,2821.21,206.0,11086,5,100,0,0,-25.3,1539.2,15.1
27,HUL,Haas F1 Team,37,55.509,2832.36,210.8,11392,5,100,0,0,-20.6,1527.5,14.9
27,HUL,Haas F1 Team,37,55.559,2835.34,212.0,11473,5,100,0,0,-18.7,1523.0,14.8
27,HUL,Haas F1 Team,37,55.709,2844.43,215.8,11674,5,100,0,0,-12.7,1508.6,14.7
27,HUL,Haas F1 Team,37,55.879,2854.9,220.0,11901,5,100,0,0,-9.2,1500.1,14.6
27,HUL,Haas F1 Team,37,56.039,2864.85,224.0,11061,5,100,0,0,-7.6,1496.4,14.6
27,HUL,Haas F1 Team,37,56.109,2869.3,226.5,10880,5,100,0,0,-6.4,1493.6,14.6
27,HUL,Haas F1 Team,37,56.239,2877.69,231.0,10544,6,100,0,0,-3.2,1486.4,14.6
27,HUL,Haas F1 Team,37,56.349,2884.86,233.1,10612,6,100,0,0,-0.3,1479.5,14.6
27,HUL,Haas F1 Team,37,56.409,2888.8,234.2,10649,6,100,0,0,1.1,1475.9,14.6
27,HUL,Haas F1 Team,37,56.559,2898.75,237.0,10741,6,100,0,0,4.9,1466.9,14.6
27,HUL,Haas F1 Team,37,56.629,2903.45,238.6,10848,6,100,0,0,6.8,1462.6,14.6
27,HUL,Haas F1 Team,37,56.919,2923.25,245.0,11292,6,100,0,0,14.6,1444.3,14.6
27,HUL,Haas F1 Team,37,56.989,2928.1,246.2,11347,6,100,0,0,16.3,1440.4,14.6
27,HUL,Haas F1 Team,37,57.149,2939.3,248.8,11471,6,100,0,0,20.7,1430.3,14.6
27,HUL,Haas F1 Team,37,57.309,2950.6,251.5,11596,6,100,0,0,30.3,1408.3,14.6
27,HUL,Haas F1 Team,37,57.399,2956.99,253.0,11666,6,100,0,0,34.3,1399.1,14.6
27,HUL,Haas F1 Team,37,57.68,2977.05,257.0,11902,6,100,0,0,38.3,1390.0,14.5
27,HUL,Haas F1 Team,37,57.809,2986.36,258.8,11830,6,100,0,0,40.6,1384.7,14.5
27,HUL,Haas F1 Team,37,57.96,2997.35,261.0,11745,6,100,0,0,44.9,1374.8,14.4
27,HUL,Haas F1 Team,37,58.009,3000.93,261.7,11456,6,100,0,0,46.4,1371.4,14.4
27,HUL,Haas F1 Team,37,58.16,3012.01,264.0,10564,7,100,0,0,50.7,1361.1,14.3
27,HUL,Haas F1 Team,37,58.229,3017.1,264.9,10634,7,100,0,0,52.7,1356.5,14.3
27,HUL,Haas F1 Team,37,58.269,3020.06,265.4,10674,7,100,0,0,53.9,1353.8,14.3
27,HUL,Haas F1 Team,37,58.4,3029.81,267.0,10807,7,100,0,0,58.4,1343.2,14.2
27,HUL,Haas F1 Team,37,58.64,3047.88,271.0,10890,7,99,0,0,67.4,1321.2,13.8
27,HUL,Haas F1 Team,37,58.67,3050.15,271.3,10903,7,99,0,0,68.3,1319.1,13.8
27,HUL,Haas F1 Team,37,58.879,3066.0,273.0,10992,7,100,0,0,72.8,1308.1,13.6
27,HUL,Haas F1 Team,37,58.97,3072.97,274.7,11038,7,100,0,0,74.6,1303.6,13.5
27,HUL,Haas F1 Team,37,59.039,3078.27,276.0,11073,7,100,0,0,76.1,1299.9,13.5
27,HUL,Haas F1 Team,37,59.279,3096.8,278.0,11183,7,100,0,0,82.6,1283.2,13.3
27,HUL,Haas F1 Team,37,59.29,3097.66,278.1,11188,7,100,0,0,83.0,1282.2,13.3
27,HUL,Haas F1 Team,37,59.49,3113.25,280.3,11283,7,100,0,0,90.7,1261.7,13.1
27,HUL,Haas F1 Team,37,59.559,3118.66,281.0,11316,7,100,0,0,92.7,1256.3,13.1
27,HUL,Haas F1 Team,37,59.719,3131.24,283.0,11346,7,100,0,0,95.5,1248.3,13.1
27,HUL,Haas F1 Team,37,59.85,3141.53,283.0,11382,7,100,0,0,98.0,1241.0,13.1
27,HUL,Haas F1 Team,37,59.999,3153.25,283.0,11423,7,100,0,0,101.7,1229.9,13.0
27,HUL,Haas F1 Team,37,60.05,3157.27,283.5,11437,7,100,0,0,102.9,1226.0,13.0
27,HUL,Haas F1 Team,37,60.199,3169.08,285.0,11476,7,100,0,0,106.2,1215.2,13.0
27,HUL,Haas F1 Team,37,60.27,3174.72,285.5,11493,7,100,0,0,108.0,1209.3,13.0
27,HUL,Haas F1 Team,37,60.479,3191.4,287.0,11542,7,100,0,0,114.0,1188.5,12.9
27,HUL,Haas F1 Team,37,60.51,3193.89,287.5,11550,7,100,0,0,114.8,1185.9,12.9
27,HUL,Haas F1 Team,37,60.679,3207.51,290.0,11594,7,99,0,0,117.8,1175.3,13.0
27,HUL,Haas F1 Team,37,60.79,3216.48,290.3,11621,7,99,0,0,119.5,1168.8,13.0
27,HUL,Haas F1 Team,37,61.07,3239.12,291.0,11691,7,99,0,0,125.2,1146.9,13.0
27,HUL,Haas F1 Team,37,61.079,3239.85,291.0,11693,7,99,0,0,125.4,1146.2,13.0
27,HUL,Haas F1 Team,37,61.23,3252.08,291.5,11717,7,99,0,0,128.4,1134.4,13.0
27,HUL,Haas F1 Team,37,61.359,3262.56,292.0,11738,7,99,0,0,130.6,1125.2,13.0
27,HUL,Haas F1 Team,37,61.519,3275.58,293.0,11178,7,99,0,0,133.7,1112.3,12.9
27,HUL,Haas F1 Team,37,61.549,3278.03,293.1,11086,7,99,0,0,134.5,1109.1,12.9
27,HUL,Haas F1 Team,37,61.709,3291.08,293.8,10595,7,99,0,0,139.1,1090.0,12.9
27,HUL,Haas F1 Team,37,61.759,3295.18,294.0,10442,8,99,0,0,140.2,1085.6,12.9
27,HUL,Haas F1 Team,37,62.009,3315.79,296.3,10539,8,99,0,0,143.2,1072.5,12.9
27,HUL,Haas F1 Team,37,62.079,3321.58,297.0,10566,8,99,0,0,144.3,1067.7,12.9
27,HUL,Haas F1 Team,37,62.319,3341.45,298.0,10593,8,99,0,0,149.0,1047.6,12.8
27,HUL,Haas F1 Team,37,62.329,3342.28,298.0,10595,8,99,0,0,149.2,1046.8,12.8
27,HUL,Haas F1 Team,37,62.429,3350.55,298.0,10614,8,99,0,0,151.1,1038.8,12.8
27,HUL,Haas F1 Team,37,62.479,3354.69,298.0,10623,8,99,0,0,152.2,1034.2,12.8
27,HUL,Haas F1 Team,37,62.639,3367.94,298.0,10623,8,99,0,0,156.3,1016.8,12.7
27,HUL,Haas F1 Team,37,62.749,3377.04,298.0,10640,8,99,0,0,158.7,1006.5,12.7
27,HUL,Haas F1 Team,37,62.799,3381.18,298.0,10647,8,99,0,0,159.6,1002.7,12.7
27,HUL,Haas F1 Team,37,63.029,3400.34,299.4,10706,8,99,0,0,162.4,990.3,12.7
27,HUL,Haas F1 Team,37,63.119,3407.85,300.0,10729,8,99,0,0,163.4,985.8,12.7
27,HUL,Haas F1 Team,37,63.369,3428.68,300.0,10691,8,99,0,0,168.9,962.6,12.7
27,HUL,Haas F1 Team,37,63.399,3431.18,300.0,10686,8,99,0,0,170.2,956.9,12.7
27,HUL,Haas F1 Team,37,63.469,3437.03,300.4,10701,8,99,0,0,173.4,943.1,12.7
27,HUL,Haas F1 Team,37,63.559,3444.56,301.0,10720,8,99,0,0,176.2,931.0,12.7
27,HUL,Haas F1 Team,37,63.759,3461.34,302.0,10774,8,99,0,0,177.7,924.8,12.6
27,HUL,Haas F1 Team,37,63.889,3472.24,302.0,10771,8,99,0,0,178.8,920.2,12.6
27,HUL,Haas F1 Team,37,63.959,3478.11,302.0,10770,8,99,0,0,179.8,915.8,12.6
27,HUL,Haas F1 Team,37,64.189,3497.47,302.6,10773,8,99,0,0,184.5,895.7,12.6
27,HUL,Haas F1 Team,37,64.32,3508.5,303.0,10774,8,99,0,0,186.9,884.9,12.6
27,HUL,Haas F1 Team,37,64.389,3514.31,303.0,10762,8,99,0,0,188.2,879.3,12.6
27,HUL,Haas F1 Team,37,64.48,3521.96,303.0,10747,8,99,0,0,189.9,871.8,12.6
27,HUL,Haas F1 Team,37,64.489,3522.72,303.0,10747,8,99,0,0,190.1,871.1,12.6
27,HUL,Haas F1 Team,37,64.669,3537.87,303.0,10755,8,99,0,0,193.5,856.3,12.6
27,HUL,Haas F1 Team,37,64.84,3552.26,303.0,10762,8,99,0,0,196.6,842.5,12.6
27,HUL,Haas F1 Team,37,64.989,3564.8,303.0,10773,8,99,0,0,199.4,830.0,12.6
27,HUL,Haas F1 Team,37,65.19,3581.72,303.0,10787,8,100,0,0,203.6,811.8,12.6
27,HUL,Haas F1 Team,37,65.2,3582.56,303.0,10788,8,100,0,0,203.8,810.9,12.6
27,HUL,Haas F1 Team,37,65.35,3595.23,303.9,10787,8,99,0,0,206.6,798.6,12.7
27,HUL,Haas F1 Team,37,65.36,3596.08,304.0,10787,8,99,0,0,206.8,797.8,12.7
27,HUL,Haas F1 Team,37,65.51,3608.7,303.1,10805,8,99,0,0,209.5,786.0,12.7
27,HUL,Haas F1 Team,37,65.519,3609.46,303.0,10806,8,99,0,0,209.7,785.3,12.7
27,HUL,Haas F1 Team,37,65.759,3629.79,305.0,10797,8,99,0,0,214.4,765.4,12.7
27,HUL,Haas F1 Team,37,65.77,3630.72,304.9,10801,8,99,0,0,214.6,764.5,12.7
27,HUL,Haas F1 Team,37,65.919,3643.3,304.0,10849,8,99,0,0,217.3,753.3,12.7
27,HUL,Haas F1 Team,37,65.97,3647.61,304.0,10842,8,99,0,0,218.5,748.1,12.7
27,HUL,Haas F1 Team,37,66.19,3666.18,304.0,10811,8,99,0,0,225.6,718.5,12.7
27,HUL,Haas F1 Team,37,66.239,3670.33,304.0,10804,8,99,0,0,226.7,713.8,12.7
27,HUL,Haas F1 Team,37,66.55,3696.67,305.0,10856,8,99,0,0,230.0,700.3,12.8
27,HUL,Haas F1 Team,37,66.559,3697.44,305.0,10857,8,99,0,0,230.1,699.8,12.8
27,HUL,Haas F1 Team,37,66.879,3724.55,305.0,10882,8,99,0,0,236.3,673.5,12.9
27,HUL,Haas F1 Team,37,66.89,3725.48,305.0,10882,8,99,0,0,236.6,672.3,12.9
27,HUL,Haas F1 Team,37,67.09,3742.51,305.9,10883,8,96,0,0,242.1,649.2,13.0
27,HUL,Haas F1 Team,37,67.119,3744.95,306.0,10883,8,96,0,0,242.7,646.5,13.0
27,HUL,Haas F1 Team,37,67.399,3767.42,289.0,9855,8,0,1,0,246.6,630.0,13.1
27,HUL,Haas F1 Team,37,67.49,3774.03,276.6,9784,8,0,1,0,247.9,624.6,13.1
27,HUL,Haas F1 Team,37,67.63,3783.62,257.6,9676,8,0,1,0,250.2,614.9,13.1
27,HUL,Haas F1 Team,37,67.679,3786.95,251.0,9638,8,0,1,0,251.0,611.6,13.1
27,HUL,Haas F1 Team,37,67.79,3794.46,243.8,9480,8,0,1,0,252.6,604.7,13.1
27,HUL,Haas F1 Team,37,67.879,3800.17,238.0,9353,8,0,1,0,253.8,599.4,13.1
27,HUL,Haas F1 Team,37,68.009,3807.62,213.3,9291,8,0,1,0,255.5,592.1,13.2
27,HUL,Haas F1 Team,37,68.079,3811.28,200.0,9258,8,0,1,0,256.3,588.4,13.2
27,HUL,Haas F1 Team,37,68.309,3822.09,170.3,10022,8,0,1,0,258.5,577.2,13.2
27,HUL,Haas F1 Team,37,68.319,3822.55,169.0,10055,6,0,1,0,258.6,576.7,13.2
27,HUL,Haas F1 Team,37,68.509,3831.15,162.7,9597,6,0,1,0,259.8,568.4,13.2
27,HUL,Haas F1 Team,37,68.559,3833.28,161.0,9476,4,0,1,0,260.1,566.3,13.2
27,HUL,Haas F1 Team,37,68.649,3836.91,150.9,9924,4,0,1,0,260.4,562.6,13.2
27,HUL,Haas F1 Team,37,68.719,3839.64,143.0,10273,4,0,1,0,260.5,559.8,13.2
27,HUL,Haas F1 Team,37,68.869,3845.35,138.7,9980,4,0,1,0,260.4,554.3,13.1
27,HUL,Haas F1 Team,37,68.999,3850.14,135.0,9726,3,0,1,0,259.9,549.9,13.1
27,HUL,Haas F1 Team,37,69.109,3854.05,131.9,9603,3,2,1,0,259.2,546.4,13.1
27,HUL,Haas F1 Team,37,69.309,3860.99,126.3,9380,3,5,1,0,257.1,540.3,13.1
27,HUL,Haas F1 Team,37,69.319,3861.34,126.0,9369,3,5,0,0,257.0,540.0,13.1
27,HUL,Haas F1 Team,37,69.479,3866.89,125.0,9404,3,7,0,0,254.3,534.9,13.1
27,HUL,Haas F1 Team,37,69.509,3867.93,124.9,9416,3,9,0,0,253.8,534.0,13.1
27,HUL,Haas F1 Team,37,69.689,3874.12,124.2,9491,3,24,0,0,250.4,528.5,13.1
27,HUL,Haas F1 Team,37,69.759,3876.54,124.0,9520,3,29,0,0,248.8,525.7,13.1
27,HUL,Haas F1 Team,37,69.959,3883.54,126.0,9693,3,61,0,0,243.9,516.5,13.0
27,HUL,Haas F1 Team,37,69.969,3883.89,126.2,9672,3,60,0,0,243.7,516.1,13.0
27,HUL,Haas F1 Team,37,70.359,3898.54,135.0,8871,4,35,0,0,240.4,504.1,12.9
27,HUL,Haas F1 Team,37,70.409,3900.45,135.6,8866,4,36,0,0,240.2,502.8,12.9
27,HUL,Haas F1 Team,37,70.669,3910.5,138.9,8840,4,44,0,0,239.5,495.1,12.8
27,HUL,Haas F1 Team,37,70.68,3910.93,139.0,8839,4,44,0,0,239.5,494.7,12.8
27,HUL,Haas F1 Team,37,70.88,3918.76,141.0,9256,4,77,0,0,239.6,485.6,12.8
27,HUL,Haas F1 Team,37,71.029,3924.83,145.2,9710,4,77,0,0,240.0,479.0,12.8
27,HUL,Haas F1 Team,37,71.2,3932.1,150.0,10232,4,77,0,0,240.6,473.2,12.7
27,HUL,Haas F1 Team,37,71.249,3934.24,152.2,10302,4,82,0,0,240.8,471.4,12.7
27,HUL,Haas F1 Team,37,71.44,3942.83,161.0,10577,4,100,0,0,242.0,463.3,12.6
27,HUL,Haas F1 Team,37,71.569,3948.72,164.2,10978,4,100,0,0,243.0,457.1,12.6
27,HUL,Haas F1 Team,37,71.64,3952.05,166.0,11198,4,100,0,0,243.7,453.5,12.6
27,HUL,Haas F1 Team,37,71.75,3957.4,171.5,11462,4,100,0,0,244.8,448.0,12.6
27,HUL,Haas F1 Team,37,71.88,3963.92,178.0,11773,4,100,0,0,246.2,442.0,12.6
27,HUL,Haas F1 Team,37,71.97,3968.49,181.1,11729,4,100,0,0,247.2,437.9,12.6
27,HUL,Haas F1 Team,37,72.08,3974.2,185.0,11675,4,100,0,0,248.5,432.6,12.6
27,HUL,Haas F1 Team,37,72.23,3982.32,190.8,11245,4,100,0,0,250.5,425.2,12.6
27,HUL,Haas F1 Team,37,72.439,3994.04,199.0,10645,5,100,0,0,253.4,415.1,12.7
27,HUL,Haas F1 Team,37,72.47,3995.79,199.9,10703,5,100,0,0,253.8,413.5,12.7
27,HUL,Haas F1 Team,37,72.639,4005.43,205.0,11016,5,100,0,0,256.4,404.4,12.7
27,HUL,Haas F1 Team,37,72.65,4006.07,205.3,11033,5,100,0,0,256.6,403.8,12.7
27,HUL,Haas F1 Team,37,72.69,4008.4,206.4,11095,5,100,0,0,257.3,401.5,12.7
27,HUL,Haas F1 Team,37,73.079,4031.95,217.0,11701,5,100,0,0,263.7,379.5,12.7
27,HUL,Haas F1 Team,37,73.09,4032.63,217.3,11675,5,100,0,0,263.9,378.9,12.7
27,HUL,Haas F1 Team,37,73.27,4043.8,221.8,11246,5,100,0,0,266.8,368.2,12.7
27,HUL,Haas F1 Team,37,73.399,4051.95,225.0,10939,5,100,0,0,269.0,360.3,12.7
27,HUL,Haas F1 Team,37,73.43,4053.94,225.8,10932,5,100,0,0,269.5,358.5,12.7
27,HUL,Haas F1 Team,37,73.71,4072.25,232.8,10864,5,100,0,0,274.0,341.1,12.7
27,HUL,Haas F1 Team,37,73.839,4080.8,236.0,10833,6,100,0,0,276.9,329.7,12.8
27,HUL,Haas F1 Team,37,73.87,4082.86,236.5,10874,6,100,0,0,277.6,327.1,12.8
27,HUL,Haas F1 Team,37,74.079,4096.8,240.0,11152,6,100,0,0,280.9,314.4,12.8
27,HUL,Haas F1 Team,37,74.279,4110.3,243.0,11296,6,100,0,0,283.4,304.3,12.8
27,HUL,Haas F1 Team,37,74.29,4111.05,243.2,11304,6,100,0,0,283.6,303.6,12.8
27,HUL,Haas F1 Team,37,74.47,4123.49,246.8,11437,6,100,0,0,286.6,291.6,12.8
27,HUL,Haas F1 Team,37,74.669,4137.48,250.8,11584,6,100,0,0,290.1,278.2,12.8
27,HUL,Haas F1 Team,37,74.679,4138.19,251.0,11591,6,100,0,0,290.3,277.4,12.8
27,HUL,Haas F1 Team,37,74.889,4153.11,254.2,11734,6,100,0,0,295.4,257.6,12.8
27,HUL,Haas F1 Team,37,75.079,4166.74,257.0,11864,6,100,0,0,299.2,242.7,12.8
27,HUL,Haas F1 Team,37,75.319,4184.14,261.0,11946,6,100,0,0,303.5,226.3,12.8
27,HUL,Haas F1 Team,37,75.349,4186.33,261.4,11790,6,100,0,0,304.1,224.0,12.8
27,HUL,Haas F1 Team,37,75.559,4201.74,264.0,10699,7,100,0,0,308.6,206.8,12.8
27,HUL,Haas F1 Team,37,75.709,4212.87,265.9,10735,7,100,0,0,311.6,195.5,12.8
27,HUL,Haas F1 Team,37,75.959,4231.63,269.0,10796,7,100,0,0,315.2,181.9,12.8
27,HUL,Haas F1 Team,37,76.169,4247.53,271.6,10921,7,100,0,0,318.1,170.8,12.8
27,HUL,Haas F1 Team,37,76.279,4255.9,273.0,10986,7,100,0,0,319.9,163.7,12.8
27,HUL,Haas F1 Team,37,76.439,4268.12,275.0,11006,7,100,0,0,322.8,152.3,12.8
27,HUL,Haas F1 Team,37,76.449,4268.89,275.1,11011,7,100,0,0,323.0,151.6,12.8
27,HUL,Haas F1 Team,37,76.669,4285.8,276.6,11111,7,99,0,0,326.8,135.4,12.9
27,HUL,Haas F1 Team,37,76.719,4289.66,277.0,11134,7,99,0,0,327.7,131.6,12.9
27,HUL,Haas F1 Team,37,76.949,4307.59,279.9,11170,7,100,0,0,331.4,114.3,12.8
27,HUL,Haas F1 Team,37,77.039,4314.64,281.0,11184,7,100,0,0,332.6,108.3,12.8
27,HUL,Haas F1 Team,37,77.209,4327.99,282.2,11268,7,100,0,0,334.5,97.2,12.8
27,HUL,Haas F1 Team,37,77.232,4329.8,282.4,11279,7,100,0,0,334.8,95.5,12.8
24,ZHO,Alfa Romeo,58,0.0,-0.02,284.0,11425,7,100,0,0,335.1,92.5,12.9
24,ZHO,Alfa Romeo,58,0.16,12.62,284.0,11431,7,100,0,0,337.1,77.6,12.8
24,ZHO,Alfa Romeo,58,0.224,17.73,285.3,11450,7,100,0,0,337.7,72.7,12.8
24,ZHO,Alfa Romeo,58,0.36,28.62,288.0,11489,7,100,0,0,338.5,64.4,12.8
24,ZHO,Alfa Romeo,58,0.484,38.53,287.7,11472,7,100,0,0,338.9,56.9,12.8
24,ZHO,Alfa Romeo,58,0.724,57.65,287.1,11440,7,100,0,0,339.5,37.8,12.8
24,ZHO,Alfa Romeo,58,0.76,60.51,287.0,11435,7,100,0,0,339.5,34.9,12.8
24,ZHO,Alfa Romeo,58,0.884,70.36,286.6,11441,7,100,0,0,339.4,25.0,12.8
24,ZHO,Alfa Romeo,58,1.08,85.93,286.0,11451,7,100,0,0,338.7,8.2,12.8
24,ZHO,Alfa Romeo,58,1.225,97.48,285.6,11418,7,100,0,0,337.9,-3.5,12.9
24,ZHO,Alfa Romeo,58,1.44,114.43,285.0,11369,7,100,0,0,336.3,-20.3,13.0
24,ZHO,Alfa Romeo,58,1.445,114.82,284.8,11364,7,99,0,0,336.2,-20.8,13.0
24,ZHO,Alfa Romeo,58,1.605,127.05,278.1,11194,7,54,0,0,334.1,-39.5,13.0
24,ZHO,Alfa Romeo,58,1.8,141.43,270.0,10987,7,0,1,0,332.8,-50.4,13.0
24,ZHO,Alfa Romeo,58,1.925,150.32,260.6,10327,7,0,1,0,332.2,-55.6,13.1
24,ZHO,Alfa Romeo,58,2.12,163.3,246.0,9298,7,0,1,0,330.7,-68.3,13.2
24,ZHO,Alfa Romeo,58,2.225,169.6,232.6,9452,7,0,1,0,330.0,-75.2,13.2
24,ZHO,Alfa Romeo,58,2.445,181.5,204.5,9774,7,0,1,0,328.9,-87.6,13.2
24,ZHO,Alfa Romeo,58,2.48,183.3,200.0,9825,6,0,1,0,328.8,-89.9,13.2
24,ZHO,Alfa Romeo,58,2.685,193.4,181.7,10325,6,0,1,0,328.1,-103.4,13.3
24,ZHO,Alfa Romeo,58,2.76,196.91,175.0,10508,6,0,1,0,328.0,-106.3,13.3
24,ZHO,Alfa Romeo,58,2.925,204.31,165.6,9955,6,0,1,0,328.2,-110.6,13.4
24,ZHO,Alfa Romeo,58,3.04,209.28,159.0,9570,4,0,1,0,328.5,-115.2,13.4
24,ZHO,Alfa Romeo,58,3.145,213.73,155.5,9410,4,0,1,0,328.9,-119.8,13.4
24,ZHO,Alfa Romeo,58,3.279,219.3,151.0,9206,4,0,1,0,329.6,-124.9,13.3
24,ZHO,Alfa Romeo,58,3.365,222.81,149.3,9100,4,0,1,0,330.4,-128.4,13.3
24,ZHO,Alfa Romeo,58,3.639,233.7,144.0,8762,4,0,1,0,335.9,-141.7,13.3
24,ZHO,Alfa Romeo,58,3.705,236.27,142.4,8722,4,0,1,0,337.1,-144.2,13.3
24,ZHO,Alfa Romeo,58,3.839,241.42,139.0,8642,4,0,0,0,339.1,-147.5,13.3
24,ZHO,Alfa Romeo,58,4.039,249.09,138.0,8755,4,18,0,0,342.1,-150.7,13.4
24,ZHO,Alfa Romeo,58,4.045,249.32,138.0,8750,4,18,0,0,342.2,-150.8,13.4
24,ZHO,Alfa Romeo,58,4.285,258.41,137.0,8567,4,17,0,0,348.7,-157.2,13.4
24,ZHO,Alfa Romeo,58,4.485,265.94,136.1,8414,4,17,0,0,354.8,-161.9,13.5
24,ZHO,Alfa Romeo,58,4.519,267.22,136.0,8388,4,17,0,0,355.9,-162.6,13.5
24,ZHO,Alfa Romeo,58,4.565,268.96,135.4,8257,4,12,0,0,357.4,-163.6,13.5
24,ZHO,Alfa Romeo,58,4.679,273.18,134.0,7931,4,0,1,0,362.0,-166.4,13.5
24,ZHO,Alfa Romeo,58,4.885,280.01,121.5,8083,4,0,1,0,370.7,-171.2,13.5
24,ZHO,Alfa Romeo,58,4.959,282.28,117.0,8138,3,0,1,0,372.6,-172.3,13.5
24,ZHO,Alfa Romeo,58,5.245,290.36,102.7,6999,3,0,1,0,376.8,-174.7,13.5
24,ZHO,Alfa Romeo,58,5.279,291.26,101.0,6864,3,0,1,0,377.5,-175.1,13.5
24,ZHO,Alfa Romeo,58,5.404,294.48,96.7,6668,3,0,1,0,380.3,-177.0,13.5
24,ZHO,Alfa Romeo,58,5.599,299.26,90.0,6362,3,0,1,0,384.0,-180.2,13.5
24,ZHO,Alfa Romeo,58,5.604,299.38,89.9,6356,3,0,1,0,384.1,-180.3,13.5
24,ZHO,Alfa Romeo,58,5.904,306.32,84.1,6016,3,0,1,0,387.6,-186.0,13.5
24,ZHO,Alfa Romeo,58,5.959,307.56,83.0,5954,3,0,1,0,388.0,-188.0,13.5
24,ZHO,Alfa Romeo,58,6.084,310.33,81.4,5879,3,0,1,0,388.8,-192.9,13.5
24,ZHO,Alfa Romeo,58,6.279,314.58,79.0,5763,3,0,0,0,389.0,-196.9,13.5
24,ZHO,Alfa Romeo,58,6.479,318.86,77.0,5603,3,0,0,0,388.3,-198.7,13.6
24,ZHO,Alfa Romeo,58,6.524,319.79,76.3,5716,3,3,0,0,388.1,-199.4,13.6
24,ZHO,Alfa Romeo,58,6.68,322.99,74.0,6106,3,14,0,0,387.3,-202.5,13.6
24,ZHO,Alfa Romeo,58,6.724,323.9,74.2,6094,3,16,0,0,387.0,-203.5,13.6
24,ZHO,Alfa Romeo,58,6.88,327.16,75.0,6052,3,24,0,0,385.4,-207.8,13.7
24,ZHO,Alfa Romeo,58,6.984,329.42,76.6,6116,3,26,0,0,384.3,-210.2,13.8
24,ZHO,Alfa Romeo,58,7.2,334.27,80.0,6248,3,30,0,0,382.7,-213.0,13.9
24,ZHO,Alfa Romeo,58,7.244,335.26,80.2,6318,3,32,0,0,382.3,-213.6,13.9
24,ZHO,Alfa Romeo,58,7.4,338.77,81.0,6567,3,37,0,0,380.2,-216.3,13.9
24,ZHO,Alfa Romeo,58,7.56,342.37,81.0,6765,3,44,0,0,377.3,-219.5,14.0
24,ZHO,Alfa Romeo,58,7.625,343.93,83.2,6905,3,46,0,0,376.1,-220.5,14.1
24,ZHO,Alfa Romeo,58,7.705,345.96,85.9,7077,3,49,0,0,374.6,-221.6,14.2
24,ZHO,Alfa Romeo,58,7.905,351.42,92.8,7508,3,56,0,0,370.2,-223.9,14.3
24,ZHO,Alfa Romeo,58,8.0,354.1,96.0,7713,3,59,0,0,368.0,-224.8,14.4
24,ZHO,Alfa Romeo,58,8.205,360.03,102.4,8076,3,62,0,0,362.7,-226.1,14.5
24,ZHO,Alfa Romeo,58,8.32,363.52,106.0,8280,3,63,0,0,359.4,-226.6,14.6
24,ZHO,Alfa Romeo,58,8.365,364.94,107.9,8399,3,65,0,0,358.0,-226.7,14.6
24,ZHO,Alfa Romeo,58,8.6,372.7,118.0,9023,3,73,0,0,350.5,-227.3,14.9
24,ZHO,Alfa Romeo,58,8.625,373.56,119.0,9180,3,74,0,0,349.6,-227.3,14.9
24,ZHO,Alfa Romeo,58,8.685,375.64,121.4,9558,3,77,0,0,347.5,-227.3,15.0
24,ZHO,Alfa Romeo,58,8.8,379.7,126.0,10283,3,82,0,0,343.4,-227.3,15.2
24,ZHO,Alfa Romeo,58,9.0,386.92,130.0,11021,3,80,0,0,336.3,-227.1,15.6
24,ZHO,Alfa Romeo,58,9.025,387.87,131.5,11010,3,80,0,0,335.4,-227.1,15.6
24,ZHO,Alfa Romeo,58,9.2,394.81,142.0,10931,3,81,0,0,329.2,-226.6,15.9
24,ZHO,Alfa Romeo,58,9.285,398.31,145.8,10509,3,89,0,0,325.4,-226.2,16.0
24,ZHO,Alfa Romeo,58,9.4,403.2,151.0,9937,4,100,0,0,319.0,-225.3,16.2
24,ZHO,Alfa Romeo,58,9.465,406.08,153.9,10143,4,100,0,0,315.4,-224.7,16.3
24,ZHO,Alfa Romeo,58,9.8,421.98,169.0,11204,4,100,0,0,300.8,-221.3,16.8
24,ZHO,Alfa Romeo,58,9.845,424.17,170.5,11256,4,100,0,0,298.5,-220.6,16.9
24,ZHO,Alfa Romeo,58,10.079,435.77,178.0,11524,4,100,0,0,284.0,-216.1,17.3
24,ZHO,Alfa Romeo,58,10.125,438.13,180.6,11295,4,100,0,0,281.3,-215.3,17.3
24,ZHO,Alfa Romeo,58,10.239,444.08,187.0,10726,4,100,0,0,275.5,-213.4,17.2
24,ZHO,Alfa Romeo,58,10.345,449.79,190.1,10779,4,100,0,0,270.4,-211.7,17.1
24,ZHO,Alfa Romeo,58,10.585,463.21,197.2,10898,4,100,0,0,258.2,-207.2,17.7
24,ZHO,Alfa Romeo,58,10.679,468.53,200.0,10945,5,100,0,0,253.4,-205.4,17.8
24,ZHO,Alfa Romeo,58,10.825,476.84,204.4,11092,5,100,0,0,245.6,-202.1,17.8
24,ZHO,Alfa Romeo,58,10.879,479.97,206.0,11146,5,100,0,0,242.5,-200.6,17.8
24,ZHO,Alfa Romeo,58,11.125,494.75,213.3,11540,5,100,0,0,227.9,-193.0,17.8
24,ZHO,Alfa Romeo,58,11.319,506.74,219.0,11850,5,100,0,0,219.2,-187.9,17.8
24,ZHO,Alfa Romeo,58,11.425,513.34,221.3,11411,5,100,0,0,214.4,-184.9,17.8
24,ZHO,Alfa Romeo,58,11.639,526.83,226.0,10526,5,100,0,0,203.1,-177.5,17.7
24,ZHO,Alfa Romeo,58,11.705,531.05,228.1,10619,5,100,0,0,199.6,-175.1,17.7
24,ZHO,Alfa Romeo,58,11.799,537.1,231.0,10751,6,100,0,0,194.7,-171.7,17.6
24,ZHO,Alfa Romeo,58,11.825,538.78,231.4,10771,6,100,0,0,193.3,-170.7,17.6
24,ZHO,Alfa Romeo,58,12.039,552.76,235.0,10932,6,100,0,0,179.2,-160.4,17.6
24,ZHO,Alfa Romeo,58,12.124,558.4,236.8,10969,6,100,0,0,174.2,-156.7,17.6
24,ZHO,Alfa Romeo,58,12.279,568.76,240.0,11037,6,100,0,0,167.5,-151.6,17.6
24,ZHO,Alfa Romeo,58,12.404,577.17,241.2,11068,6,100,0,0,162.5,-147.7,17.6
24,ZHO,Alfa Romeo,58,12.599,590.36,243.0,11117,6,100,0,0,152.5,-139.8,17.6
24,ZHO,Alfa Romeo,58,12.664,594.78,243.6,11140,6,100,0,0,148.8,-136.8,17.6
24,ZHO,Alfa Romeo,58,12.919,612.23,246.0,11230,6,100,0,0,133.3,-124.2,17.6
24,ZHO,Alfa Romeo,58,12.984,616.69,245.6,11125,6,60,0,0,129.8,-121.4,17.6
24,ZHO,Alfa Romeo,58,13.08,623.19,245.0,10969,6,0,1,0,125.2,-117.7,17.6
24,ZHO,Alfa Romeo,58,13.244,633.58,229.4,10051,6,0,1,0,118.2,-112.1,17.6
24,ZHO,Alfa Romeo,58,13.28,635.74,226.0,9849,6,0,1,0,116.6,-110.8,17.6
24,ZHO,Alfa Romeo,58,13.44,644.81,204.0,10071,6,0,1,0,109.5,-104.9,17.6
24,ZHO,Alfa Romeo,58,13.484,647.15,199.9,10017,6,0,1,0,107.7,-103.4,17.6
24,ZHO,Alfa Romeo,58,13.72,658.65,178.0,9726,5,0,1,0,98.9,-95.7,17.6
24,ZHO,Alfa Romeo,58,13.764,660.65,174.5,9739,5,0,1,0,96.7,-93.5,17.6
24,ZHO,Alfa Romeo,58,13.924,667.6,162.0,9787,5,0,1,0,87.7,-83.7,17.5
24,ZHO,Alfa Romeo,58,14.0,670.79,156.0,9810,5,0,1,0,84.7,-80.2,17.5
24,ZHO,Alfa Romeo,58,14.36,685.19,144.0,8960,4,0,1,0,80.3,-73.4,17.3
24,ZHO,Alfa Romeo,58,14.365,685.38,143.9,8954,4,0,1,0,80.2,-73.3,17.3
24,ZHO,Alfa Romeo,58,14.605,694.51,139.1,8664,4,0,1,0,76.3,-65.3,17.1
24,ZHO,Alfa Romeo,58,14.76,700.3,136.0,8476,4,0,0,0,74.3,-55.9,16.9
24,ZHO,Alfa Romeo,58,14.765,700.48,135.9,8470,4,0,0,0,74.3,-55.6,16.9
24,ZHO,Alfa Romeo,58,14.96,707.69,133.0,8216,4,1,0,0,73.7,-49.1,16.8
24,ZHO,Alfa Romeo,58,15.12,713.51,131.0,8491,4,13,0,0,74.4,-46.7,16.7
24,ZHO,Alfa Romeo,58,15.205,716.6,131.0,8268,4,21,0,0,74.9,-44.4,16.7
24,ZHO,Alfa Romeo,58,15.28,719.33,131.0,8071,4,29,0,0,75.3,-41.8,16.6
24,ZHO,Alfa Romeo,58,15.425,724.58,130.4,8207,4,39,0,0,76.2,-36.2,16.5
24,ZHO,Alfa Romeo,58,15.52,728.0,130.0,8296,4,46,0,0,76.6,-33.0,16.4
24,ZHO,Alfa Romeo,58,15.625,731.76,130.0,8437,4,51,0,0,76.9,-29.0,16.3
24,ZHO,Alfa Romeo,58,15.72,735.22,130.0,8564,4,56,0,0,76.9,-24.0,16.1
24,ZHO,Alfa Romeo,58,15.885,741.53,134.6,8758,4,51,0,0,76.4,-14.8,15.8
24,ZHO,Alfa Romeo,58,16.08,749.22,140.0,8987,4,46,0,0,75.9,-9.6,15.6
24,ZHO,Alfa Romeo,58,16.225,754.9,140.4,8887,4,47,0,0,75.1,-6.3,15.4
24,ZHO,Alfa Romeo,58,16.48,764.89,141.0,8711,4,48,0,0,72.4,3.1,15.0
24,ZHO,Alfa Romeo,58,16.505,765.88,141.4,8800,4,51,0,0,72.1,4.0,14.9
24,ZHO,Alfa Romeo,58,16.679,772.85,144.0,9421,4,69,0,0,69.2,10.2,14.5
24,ZHO,Alfa Romeo,58,16.705,773.91,144.8,9475,4,70,0,0,68.7,11.1,14.5
24,ZHO,Alfa Romeo,58,16.785,777.22,147.1,9643,4,74,0,0,66.9,13.9,14.4
24,ZHO,Alfa Romeo,58,16.919,782.91,151.0,9923,4,80,0,0,63.7,18.7,14.2
24,ZHO,Alfa Romeo,58,17.065,789.36,157.6,10270,4,82,0,0,59.8,23.9,14.0
24,ZHO,Alfa Romeo,58,17.119,791.8,160.0,10399,4,83,0,0,58.3,25.8,13.9
24,ZHO,Alfa Romeo,58,17.225,796.68,164.0,10729,4,91,0,0,55.2,29.7,13.8
24,ZHO,Alfa Romeo,58,17.359,803.07,169.0,11146,4,100,0,0,51.2,34.7,13.6
24,ZHO,Alfa Romeo,58,17.465,808.33,174.7,11419,4,100,0,0,48.0,38.7,13.5
24,ZHO,Alfa Romeo,58,17.599,815.2,182.0,11765,4,100,0,0,43.8,43.9,13.3
24,ZHO,Alfa Romeo,58,17.645,817.59,183.6,11733,4,100,0,0,42.3,45.8,13.3
24,ZHO,Alfa Romeo,58,17.765,823.9,187.8,11650,4,100,0,0,38.4,50.6,13.2
24,ZHO,Alfa Romeo,58,17.799,825.7,189.0,11627,4,100,0,0,37.5,51.8,13.2
24,ZHO,Alfa Romeo,58,17.959,834.23,192.0,10607,5,100,0,0,33.8,56.3,13.1
24,ZHO,Alfa Romeo,58,18.005,836.75,193.6,10664,5,100,0,0,32.6,57.8,13.1
24,ZHO,Alfa Romeo,58,18.279,852.28,203.0,11004,5,100,0,0,22.7,69.6,13.0
24,ZHO,Alfa Romeo,58,18.285,852.63,203.2,11014,5,100,0,0,22.5,69.9,13.0
24,ZHO,Alfa Romeo,58,18.465,863.19,210.0,11316,5,100,0,0,15.7,77.7,12.9
24,ZHO,Alfa Romeo,58,18.519,866.41,212.0,11406,5,100,0,0,13.6,80.0,12.9
24,ZHO,Alfa Romeo,58,18.664,875.21,216.1,11586,5,100,0,0,7.5,86.2,13.0
24,ZHO,Alfa Romeo,58,18.799,883.52,220.0,11754,5,100,0,0,1.5,92.0,13.0
24,ZHO,Alfa Romeo,58,18.964,893.8,223.4,11187,5,100,0,0,-5.9,98.7,13.0
24,ZHO,Alfa Romeo,58,19.039,898.52,225.0,10929,5,100,0,0,-9.2,101.5,13.0
24,ZHO,Alfa Romeo,58,19.164,906.48,227.7,10828,5,100,0,0,-15.7,106.8,13.0
24,ZHO,Alfa Romeo,58,19.319,916.49,231.0,10703,6,100,0,0,-27.7,116.3,13.1
24,ZHO,Alfa Romeo,58,19.384,920.74,232.9,10703,6,100,0,0,-32.1,119.8,13.1
24,ZHO,Alfa Romeo,58,19.519,929.66,237.0,10703,6,100,0,0,-38.0,124.5,13.1
24,ZHO,Alfa Romeo,58,19.704,942.01,240.1,11082,6,100,0,0,-43.5,128.9,13.0
24,ZHO,Alfa Romeo,58,19.76,945.79,241.0,11197,6,100,0,0,-45.9,130.9,13.0
24,ZHO,Alfa Romeo,58,19.924,957.0,245.1,11295,6,100,0,0,-54.7,138.8,13.1
24,ZHO,Alfa Romeo,58,20.0,962.26,247.0,11341,6,100,0,0,-59.2,143.9,13.1
24,ZHO,Alfa Romeo,58,20.204,976.52,249.8,11490,6,100,0,0,-70.7,158.8,13.1
24,ZHO,Alfa Romeo,58,20.44,993.18,253.0,11662,6,100,0,0,-76.4,169.2,13.0
24,ZHO,Alfa Romeo,58,20.544,1000.53,253.9,11505,6,100,0,0,-78.4,174.0,13.0
24,ZHO,Alfa Romeo,58,20.68,1010.18,255.0,11299,6,100,0,0,-81.9,182.3,13.0
24,ZHO,Alfa Romeo,58,20.765,1016.25,256.3,10898,6,100,0,0,-84.6,190.2,13.0
24,ZHO,Alfa Romeo,58,20.88,1024.51,258.0,10356,7,100,0,0,-89.0,205.5,13.0
24,ZHO,Alfa Romeo,58,20.965,1030.65,258.7,10422,7,100,0,0,-91.9,216.3,13.0
24,ZHO,Alfa Romeo,58,21.24,1050.61,261.0,10635,7,100,0,0,-94.5,232.1,13.1
24,ZHO,Alfa Romeo,58,21.425,1064.07,261.5,10573,7,100,0,0,-94.2,239.9,13.1
24,ZHO,Alfa Romeo,58,21.6,1076.81,262.0,10514,7,100,0,0,-94.4,252.5,12.9
24,ZHO,Alfa Romeo,58,21.685,1083.01,262.4,10517,7,100,0,0,-94.4,259.1,12.9
24,ZHO,Alfa Romeo,58,21.8,1091.42,263.0,10522,7,100,0,0,-94.2,267.5,13.0
24,ZHO,Alfa Romeo,58,21.865,1096.21,263.0,10382,7,86,0,0,-94.1,272.2,13.0
24,ZHO,Alfa Romeo,58,21.925,1100.64,263.0,10253,7,73,0,0,-94.0,276.6,13.0
24,ZHO,Alfa Romeo,58,22.12,1114.8,263.0,9833,7,32,1,0,-93.6,289.6,13.0
24,ZHO,Alfa Romeo,58,22.245,1123.45,253.1,9557,7,15,1,0,-93.1,299.8,13.1
24,ZHO,Alfa Romeo,58,22.36,1131.07,244.0,9303,7,0,1,0,-92.4,311.8,13.2
24,ZHO,Alfa Romeo,58,22.425,1135.22,236.9,9145,7,0,1,0,-92.0,318.1,13.2
24,ZHO,Alfa Romeo,58,22.56,1143.4,222.0,8816,7,0,1,0,-91.4,327.4,13.3
24,ZHO,Alfa Romeo,58,22.72,1152.11,196.0,8717,7,0,1,0,-91.1,332.5,13.5
24,ZHO,Alfa Romeo,58,22.885,1160.3,184.1,8717,7,0,1,0,-91.1,338.2,13.7
24,ZHO,Alfa Romeo,58,23.045,1167.59,172.5,8716,7,0,1,0,-91.4,345.8,13.8
24,ZHO,Alfa Romeo,58,23.08,1169.11,170.0,8716,6,0,1,0,-91.6,347.8,13.8
24,ZHO,Alfa Romeo,58,23.305,1178.32,148.4,8976,6,0,1,0,-93.5,361.5,14.0
24,ZHO,Alfa Romeo,58,23.32,1178.91,147.0,8993,5,0,1,0,-93.6,362.1,14.0
24,ZHO,Alfa Romeo,58,23.559,1187.94,136.0,8625,4,0,1,0,-94.7,367.3,14.1
24,ZHO,Alfa Romeo,58,23.645,1190.95,132.2,8687,4,0,1,0,-95.4,369.3,14.1
24,ZHO,Alfa Romeo,58,23.919,1199.94,120.0,8885,3,0,1,0,-99.8,379.8,14.3
24,ZHO,Alfa Romeo,58,23.945,1200.79,119.7,8820,3,0,1,0,-100.3,380.8,14.3
24,ZHO,Alfa Romeo,58,24.159,1207.74,117.0,8283,3,0,1,0,-105.3,387.6,14.5
24,ZHO,Alfa Romeo,58,24.365,1214.1,112.9,8199,3,0,1,0,-109.5,391.8,14.7
24,ZHO,Alfa Romeo,58,24.559,1219.85,109.0,8120,3,0,0,0,-111.6,393.4,14.8
24,ZHO,Alfa Romeo,58,24.645,1222.36,107.7,8058,3,4,0,0,-112.9,394.1,14.8
24,ZHO,Alfa Romeo,58,24.925,1230.34,103.5,7857,3,16,0,0,-120.2,397.2,14.9
24,ZHO,Alfa Romeo,58,24.959,1231.3,103.0,7833,3,18,0,0,-121.1,397.5,14.9
24,ZHO,Alfa Romeo,58,25.119,1235.79,101.0,7799,3,19,0,0,-125.5,398.3,15.0
24,ZHO,Alfa Romeo,58,25.184,1237.63,101.5,7784,3,24,0,0,-127.6,398.4,15.0
24,ZHO,Alfa Romeo,58,25.364,1242.79,102.7,7744,3,38,0,0,-134.0,398.3,15.2
24,ZHO,Alfa Romeo,58,25.399,1243.8,103.0,7736,3,41,0,0,-135.1,398.3,15.2
24,ZHO,Alfa Romeo,58,25.599,1249.63,105.0,8152,3,50,0,0,-140.3,397.9,15.3
24,ZHO,Alfa Romeo,58,25.624,1250.38,105.6,8205,3,51,0,0,-140.7,397.9,15.3
24,ZHO,Alfa Romeo,58,25.824,1256.53,110.0,8632,3,57,0,0,-143.1,397.6,15.4
24,ZHO,Alfa Romeo,58,25.959,1260.93,113.0,8920,3,61,0,0,-146.9,397.3,15.5
24,ZHO,Alfa Romeo,58,26.044,1263.82,115.9,8779,3,60,0,0,-150.1,397.1,15.5
24,ZHO,Alfa Romeo,58,26.344,1274.58,126.1,8279,3,56,0,0,-163.9,397.4,15.7
24,ZHO,Alfa Romeo,58,26.4,1276.61,128.0,8186,3,55,0,0,-165.9,397.6,15.7
24,ZHO,Alfa Romeo,58,26.56,1282.43,131.0,8555,4,49,0,0,-170.3,398.3,15.8
24,ZHO,Alfa Romeo,58,26.76,1289.82,133.0,8586,4,63,0,0,-175.1,400.1,15.9
24,ZHO,Alfa Romeo,58,26.804,1291.49,133.8,8638,4,64,0,0,-176.4,400.7,15.9
24,ZHO,Alfa Romeo,58,26.844,1293.02,134.6,8684,4,64,0,0,-177.7,401.3,15.9
24,ZHO,Alfa Romeo,58,27.124,1304.08,139.8,9012,4,68,0,0,-186.9,406.6,16.1
24,ZHO,Alfa Romeo,58,27.24,1308.76,142.0,9148,4,70,0,0,-190.8,409.6,16.2
24,ZHO,Alfa Romeo,58,27.385,1314.67,146.5,9549,4,79,0,0,-195.5,413.9,16.2
24,ZHO,Alfa Romeo,58,27.4,1315.29,147.0,9591,4,80,0,0,-196.0,414.4,16.2
24,ZHO,Alfa Romeo,58,27.64,1325.56,154.0,10218,4,84,0,0,-202.8,422.0,16.3
24,ZHO,Alfa Romeo,58,27.645,1325.78,154.2,10232,4,84,0,0,-202.9,422.2,16.3
24,ZHO,Alfa Romeo,58,27.805,1332.96,159.2,10682,4,92,0,0,-207.0,428.0,16.3
24,ZHO,Alfa Romeo,58,27.925,1338.5,162.9,11019,4,98,0,0,-209.5,431.8,16.4
24,ZHO,Alfa Romeo,58,27.96,1340.13,164.0,11117,4,100,0,0,-210.3,433.1,16.4
24,ZHO,Alfa Romeo,58,28.12,1347.78,172.0,11117,4,100,0,0,-214.0,439.9,16.4
24,ZHO,Alfa Romeo,58,28.145,1349.01,173.0,11089,4,100,0,0,-214.5,441.0,16.4
24,ZHO,Alfa Romeo,58,28.365,1360.3,182.0,10845,4,100,0,0,-218.8,451.1,16.5
24,ZHO,Alfa Romeo,58,28.44,1364.22,185.0,10762,4,100,0,0,-220.4,456.1,16.5
24,ZHO,Alfa Romeo,58,28.665,1376.09,189.7,10602,4,100,0,0,-225.1,473.7,16.5
24,ZHO,Alfa Romeo,58,28.68,1376.89,190.0,10591,5,100,0,0,-225.3,474.7,16.5
24,ZHO,Alfa Romeo,58,28.88,1387.83,197.0,10862,5,100,0,0,-227.5,485.5,16.4
24,ZHO,Alfa Romeo,58,29.105,1400.89,208.2,11078,5,100,0,0,-228.8,494.9,16.4
24,ZHO,Alfa Romeo,58,29.12,1401.77,209.0,11092,5,100,0,0,-228.9,495.5,16.4
24,ZHO,Alfa Romeo,58,29.32,1413.54,212.0,11459,5,100,0,0,-230.0,504.0,16.5
24,ZHO,Alfa Romeo,58,29.465,1422.24,215.6,11657,5,100,0,0,-230.9,511.4,16.5
24,ZHO,Alfa Romeo,58,29.52,1425.6,217.0,11732,5,100,0,0,-231.3,514.7,16.5
24,ZHO,Alfa Romeo,58,29.645,1433.37,221.4,11291,5,100,0,0,-232.2,522.3,16.5
24,ZHO,Alfa Romeo,58,29.72,1438.04,224.0,11026,5,100,0,0,-232.7,526.3,16.5
24,ZHO,Alfa Romeo,58,29.88,1448.0,224.0,10110,5,100,0,0,-233.9,536.5,16.5
24,ZHO,Alfa Romeo,58,29.885,1448.31,224.2,10124,5,100,0,0,-233.9,537.0,16.5
24,ZHO,Alfa Romeo,58,30.045,1458.51,229.0,10569,5,100,0,0,-235.7,554.9,16.6
24,ZHO,Alfa Romeo,58,30.079,1460.71,230.0,10664,6,100,0,0,-236.0,557.8,16.6
24,ZHO,Alfa Romeo,58,30.359,1479.22,238.0,11012,6,100,0,0,-237.0,568.1,16.7
24,ZHO,Alfa Romeo,58,30.385,1480.97,238.6,11025,6,100,0,0,-237.1,569.3,16.7
24,ZHO,Alfa Romeo,58,30.639,1498.28,245.0,11152,6,100,0,0,-238.7,586.4,16.5
24,ZHO,Alfa Romeo,58,30.645,1498.69,245.1,11161,6,100,0,0,-238.7,586.8,16.5
24,ZHO,Alfa Romeo,58,30.879,1514.95,250.0,11499,6,100,0,0,-240.0,603.6,16.3
24,ZHO,Alfa Romeo,58,30.965,1521.0,251.7,11605,6,100,0,0,-240.5,610.3,16.3
24,ZHO,Alfa Romeo,58,31.079,1529.06,254.0,11745,6,100,0,0,-241.2,619.9,16.3
24,ZHO,Alfa Romeo,58,31.239,1540.39,255.0,11693,6,100,0,0,-242.1,634.1,16.3
24,ZHO,Alfa Romeo,58,31.345,1547.96,256.5,11163,6,100,0,0,-242.6,641.6,16.2
24,ZHO,Alfa Romeo,58,31.519,1560.54,259.0,10293,6,100,0,0,-243.1,650.1,16.0
24,ZHO,Alfa Romeo,58,31.605,1566.82,261.1,10403,6,100,0,0,-243.3,654.6,16.0
24,ZHO,Alfa Romeo,58,31.719,1575.2,264.0,10548,7,100,0,0,-243.6,662.2,16.1
24,ZHO,Alfa Romeo,58,31.879,1587.02,266.0,10719,7,100,0,0,-244.1,674.7,16.3
24,ZHO,Alfa Romeo,58,31.904,1588.88,266.3,10732,7,100,0,0,-244.2,676.6,16.3
24,ZHO,Alfa Romeo,58,32.124,1605.33,268.6,10851,7,100,0,0,-244.7,693.0,16.5
24,ZHO,Alfa Romeo,58,32.159,1607.95,269.0,10870,7,100,0,0,-244.8,695.4,16.5
24,ZHO,Alfa Romeo,58,32.344,1621.82,269.9,10939,7,100,0,0,-244.9,709.5,16.3
24,ZHO,Alfa Romeo,58,32.359,1622.95,270.0,10945,7,100,0,0,-244.9,711.1,16.3
24,ZHO,Alfa Romeo,58,32.559,1638.11,273.0,10968,7,100,0,0,-244.6,736.4,16.3
24,ZHO,Alfa Romeo,58,32.564,1638.5,273.1,10970,7,100,0,0,-244.6,736.9,16.3
24,ZHO,Alfa Romeo,58,32.92,1666.19,280.0,11115,7,100,0,0,-244.0,753.7,16.4
24,ZHO,Alfa Romeo,58,32.924,1666.5,280.0,11117,7,100,0,0,-244.0,753.9,16.4
24,ZHO,Alfa Romeo,58,33.164,1685.2,280.7,11235,7,100,0,0,-243.0,772.4,16.3
24,ZHO,Alfa Romeo,58,33.28,1694.29,281.0,11292,7,100,0,0,-242.5,781.3,16.5
24,ZHO,Alfa Romeo,58,33.324,1697.75,281.6,11329,7,100,0,0,-242.2,784.9,16.5
24,ZHO,Alfa Romeo,58,33.6,1719.62,285.0,11560,7,100,0,0,-239.9,811.0,16.4
24,ZHO,Alfa Romeo,58,33.644,1723.12,285.3,11542,7,100,0,0,-239.5,814.7,16.4
24,ZHO,Alfa Romeo,58,33.88,1741.95,287.0,11444,7,100,0,0,-237.6,830.8,16.4
24,ZHO,Alfa Romeo,58,33.965,1748.76,287.6,11463,7,100,0,0,-236.9,836.8,16.4
24,ZHO,Alfa Romeo,58,34.105,1760.01,288.6,11495,7,100,0,0,-235.5,847.9,16.3
24,ZHO,Alfa Romeo,58,34.16,1764.42,289.0,11507,7,100,0,0,-234.9,852.4,16.3
24,ZHO,Alfa Romeo,58,34.345,1779.28,289.0,11508,7,100,0,0,-232.6,867.0,16.3
24,ZHO,Alfa Romeo,58,34.44,1786.9,289.0,11509,7,100,0,0,-231.4,873.9,16.3
24,ZHO,Alfa Romeo,58,34.585,1798.52,288.5,11503,7,100,0,0,-229.6,884.4,16.4
24,ZHO,Alfa Romeo,58,34.76,1812.5,288.0,11496,7,100,0,0,-226.9,898.4,16.4
24,ZHO,Alfa Romeo,58,34.865,1820.88,287.6,11467,7,100,0,0,-225.2,906.8,16.4
24,ZHO,Alfa Romeo,58,35.04,1834.82,287.0,11419,7,100,0,0,-222.4,919.8,16.5
24,ZHO,Alfa Romeo,58,35.145,1843.21,286.4,11578,7,71,0,0,-220.7,927.0,16.5
24,ZHO,Alfa Romeo,58,35.4,1863.32,285.0,11964,7,0,1,0,-216.5,944.7,16.4
24,ZHO,Alfa Romeo,58,35.465,1868.28,279.9,11542,7,0,1,0,-214.8,951.6,16.4
24,ZHO,Alfa Romeo,58,35.625,1880.02,267.3,10505,7,0,1,0,-209.7,972.6,16.4
24,ZHO,Alfa Romeo,58,35.68,1883.78,263.0,10148,7,0,1,0,-208.4,978.1,16.4
24,ZHO,Alfa Romeo,58,36.0,1903.07,217.0,8589,7,0,1,0,-206.0,989.3,16.5
24,ZHO,Alfa Romeo,58,36.105,1909.01,209.9,8545,7,0,1,0,-205.1,993.4,16.5
24,ZHO,Alfa Romeo,58,36.185,1913.45,204.4,8512,7,0,1,0,-204.1,997.7,16.5
24,ZHO,Alfa Romeo,58,36.28,1918.47,198.0,8472,6,0,1,0,-203.0,1002.7,16.5
24,ZHO,Alfa Romeo,58,36.44,1926.29,176.0,9032,6,0,1,0,-201.2,1010.4,16.5
24,ZHO,Alfa Romeo,58,36.465,1927.44,174.1,9072,6,0,1,0,-200.9,1011.6,16.5
24,ZHO,Alfa Romeo,58,36.685,1936.91,157.6,9420,6,0,1,0,-198.4,1021.4,16.5
24,ZHO,Alfa Romeo,58,36.72,1938.35,155.0,9475,5,0,1,0,-198.0,1022.8,16.5
24,ZHO,Alfa Romeo,58,36.905,1945.72,143.8,8741,5,0,1,0,-195.7,1030.1,16.5
24,ZHO,Alfa Romeo,58,36.919,1946.25,143.0,8685,4,0,1,0,-195.5,1030.7,16.5
24,ZHO,Alfa Romeo,58,37.125,1953.67,134.2,8222,4,0,1,0,-191.6,1040.2,16.5
24,ZHO,Alfa Romeo,58,37.319,1960.25,126.0,7786,4,0,1,0,-189.3,1044.4,16.5
24,ZHO,Alfa Romeo,58,37.425,1963.81,123.7,7689,4,0,1,0,-187.8,1046.3,16.5
24,ZHO,Alfa Romeo,58,37.599,1969.58,120.0,7530,4,0,1,0,-184.1,1050.3,16.5
24,ZHO,Alfa Romeo,58,37.605,1969.78,119.9,7528,4,0,1,0,-184.0,1050.4,16.5
24,ZHO,Alfa Romeo,58,37.919,1979.9,116.0,7422,4,0,0,0,-175.3,1055.2,16.5
24,ZHO,Alfa Romeo,58,37.965,1981.36,115.8,7439,4,3,0,0,-174.0,1055.7,16.5
24,ZHO,Alfa Romeo,58,38.165,1987.66,114.8,7515,4,17,0,0,-167.6,1057.3,16.5
24,ZHO,Alfa Romeo,58,38.319,1992.56,114.0,7573,4,28,0,0,-160.3,1059.0,16.4
24,ZHO,Alfa Romeo,58,38.344,1993.37,114.4,7595,4,31,0,0,-159.2,1059.3,16.4
24,ZHO,Alfa Romeo,58,38.559,2000.43,118.0,7780,4,54,0,0,-153.7,1061.1,16.3
24,ZHO,Alfa Romeo,58,38.704,2005.48,122.0,8006,4,54,0,0,-150.6,1062.5,16.3
24,ZHO,Alfa Romeo,58,38.904,2012.75,127.5,8318,4,55,0,0,-144.4,1065.6,16.3
24,ZHO,Alfa Romeo,58,38.959,2014.76,129.0,8404,4,55,0,0,-142.5,1066.8,16.3
24,ZHO,Alfa Romeo,58,39.159,2022.1,132.0,8432,4,51,0,0,-135.0,1072.0,16.1
24,ZHO,Alfa Romeo,58,39.184,2023.02,132.3,8497,4,53,0,0,-134.1,1072.7,16.1
24,ZHO,Alfa Romeo,58,39.44,2032.63,135.0,9168,4,72,0,0,-125.8,1080.7,16.0
24,ZHO,Alfa Romeo,58,39.544,2036.63,137.6,9241,4,71,0,0,-123.3,1083.5,16.0
24,ZHO,Alfa Romeo,58,39.64,2040.41,140.0,9308,4,71,0,0,-121.5,1085.7,16.0
24,ZHO,Alfa Romeo,58,39.88,2050.34,149.0,9902,4,87,0,0,-118.0,1090.8,15.9
24,ZHO,Alfa Romeo,58,39.884,2050.52,149.2,9910,4,87,0,0,-117.9,1090.9,15.9
24,ZHO,Alfa Romeo,58,40.12,2061.08,161.0,10377,4,100,0,0,-113.1,1098.9,15.9
24,ZHO,Alfa Romeo,58,40.204,2065.04,164.9,10672,4,100,0,0,-111.0,1103.4,15.9
24,ZHO,Alfa Romeo,58,40.4,2074.61,174.0,11360,4,100,0,0,-105.4,1117.1,15.9
24,ZHO,Alfa Romeo,58,40.424,2075.8,174.7,11387,4,100,0,0,-104.8,1118.8,15.9
24,ZHO,Alfa Romeo,58,40.64,2086.68,181.0,11631,4,100,0,0,-100.6,1131.9,15.9
24,ZHO,Alfa Romeo,58,40.745,2092.14,185.6,11491,4,100,0,0,-99.3,1136.7,15.9
24,ZHO,Alfa Romeo,58,40.8,2095.03,188.0,11418,4,100,0,0,-98.8,1138.7,15.9
24,ZHO,Alfa Romeo,58,41.04,2107.9,193.0,10825,5,100,0,0,-97.1,1144.9,15.8
24,ZHO,Alfa Romeo,58,41.105,2111.5,196.2,10883,5,100,0,0,-96.5,1147.3,15.8
24,ZHO,Alfa Romeo,58,41.24,2119.18,203.0,11004,5,100,0,0,-94.8,1154.1,15.9
24,ZHO,Alfa Romeo,58,41.305,2122.97,205.2,11088,5,100,0,0,-93.7,1158.3,15.9
24,ZHO,Alfa Romeo,58,41.6,2140.68,215.0,11472,5,100,0,0,-87.7,1183.1,15.9
24,ZHO,Alfa Romeo,58,41.645,2143.36,215.0,11507,5,100,0,0,-87.0,1186.0,15.9
24,ZHO,Alfa Romeo,58,41.76,2150.23,215.0,11598,5,100,0,0,-85.7,1191.5,15.9
24,ZHO,Alfa Romeo,58,42.04,2167.66,224.0,12139,5,100,0,0,-83.4,1201.2,15.9
24,ZHO,Alfa Romeo,58,42.065,2169.23,224.5,12022,5,100,0,0,-83.0,1202.9,15.9
24,ZHO,Alfa Romeo,58,42.28,2182.92,229.0,11019,5,100,0,0,-78.8,1222.4,15.8
24,ZHO,Alfa Romeo,58,42.305,2184.54,229.9,10971,5,100,0,0,-78.4,1224.3,15.8
24,ZHO,Alfa Romeo,58,42.48,2196.03,236.0,10636,6,100,0,0,-76.8,1232.3,15.9
24,ZHO,Alfa Romeo,58,42.605,2204.39,238.7,10839,6,100,0,0,-75.9,1237.3,15.9
24,ZHO,Alfa Romeo,58,42.8,2217.63,243.0,11156,6,100,0,0,-73.6,1249.8,15.8
24,ZHO,Alfa Romeo,58,42.925,2226.24,245.3,11258,6,100,0,0,-72.1,1258.5,15.8
24,ZHO,Alfa Romeo,58,43.12,2239.77,249.0,11418,6,100,0,0,-70.0,1271.7,15.9
24,ZHO,Alfa Romeo,58,43.125,2240.11,249.0,11422,6,100,0,0,-69.9,1272.1,15.9
24,ZHO,Alfa Romeo,58,43.32,2253.71,251.0,11582,6,100,0,0,-67.1,1289.6,15.9
24,ZHO,Alfa Romeo,58,43.345,2255.47,251.5,11582,6,100,0,0,-66.8,1291.5,15.9
24,ZHO,Alfa Romeo,58,43.639,2276.48,257.0,11580,6,100,0,0,-64.5,1306.6,15.9
24,ZHO,Alfa Romeo,58,43.725,2282.73,258.8,11281,6,100,0,0,-63.5,1314.0,15.9
24,ZHO,Alfa Romeo,58,43.919,2296.94,263.0,10607,6,100,0,0,-60.4,1337.9,15.9
24,ZHO,Alfa Romeo,58,43.925,2297.38,263.1,10605,6,100,0,0,-60.3,1338.6,15.9
24,ZHO,Alfa Romeo,58,44.119,2311.72,266.0,10529,7,100,0,0,-58.6,1354.1,15.9
24,ZHO,Alfa Romeo,58,44.305,2325.38,265.2,10701,7,100,0,0,-57.9,1363.5,15.9
24,ZHO,Alfa Romeo,58,44.359,2329.38,265.0,10751,7,100,0,0,-57.7,1366.2,15.9
24,ZHO,Alfa Romeo,58,44.599,2347.52,272.0,10887,7,100,0,0,-56.9,1378.6,15.9
24,ZHO,Alfa Romeo,58,44.665,2352.54,272.7,10899,7,100,0,0,-56.7,1382.9,15.9
24,ZHO,Alfa Romeo,58,44.799,2362.74,274.0,10922,7,100,0,0,-56.2,1393.0,15.9
24,ZHO,Alfa Romeo,58,44.825,2364.72,274.0,10934,7,100,0,0,-56.1,1395.0,15.9
24,ZHO,Alfa Romeo,58,45.004,2378.31,274.0,11020,7,100,0,0,-55.7,1408.7,15.9
24,ZHO,Alfa Romeo,58,45.079,2384.05,274.0,11056,7,100,0,0,-55.6,1415.0,15.9
24,ZHO,Alfa Romeo,58,45.319,2402.58,278.0,11138,7,100,0,0,-55.2,1437.7,15.9
24,ZHO,Alfa Romeo,58,45.364,2406.05,277.7,11156,7,100,0,0,-55.2,1442.1,15.9
24,ZHO,Alfa Romeo,58,45.479,2414.9,277.0,11202,7,100,0,0,-55.3,1453.3,15.9
24,ZHO,Alfa Romeo,58,45.639,2427.3,279.0,11231,7,100,0,0,-55.6,1468.7,15.8
24,ZHO,Alfa Romeo,58,45.784,2438.59,279.8,11256,7,100,0,0,-55.9,1478.9,15.8
24,ZHO,Alfa Romeo,58,46.0,2455.47,281.0,11294,7,100,0,0,-56.4,1487.0,15.8
24,ZHO,Alfa Romeo,58,46.084,2462.05,281.2,11285,7,100,0,0,-56.8,1491.3,15.8
24,ZHO,Alfa Romeo,58,46.284,2477.73,281.8,11265,7,100,0,0,-58.5,1506.8,15.8
24,ZHO,Alfa Romeo,58,46.36,2483.67,282.0,11257,7,100,0,0,-59.4,1512.6,15.8
24,ZHO,Alfa Romeo,58,46.484,2493.36,281.2,11262,7,100,0,0,-61.1,1522.2,15.7
24,ZHO,Alfa Romeo,58,46.52,2496.16,281.0,11264,7,100,0,0,-61.7,1525.3,15.7
24,ZHO,Alfa Romeo,58,46.68,2508.61,280.0,11175,7,100,0,0,-65.1,1541.2,15.7
24,ZHO,Alfa Romeo,58,46.824,2519.81,280.0,11171,7,100,0,0,-68.0,1554.3,15.7
24,ZHO,Alfa Romeo,58,46.92,2527.27,280.0,11169,7,100,0,0,-69.6,1561.2,15.7
24,ZHO,Alfa Romeo,58,47.12,2542.61,276.0,10533,7,0,1,0,-72.3,1572.6,15.7
24,ZHO,Alfa Romeo,58,47.185,2547.35,268.9,10453,7,0,1,0,-73.3,1576.7,15.7
24,ZHO,Alfa Romeo,58,47.305,2555.71,255.7,10305,7,0,1,0,-75.2,1585.0,15.7
24,ZHO,Alfa Romeo,58,47.32,2556.72,254.0,10287,7,0,1,0,-75.4,1586.1,15.7
24,ZHO,Alfa Romeo,58,47.665,2577.23,214.7,8946,7,0,1,0,-81.1,1611.0,15.7
24,ZHO,Alfa Romeo,58,47.68,2578.02,213.0,8888,7,0,1,0,-81.3,1611.9,15.7
24,ZHO,Alfa Romeo,58,48.0,2592.77,166.0,9508,6,0,1,0,-84.7,1628.3,15.7
24,ZHO,Alfa Romeo,58,48.005,2592.98,165.6,9509,6,0,1,0,-84.7,1628.5,15.7
24,ZHO,Alfa Romeo,58,48.4,2607.44,132.0,9599,4,0,1,0,-87.3,1643.8,15.6
24,ZHO,Alfa Romeo,58,48.465,2609.65,128.5,9379,4,0,1,0,-87.5,1645.3,15.6
24,ZHO,Alfa Romeo,58,48.64,2615.37,119.0,8785,3,0,1,0,-87.8,1647.8,15.6
24,ZHO,Alfa Romeo,58,48.745,2618.52,110.5,9062,3,0,1,0,-87.9,1649.6,15.6
24,ZHO,Alfa Romeo,58,48.8,2620.08,106.0,9207,3,0,1,0,-88.0,1650.9,15.6
24,ZHO,Alfa Romeo,58,48.945,2623.97,98.0,8330,3,0,1,0,-88.0,1655.1,15.6
24,ZHO,Alfa Romeo,58,49.0,2625.36,95.0,7997,2,0,1,0,-87.9,1656.6,15.6
24,ZHO,Alfa Romeo,58,49.205,2630.29,87.3,7194,2,0,1,0,-87.2,1661.4,15.6
24,ZHO,Alfa Romeo,58,49.24,2631.1,86.0,7057,2,0,1,0,-87.0,1662.2,15.6
24,ZHO,Alfa Romeo,58,49.345,2633.48,83.4,6806,2,0,1,0,-86.4,1664.4,15.6
24,ZHO,Alfa Romeo,58,49.48,2636.43,80.0,6483,2,0,1,0,-85.2,1667.0,15.6
24,ZHO,Alfa Romeo,58,49.64,2639.72,74.0,6269,2,0,1,0,-83.3,1669.5,15.5
24,ZHO,Alfa Romeo,58,49.685,2640.61,73.4,6235,2,0,1,0,-82.7,1670.2,15.5
24,ZHO,Alfa Romeo,58,49.865,2644.08,71.2,6097,2,0,1,0,-80.1,1672.5,15.5
24,ZHO,Alfa Romeo,58,50.045,2647.41,68.9,5959,2,0,1,0,-77.1,1674.2,15.6
24,ZHO,Alfa Romeo,58,50.12,2648.78,68.0,5902,2,0,0,0,-75.8,1674.7,15.6
24,ZHO,Alfa Romeo,58,50.319,2652.38,65.0,5697,2,0,0,0,-72.2,1675.7,15.5
24,ZHO,Alfa Romeo,58,50.345,2652.84,64.8,5674,2,0,0,0,-71.8,1675.8,15.5
24,ZHO,Alfa Romeo,58,50.425,2654.24,64.2,5603,2,0,0,0,-70.4,1676.0,15.6
24,ZHO,Alfa Romeo,58,50.625,2657.67,62.7,5425,2,0,0,0,-64.6,1675.4,15.6
24,ZHO,Alfa Romeo,58,50.719,2659.27,62.0,5342,2,0,0,0,-62.8,1675.0,15.6
24,ZHO,Alfa Romeo,58,50.879,2661.98,61.0,5630,2,7,0,0,-61.7,1674.5,15.5
24,ZHO,Alfa Romeo,58,51.045,2664.74,60.2,5802,2,13,0,0,-60.4,1673.4,15.5
24,ZHO,Alfa Romeo,58,51.079,2665.31,60.0,5837,2,14,0,0,-60.0,1673.1,15.5
24,ZHO,Alfa Romeo,58,51.185,2667.15,61.3,5919,2,16,0,0,-58.5,1671.9,15.5
24,ZHO,Alfa Romeo,58,51.399,2671.0,64.0,6084,2,21,0,0,-55.8,1669.1,15.5
24,ZHO,Alfa Romeo,58,51.544,2673.67,65.8,6269,2,27,0,0,-54.2,1667.0,15.5
24,ZHO,Alfa Romeo,58,51.639,2675.47,67.0,6390,2,31,0,0,-53.2,1665.6,15.5
24,ZHO,Alfa Romeo,58,51.704,2676.72,68.6,6502,2,35,0,0,-52.6,1664.5,15.5
24,ZHO,Alfa Romeo,58,51.799,2678.62,71.0,6665,2,40,0,0,-51.7,1662.7,15.5
24,ZHO,Alfa Romeo,58,51.904,2680.83,73.3,6921,2,43,0,0,-50.8,1660.9,15.5
24,ZHO,Alfa Romeo,58,52.144,2686.19,78.7,7507,2,51,0,0,-49.7,1658.6,15.6
24,ZHO,Alfa Romeo,58,52.159,2686.52,79.0,7544,2,51,0,0,-49.6,1658.3,15.6
24,ZHO,Alfa Romeo,58,52.224,2687.97,80.2,7667,2,52,0,0,-49.0,1656.9,15.5
24,ZHO,Alfa Romeo,58,52.319,2690.17,82.0,7847,2,54,0,0,-48.0,1654.3,15.4
24,ZHO,Alfa Romeo,58,52.604,2697.97,94.8,8935,2,61,0,0,-44.9,1644.3,15.5
24,ZHO,Alfa Romeo,58,52.72,2701.31,100.0,9378,2,64,0,0,-44.0,1640.6,15.5
24,ZHO,Alfa Romeo,58,52.88,2705.93,104.0,8958,2,69,0,0,-43.2,1636.2,15.5
24,ZHO,Alfa Romeo,58,52.964,2708.52,107.9,9168,2,71,0,0,-42.8,1634.2,15.5
24,ZHO,Alfa Romeo,58,53.16,2715.03,117.0,9659,3,77,0,0,-42.2,1630.5,15.5
24,ZHO,Alfa Romeo,58,53.264,2718.67,122.2,9966,3,79,0,0,-41.9,1628.2,15.5
24,ZHO,Alfa Romeo,58,53.4,2723.63,129.0,10367,3,82,0,0,-41.5,1624.5,15.5
24,ZHO,Alfa Romeo,58,53.564,2729.87,135.8,10993,3,94,0,0,-40.8,1617.4,15.5
24,ZHO,Alfa Romeo,58,53.64,2732.89,139.0,11283,3,100,0,0,-40.4,1612.6,15.5
24,ZHO,Alfa Romeo,58,53.805,2739.81,147.8,10574,3,100,0,0,-39.5,1601.0,15.5
24,ZHO,Alfa Romeo,58,53.92,2744.87,154.0,10079,3,100,0,0,-38.9,1594.7,15.5
24,ZHO,Alfa Romeo,58,54.2,2757.86,167.0,10772,4,100,0,0,-37.6,1584.4,15.5
24,ZHO,Alfa Romeo,58,54.225,2759.04,167.8,10846,4,100,0,0,-37.5,1583.6,15.5
24,ZHO,Alfa Romeo,58,54.36,2765.51,172.0,11244,4,100,0,0,-36.9,1579.7,15.5
24,ZHO,Alfa Romeo,58,54.565,2775.81,179.7,10671,4,100,0,0,-35.6,1572.9,15.5
24,ZHO,Alfa Romeo,58,54.68,2781.86,184.0,10349,4,100,0,0,-34.3,1567.3,15.5
24,ZHO,Alfa Romeo,58,54.785,2787.55,188.7,10493,4,100,0,0,-32.9,1561.8,15.4
24,ZHO,Alfa Romeo,58,54.965,2797.61,196.7,10739,4,100,0,0,-30.0,1552.5,15.2
24,ZHO,Alfa Romeo,58,55.04,2801.86,200.0,10842,5,100,0,0,-28.7,1548.6,15.1
24,ZHO,Alfa Romeo,58,55.285,2815.99,206.1,11239,5,100,0,0,-23.8,1535.4,15.0
24,ZHO,Alfa Romeo,58,55.44,2825.19,210.0,11490,5,100,0,0,-20.0,1526.0,14.9
24,ZHO,Alfa Romeo,58,55.505,2829.13,212.1,11580,5,100,0,0,-18.5,1522.2,14.8
24,ZHO,Alfa Romeo,58,55.745,2844.02,219.9,11914,5,100,0,0,-13.3,1509.8,14.7
24,ZHO,Alfa Romeo,58,55.84,2849.97,223.0,12046,5,100,0,0,-11.1,1504.6,14.7
24,ZHO,Alfa Romeo,58,56.0,2860.06,227.0,11486,5,100,0,0,-7.1,1495.2,14.6
24,ZHO,Alfa Romeo,58,56.085,2865.51,229.5,11094,5,100,0,0,-4.9,1490.1,14.6
24,ZHO,Alfa Romeo,58,56.2,2873.01,233.0,10563,6,100,0,0,-2.0,1483.2,14.6
24,ZHO,Alfa Romeo,58,56.285,2878.62,235.5,10722,6,100,0,0,0.1,1478.2,14.6
24,ZHO,Alfa Romeo,58,56.345,2882.61,237.3,10833,6,100,0,0,1.6,1474.6,14.6
24,ZHO,Alfa Romeo,58,56.4,2886.28,239.0,10936,6,100,0,0,3.3,1470.6,14.6
24,ZHO,Alfa Romeo,58,56.6,2899.73,242.0,11149,6,100,0,0,11.4,1451.7,14.6
24,ZHO,Alfa Romeo,58,56.665,2904.18,243.6,11213,6,100,0,0,13.8,1446.2,14.6
24,ZHO,Alfa Romeo,58,56.92,2921.95,250.0,11466,6,100,0,0,20.5,1430.8,14.6
24,ZHO,Alfa Romeo,58,57.125,2936.27,251.7,11617,6,100,0,0,25.6,1419.2,14.6
24,ZHO,Alfa Romeo,58,57.159,2938.68,252.0,11642,6,100,0,0,26.6,1416.9,14.6
24,ZHO,Alfa Romeo,58,57.519,2964.88,262.0,10397,6,100,0,0,38.5,1389.6,14.5
24,ZHO,Alfa Romeo,58,57.525,2965.32,262.0,10399,6,100,0,0,38.7,1389.2,14.5
24,ZHO,Alfa Romeo,58,57.719,2979.44,262.0,10469,7,100,0,0,43.1,1379.0,14.5
24,ZHO,Alfa Romeo,58,57.945,2996.14,265.1,10662,7,100,0,0,48.0,1367.6,14.4
24,ZHO,Alfa Romeo,58,58.079,3006.14,267.0,10776,7,100,0,0,51.9,1358.4,14.3
24,ZHO,Alfa Romeo,58,58.124,3009.5,267.5,10802,7,100,0,0,53.2,1355.3,14.3
24,ZHO,Alfa Romeo,58,58.304,3023.0,269.4,10904,7,100,0,0,58.5,1342.8,14.2
24,ZHO,Alfa Romeo,58,58.359,3027.14,270.0,10935,7,100,0,0,60.7,1337.5,14.1
24,ZHO,Alfa Romeo,58,58.519,3039.22,272.0,10935,7,100,0,0,68.1,1319.7,13.9
24,ZHO,Alfa Romeo,58,58.564,3042.64,272.6,10965,7,100,0,0,69.5,1316.2,13.8
24,ZHO,Alfa Romeo,58,58.759,3057.56,275.0,11097,7,100,0,0,72.1,1309.7,13.7
24,ZHO,Alfa Romeo,58,58.824,3062.56,276.0,11150,7,100,0,0,73.5,1306.3,13.6
24,ZHO,Alfa Romeo,58,58.959,3073.0,278.0,11259,7,100,0,0,78.7,1293.0,13.4
24,ZHO,Alfa Romeo,58,59.124,3085.87,279.8,11281,7,100,0,0,86.0,1274.4,13.2
24,ZHO,Alfa Romeo,58,59.32,3101.28,282.0,11307,7,100,0,0,89.8,1264.3,13.1
24,ZHO,Alfa Romeo,58,59.504,3115.83,284.3,11379,7,100,0,0,92.5,1256.7,13.1
24,ZHO,Alfa Romeo,58,59.56,3120.28,285.0,11401,7,100,0,0,93.8,1252.9,13.1
24,ZHO,Alfa Romeo,58,59.664,3128.59,286.6,11451,7,100,0,0,96.7,1244.8,13.1
24,ZHO,Alfa Romeo,58,59.76,3136.28,288.0,11498,7,100,0,0,99.2,1237.4,13.1
24,ZHO,Alfa Romeo,58,59.944,3150.98,288.0,11529,7,100,0,0,103.6,1223.6,13.0
24,ZHO,Alfa Romeo,58,60.12,3165.08,288.0,11559,7,100,0,0,107.7,1210.2,13.0
24,ZHO,Alfa Romeo,58,60.144,3167.01,288.2,11565,7,100,0,0,108.3,1208.3,13.0
24,ZHO,Alfa Romeo,58,60.405,3188.11,290.7,11632,7,100,0,0,114.3,1187.9,13.0
24,ZHO,Alfa Romeo,58,60.44,3190.95,291.0,11641,7,100,0,0,115.0,1185.3,13.0
24,ZHO,Alfa Romeo,58,60.585,3202.7,291.7,11594,7,100,0,0,118.1,1173.9,13.0
24,ZHO,Alfa Romeo,58,60.64,3207.17,292.0,11576,7,100,0,0,119.6,1168.3,13.0
24,ZHO,Alfa Romeo,58,60.845,3223.84,292.7,10617,7,100,0,0,125.5,1145.6,13.0
24,ZHO,Alfa Romeo,58,60.92,3229.96,293.0,10266,8,100,0,0,126.8,1140.6,13.0
24,ZHO,Alfa Romeo,58,61.145,3248.38,294.6,10463,8,100,0,0,129.1,1131.3,13.0
24,ZHO,Alfa Romeo,58,61.2,3252.9,295.0,10511,8,100,0,0,130.0,1127.6,13.0
24,ZHO,Alfa Romeo,58,61.365,3266.51,296.0,10547,8,100,0,0,133.4,1113.8,12.9
24,ZHO,Alfa Romeo,58,61.565,3283.08,297.3,10591,8,100,0,0,137.2,1097.8,12.9
24,ZHO,Alfa Romeo,58,61.68,3292.64,298.0,10616,8,100,0,0,139.1,1089.7,12.9
24,ZHO,Alfa Romeo,58,61.785,3301.38,298.6,10647,8,100,0,0,141.4,1080.0,12.9
24,ZHO,Alfa Romeo,58,61.985,3318.05,299.7,10705,8,100,0,0,147.9,1052.4,12.8
24,ZHO,Alfa Romeo,58,62.04,3322.64,300.0,10721,8,100,0,0,149.1,1047.3,12.8
24,ZHO,Alfa Romeo,58,62.2,3335.97,300.0,10705,8,100,0,0,150.4,1041.7,12.8
24,ZHO,Alfa Romeo,58,62.365,3349.78,301.0,10711,8,100,0,0,152.5,1032.9,12.8
24,ZHO,Alfa Romeo,58,62.52,3362.81,302.0,10716,8,100,0,0,157.1,1013.2,12.7
24,ZHO,Alfa Romeo,58,62.645,3373.35,302.7,10749,8,100,0,0,160.5,998.5,12.7
24,ZHO,Alfa Romeo,58,62.88,3393.21,304.0,10811,8,100,0,0,162.7,989.0,12.7
24,ZHO,Alfa Romeo,58,62.925,3397.02,304.1,10814,8,100,0,0,163.2,987.0,12.7
24,ZHO,Alfa Romeo,58,63.265,3425.81,304.9,10841,8,100,0,0,169.7,959.0,12.7
24,ZHO,Alfa Romeo,58,63.32,3430.49,305.0,10845,8,100,0,0,170.8,954.4,12.7
24,ZHO,Alfa Romeo,58,63.345,3432.62,305.2,10852,8,100,0,0,171.3,952.4,12.7
24,ZHO,Alfa Romeo,58,63.52,3447.55,307.0,10899,8,100,0,0,174.6,938.4,12.6
24,ZHO,Alfa Romeo,58,63.585,3453.09,307.0,10904,8,100,0,0,175.9,932.5,12.6
24,ZHO,Alfa Romeo,58,63.839,3474.75,307.0,10923,8,100,0,0,182.2,905.3,12.6
24,ZHO,Alfa Romeo,58,63.905,3480.38,307.0,10942,8,100,0,0,183.6,899.3,12.6
24,ZHO,Alfa Romeo,58,63.999,3488.4,307.0,10969,8,100,0,0,185.2,892.4,12.6
24,ZHO,Alfa Romeo,58,64.225,3507.71,307.7,10980,8,100,0,0,188.2,879.3,12.6
24,ZHO,Alfa Romeo,58,64.319,3515.77,308.0,10984,8,100,0,0,189.8,872.4,12.6
24,ZHO,Alfa Romeo,58,64.465,3528.34,309.5,10991,8,100,0,0,192.8,859.2,12.6
24,ZHO,Alfa Romeo,58,64.519,3533.0,310.0,10994,8,100,0,0,194.1,853.3,12.6
24,ZHO,Alfa Romeo,58,64.744,3552.37,310.0,11019,8,100,0,0,200.4,825.7,12.6
24,ZHO,Alfa Romeo,58,64.879,3564.0,310.0,11034,8,100,0,0,203.7,811.4,12.6
24,ZHO,Alfa Romeo,58,65.079,3581.22,310.0,11060,8,100,0,0,207.5,794.5,12.7
24,ZHO,Alfa Romeo,58,65.144,3586.83,310.3,11056,8,100,0,0,208.5,790.4,12.7
24,ZHO,Alfa Romeo,58,65.444,3612.85,311.8,11036,8,100,0,0,211.7,776.9,12.7
24,ZHO,Alfa Romeo,58,65.479,3615.88,312.0,11034,8,100,0,0,212.2,774.9,12.7
24,ZHO,Alfa Romeo,58,65.76,3640.16,311.0,11003,8,100,0,0,217.7,751.1,12.7
24,ZHO,Alfa Romeo,58,65.784,3642.23,310.9,11000,8,100,0,0,218.4,748.4,12.7
24,ZHO,Alfa Romeo,58,65.964,3657.71,309.9,10980,8,100,0,0,223.6,726.6,12.8
24,ZHO,Alfa Romeo,58,66.12,3671.06,309.0,10962,8,100,0,0,225.9,717.1,12.8
24,ZHO,Alfa Romeo,58,66.304,3686.7,306.2,10895,8,100,0,0,228.8,704.9,12.8
24,ZHO,Alfa Romeo,58,66.32,3688.06,306.0,10889,8,100,0,0,229.3,702.9,12.8
24,ZHO,Alfa Romeo,58,66.484,3701.91,305.0,10843,8,100,0,0,235.1,678.5,12.9
24,ZHO,Alfa Romeo,58,66.64,3715.08,304.0,10800,8,100,0,0,238.0,666.3,13.0
24,ZHO,Alfa Romeo,58,66.84,3731.91,303.0,10611,8,100,0,0,239.7,659.1,13.0
24,ZHO,Alfa Romeo,58,66.845,3732.32,302.6,10600,8,98,0,0,239.8,658.8,13.0
24,ZHO,Alfa Romeo,58,67.12,3753.85,282.0,9968,8,0,1,0,244.9,637.1,13.1
24,ZHO,Alfa Romeo,58,67.205,3760.35,275.6,9422,8,0,1,0,246.7,629.6,13.1
24,ZHO,Alfa Romeo,58,67.28,3765.85,270.0,8940,8,0,1,0,248.2,623.1,13.1
24,ZHO,Alfa Romeo,58,67.52,3781.31,232.0,9129,8,0,1,0,252.6,604.3,13.1
24,ZHO,Alfa Romeo,58,67.545,3782.86,230.1,9099,8,0,1,0,253.0,602.8,13.1
24,ZHO,Alfa Romeo,58,67.68,3791.09,220.0,8939,7,0,1,0,254.5,596.7,13.1
24,ZHO,Alfa Romeo,58,67.88,3802.2,200.0,9283,7,0,1,0,255.7,591.6,13.2
24,ZHO,Alfa Romeo,58,68.025,3809.18,183.7,9182,7,0,1,0,257.2,584.0,13.2
24,ZHO,Alfa Romeo,58,68.185,3816.14,165.7,9070,7,0,1,0,259.3,572.2,13.2
24,ZHO,Alfa Romeo,58,68.2,3816.78,164.0,9060,6,0,1,0,259.4,571.4,13.2
24,ZHO,Alfa Romeo,58,68.4,3825.06,149.0,9037,5,0,1,0,260.1,566.3,13.2
24,ZHO,Alfa Romeo,58,68.465,3827.62,145.8,8855,5,0,1,0,260.2,564.9,13.2
24,ZHO,Alfa Romeo,58,68.6,3832.78,139.0,8477,4,0,1,0,260.6,560.5,13.2
24,ZHO,Alfa Romeo,58,68.725,3837.43,135.4,8176,4,0,1,0,260.5,555.2,13.2
24,ZHO,Alfa Romeo,58,68.84,3841.58,132.0,7899,4,0,1,0,259.7,549.7,13.2
24,ZHO,Alfa Romeo,58,68.965,3845.95,128.9,7851,4,0,1,0,258.4,544.1,13.1
24,ZHO,Alfa Romeo,58,69.16,3852.6,124.0,7775,4,0,0,0,256.7,538.9,13.1
24,ZHO,Alfa Romeo,58,69.36,3859.44,123.0,7693,4,8,0,0,254.6,535.2,13.1
24,ZHO,Alfa Romeo,58,69.405,3860.95,122.4,7686,4,13,0,0,253.9,534.1,13.1
24,ZHO,Alfa Romeo,58,69.565,3866.25,120.4,7661,4,33,0,0,250.9,529.3,13.1
24,ZHO,Alfa Romeo,58,69.6,3867.44,120.0,7656,4,37,0,0,250.2,528.2,13.1
24,ZHO,Alfa Romeo,58,69.825,3875.33,123.7,7911,4,42,0,0,246.3,521.7,13.0
24,ZHO,Alfa Romeo,58,70.065,3883.97,127.7,8182,4,48,0,0,243.0,514.3,12.9
24,ZHO,Alfa Romeo,58,70.08,3884.5,128.0,8199,4,48,0,0,242.8,513.8,12.9
24,ZHO,Alfa Romeo,58,70.28,3891.61,128.0,8715,4,47,0,0,240.9,507.2,12.9
24,ZHO,Alfa Romeo,58,70.285,3891.79,128.1,8710,4,47,0,0,240.9,507.0,12.9
24,ZHO,Alfa Romeo,58,70.445,3897.6,130.5,8543,4,57,0,0,240.0,501.2,12.9
24,ZHO,Alfa Romeo,58,70.479,3898.86,131.0,8507,4,59,0,0,239.9,499.9,12.9
24,ZHO,Alfa Romeo,58,70.565,3902.05,132.7,8688,4,65,0,0,239.6,496.7,12.8
24,ZHO,Alfa Romeo,58,70.679,3906.36,135.0,8927,4,73,0,0,239.4,492.1,12.8
24,ZHO,Alfa Romeo,58,70.879,3914.19,141.0,9654,4,83,0,0,239.6,483.6,12.8
24,ZHO,Alfa Romeo,58,70.905,3915.25,142.0,9711,4,84,0,0,239.7,482.5,12.8
24,ZHO,Alfa Romeo,58,71.279,3931.63,157.0,10527,4,100,0,0,241.5,466.3,12.7
24,ZHO,Alfa Romeo,58,71.304,3932.77,158.4,10608,4,100,0,0,241.6,465.3,12.7
24,ZHO,Alfa Romeo,58,71.439,3939.01,166.0,11048,4,100,0,0,242.5,459.9,12.6
24,ZHO,Alfa Romeo,58,71.564,3945.06,171.4,11238,4,100,0,0,243.5,454.3,12.6
24,ZHO,Alfa Romeo,58,71.719,3952.86,178.0,11474,4,100,0,0,245.4,445.6,12.6
24,ZHO,Alfa Romeo,58,71.904,3962.45,184.7,11100,4,100,0,0,248.0,434.6,12.6
24,ZHO,Alfa Romeo,58,72.079,3971.96,191.0,10746,4,100,0,0,250.3,425.9,12.6
24,ZHO,Alfa Romeo,58,72.324,3986.15,198.6,10735,4,100,0,0,253.2,415.6,12.7
24,ZHO,Alfa Romeo,58,73.184,4041.55,225.3,10697,4,100,0,0,267.4,366.1,12.7
24,ZHO,Alfa Romeo,58,73.24,4045.16,227.0,10694,5,100,0,0,269.3,359.1,12.7
24,ZHO,Alfa Romeo,58,73.344,4051.86,229.6,10765,5,100,0,0,272.7,346.3,12.8
24,ZHO,Alfa Romeo,58,73.44,4058.05,232.0,10831,6,100,0,0,274.8,338.2,12.8
24,ZHO,Alfa Romeo,58,73.6,4068.45,234.0,10859,6,100,0,0,276.2,332.9,12.8
24,ZHO,Alfa Romeo,58,73.76,4079.12,240.0,10859,6,100,0,0,277.4,328.1,12.8
24,ZHO,Alfa Romeo,58,73.805,4082.15,240.7,10923,6,100,0,0,278.0,325.8,12.8
24,ZHO,Alfa Romeo,58,73.965,4093.01,243.2,11150,6,100,0,0,280.6,315.3,12.8
24,ZHO,Alfa Romeo,58,74.08,4100.9,245.0,11313,6,100,0,0,282.5,308.0,12.8
24,ZHO,Alfa Romeo,58,74.285,4115.11,249.3,11463,6,100,0,0,285.7,295.3,12.8
24,ZHO,Alfa Romeo,58,74.32,4117.56,250.0,11489,6,100,0,0,286.3,293.0,12.8
24,ZHO,Alfa Romeo,58,74.405,4123.55,251.4,11564,6,100,0,0,287.7,287.2,12.8
24,ZHO,Alfa Romeo,58,74.585,4136.35,254.4,11723,6,100,0,0,290.9,274.9,12.8
24,ZHO,Alfa Romeo,58,74.68,4143.16,256.0,11807,6,100,0,0,292.6,268.4,12.8
24,ZHO,Alfa Romeo,58,74.885,4157.98,259.2,11011,6,100,0,0,296.3,254.1,12.8
24,ZHO,Alfa Romeo,58,75.0,4166.36,261.0,10564,6,100,0,0,298.4,245.9,12.8
24,ZHO,Alfa Romeo,58,75.105,4174.06,263.0,10536,6,100,0,0,300.3,238.6,12.8
24,ZHO,Alfa Romeo,58,75.16,4178.1,264.0,10521,7,100,0,0,301.3,234.9,12.8
24,ZHO,Alfa Romeo,58,75.285,4187.27,264.5,10628,7,100,0,0,303.7,225.8,12.8
24,ZHO,Alfa Romeo,58,75.4,4195.76,265.0,10727,7,100,0,0,306.8,213.9,12.8
24,ZHO,Alfa Romeo,58,75.525,4205.11,268.1,10816,7,100,0,0,310.1,201.3,12.8
24,ZHO,Alfa Romeo,58,75.6,4210.76,270.0,10870,7,100,0,0,311.4,196.3,12.8
24,ZHO,Alfa Romeo,58,75.805,4226.32,272.6,10962,7,100,0,0,313.6,188.1,12.8
24,ZHO,Alfa Romeo,58,75.92,4235.12,274.0,11013,7,100,0,0,315.2,181.9,12.8
24,ZHO,Alfa Romeo,58,76.12,4250.51,277.0,11029,7,100,0,0,319.4,165.7,12.8
24,ZHO,Alfa Romeo,58,76.145,4252.44,277.1,11045,7,100,0,0,320.1,162.9,12.8
24,ZHO,Alfa Romeo,58,76.32,4265.95,278.0,11159,7,100,0,0,325.6,140.5,12.8
24,ZHO,Alfa Romeo,58,76.345,4267.89,278.2,11164,7,100,0,0,326.2,138.2,12.8
24,ZHO,Alfa Romeo,58,76.52,4281.51,280.0,11199,7,100,0,0,327.6,132.4,12.9
24,ZHO,Alfa Romeo,58,76.605,4288.16,280.7,11237,7,100,0,0,328.2,129.2,12.9
24,ZHO,Alfa Romeo,58,76.88,4309.81,283.0,11359,7,100,0,0,333.7,101.6,12.9
24,ZHO,Alfa Romeo,58,76.945,4314.94,283.4,11368,7,100,0,0,334.8,95.4,12.9
24,ZHO,Alfa Romeo,58,77.09,4326.42,284.3,11389,7,100,0,0,336.5,85.2,12.9
20,MAG,Haas F1 Team,55,0.0,0.0,281.5,11332,7,99,0,0,335.1,93.5,13.1
20,MAG,Haas F1 Team,55,0.002,0.16,281.5,11332,7,99,0,0,335.1,93.3,13.1
20,MAG,Haas F1 Team,55,0.136,10.69,282.0,11366,7,99,0,0,336.6,82.2,12.9
20,MAG,Haas F1 Team,55,0.242,19.07,283.1,11390,7,99,0,0,337.5,74.6,12.8
20,MAG,Haas F1 Team,55,0.416,32.86,285.0,11430,7,99,0,0,338.6,63.3,12.8
20,MAG,Haas F1 Team,55,0.462,36.49,284.8,11431,7,99,0,0,338.9,57.3,12.8
20,MAG,Haas F1 Team,55,0.562,44.38,284.3,11433,7,99,0,0,339.5,39.9,12.7
20,MAG,Haas F1 Team,55,0.616,48.64,284.0,11434,7,99,0,0,339.7,33.0,12.7
20,MAG,Haas F1 Team,55,0.922,72.83,284.8,11465,7,99,0,0,339.3,22.5,12.8
20,MAG,Haas F1 Team,55,1.016,80.3,285.0,11475,7,99,0,0,339.0,16.1,12.9
20,MAG,Haas F1 Team,55,1.142,90.35,285.9,11438,7,99,0,0,338.5,5.1,12.9
20,MAG,Haas F1 Team,55,1.296,102.63,287.0,11393,7,99,0,0,337.5,-7.4,12.9
20,MAG,Haas F1 Team,55,1.362,107.86,286.5,11382,7,99,0,0,337.1,-12.3,12.9
20,MAG,Haas F1 Team,55,1.576,124.79,285.0,11347,7,99,0,0,335.6,-27.2,13.0
20,MAG,Haas F1 Team,55,1.662,131.66,285.0,11149,7,99,0,0,334.6,-35.9,13.0
20,MAG,Haas F1 Team,55,1.776,140.63,285.0,10886,7,99,1,0,332.7,-51.5,13.1
20,MAG,Haas F1 Team,55,1.862,147.08,273.7,10602,7,46,1,0,331.5,-61.6,13.1
20,MAG,Haas F1 Team,55,1.936,152.36,264.0,10358,7,0,1,0,330.9,-66.6,13.1
20,MAG,Haas F1 Team,55,2.142,165.58,237.6,9757,7,0,1,0,330.5,-71.0,13.2
20,MAG,Haas F1 Team,55,2.256,172.18,223.0,9425,7,0,1,0,329.9,-76.9,13.2
20,MAG,Haas F1 Team,55,2.442,182.08,204.9,9462,7,0,1,0,328.7,-89.6,13.3
20,MAG,Haas F1 Team,55,2.622,190.97,187.3,9497,7,0,1,0,328.2,-99.3,13.3
20,MAG,Haas F1 Team,55,2.656,192.63,184.0,9504,7,0,1,0,328.1,-101.0,13.3
20,MAG,Haas F1 Team,55,2.816,200.27,172.0,10484,7,0,1,0,328.1,-108.8,13.4
20,MAG,Haas F1 Team,55,2.842,201.47,170.4,10575,7,0,1,0,328.1,-110.0,13.4
20,MAG,Haas F1 Team,55,2.976,207.47,162.0,11042,5,0,1,0,328.4,-115.9,13.4
20,MAG,Haas F1 Team,55,3.042,210.31,159.6,10684,5,0,1,0,328.7,-118.9,13.4
20,MAG,Haas F1 Team,55,3.302,220.97,150.2,9275,5,0,1,0,331.0,-130.9,13.3
20,MAG,Haas F1 Team,55,3.336,222.37,149.0,9091,4,0,1,0,331.3,-132.1,13.3
20,MAG,Haas F1 Team,55,3.496,228.99,149.0,8760,4,0,1,0,333.1,-136.8,13.3
20,MAG,Haas F1 Team,55,3.562,231.6,145.7,8674,4,0,1,0,334.0,-138.7,13.3
20,MAG,Haas F1 Team,55,3.736,238.13,137.0,8446,4,0,1,0,337.2,-144.4,13.3
20,MAG,Haas F1 Team,55,3.762,239.09,136.5,8428,4,0,1,0,337.7,-145.2,13.3
20,MAG,Haas F1 Team,55,3.962,246.43,133.0,8289,4,0,1,0,342.3,-151.0,13.4
20,MAG,Haas F1 Team,55,4.016,248.39,132.0,8252,4,0,0,0,343.7,-152.5,13.4
20,MAG,Haas F1 Team,55,4.181,254.39,131.2,8216,4,20,0,0,348.2,-156.7,13.4
20,MAG,Haas F1 Team,55,4.216,255.67,131.0,8208,4,24,0,0,349.2,-157.6,13.4
20,MAG,Haas F1 Team,55,4.421,263.28,131.6,8177,4,15,0,0,355.2,-162.2,13.5
20,MAG,Haas F1 Team,55,4.536,267.4,132.0,8160,4,10,1,0,358.8,-164.6,13.5
20,MAG,Haas F1 Team,55,4.721,273.59,124.6,8134,4,5,1,0,364.7,-168.0,13.5
20,MAG,Haas F1 Team,55,4.921,279.84,116.6,8105,4,0,1,0,370.8,-171.3,13.5
20,MAG,Haas F1 Team,55,4.936,280.29,116.0,8103,4,0,1,0,371.2,-171.5,13.5
20,MAG,Haas F1 Team,55,5.101,285.22,108.6,7592,4,0,1,0,375.9,-174.1,13.5
20,MAG,Haas F1 Team,55,5.136,286.24,107.0,7484,3,0,1,0,376.8,-174.6,13.5
20,MAG,Haas F1 Team,55,5.335,291.77,100.0,7182,3,0,1,0,381.5,-177.9,13.5
20,MAG,Haas F1 Team,55,5.361,292.46,99.2,7113,3,0,1,0,382.0,-178.3,13.5
20,MAG,Haas F1 Team,55,5.536,297.01,94.0,6648,3,0,1,0,385.1,-181.5,13.5
20,MAG,Haas F1 Team,55,5.581,298.16,93.3,6591,3,0,1,0,385.8,-182.4,13.5
20,MAG,Haas F1 Team,55,5.661,300.17,92.0,6490,3,0,1,0,386.8,-184.1,13.5
20,MAG,Haas F1 Team,55,5.841,304.57,89.2,6262,3,0,1,0,388.3,-188.0,13.5
20,MAG,Haas F1 Team,55,5.856,304.92,89.0,6243,3,0,0,0,388.4,-188.3,13.5
20,MAG,Haas F1 Team,55,6.016,308.61,83.0,6153,3,0,0,0,388.8,-192.1,13.6
20,MAG,Haas F1 Team,55,6.161,311.82,81.2,6102,3,1,0,0,388.7,-195.6,13.6
20,MAG,Haas F1 Team,55,6.321,315.24,79.2,6045,3,2,0,0,388.2,-199.2,13.6
20,MAG,Haas F1 Team,55,6.416,317.28,78.0,6011,3,2,0,0,387.7,-201.2,13.6
20,MAG,Haas F1 Team,55,6.481,318.68,78.2,6003,3,7,0,0,387.3,-202.7,13.6
20,MAG,Haas F1 Team,55,6.736,324.3,79.0,5972,3,27,0,0,384.4,-209.9,13.8
20,MAG,Haas F1 Team,55,6.782,325.36,79.8,6050,3,28,0,0,383.9,-210.9,13.8
20,MAG,Haas F1 Team,55,7.122,333.57,86.0,6630,3,38,0,0,380.7,-215.9,14.0
20,MAG,Haas F1 Team,55,7.176,334.94,87.0,6722,3,40,0,0,379.5,-217.1,14.0
20,MAG,Haas F1 Team,55,7.362,339.76,91.1,7079,3,46,0,0,374.5,-221.7,14.2
20,MAG,Haas F1 Team,55,7.536,344.44,95.0,7413,3,52,0,0,372.2,-223.3,14.2
20,MAG,Haas F1 Team,55,7.682,348.49,99.4,7744,3,55,0,0,370.3,-223.9,14.2
20,MAG,Haas F1 Team,55,7.736,350.05,101.0,7867,3,56,0,0,369.2,-224.2,14.2
20,MAG,Haas F1 Team,55,8.002,358.23,110.5,8574,3,64,0,0,361.4,-226.3,14.5
20,MAG,Haas F1 Team,55,8.016,358.68,111.0,8611,3,64,0,0,361.0,-226.4,14.5
20,MAG,Haas F1 Team,55,8.182,364.09,116.8,9106,3,69,0,0,355.7,-227.0,14.7
20,MAG,Haas F1 Team,55,8.216,365.24,118.0,9207,3,70,0,0,354.2,-227.1,14.8
20,MAG,Haas F1 Team,55,8.376,370.79,125.0,9207,3,72,0,0,345.9,-227.3,15.1
20,MAG,Haas F1 Team,55,8.422,372.46,126.4,9361,3,72,0,0,344.0,-227.3,15.2
20,MAG,Haas F1 Team,55,8.722,384.05,135.8,10365,3,76,0,0,336.7,-227.1,15.5
20,MAG,Haas F1 Team,55,8.856,389.46,140.0,10814,3,77,0,0,330.0,-226.5,15.7
20,MAG,Haas F1 Team,55,9.016,396.04,148.0,11146,3,82,0,0,320.0,-225.4,16.1
20,MAG,Haas F1 Team,55,9.062,397.94,148.8,10987,3,85,0,0,317.5,-225.1,16.2
20,MAG,Haas F1 Team,55,9.256,406.17,152.0,10316,4,99,0,0,309.3,-223.5,16.5
20,MAG,Haas F1 Team,55,9.402,412.84,159.3,10625,4,99,0,0,304.5,-222.3,16.7
20,MAG,Haas F1 Team,55,9.616,423.17,170.0,11078,4,99,0,0,298.5,-220.7,16.9
20,MAG,Haas F1 Team,55,9.722,428.39,174.0,11245,4,99,0,0,294.4,-219.5,17.0
20,MAG,Haas F1 Team,55,9.856,435.1,179.0,11457,4,99,0,0,287.4,-217.3,17.1
20,MAG,Haas F1 Team,55,9.982,441.57,184.5,10906,4,99,0,0,279.9,-214.8,17.3
20,MAG,Haas F1 Team,55,10.016,443.37,186.0,10757,4,99,0,0,277.9,-214.1,17.3
20,MAG,Haas F1 Team,55,10.302,459.45,197.9,10934,4,99,0,0,261.6,-208.6,17.7
20,MAG,Haas F1 Team,55,10.496,470.84,206.0,11054,5,99,0,0,252.6,-205.0,17.8
20,MAG,Haas F1 Team,55,10.621,478.2,208.8,11218,5,99,0,0,246.9,-202.6,17.8
20,MAG,Haas F1 Team,55,10.856,492.24,214.0,11527,5,99,0,0,234.5,-196.7,17.8
20,MAG,Haas F1 Team,55,10.861,492.54,214.2,11534,5,99,0,0,234.2,-196.5,17.8
20,MAG,Haas F1 Team,55,11.061,504.9,221.7,11799,5,99,0,0,219.4,-188.1,17.8
20,MAG,Haas F1 Team,55,11.096,507.1,223.0,11845,5,99,0,0,217.4,-186.9,17.8
20,MAG,Haas F1 Team,55,11.361,524.12,229.0,11184,5,99,0,0,207.8,-180.6,17.7
20,MAG,Haas F1 Team,55,11.536,535.58,233.0,10748,6,99,0,0,198.5,-174.3,17.7
20,MAG,Haas F1 Team,55,11.561,537.23,233.8,10756,6,99,0,0,197.2,-173.4,17.7
20,MAG,Haas F1 Team,55,11.696,546.16,238.0,10802,6,99,0,0,190.3,-168.6,17.6
20,MAG,Haas F1 Team,55,11.801,553.15,239.1,10866,6,99,0,0,184.4,-164.3,17.6
20,MAG,Haas F1 Team,55,11.976,564.9,241.0,10972,6,99,0,0,171.6,-154.7,17.6
20,MAG,Haas F1 Team,55,12.161,577.42,243.0,11086,6,99,0,0,158.8,-144.8,17.6
20,MAG,Haas F1 Team,55,12.256,583.88,244.0,11145,6,99,0,0,154.5,-141.4,17.6
20,MAG,Haas F1 Team,55,12.521,602.02,246.5,11224,6,99,0,0,146.1,-134.6,17.6
20,MAG,Haas F1 Team,55,12.576,605.84,247.0,11241,6,99,0,0,143.6,-132.5,17.6
20,MAG,Haas F1 Team,55,12.721,616.0,246.5,10975,6,57,0,0,135.5,-125.9,17.6
20,MAG,Haas F1 Team,55,12.856,624.97,246.0,10728,6,18,1,0,126.0,-118.3,17.6
20,MAG,Haas F1 Team,55,13.001,633.45,225.6,10172,6,10,1,0,116.1,-110.4,17.6
20,MAG,Haas F1 Team,55,13.176,642.84,201.0,9501,6,0,1,0,107.9,-103.6,17.6
20,MAG,Haas F1 Team,55,13.302,649.61,194.7,9832,6,0,1,0,103.1,-99.4,17.6
20,MAG,Haas F1 Team,55,13.336,651.41,193.0,9921,6,0,1,0,101.8,-98.2,17.6
20,MAG,Haas F1 Team,55,13.542,661.94,183.6,10519,6,0,1,0,94.4,-91.1,17.5
20,MAG,Haas F1 Team,55,13.576,663.55,182.0,10618,6,0,1,0,93.4,-90.1,17.5
20,MAG,Haas F1 Team,55,13.742,670.71,161.9,9778,6,0,1,0,88.7,-84.9,17.5
20,MAG,Haas F1 Team,55,13.816,673.75,153.0,9403,4,0,1,0,86.3,-81.8,17.5
20,MAG,Haas F1 Team,55,13.982,680.45,146.4,8995,4,0,1,0,80.8,-74.3,17.3
20,MAG,Haas F1 Team,55,14.016,681.8,145.0,8911,4,0,1,0,80.0,-73.1,17.3
20,MAG,Haas F1 Team,55,14.176,688.07,141.0,8634,4,0,1,0,77.5,-68.8,17.1
20,MAG,Haas F1 Team,55,14.362,695.14,137.9,8475,4,0,1,0,75.9,-64.1,17.0
20,MAG,Haas F1 Team,55,14.416,697.2,137.0,8429,4,0,0,0,75.4,-62.4,17.0
20,MAG,Haas F1 Team,55,14.522,701.28,137.7,8411,4,0,0,0,74.6,-58.5,17.0
20,MAG,Haas F1 Team,55,14.576,703.34,138.0,8402,4,0,0,0,74.4,-56.3,17.0
20,MAG,Haas F1 Team,55,14.842,713.05,132.8,8287,4,14,0,0,74.8,-44.9,16.7
20,MAG,Haas F1 Team,55,14.936,716.44,131.0,8247,4,19,0,0,75.2,-41.6,16.6
20,MAG,Haas F1 Team,55,15.162,724.67,131.8,8391,4,34,0,0,76.4,-34.4,16.4
20,MAG,Haas F1 Team,55,15.216,726.7,132.0,8426,4,38,0,0,76.6,-32.5,16.4
20,MAG,Haas F1 Team,55,15.322,730.79,134.9,8498,4,43,0,0,76.9,-28.6,16.3
20,MAG,Haas F1 Team,55,15.502,737.95,139.9,8619,4,52,0,0,76.9,-21.9,16.0
20,MAG,Haas F1 Team,55,15.576,740.9,142.0,8669,4,56,0,0,76.7,-19.1,15.9
20,MAG,Haas F1 Team,55,15.762,748.34,143.9,9151,4,54,0,0,76.0,-11.9,15.7
20,MAG,Haas F1 Team,55,15.776,748.9,144.0,9187,4,54,0,0,75.9,-11.4,15.7
20,MAG,Haas F1 Team,55,15.942,755.63,145.7,9181,4,51,0,0,74.8,-4.9,15.3
20,MAG,Haas F1 Team,55,15.976,757.01,146.0,9180,4,50,0,0,74.5,-3.6,15.2
20,MAG,Haas F1 Team,55,16.202,766.3,147.9,9884,4,49,0,0,71.8,4.9,14.8
20,MAG,Haas F1 Team,55,16.216,766.88,148.0,9928,4,49,0,0,71.6,5.4,14.8
20,MAG,Haas F1 Team,55,16.402,774.74,151.3,9773,4,64,0,0,68.1,12.1,14.5
20,MAG,Haas F1 Team,55,16.496,778.78,153.0,9694,4,72,0,0,66.1,15.3,14.3
20,MAG,Haas F1 Team,55,16.562,781.64,154.3,9864,4,69,0,0,64.2,17.9,14.2
20,MAG,Haas F1 Team,55,16.696,787.5,157.0,10208,4,64,0,0,58.6,25.3,13.9
20,MAG,Haas F1 Team,55,16.822,793.12,159.8,10537,4,78,0,0,53.3,32.1,13.7
20,MAG,Haas F1 Team,55,17.016,802.08,164.0,11043,4,99,0,0,48.7,37.9,13.5
20,MAG,Haas F1 Team,55,17.216,811.91,177.0,10992,4,99,0,0,45.5,41.8,13.3
20,MAG,Haas F1 Team,55,17.261,814.21,178.9,11052,4,99,0,0,44.3,43.3,13.3
20,MAG,Haas F1 Team,55,17.496,826.61,189.0,11364,4,99,0,0,35.7,54.0,13.2
20,MAG,Haas F1 Team,55,17.501,826.88,189.2,11354,4,99,0,0,35.5,54.2,13.2
20,MAG,Haas F1 Team,55,17.816,844.39,200.0,10743,5,99,0,0,22.6,69.8,12.9
20,MAG,Haas F1 Team,55,17.901,849.23,202.1,10921,5,99,0,0,19.3,73.6,12.9
20,MAG,Haas F1 Team,55,18.136,862.88,208.0,11414,5,99,0,0,10.9,82.7,12.9
20,MAG,Haas F1 Team,55,18.341,875.23,214.1,11580,5,99,0,0,4.0,89.6,13.0
20,MAG,Haas F1 Team,55,18.536,887.33,220.0,11737,5,99,0,0,-2.5,95.6,13.0
20,MAG,Haas F1 Team,55,18.721,899.06,225.1,11100,5,99,0,0,-9.6,101.8,13.0
20,MAG,Haas F1 Team,55,18.896,910.33,230.0,10497,6,99,0,0,-18.1,108.7,13.0
20,MAG,Haas F1 Team,55,18.981,915.84,232.1,10634,6,99,0,0,-22.5,112.2,13.0
20,MAG,Haas F1 Team,55,19.056,920.73,234.0,10755,6,99,0,0,-26.3,115.2,13.0
20,MAG,Haas F1 Team,55,19.161,927.62,235.5,10858,6,99,0,0,-31.7,119.5,13.1
20,MAG,Haas F1 Team,55,19.336,939.24,238.0,11030,6,99,0,0,-40.8,126.7,13.0
20,MAG,Haas F1 Team,55,19.401,943.6,239.4,11096,6,99,0,0,-44.1,129.4,13.0
20,MAG,Haas F1 Team,55,19.601,957.19,243.7,11301,6,99,0,0,-54.1,138.3,13.0
20,MAG,Haas F1 Team,55,19.616,958.21,244.0,11316,6,99,0,0,-54.8,139.0,13.0
20,MAG,Haas F1 Team,55,19.816,971.99,248.0,11443,6,99,0,0,-64.6,149.8,13.1
20,MAG,Haas F1 Team,55,19.822,972.41,248.0,11447,6,99,0,0,-64.9,150.2,13.1
20,MAG,Haas F1 Team,55,20.022,986.24,249.3,11570,6,99,0,0,-74.3,165.3,13.1
20,MAG,Haas F1 Team,55,20.136,994.21,250.0,11641,6,99,0,0,-77.7,171.8,13.1
20,MAG,Haas F1 Team,55,20.296,1005.55,255.0,11719,6,99,0,0,-80.4,178.8,13.0
20,MAG,Haas F1 Team,55,20.362,1010.24,255.5,11744,6,99,0,0,-81.8,182.4,13.0
20,MAG,Haas F1 Team,55,20.522,1021.67,256.6,11806,6,99,0,0,-85.7,193.2,13.0
20,MAG,Haas F1 Team,55,20.576,1025.54,257.0,11827,6,99,0,0,-87.0,197.2,13.0
20,MAG,Haas F1 Team,55,20.736,1037.05,259.0,10847,7,99,0,0,-90.5,209.6,13.0
20,MAG,Haas F1 Team,55,20.742,1037.48,259.0,10834,7,99,0,0,-90.6,210.1,13.0
20,MAG,Haas F1 Team,55,20.936,1051.49,260.0,10427,7,99,0,0,-92.9,224.0,13.0
20,MAG,Haas F1 Team,55,21.042,1059.19,260.7,10465,7,99,0,0,-93.6,231.3,13.0
20,MAG,Haas F1 Team,55,21.202,1070.85,261.7,10523,7,99,0,0,-94.2,243.0,12.9
20,MAG,Haas F1 Team,55,21.256,1074.78,262.0,10542,7,99,0,0,-94.3,247.9,12.9
20,MAG,Haas F1 Team,55,21.416,1086.43,262.0,10545,7,99,0,0,-94.2,264.1,12.9
20,MAG,Haas F1 Team,55,21.462,1089.78,262.3,10554,7,99,0,0,-94.2,267.9,12.9
20,MAG,Haas F1 Team,55,21.576,1098.11,263.0,10575,7,99,0,0,-94.1,274.8,12.9
20,MAG,Haas F1 Team,55,21.742,1110.24,261.4,10564,7,99,0,0,-93.8,282.5,13.0
20,MAG,Haas F1 Team,55,21.896,1121.23,260.0,10553,7,99,1,0,-93.4,292.7,13.1
20,MAG,Haas F1 Team,55,21.982,1127.15,253.8,10181,7,75,1,0,-93.1,299.9,13.1
20,MAG,Haas F1 Team,55,22.222,1142.62,236.5,9143,7,9,1,0,-91.6,323.4,13.3
20,MAG,Haas F1 Team,55,22.256,1144.62,234.0,8996,7,0,1,0,-91.4,326.2,13.3
20,MAG,Haas F1 Team,55,22.576,1161.34,188.0,9455,7,0,1,0,-91.2,342.2,13.7
20,MAG,Haas F1 Team,55,22.682,1166.44,181.2,9574,7,0,1,0,-91.4,346.0,13.8
20,MAG,Haas F1 Team,55,22.856,1174.56,170.0,9769,5,0,1,0,-91.9,351.7,13.9
20,MAG,Haas F1 Team,55,23.002,1181.17,164.8,9371,5,0,1,0,-92.6,356.7,13.9
20,MAG,Haas F1 Team,55,23.136,1187.0,160.0,9005,4,0,1,0,-93.5,361.8,14.0
20,MAG,Haas F1 Team,55,23.282,1193.04,152.3,8457,4,0,1,0,-94.9,367.6,14.1
20,MAG,Haas F1 Team,55,23.496,1201.1,141.0,7654,4,0,1,0,-97.6,375.3,14.2
20,MAG,Haas F1 Team,55,23.502,1201.31,140.6,7642,4,0,1,0,-97.7,375.5,14.2
20,MAG,Haas F1 Team,55,23.662,1206.54,129.0,7329,4,0,1,0,-100.0,380.4,14.3
20,MAG,Haas F1 Team,55,23.821,1211.29,117.4,7017,4,0,1,0,-102.7,384.6,14.4
20,MAG,Haas F1 Team,55,23.896,1213.55,112.0,6870,4,0,1,0,-104.0,386.4,14.5
20,MAG,Haas F1 Team,55,24.021,1217.34,110.4,6811,4,0,1,0,-106.6,389.2,14.7
20,MAG,Haas F1 Team,55,24.136,1220.81,109.0,6756,4,0,0,0,-110.3,392.0,14.8
20,MAG,Haas F1 Team,55,24.336,1226.7,106.0,6750,4,1,0,0,-117.6,396.3,14.9
20,MAG,Haas F1 Team,55,24.361,1227.43,105.8,6720,4,2,0,0,-118.3,396.6,14.9
20,MAG,Haas F1 Team,55,24.536,1232.48,104.0,6508,4,7,0,0,-121.3,397.8,15.0
20,MAG,Haas F1 Team,55,24.701,1237.14,102.9,6518,4,14,0,0,-123.8,398.0,15.0
20,MAG,Haas F1 Team,55,24.961,1244.4,101.1,6534,4,25,0,0,-131.3,398.4,15.1
20,MAG,Haas F1 Team,55,24.976,1244.82,101.0,6535,4,26,0,0,-131.7,398.4,15.1
20,MAG,Haas F1 Team,55,25.121,1248.97,102.5,6663,4,34,0,0,-136.0,398.2,15.2
20,MAG,Haas F1 Team,55,25.257,1252.94,104.0,6784,4,41,0,0,-140.1,397.9,15.3
20,MAG,Haas F1 Team,55,25.321,1254.85,105.6,6857,4,45,0,0,-142.0,397.7,15.3
20,MAG,Haas F1 Team,55,25.501,1260.41,110.1,7061,4,55,0,0,-147.5,397.3,15.4
20,MAG,Haas F1 Team,55,25.536,1261.55,111.0,7101,4,57,0,0,-148.6,397.2,15.4
20,MAG,Haas F1 Team,55,25.721,1267.86,118.7,7605,4,66,0,0,-154.5,397.0,15.5
20,MAG,Haas F1 Team,55,25.881,1273.6,125.4,8041,4,74,0,0,-159.8,397.1,15.6
20,MAG,Haas F1 Team,55,25.896,1274.15,126.0,8082,4,75,0,0,-160.3,397.1,15.6
20,MAG,Haas F1 Team,55,26.081,1280.97,132.5,8421,4,70,0,0,-166.7,397.9,15.8
20,MAG,Haas F1 Team,55,26.096,1281.53,133.0,8449,4,70,0,0,-167.2,398.0,15.8
20,MAG,Haas F1 Team,55,26.342,1291.04,138.4,8954,4,62,0,0,-176.5,400.7,15.9
20,MAG,Haas F1 Team,55,26.416,1293.98,140.0,9106,4,60,0,0,-180.3,402.8,15.9
20,MAG,Haas F1 Team,55,26.622,1302.34,144.6,9211,4,60,0,0,-190.6,409.5,16.1
20,MAG,Haas F1 Team,55,26.776,1308.78,148.0,9289,4,60,0,0,-192.4,410.9,16.2
20,MAG,Haas F1 Team,55,26.842,1311.59,149.5,9405,4,62,0,0,-193.1,411.6,16.2
20,MAG,Haas F1 Team,55,27.122,1323.83,155.8,9897,4,71,0,0,-200.7,419.6,16.3
20,MAG,Haas F1 Team,55,27.176,1326.22,157.0,9992,4,73,0,0,-202.2,421.4,16.3
20,MAG,Haas F1 Team,55,27.322,1332.74,160.0,10381,4,76,0,0,-206.0,426.5,16.4
20,MAG,Haas F1 Team,55,27.416,1337.02,162.0,10632,4,78,0,0,-208.4,430.0,16.4
20,MAG,Haas F1 Team,55,27.522,1341.96,165.3,10871,4,85,0,0,-210.9,434.1,16.4
20,MAG,Haas F1 Team,55,27.702,1350.63,170.9,11276,4,97,0,0,-214.8,441.6,16.3
20,MAG,Haas F1 Team,55,27.736,1352.31,172.0,11353,4,99,0,0,-215.5,443.1,16.3
20,MAG,Haas F1 Team,55,27.942,1362.79,179.7,11630,4,99,0,0,-219.2,452.4,16.5
20,MAG,Haas F1 Team,55,28.056,1368.67,184.0,11784,4,99,0,0,-221.0,458.0,16.5
20,MAG,Haas F1 Team,55,28.242,1378.31,186.8,10887,4,99,0,0,-223.6,467.2,16.5
20,MAG,Haas F1 Team,55,28.256,1379.06,187.0,10820,4,99,0,0,-223.8,467.9,16.5
20,MAG,Haas F1 Team,55,28.422,1388.25,196.0,10784,4,99,0,0,-225.7,476.7,16.6
20,MAG,Haas F1 Team,55,28.496,1392.39,200.0,10768,5,99,0,0,-226.8,483.0,16.6
20,MAG,Haas F1 Team,55,28.622,1399.37,200.0,10896,5,99,0,0,-228.7,494.3,16.5
20,MAG,Haas F1 Team,55,28.656,1401.28,200.0,10931,5,99,0,0,-229.0,496.4,16.5
20,MAG,Haas F1 Team,55,28.816,1410.48,207.0,11225,5,99,0,0,-229.6,500.6,16.5
20,MAG,Haas F1 Team,55,29.016,1422.42,215.0,11547,5,99,0,0,-230.1,504.8,16.5
20,MAG,Haas F1 Team,55,29.022,1422.78,215.0,11547,5,99,0,0,-230.1,505.1,16.5
20,MAG,Haas F1 Team,55,29.122,1428.74,215.0,11547,5,99,0,0,-230.9,511.1,16.5
20,MAG,Haas F1 Team,55,29.176,1431.98,215.0,11547,5,99,0,0,-231.3,514.2,16.5
20,MAG,Haas F1 Team,55,29.336,1441.76,220.0,11927,5,99,0,0,-232.2,521.7,16.4
20,MAG,Haas F1 Team,55,29.502,1452.32,225.7,11212,5,99,0,0,-233.6,534.2,16.5
20,MAG,Haas F1 Team,55,29.656,1462.29,231.0,10549,5,99,0,0,-235.4,551.5,16.7
20,MAG,Haas F1 Team,55,29.662,1462.68,231.1,10557,5,99,0,0,-235.5,552.0,16.7
20,MAG,Haas F1 Team,55,29.856,1475.23,233.0,10829,6,99,0,0,-236.3,560.7,16.7
20,MAG,Haas F1 Team,55,29.982,1483.54,235.8,10930,6,99,0,0,-236.7,565.0,16.6
20,MAG,Haas F1 Team,55,30.216,1499.33,241.0,11119,6,99,0,0,-238.3,582.1,16.6
20,MAG,Haas F1 Team,55,30.322,1506.64,244.4,11247,6,99,0,0,-239.1,591.7,16.5
20,MAG,Haas F1 Team,55,30.496,1518.78,250.0,11456,6,99,0,0,-240.4,608.0,16.3
20,MAG,Haas F1 Team,55,30.696,1532.83,253.0,11684,6,99,0,0,-241.5,623.4,16.1
20,MAG,Haas F1 Team,55,30.701,1533.19,253.1,11686,6,99,0,0,-241.5,623.7,16.1
20,MAG,Haas F1 Team,55,30.896,1547.06,256.0,11779,6,99,0,0,-241.9,630.3,16.1
20,MAG,Haas F1 Team,55,30.981,1553.16,257.4,11821,6,99,0,0,-242.1,633.7,16.1
20,MAG,Haas F1 Team,55,31.136,1564.39,260.0,11898,6,99,0,0,-242.7,643.7,16.1
20,MAG,Haas F1 Team,55,31.301,1576.56,263.0,11415,6,99,0,0,-243.4,656.7,16.1
20,MAG,Haas F1 Team,55,31.481,1590.02,266.3,10887,6,99,0,0,-244.0,669.9,16.2
20,MAG,Haas F1 Team,55,31.576,1597.15,268.0,10609,7,99,0,0,-244.3,676.9,16.3
20,MAG,Haas F1 Team,55,31.641,1602.03,268.6,10681,7,99,0,0,-244.4,681.7,16.3
20,MAG,Haas F1 Team,55,31.897,1621.31,271.0,10965,7,99,0,0,-244.8,700.9,16.3
20,MAG,Haas F1 Team,55,31.901,1621.61,271.0,10964,7,99,0,0,-244.8,701.2,16.3
20,MAG,Haas F1 Team,55,32.021,1630.7,272.2,10939,7,99,0,0,-244.9,710.2,16.3
20,MAG,Haas F1 Team,55,32.097,1636.48,273.0,10923,7,99,0,0,-244.9,716.1,16.3
20,MAG,Haas F1 Team,55,32.281,1650.58,275.8,11033,7,99,0,0,-244.8,730.0,16.4
20,MAG,Haas F1 Team,55,32.296,1651.73,276.0,11042,7,99,0,0,-244.8,731.0,16.4
20,MAG,Haas F1 Team,55,32.521,1669.1,277.9,11155,7,99,0,0,-244.2,748.4,16.3
20,MAG,Haas F1 Team,55,32.536,1670.27,278.0,11163,7,99,0,0,-244.1,750.2,16.3
20,MAG,Haas F1 Team,55,32.721,1684.7,280.3,11222,7,99,0,0,-242.8,776.3,16.3
20,MAG,Haas F1 Team,55,32.776,1689.0,281.0,11239,7,99,0,0,-242.5,782.0,16.3
20,MAG,Haas F1 Team,55,32.936,1701.53,282.0,11288,7,99,0,0,-242.0,790.5,16.4
20,MAG,Haas F1 Team,55,33.176,1720.47,284.0,11397,7,99,0,0,-240.9,800.5,16.5
20,MAG,Haas F1 Team,55,33.202,1722.52,284.1,11397,7,99,0,0,-240.7,802.9,16.5
20,MAG,Haas F1 Team,55,33.382,1736.77,284.5,11398,7,99,0,0,-238.6,823.3,16.4
20,MAG,Haas F1 Team,55,33.576,1752.13,285.0,11399,7,99,0,0,-237.5,833.1,16.4
20,MAG,Haas F1 Team,55,33.662,1758.94,285.0,11414,7,99,0,0,-236.9,837.5,16.4
20,MAG,Haas F1 Team,55,33.842,1773.19,285.0,11446,7,99,0,0,-234.9,851.7,16.4
20,MAG,Haas F1 Team,55,33.856,1774.3,285.0,11448,7,99,0,0,-234.7,852.8,16.4
20,MAG,Haas F1 Team,55,34.136,1796.54,286.0,11473,7,99,0,0,-231.8,872.4,16.3
20,MAG,Haas F1 Team,55,34.222,1803.37,286.0,11469,7,99,0,0,-230.2,881.5,16.3
20,MAG,Haas F1 Team,55,34.402,1817.62,286.0,11461,7,99,0,0,-225.6,904.9,16.4
20,MAG,Haas F1 Team,55,34.616,1834.68,286.0,11451,7,99,0,0,-223.0,917.2,16.5
20,MAG,Haas F1 Team,55,34.762,1846.42,286.5,11441,7,99,0,0,-221.5,923.6,16.5
20,MAG,Haas F1 Team,55,34.936,1860.19,287.0,11430,7,99,0,0,-218.4,936.9,16.4
20,MAG,Haas F1 Team,55,35.002,1865.23,282.1,11317,7,76,0,0,-217.1,942.2,16.4
20,MAG,Haas F1 Team,55,35.102,1872.67,274.6,11146,7,40,0,0,-215.2,949.9,16.5
20,MAG,Haas F1 Team,55,35.216,1880.88,266.0,10951,7,0,1,0,-213.1,958.4,16.5
20,MAG,Haas F1 Team,55,35.442,1896.19,244.3,9606,7,0,1,0,-209.4,974.0,16.4
20,MAG,Haas F1 Team,55,35.456,1897.08,243.0,9523,7,0,1,0,-209.2,974.8,16.4
20,MAG,Haas F1 Team,55,35.642,1908.03,216.7,9409,7,0,1,0,-206.6,986.3,16.4
20,MAG,Haas F1 Team,55,35.696,1911.01,209.0,9376,7,0,1,0,-205.6,990.8,16.4
20,MAG,Haas F1 Team,55,35.862,1919.74,196.1,9559,7,0,1,0,-202.5,1005.0,16.4
20,MAG,Haas F1 Team,55,36.056,1929.11,181.0,9772,6,0,1,0,-201.2,1010.4,16.5
20,MAG,Haas F1 Team,55,36.122,1932.1,176.2,9663,6,0,1,0,-200.8,1011.9,16.5
20,MAG,Haas F1 Team,55,36.462,1946.03,151.5,9098,6,0,1,0,-196.8,1026.7,16.5
20,MAG,Haas F1 Team,55,36.496,1947.32,149.0,9042,4,0,1,0,-196.3,1028.3,16.5
20,MAG,Haas F1 Team,55,36.702,1954.85,138.7,8470,4,0,1,0,-193.2,1036.7,16.4
20,MAG,Haas F1 Team,55,36.896,1961.65,129.0,7931,4,0,1,0,-190.9,1041.8,16.5
20,MAG,Haas F1 Team,55,36.942,1963.26,128.3,7893,4,0,1,0,-190.1,1043.0,16.5
20,MAG,Haas F1 Team,55,37.176,1971.38,125.0,7701,4,0,0,0,-183.8,1050.1,16.5
20,MAG,Haas F1 Team,55,37.281,1974.99,124.0,7607,4,0,0,0,-180.9,1052.7,16.5
20,MAG,Haas F1 Team,55,37.376,1978.21,123.0,7522,4,0,0,0,-178.5,1054.3,16.5
20,MAG,Haas F1 Team,55,37.701,1988.69,116.7,7365,4,16,0,0,-170.3,1056.7,16.5
20,MAG,Haas F1 Team,55,37.736,1989.81,116.0,7348,4,18,0,0,-169.1,1057.0,16.5
20,MAG,Haas F1 Team,55,37.941,1996.38,117.0,7687,4,38,0,0,-160.9,1058.9,16.4
20,MAG,Haas F1 Team,55,38.136,2002.92,118.0,8009,4,57,0,0,-154.0,1061.1,16.3
20,MAG,Haas F1 Team,55,38.321,2009.6,125.4,8366,4,60,0,0,-148.4,1063.5,16.3
20,MAG,Haas F1 Team,55,38.537,2017.85,134.0,8782,4,64,0,0,-143.0,1066.4,16.3
20,MAG,Haas F1 Team,55,38.761,2026.75,139.1,8960,4,60,0,0,-137.7,1070.0,16.2
20,MAG,Haas F1 Team,55,38.976,2035.41,144.0,9130,4,57,0,0,-132.2,1074.3,16.1
20,MAG,Haas F1 Team,55,39.061,2038.8,144.0,9160,4,60,0,0,-129.9,1076.4,16.1
20,MAG,Haas F1 Team,55,39.136,2041.81,144.0,9187,4,62,0,0,-127.9,1078.4,16.1
20,MAG,Haas F1 Team,55,39.301,2048.53,146.6,9463,4,72,0,0,-123.3,1083.5,16.0
20,MAG,Haas F1 Team,55,39.456,2055.05,149.0,9723,4,82,0,0,-118.9,1089.5,15.9
20,MAG,Haas F1 Team,55,39.582,2060.56,154.8,9808,4,84,0,0,-115.6,1094.7,15.9
20,MAG,Haas F1 Team,55,39.696,2065.72,160.0,9884,4,86,0,0,-112.9,1099.4,15.9
20,MAG,Haas F1 Team,55,39.896,2075.22,171.0,11108,4,99,0,0,-108.9,1108.1,15.8
20,MAG,Haas F1 Team,55,40.002,2080.53,175.1,11132,4,99,0,0,-106.8,1113.4,15.8
20,MAG,Haas F1 Team,55,40.336,2098.2,188.0,11209,4,99,0,0,-100.4,1133.1,15.9
20,MAG,Haas F1 Team,55,40.422,2102.81,190.5,11008,4,99,0,0,-99.2,1137.0,15.9
20,MAG,Haas F1 Team,55,40.576,2111.2,195.0,10649,4,99,0,0,-97.8,1141.9,15.9
20,MAG,Haas F1 Team,55,40.802,2123.99,203.5,10961,4,99,0,0,-95.5,1151.0,15.9
20,MAG,Haas F1 Team,55,40.816,2124.8,204.0,10980,5,99,0,0,-95.3,1152.0,15.9
20,MAG,Haas F1 Team,55,41.002,2135.69,210.5,11275,5,99,0,0,-91.4,1167.9,15.9
20,MAG,Haas F1 Team,55,41.016,2136.52,211.0,11297,5,99,0,0,-91.1,1168.9,15.9
20,MAG,Haas F1 Team,55,41.176,2146.03,214.0,11443,5,99,0,0,-89.0,1177.6,15.9
20,MAG,Haas F1 Team,55,41.376,2158.36,222.0,11729,5,99,0,0,-87.3,1184.6,15.9
20,MAG,Haas F1 Team,55,41.442,2162.52,223.3,11571,5,99,0,0,-86.5,1187.8,15.9
20,MAG,Haas F1 Team,55,41.662,2176.6,227.8,11045,5,99,0,0,-83.4,1201.1,15.9
20,MAG,Haas F1 Team,55,41.816,2186.6,231.0,10676,6,99,0,0,-81.2,1210.6,15.8
20,MAG,Haas F1 Team,55,41.822,2186.99,231.1,10675,6,99,0,0,-81.1,1211.0,15.8
20,MAG,Haas F1 Team,55,41.982,2197.47,235.1,10644,6,99,0,0,-78.7,1222.5,15.8
20,MAG,Haas F1 Team,55,42.016,2199.71,236.0,10637,6,99,0,0,-78.2,1224.8,15.8
20,MAG,Haas F1 Team,55,42.222,2213.39,238.9,10988,6,99,0,0,-75.7,1238.0,15.9
20,MAG,Haas F1 Team,55,42.296,2218.37,240.0,11114,6,99,0,0,-74.9,1242.7,15.9
20,MAG,Haas F1 Team,55,42.322,2220.14,240.6,11135,6,99,0,0,-74.6,1244.6,15.9
20,MAG,Haas F1 Team,55,42.642,2242.2,247.7,11389,6,99,0,0,-69.3,1275.6,15.8
20,MAG,Haas F1 Team,55,42.656,2243.17,248.0,11400,6,99,0,0,-69.1,1276.6,15.8
20,MAG,Haas F1 Team,55,42.856,2257.12,251.0,11540,6,99,0,0,-67.7,1285.5,15.9
20,MAG,Haas F1 Team,55,43.042,2270.26,254.1,11656,6,99,0,0,-66.5,1293.6,15.9
20,MAG,Haas F1 Team,55,43.096,2274.12,255.0,11690,6,99,0,0,-66.0,1297.3,15.9
20,MAG,Haas F1 Team,55,43.322,2290.52,259.9,11821,6,99,0,0,-63.2,1316.1,15.8
20,MAG,Haas F1 Team,55,43.416,2297.41,262.0,11876,6,99,0,0,-62.3,1322.6,15.8
20,MAG,Haas F1 Team,55,43.641,2314.01,264.8,10982,6,99,0,0,-60.6,1336.4,15.9
20,MAG,Haas F1 Team,55,43.736,2321.05,266.0,10605,7,99,0,0,-59.8,1343.1,15.9
20,MAG,Haas F1 Team,55,43.841,2328.85,266.9,10658,7,99,0,0,-59.0,1351.0,15.9
20,MAG,Haas F1 Team,55,43.976,2338.92,268.0,10726,7,99,0,0,-58.1,1361.2,15.9
20,MAG,Haas F1 Team,55,44.061,2345.28,268.7,10787,7,99,0,0,-57.6,1367.4,15.9
20,MAG,Haas F1 Team,55,44.281,2361.84,270.5,10945,7,99,0,0,-56.6,1383.9,15.9
20,MAG,Haas F1 Team,55,44.336,2366.02,271.0,10985,7,99,0,0,-56.3,1390.0,15.9
20,MAG,Haas F1 Team,55,44.496,2378.24,275.0,11047,7,99,0,0,-55.6,1410.4,15.9
20,MAG,Haas F1 Team,55,44.541,2381.7,275.4,11070,7,99,0,0,-55.5,1414.4,15.9
20,MAG,Haas F1 Team,55,44.801,2401.83,278.0,11204,7,99,0,0,-55.4,1423.7,15.9
20,MAG,Haas F1 Team,55,44.896,2409.24,279.0,11253,7,99,0,0,-55.3,1430.5,15.8
20,MAG,Haas F1 Team,55,44.981,2415.9,279.8,11279,7,99,0,0,-55.2,1437.7,15.8
20,MAG,Haas F1 Team,55,45.201,2433.22,282.0,11347,7,99,0,0,-55.2,1454.8,15.8
20,MAG,Haas F1 Team,55,45.297,2440.76,283.0,11376,7,99,0,0,-55.3,1462.0,15.8
20,MAG,Haas F1 Team,55,45.421,2450.49,282.4,11347,7,99,0,0,-55.6,1471.9,15.8
20,MAG,Haas F1 Team,55,45.497,2456.43,282.0,11330,7,99,0,0,-56.0,1479.0,15.8
20,MAG,Haas F1 Team,55,45.721,2473.91,281.1,11348,7,99,0,0,-57.8,1501.3,15.7
20,MAG,Haas F1 Team,55,45.736,2475.09,281.0,11349,7,99,0,0,-57.9,1502.6,15.7
20,MAG,Haas F1 Team,55,45.976,2493.95,283.0,11290,7,99,0,0,-60.3,1518.8,15.7
20,MAG,Haas F1 Team,55,46.162,2508.6,283.0,11289,7,99,0,0,-62.8,1530.8,15.7
20,MAG,Haas F1 Team,55,46.256,2515.96,283.0,11289,7,99,0,0,-64.3,1537.9,15.7
20,MAG,Haas F1 Team,55,46.362,2524.21,281.7,11269,7,99,0,0,-66.2,1546.2,15.7
20,MAG,Haas F1 Team,55,46.496,2534.63,280.0,11243,7,99,0,0,-68.5,1556.2,15.7
20,MAG,Haas F1 Team,55,46.562,2539.81,280.0,11166,7,99,0,0,-69.7,1561.5,15.7
20,MAG,Haas F1 Team,55,46.656,2547.08,280.0,11057,7,99,1,0,-71.6,1569.8,15.7
20,MAG,Haas F1 Team,55,46.782,2556.16,268.5,10524,7,64,1,0,-74.2,1580.8,15.7
20,MAG,Haas F1 Team,55,47.016,2571.78,247.0,9534,7,0,1,0,-77.3,1594.0,15.7
20,MAG,Haas F1 Team,55,47.202,2583.86,234.0,9459,7,0,1,0,-79.6,1604.3,15.7
20,MAG,Haas F1 Team,55,47.216,2584.72,233.0,9453,7,0,1,0,-79.8,1605.3,15.7
20,MAG,Haas F1 Team,55,47.402,2595.35,210.3,9440,7,0,1,0,-82.8,1618.9,15.7
20,MAG,Haas F1 Team,55,47.536,2601.96,194.0,9430,7,0,1,0,-84.2,1625.7,15.7
20,MAG,Haas F1 Team,55,47.776,2611.83,148.0,10667,7,0,1,0,-85.7,1633.7,15.6
20,MAG,Haas F1 Team,55,47.782,2612.07,147.7,10667,7,0,1,0,-85.7,1633.9,15.6
20,MAG,Haas F1 Team,55,47.976,2619.55,139.0,10654,5,0,1,0,-87.0,1641.6,15.6
20,MAG,Haas F1 Team,55,47.982,2619.77,138.5,10635,5,0,1,0,-87.0,1641.8,15.6
20,MAG,Haas F1 Team,55,48.202,2626.75,119.9,9931,5,0,1,0,-87.9,1649.7,15.6
20,MAG,Haas F1 Team,55,48.296,2629.51,112.0,9630,2,0,1,0,-88.0,1652.7,15.6
20,MAG,Haas F1 Team,55,48.342,2630.84,110.1,9453,2,0,1,0,-88.0,1654.1,15.6
20,MAG,Haas F1 Team,55,48.522,2635.93,102.6,8759,2,0,1,0,-87.7,1659.2,15.6
20,MAG,Haas F1 Team,55,48.536,2636.31,102.0,8705,2,0,1,0,-87.6,1659.6,15.6
20,MAG,Haas F1 Team,55,48.762,2642.02,92.3,8130,2,0,1,0,-86.1,1665.2,15.5
20,MAG,Haas F1 Team,55,48.816,2643.31,90.0,7993,2,0,1,0,-85.5,1666.4,15.5
20,MAG,Haas F1 Team,55,48.962,2646.7,84.9,7405,2,0,1,0,-83.7,1669.2,15.6
20,MAG,Haas F1 Team,55,49.016,2647.92,83.0,7187,2,0,1,0,-83.0,1670.1,15.6
20,MAG,Haas F1 Team,55,49.182,2651.52,79.4,6656,2,0,1,0,-80.2,1672.5,15.5
20,MAG,Haas F1 Team,55,49.296,2653.91,77.0,6292,2,0,1,0,-77.3,1674.1,15.5
20,MAG,Haas F1 Team,55,49.462,2657.28,74.4,6117,2,0,1,0,-72.4,1675.8,15.5
20,MAG,Haas F1 Team,55,49.616,2660.31,72.0,5955,2,0,1,0,-68.7,1676.2,15.5
20,MAG,Haas F1 Team,55,49.816,2664.14,69.0,5704,2,0,0,0,-65.0,1675.5,15.5
20,MAG,Haas F1 Team,55,49.862,2665.02,68.8,5646,2,0,0,0,-64.4,1675.4,15.5
20,MAG,Haas F1 Team,55,50.016,2667.92,68.0,5452,2,0,0,0,-62.9,1674.9,15.5
20,MAG,Haas F1 Team,55,50.181,2670.84,65.4,5537,2,10,0,0,-61.4,1674.1,15.5
20,MAG,Haas F1 Team,55,50.336,2673.52,63.0,5616,2,20,0,0,-59.2,1672.6,15.5
20,MAG,Haas F1 Team,55,50.441,2675.37,63.7,5770,2,22,0,0,-57.7,1671.3,15.5
20,MAG,Haas F1 Team,55,50.496,2676.36,64.0,5850,2,23,0,0,-57.0,1670.6,15.5
20,MAG,Haas F1 Team,55,50.641,2679.04,66.1,6100,2,27,0,0,-55.3,1668.5,15.5
20,MAG,Haas F1 Team,55,50.776,2681.65,68.0,6333,2,31,0,0,-53.8,1666.4,15.5
20,MAG,Haas F1 Team,55,50.901,2684.2,70.8,6555,2,34,0,0,-52.5,1664.3,15.5
20,MAG,Haas F1 Team,55,51.136,2689.25,76.0,6973,2,40,0,0,-50.4,1660.1,15.5
20,MAG,Haas F1 Team,55,51.141,2689.36,76.1,6976,2,40,0,0,-50.3,1660.0,15.5
20,MAG,Haas F1 Team,55,51.321,2693.38,79.9,7094,2,42,0,0,-48.8,1656.4,15.5
20,MAG,Haas F1 Team,55,51.376,2694.65,81.0,7130,2,42,0,0,-48.9,1656.8,15.5
20,MAG,Haas F1 Team,55,51.481,2697.15,83.6,7652,2,46,0,0,-49.4,1658.0,15.6
20,MAG,Haas F1 Team,55,51.657,2701.52,88.0,8528,2,52,0,0,-47.2,1651.7,15.5
20,MAG,Haas F1 Team,55,51.741,2703.66,90.5,8745,2,54,0,0,-46.1,1648.4,15.5
20,MAG,Haas F1 Team,55,51.857,2706.74,94.0,9044,2,56,0,0,-45.3,1646.1,15.5
20,MAG,Haas F1 Team,55,52.041,2712.19,103.9,9702,2,64,0,0,-44.9,1644.2,15.5
20,MAG,Haas F1 Team,55,52.137,2715.22,109.0,10045,2,68,0,0,-44.3,1641.8,15.5
20,MAG,Haas F1 Team,55,52.281,2719.93,117.1,10171,2,68,0,0,-43.3,1637.0,15.5
20,MAG,Haas F1 Team,55,52.297,2720.47,118.0,10185,2,68,0,0,-43.2,1636.5,15.5
20,MAG,Haas F1 Team,55,52.421,2724.73,122.2,10062,2,74,0,0,-42.5,1632.5,15.5
20,MAG,Haas F1 Team,55,52.536,2728.83,126.0,9947,3,80,0,0,-42.0,1629.0,15.5
20,MAG,Haas F1 Team,55,52.736,2736.33,135.0,10684,3,99,0,0,-41.2,1622.0,15.5
20,MAG,Haas F1 Team,55,52.782,2738.13,136.8,10835,3,99,0,0,-41.0,1619.8,15.5
20,MAG,Haas F1 Team,55,53.002,2747.1,145.4,11560,3,99,0,0,-40.0,1607.8,15.5
20,MAG,Haas F1 Team,55,53.016,2747.69,146.0,11606,3,99,0,0,-40.0,1607.2,15.5
20,MAG,Haas F1 Team,55,53.222,2756.6,155.4,11471,3,99,0,0,-39.5,1601.7,15.5
20,MAG,Haas F1 Team,55,53.256,2758.15,157.0,11449,3,99,0,0,-39.4,1600.5,15.5
20,MAG,Haas F1 Team,55,53.442,2767.08,167.5,11341,3,99,0,0,-38.6,1591.7,15.5
20,MAG,Haas F1 Team,55,53.576,2773.71,175.0,11264,4,99,0,0,-37.8,1585.3,15.5
20,MAG,Haas F1 Team,55,53.622,2775.98,176.1,11440,4,99,0,0,-37.5,1583.1,15.5
20,MAG,Haas F1 Team,55,53.736,2781.66,179.0,11875,4,99,0,0,-36.6,1577.5,15.5
20,MAG,Haas F1 Team,55,53.842,2787.16,183.5,11504,4,99,0,0,-35.5,1572.2,15.5
20,MAG,Haas F1 Team,55,54.016,2796.52,191.0,10895,4,99,0,0,-33.3,1563.2,15.4
20,MAG,Haas F1 Team,55,54.062,2799.02,192.6,10850,4,99,0,0,-32.7,1560.9,15.4
20,MAG,Haas F1 Team,55,54.216,2807.52,198.0,10701,5,99,0,0,-30.3,1553.1,15.2
20,MAG,Haas F1 Team,55,54.242,2808.98,198.9,10801,5,99,0,0,-29.7,1551.4,15.2
20,MAG,Haas F1 Team,55,54.416,2818.91,205.0,11472,5,99,0,0,-24.1,1536.5,15.0
20,MAG,Haas F1 Team,55,54.502,2823.93,208.2,11345,5,99,0,0,-21.5,1529.7,14.9
20,MAG,Haas F1 Team,55,54.576,2828.29,211.0,11236,5,99,0,0,-19.7,1525.1,14.8
20,MAG,Haas F1 Team,55,54.736,2837.75,213.0,11638,5,99,0,0,-17.3,1519.4,14.8
20,MAG,Haas F1 Team,55,54.936,2849.98,220.0,11358,5,99,0,0,-14.5,1512.9,14.7
20,MAG,Haas F1 Team,55,54.962,2851.59,220.6,11320,5,99,0,0,-14.0,1511.7,14.7
20,MAG,Haas F1 Team,55,55.122,2861.69,224.2,11087,5,99,0,0,-10.1,1502.5,14.6
20,MAG,Haas F1 Team,55,55.376,2878.09,230.0,10717,6,99,0,0,-2.3,1484.1,14.6
20,MAG,Haas F1 Team,55,55.422,2881.09,231.7,10781,6,99,0,0,-1.1,1481.2,14.6
20,MAG,Haas F1 Team,55,55.536,2888.58,236.0,10938,6,99,0,0,1.4,1475.3,14.6
20,MAG,Haas F1 Team,55,55.702,2899.64,239.3,11091,6,99,0,0,4.6,1467.7,14.6
20,MAG,Haas F1 Team,55,55.736,2901.91,240.0,11122,6,99,0,0,5.4,1465.8,14.6
20,MAG,Haas F1 Team,55,55.936,2915.24,240.0,11318,6,99,0,0,10.7,1453.3,14.6
20,MAG,Haas F1 Team,55,55.942,2915.65,240.3,11323,6,99,0,0,10.9,1452.9,14.6
20,MAG,Haas F1 Team,55,56.122,2928.25,249.3,11481,6,99,0,0,15.9,1441.5,14.6
20,MAG,Haas F1 Team,55,56.176,2932.04,252.0,11528,6,99,0,0,17.4,1438.1,14.6
20,MAG,Haas F1 Team,55,56.302,2940.85,252.0,11605,6,99,0,0,20.9,1430.0,14.6
20,MAG,Haas F1 Team,55,56.336,2943.24,252.0,11626,6,99,0,0,21.9,1427.8,14.6
20,MAG,Haas F1 Team,55,56.536,2957.46,256.0,11794,6,99,0,0,27.5,1414.8,14.6
20,MAG,Haas F1 Team,55,56.542,2957.9,256.1,11783,6,99,0,0,27.7,1414.4,14.6
20,MAG,Haas F1 Team,55,56.702,2969.49,260.1,11503,6,99,0,0,32.3,1403.9,14.5
20,MAG,Haas F1 Team,55,56.736,2971.96,261.0,11443,6,99,0,0,33.3,1401.6,14.5
20,MAG,Haas F1 Team,55,57.016,2992.5,264.0,10816,7,99,0,0,41.5,1382.7,14.5
20,MAG,Haas F1 Team,55,57.041,2994.35,264.4,10823,7,99,0,0,42.2,1381.1,14.5
20,MAG,Haas F1 Team,55,57.221,3007.78,267.7,10870,7,99,0,0,47.5,1368.9,14.4
20,MAG,Haas F1 Team,55,57.296,3013.42,269.0,10890,7,99,0,0,50.5,1361.8,14.3
20,MAG,Haas F1 Team,55,57.461,3025.9,271.7,11009,7,99,0,0,58.0,1343.9,14.2
20,MAG,Haas F1 Team,55,57.536,3031.62,273.0,11063,7,99,0,1,60.8,1337.1,14.1
20,MAG,Haas F1 Team,55,57.816,3053.24,278.0,11142,7,99,0,1,68.4,1318.7,13.8
20,MAG,Haas F1 Team,55,57.901,3059.9,279.5,11211,7,99,0,1,70.3,1314.1,13.7
20,MAG,Haas F1 Team,55,58.097,3075.33,283.0,11369,7,99,0,1,74.3,1304.2,13.5
20,MAG,Haas F1 Team,55,58.257,3087.91,283.0,11414,7,99,0,1,77.8,1295.4,13.4
20,MAG,Haas F1 Team,55,58.261,3088.22,283.0,11416,7,99,0,1,77.9,1295.2,13.4
20,MAG,Haas F1 Team,55,58.417,3100.58,285.0,11502,7,99,0,1,82.1,1284.6,13.3
20,MAG,Haas F1 Team,55,58.481,3105.7,286.4,11547,7,99,0,1,84.3,1278.9,13.2
20,MAG,Haas F1 Team,55,58.697,3123.21,291.0,11699,7,99,0,1,93.4,1254.3,13.1
20,MAG,Haas F1 Team,55,58.721,3125.16,291.2,11706,7,99,0,1,94.3,1251.7,13.1
20,MAG,Haas F1 Team,55,58.937,3142.74,293.0,11773,7,99,0,1,100.7,1232.9,13.1
20,MAG,Haas F1 Team,55,59.101,3156.13,293.8,11817,7,99,0,1,104.5,1220.7,13.1
20,MAG,Haas F1 Team,55,59.136,3158.99,294.0,11826,7,99,0,1,105.3,1218.0,13.1
20,MAG,Haas F1 Team,55,59.456,3185.39,297.0,10695,8,99,0,1,112.6,1193.8,13.0
20,MAG,Haas F1 Team,55,59.522,3190.9,298.3,10715,8,99,0,1,113.7,1189.9,13.0
20,MAG,Haas F1 Team,55,59.656,3202.12,301.0,10757,8,99,0,1,115.5,1183.7,13.0
20,MAG,Haas F1 Team,55,59.782,3212.68,301.8,10844,8,99,0,1,117.3,1177.0,13.0
20,MAG,Haas F1 Team,55,59.816,3215.54,302.0,10867,8,99,0,1,117.9,1174.6,13.0
20,MAG,Haas F1 Team,55,60.176,3246.24,307.0,10895,8,99,0,1,127.0,1139.8,13.0
20,MAG,Haas F1 Team,55,60.182,3246.75,307.1,10897,8,99,0,1,127.1,1139.3,13.0
20,MAG,Haas F1 Team,55,60.496,3273.79,310.0,11016,8,99,0,1,133.1,1115.0,12.9
20,MAG,Haas F1 Team,55,60.582,3281.2,310.0,11016,8,99,0,1,134.9,1107.7,12.9
20,MAG,Haas F1 Team,55,60.656,3287.57,310.0,11016,8,99,0,1,136.6,1100.7,12.9
20,MAG,Haas F1 Team,55,60.856,3304.79,310.0,11107,8,99,0,1,141.4,1079.9,12.9
20,MAG,Haas F1 Team,55,60.962,3313.99,311.3,11126,8,99,0,1,143.6,1070.7,12.9
20,MAG,Haas F1 Team,55,61.096,3325.66,313.0,11149,8,99,0,1,145.7,1061.9,12.9
20,MAG,Haas F1 Team,55,61.322,3345.43,314.4,11230,8,98,0,1,148.8,1048.6,12.8
20,MAG,Haas F1 Team,55,61.416,3353.66,315.0,11263,8,98,0,1,150.6,1040.8,12.8
20,MAG,Haas F1 Team,55,61.482,3359.43,315.0,11265,8,98,0,1,152.0,1034.9,12.8
20,MAG,Haas F1 Team,55,61.616,3371.16,315.0,11269,8,98,0,1,154.8,1023.2,12.8
20,MAG,Haas F1 Team,55,61.822,3389.3,316.5,11317,8,99,0,1,158.8,1005.9,12.7
20,MAG,Haas F1 Team,55,62.002,3405.25,317.9,11360,8,99,0,1,162.4,990.4,12.7
20,MAG,Haas F1 Team,55,62.016,3406.49,318.0,11363,8,99,0,1,162.8,988.8,12.7
20,MAG,Haas F1 Team,55,62.222,3424.85,320.2,11398,8,99,0,1,169.3,961.0,12.7
20,MAG,Haas F1 Team,55,62.296,3431.46,321.0,11410,8,99,0,1,171.2,953.0,12.7
20,MAG,Haas F1 Team,55,62.576,3456.51,322.0,11457,8,99,0,1,175.4,934.9,12.6
20,MAG,Haas F1 Team,55,62.662,3464.23,322.4,11473,8,99,0,1,176.6,929.6,12.6
20,MAG,Haas F1 Team,55,62.882,3484.04,323.3,11515,8,98,0,1,180.2,913.9,12.6
20,MAG,Haas F1 Team,55,63.056,3499.71,324.0,11548,8,98,0,1,184.0,897.6,12.6
20,MAG,Haas F1 Team,55,63.256,3517.71,324.0,11558,8,98,0,1,189.0,876.0,12.6
20,MAG,Haas F1 Team,55,63.262,3518.25,324.0,11559,8,98,0,1,189.2,875.3,12.6
20,MAG,Haas F1 Team,55,63.616,3550.31,326.0,11610,8,98,0,1,197.7,837.8,12.6
20,MAG,Haas F1 Team,55,63.681,3556.21,326.1,11613,8,98,0,1,198.8,832.8,12.6
20,MAG,Haas F1 Team,55,64.056,3590.27,327.0,11633,8,99,0,1,204.0,809.9,12.7
20,MAG,Haas F1 Team,55,64.081,3592.54,327.0,11632,8,99,0,1,204.7,806.9,12.7
20,MAG,Haas F1 Team,55,64.261,3608.89,327.0,11625,8,98,0,1,210.8,780.4,12.7
20,MAG,Haas F1 Team,55,64.296,3612.07,327.0,11624,8,98,0,1,211.7,776.5,12.7
20,MAG,Haas F1 Team,55,64.641,3643.41,327.0,11599,8,99,0,1,216.3,757.5,12.7
20,MAG,Haas F1 Team,55,64.697,3648.5,327.0,11595,8,99,0,1,217.7,751.6,12.7
20,MAG,Haas F1 Team,55,64.897,3666.66,327.0,11578,8,99,0,1,223.8,726.1,12.8
20,MAG,Haas F1 Team,55,64.901,3667.03,327.0,11577,8,99,0,1,223.9,725.7,12.8
20,MAG,Haas F1 Team,55,65.057,3681.2,327.0,11557,8,99,0,1,226.3,715.7,12.8
20,MAG,Haas F1 Team,55,65.201,3694.1,325.0,11425,8,99,0,1,228.1,708.1,12.8
20,MAG,Haas F1 Team,55,65.417,3713.4,322.0,11227,8,99,0,0,232.6,689.2,12.9
20,MAG,Haas F1 Team,55,65.461,3717.38,322.0,11088,8,81,0,0,233.5,685.3,12.9
20,MAG,Haas F1 Team,55,65.657,3734.86,322.0,10468,8,0,1,0,237.4,669.1,12.9
20,MAG,Haas F1 Team,55,65.681,3736.86,317.4,10373,8,0,1,0,237.9,666.8,12.9
20,MAG,Haas F1 Team,55,65.856,3750.56,284.0,9682,8,0,1,0,242.4,648.0,13.0
20,MAG,Haas F1 Team,55,65.922,3755.52,279.1,9603,8,0,1,0,243.9,641.7,13.0
20,MAG,Haas F1 Team,55,66.256,3778.78,254.0,9203,8,0,1,0,248.2,623.7,13.1
20,MAG,Haas F1 Team,55,66.322,3782.82,245.6,9333,8,0,1,0,248.9,620.6,13.1
20,MAG,Haas F1 Team,55,66.502,3792.82,222.7,9689,8,0,1,0,251.1,611.1,13.1
20,MAG,Haas F1 Team,55,66.722,3803.84,194.8,10124,8,0,1,0,253.9,599.0,13.1
20,MAG,Haas F1 Team,55,66.736,3804.52,193.0,10152,7,0,1,0,254.1,598.3,13.1
20,MAG,Haas F1 Team,55,66.902,3812.34,175.7,10256,7,0,1,0,256.0,589.8,13.2
20,MAG,Haas F1 Team,55,66.976,3815.72,168.0,10302,5,0,1,0,256.9,585.2,13.2
20,MAG,Haas F1 Team,55,67.122,3822.19,161.4,9836,5,0,1,0,258.7,576.2,13.2
20,MAG,Haas F1 Team,55,67.176,3824.55,159.0,9663,5,0,1,0,259.1,573.8,13.2
20,MAG,Haas F1 Team,55,67.336,3831.44,155.0,8995,4,0,1,0,259.8,569.4,13.2
20,MAG,Haas F1 Team,55,67.442,3835.69,149.9,8765,4,0,1,0,260.1,566.4,13.2
20,MAG,Haas F1 Team,55,67.642,3842.96,140.3,8332,4,0,1,0,260.5,558.8,13.2
20,MAG,Haas F1 Team,55,67.816,3849.04,132.0,7955,4,0,1,0,260.2,552.0,13.2
20,MAG,Haas F1 Team,55,68.002,3855.47,128.3,7793,4,0,1,0,258.7,544.9,13.1
20,MAG,Haas F1 Team,55,68.216,3862.82,124.0,7607,4,0,0,0,255.3,536.9,13.1
20,MAG,Haas F1 Team,55,68.362,3867.82,123.3,7654,4,0,0,0,252.9,532.5,13.1
20,MAG,Haas F1 Team,55,68.416,3869.65,123.0,7671,4,0,0,0,252.2,531.3,13.1
20,MAG,Haas F1 Team,55,68.576,3874.98,120.0,7506,4,15,0,0,250.5,528.7,13.0
20,MAG,Haas F1 Team,55,68.682,3878.49,120.0,7568,4,23,0,0,249.2,526.6,13.0
20,MAG,Haas F1 Team,55,68.816,3882.98,120.0,7647,4,32,0,0,247.2,523.0,13.0
20,MAG,Haas F1 Team,55,68.976,3888.58,126.0,7795,4,44,0,0,244.6,518.0,13.0
20,MAG,Haas F1 Team,55,69.002,3889.51,126.3,7828,4,44,0,0,244.2,517.2,13.0
20,MAG,Haas F1 Team,55,69.162,3895.25,127.9,8034,4,45,0,0,242.3,512.3,12.9
20,MAG,Haas F1 Team,55,69.422,3904.78,130.6,8368,4,46,0,0,240.3,503.4,12.9
20,MAG,Haas F1 Team,55,69.456,3906.05,131.0,8412,4,46,0,0,240.1,502.2,12.9
20,MAG,Haas F1 Team,55,69.582,3910.79,133.1,8483,4,48,0,0,239.7,497.6,12.8
20,MAG,Haas F1 Team,55,69.802,3919.21,136.8,8606,4,53,0,0,239.5,489.3,12.8
20,MAG,Haas F1 Team,55,69.816,3919.75,137.0,8614,4,53,0,0,239.5,488.8,12.8
20,MAG,Haas F1 Team,55,70.001,3927.01,141.0,9236,4,70,0,0,239.8,481.4,12.8
20,MAG,Haas F1 Team,55,70.136,3932.55,144.0,9690,4,83,0,0,240.2,476.0,12.7
20,MAG,Haas F1 Team,55,70.261,3937.94,150.2,9981,4,89,0,0,240.8,470.8,12.7
20,MAG,Haas F1 Team,55,70.441,3946.08,159.2,10399,4,98,0,0,242.0,463.0,12.7
20,MAG,Haas F1 Team,55,70.456,3946.77,160.0,10434,4,99,0,0,242.1,462.3,12.7
20,MAG,Haas F1 Team,55,70.541,3950.73,162.8,10536,4,99,0,0,242.7,458.6,12.6
20,MAG,Haas F1 Team,55,70.856,3966.0,173.0,10913,4,99,0,0,245.8,443.9,12.6
20,MAG,Haas F1 Team,55,70.861,3966.25,173.2,10933,4,99,0,0,245.8,443.7,12.6
20,MAG,Haas F1 Team,55,71.021,3974.39,180.6,11587,4,99,0,0,247.4,437.1,12.6
20,MAG,Haas F1 Team,55,71.096,3978.26,184.0,11893,4,99,0,0,248.3,433.6,12.6
20,MAG,Haas F1 Team,55,71.221,3984.79,187.9,11458,4,99,0,0,249.9,427.3,12.6
20,MAG,Haas F1 Team,55,71.257,3986.71,189.0,11333,4,99,0,1,250.4,425.5,12.6
20,MAG,Haas F1 Team,55,71.457,3997.83,200.0,10886,5,99,0,1,253.3,415.0,12.7
20,MAG,Haas F1 Team,55,71.541,4002.53,201.3,10989,5,99,0,1,254.6,410.6,12.7
20,MAG,Haas F1 Team,55,71.657,4009.1,203.0,11132,5,99,0,1,256.5,404.4,12.7
20,MAG,Haas F1 Team,55,71.681,4010.49,203.9,11151,5,99,0,1,256.9,402.9,12.7
20,MAG,Haas F1 Team,55,71.937,4025.75,214.0,11358,5,99,0,1,262.7,383.1,12.7
20,MAG,Haas F1 Team,55,71.961,4027.22,214.9,11373,5,99,0,1,263.2,381.2,12.7
20,MAG,Haas F1 Team,55,72.217,4043.25,225.0,11529,5,99,0,1,268.3,362.9,12.7
20,MAG,Haas F1 Team,55,72.322,4050.0,228.4,11198,5,99,0,1,269.9,357.0,12.7
20,MAG,Haas F1 Team,55,72.496,4061.38,234.0,10650,6,99,0,1,271.8,349.9,12.7
20,MAG,Haas F1 Team,55,72.682,4073.78,238.6,10882,6,99,0,1,273.9,341.8,12.7
20,MAG,Haas F1 Team,55,72.776,4080.13,241.0,11000,6,99,0,1,275.4,335.8,12.8
20,MAG,Haas F1 Team,55,72.842,4084.61,242.4,11096,6,99,0,1,276.5,331.5,12.8
20,MAG,Haas F1 Team,55,73.016,4096.53,246.0,11350,6,99,0,1,279.1,321.4,12.8
20,MAG,Haas F1 Team,55,73.022,4096.94,246.1,11355,6,99,0,1,279.2,321.0,12.8
20,MAG,Haas F1 Team,55,73.302,4116.41,250.0,11572,6,99,0,1,283.9,302.2,12.8
20,MAG,Haas F1 Team,55,73.376,4121.63,251.0,11629,6,99,0,1,285.2,297.1,12.8
20,MAG,Haas F1 Team,55,73.522,4132.04,256.5,11777,6,99,0,1,287.8,287.2,12.8
20,MAG,Haas F1 Team,55,73.536,4133.05,257.0,11791,6,99,0,1,288.0,286.2,12.8
20,MAG,Haas F1 Team,55,73.702,4145.16,260.3,11352,6,99,0,1,291.0,274.7,12.8
20,MAG,Haas F1 Team,55,73.936,4162.49,265.0,10732,6,99,0,1,295.3,258.3,12.8
20,MAG,Haas F1 Team,55,73.982,4165.9,265.5,10721,6,99,0,1,296.1,255.0,12.8
20,MAG,Haas F1 Team,55,74.136,4177.33,267.0,10685,7,99,0,1,299.0,244.0,12.8
20,MAG,Haas F1 Team,55,74.202,4182.28,268.1,10742,7,99,0,1,300.2,239.2,12.8
20,MAG,Haas F1 Team,55,74.422,4199.03,271.8,10930,7,99,0,1,304.4,223.2,12.8
20,MAG,Haas F1 Team,55,74.616,4213.99,275.0,11096,7,99,0,1,308.1,208.8,12.8
20,MAG,Haas F1 Team,55,74.642,4216.01,275.4,11115,7,99,0,1,308.6,206.9,12.8
20,MAG,Haas F1 Team,55,74.682,4219.11,276.0,11144,7,99,0,1,309.4,204.0,12.8
20,MAG,Haas F1 Team,55,74.962,4240.97,280.2,11345,7,99,0,1,317.7,172.3,12.8
20,MAG,Haas F1 Team,55,75.016,4245.22,281.0,11384,7,99,0,1,318.9,167.7,12.8
20,MAG,Haas F1 Team,55,75.336,4270.64,286.0,11484,7,99,0,1,322.6,153.5,12.9
20,MAG,Haas F1 Team,55,75.382,4274.32,286.7,11515,7,99,0,1,323.2,150.8,12.9
20,MAG,Haas F1 Team,55,75.616,4293.19,290.0,11674,7,98,0,1,327.4,132.6,12.9
20,MAG,Haas F1 Team,55,75.642,4295.3,290.3,11679,7,98,0,1,327.9,130.5,12.9
20,MAG,Haas F1 Team,55,75.742,4303.44,291.4,11697,7,98,0,1,329.7,122.6,12.9
20,MAG,Haas F1 Team,55,75.976,4322.59,294.0,11741,7,98,0,1,333.8,101.4,13.1
20,MAG,Haas F1 Team,55,76.082,4331.3,295.1,11253,7,98,0,1,335.3,92.2,13.1
20,MAG,Haas F1 Team,55,76.126,4334.92,295.5,11050,7,98,0,1,335.8,88.6,13.1
21,DEV,AlphaTauri,52,0.0,0.05,284.0,11258,7,100,0,0,334.5,97.3,12.8
21,DEV,AlphaTauri,52,0.181,14.43,285.0,11324,7,100,0,0,336.4,84.6,12.8
21,DEV,AlphaTauri,52,0.228,18.18,285.6,11336,7,100,0,0,336.9,79.7,12.8
21,DEV,AlphaTauri,52,0.421,33.63,288.0,11386,7,100,0,0,339.0,55.1,12.8
21,DEV,AlphaTauri,52,0.428,34.19,288.0,11388,7,100,0,0,339.1,54.3,12.8
21,DEV,AlphaTauri,52,0.741,59.41,290.0,11474,7,100,0,0,339.7,30.0,12.8
21,DEV,AlphaTauri,52,0.908,72.89,290.5,11492,7,100,0,0,339.3,20.4,12.8
21,DEV,AlphaTauri,52,1.061,85.27,291.0,11509,7,100,0,0,338.8,11.1,12.8
21,DEV,AlphaTauri,52,1.188,95.6,292.3,11531,7,100,0,0,338.3,2.6,12.9
21,DEV,AlphaTauri,52,1.261,101.55,293.0,11544,7,100,0,0,337.9,-2.8,12.9
21,DEV,AlphaTauri,52,1.428,115.16,293.0,11572,7,100,0,0,336.7,-16.8,13.0
21,DEV,AlphaTauri,52,1.461,117.83,293.0,11577,7,100,0,0,336.4,-20.0,13.0
21,DEV,AlphaTauri,52,1.661,133.66,285.0,11124,7,8,1,0,334.0,-40.9,13.0
21,DEV,AlphaTauri,52,1.728,138.67,276.6,10714,7,5,1,0,333.3,-46.5,13.0
21,DEV,AlphaTauri,52,1.861,148.11,260.0,9900,7,0,1,0,332.4,-54.1,13.0
21,DEV,AlphaTauri,52,2.008,157.77,240.2,9370,7,0,1,0,331.7,-60.3,13.1
21,DEV,AlphaTauri,52,2.061,161.05,233.0,9179,7,0,1,0,331.4,-62.9,13.1
21,DEV,AlphaTauri,52,2.221,170.34,209.0,9149,7,0,1,0,330.3,-72.0,13.2
21,DEV,AlphaTauri,52,2.308,175.11,203.1,9226,7,0,1,0,329.7,-78.3,13.2
21,DEV,AlphaTauri,52,2.501,185.12,190.0,9396,7,0,1,0,328.5,-94.7,13.3
21,DEV,AlphaTauri,52,2.548,187.45,186.0,9626,7,0,1,0,328.3,-97.7,13.3
21,DEV,AlphaTauri,52,2.701,194.73,173.0,10376,5,0,1,0,328.0,-102.8,13.4
21,DEV,AlphaTauri,52,2.868,202.15,162.6,10789,5,0,1,0,328.1,-105.9,13.4
21,DEV,AlphaTauri,52,2.941,205.26,158.0,10969,5,0,1,0,328.2,-108.6,13.4
21,DEV,AlphaTauri,52,3.088,211.35,153.1,10606,5,0,1,0,328.4,-115.3,13.4
21,DEV,AlphaTauri,52,3.268,218.55,147.1,10161,5,0,1,0,329.2,-122.4,13.3
21,DEV,AlphaTauri,52,3.301,219.86,146.0,10080,3,0,1,0,329.4,-123.7,13.3
21,DEV,AlphaTauri,52,3.507,227.94,141.7,9885,3,0,1,0,331.2,-131.3,13.3
21,DEV,AlphaTauri,52,3.541,229.26,141.0,9853,3,0,0,0,331.6,-132.5,13.3
21,DEV,AlphaTauri,52,3.707,235.69,139.3,9641,3,0,0,0,333.8,-138.2,13.3
21,DEV,AlphaTauri,52,3.741,236.98,139.0,9598,3,0,0,0,334.3,-139.3,13.3
21,DEV,AlphaTauri,52,3.907,243.2,135.5,9551,3,0,0,0,337.3,-144.6,13.3
21,DEV,AlphaTauri,52,3.981,245.92,134.0,9530,3,0,0,0,338.8,-146.7,13.3
21,DEV,AlphaTauri,52,4.167,252.59,129.4,9109,3,7,0,0,343.3,-152.0,13.4
21,DEV,AlphaTauri,52,4.181,253.08,129.0,9077,3,7,0,0,343.7,-152.4,13.4
21,DEV,AlphaTauri,52,4.387,260.26,126.7,9060,3,14,0,0,351.3,-159.2,13.4
21,DEV,AlphaTauri,52,4.541,265.58,125.0,9047,3,20,0,0,356.2,-162.9,13.4
21,DEV,AlphaTauri,52,4.781,273.85,124.0,8775,3,0,1,0,362.4,-166.7,13.5
21,DEV,AlphaTauri,52,4.827,275.36,121.7,8634,3,0,1,0,363.5,-167.3,13.5
21,DEV,AlphaTauri,52,4.941,279.01,116.0,8284,3,0,1,0,366.2,-168.8,13.5
21,DEV,AlphaTauri,52,5.102,284.01,112.0,7444,3,0,1,0,369.8,-170.7,13.5
21,DEV,AlphaTauri,52,5.147,285.34,110.3,7354,3,0,1,0,370.9,-171.3,13.5
21,DEV,AlphaTauri,52,5.367,291.32,101.7,6913,3,0,1,0,376.6,-174.5,13.5
21,DEV,AlphaTauri,52,5.462,293.81,98.0,6722,3,0,1,0,379.6,-176.7,13.5
21,DEV,AlphaTauri,52,5.607,297.6,95.7,6530,3,0,1,0,384.0,-180.2,13.5
21,DEV,AlphaTauri,52,5.782,302.08,93.0,6298,3,0,1,0,386.3,-182.6,13.5
21,DEV,AlphaTauri,52,5.967,306.65,89.7,6117,3,0,1,0,387.2,-184.9,13.5
21,DEV,AlphaTauri,52,6.062,308.93,88.0,6024,3,0,0,0,387.9,-186.9,13.5
21,DEV,AlphaTauri,52,6.147,310.93,86.8,5930,3,0,0,0,388.4,-188.9,13.5
21,DEV,AlphaTauri,52,6.348,315.54,84.0,5707,3,0,0,0,388.8,-194.2,13.5
21,DEV,AlphaTauri,52,6.422,317.23,83.0,5625,3,0,0,0,388.5,-196.5,13.5
21,DEV,AlphaTauri,52,6.582,320.83,81.0,5337,3,0,0,0,387.5,-201.7,13.6
21,DEV,AlphaTauri,52,6.628,321.81,79.7,5406,3,5,0,0,387.2,-202.8,13.6
21,DEV,AlphaTauri,52,6.821,325.74,74.0,5695,3,24,0,0,386.5,-205.6,13.6
21,DEV,AlphaTauri,52,7.008,329.73,76.8,5990,3,42,0,0,385.3,-208.0,13.7
21,DEV,AlphaTauri,52,7.021,330.02,77.0,6011,3,43,0,0,385.2,-208.3,13.7
21,DEV,AlphaTauri,52,7.301,336.32,81.0,6346,3,56,0,0,381.2,-215.3,14.0
21,DEV,AlphaTauri,52,7.308,336.48,81.2,6359,3,56,0,0,381.1,-215.4,14.0
21,DEV,AlphaTauri,52,7.541,342.18,88.0,6808,3,65,0,0,377.9,-219.1,14.1
21,DEV,AlphaTauri,52,7.608,343.89,90.0,6924,3,65,0,0,376.8,-220.0,14.1
21,DEV,AlphaTauri,52,7.741,347.41,94.0,7154,3,65,0,0,374.2,-221.9,14.2
21,DEV,AlphaTauri,52,7.928,352.69,100.0,7614,3,70,0,0,369.7,-224.2,14.3
21,DEV,AlphaTauri,52,8.021,355.42,103.0,7843,3,72,0,0,367.2,-225.0,14.3
21,DEV,AlphaTauri,52,8.128,358.62,105.7,8118,3,74,0,0,364.2,-225.8,14.4
21,DEV,AlphaTauri,52,8.228,361.67,108.2,8375,3,75,0,0,361.3,-226.4,14.5
21,DEV,AlphaTauri,52,8.301,363.97,110.0,8562,3,76,0,0,359.1,-226.7,14.6
21,DEV,AlphaTauri,52,8.428,368.11,116.3,8813,3,79,0,0,354.9,-227.0,14.7
21,DEV,AlphaTauri,52,8.461,369.22,118.0,8878,3,80,0,0,353.8,-227.1,14.7
21,DEV,AlphaTauri,52,8.621,374.82,126.0,9552,3,82,0,0,348.2,-227.3,15.0
21,DEV,AlphaTauri,52,8.628,375.07,126.3,9573,3,82,0,0,348.0,-227.3,15.0
21,DEV,AlphaTauri,52,8.868,384.19,135.3,10278,3,87,0,0,339.4,-227.2,15.3
21,DEV,AlphaTauri,52,8.941,387.08,138.0,10492,3,89,0,0,336.7,-227.1,15.5
21,DEV,AlphaTauri,52,9.028,390.58,141.6,10828,3,93,0,0,333.3,-226.9,15.7
21,DEV,AlphaTauri,52,9.181,396.95,148.0,11420,3,100,0,0,327.1,-226.4,15.9
21,DEV,AlphaTauri,52,9.248,399.89,151.0,11527,3,100,0,0,324.4,-226.1,16.0
21,DEV,AlphaTauri,52,9.428,408.21,159.1,11816,3,100,0,0,316.7,-225.0,16.3
21,DEV,AlphaTauri,52,9.581,415.39,166.0,12061,3,100,0,0,308.2,-223.1,16.7
21,DEV,AlphaTauri,52,9.781,424.78,169.0,11221,3,100,0,0,295.9,-219.8,17.1
21,DEV,AlphaTauri,52,9.808,426.09,170.0,11236,3,100,0,0,294.3,-219.4,17.1
21,DEV,AlphaTauri,52,10.207,446.63,184.5,11464,3,100,0,0,274.1,-212.9,16.9
21,DEV,AlphaTauri,52,10.221,447.39,185.0,11472,4,100,0,0,273.4,-212.7,16.9
21,DEV,AlphaTauri,52,10.347,454.34,191.7,11454,4,100,0,0,267.1,-210.5,17.3
21,DEV,AlphaTauri,52,10.541,465.35,202.0,11427,4,100,0,0,257.1,-206.8,17.8
21,DEV,AlphaTauri,52,10.587,468.0,203.3,11351,4,100,0,0,254.7,-205.9,17.8
21,DEV,AlphaTauri,52,10.747,477.31,207.9,11087,4,100,0,0,246.3,-202.4,17.8
21,DEV,AlphaTauri,52,10.821,481.68,210.0,10965,5,100,0,0,242.4,-200.6,17.8
21,DEV,AlphaTauri,52,10.967,490.42,214.4,11078,5,100,0,0,234.7,-196.8,17.8
21,DEV,AlphaTauri,52,11.021,493.68,216.0,11120,5,100,0,0,231.9,-195.3,17.8
21,DEV,AlphaTauri,52,11.187,503.86,219.6,11320,5,100,0,0,223.2,-190.3,17.8
21,DEV,AlphaTauri,52,11.301,510.95,222.0,11458,5,100,0,0,217.2,-186.7,17.8
21,DEV,AlphaTauri,52,11.387,516.36,223.8,11556,5,100,0,0,212.7,-183.8,17.8
21,DEV,AlphaTauri,52,11.581,528.68,228.0,11776,5,100,0,0,202.5,-177.0,17.7
21,DEV,AlphaTauri,52,11.607,530.34,228.4,11791,5,100,0,0,201.1,-176.1,17.7
21,DEV,AlphaTauri,52,11.767,540.61,230.8,11881,5,100,0,0,192.7,-170.3,17.6
21,DEV,AlphaTauri,52,11.782,541.58,231.0,11890,5,100,0,0,191.9,-169.7,17.6
21,DEV,AlphaTauri,52,11.927,551.1,235.3,11223,5,100,0,0,184.2,-164.2,17.6
21,DEV,AlphaTauri,52,11.982,554.75,237.0,10970,5,100,0,0,181.3,-162.0,17.6
21,DEV,AlphaTauri,52,12.142,565.46,241.0,10856,6,100,0,0,172.6,-155.6,17.6
21,DEV,AlphaTauri,52,12.287,575.31,243.4,10974,6,100,0,0,165.0,-149.7,17.6
21,DEV,AlphaTauri,52,12.467,587.73,246.4,11120,6,100,0,0,155.4,-142.1,17.6
21,DEV,AlphaTauri,52,12.502,590.16,247.0,11148,6,100,0,0,153.2,-140.4,17.6
21,DEV,AlphaTauri,52,12.707,604.43,249.6,11136,6,100,0,0,139.3,-129.1,17.6
21,DEV,AlphaTauri,52,12.742,606.83,250.0,11134,6,100,0,0,137.1,-127.3,17.6
21,DEV,AlphaTauri,52,12.982,622.82,240.0,10434,6,0,1,0,123.3,-116.1,17.6
21,DEV,AlphaTauri,52,13.008,624.54,239.0,10363,6,0,1,0,121.9,-115.0,17.6
21,DEV,AlphaTauri,52,13.228,638.82,230.8,9758,6,0,1,0,111.0,-106.2,17.6
21,DEV,AlphaTauri,52,13.302,643.09,228.0,9555,6,0,1,0,108.0,-103.7,17.6
21,DEV,AlphaTauri,52,13.408,648.58,205.4,9596,6,0,1,0,104.1,-100.3,17.6
21,DEV,AlphaTauri,52,13.541,654.84,177.0,9647,6,0,1,0,99.1,-95.7,17.6
21,DEV,AlphaTauri,52,13.568,656.1,175.4,9604,6,0,1,0,98.1,-94.8,17.6
21,DEV,AlphaTauri,52,13.781,665.71,163.0,9265,5,0,1,0,91.2,-87.7,17.5
21,DEV,AlphaTauri,52,13.888,670.18,155.9,8941,5,0,1,0,88.1,-84.2,17.5
21,DEV,AlphaTauri,52,14.021,675.51,147.0,8539,4,0,1,0,84.6,-79.8,17.4
21,DEV,AlphaTauri,52,14.108,678.96,144.3,8403,4,0,1,0,82.6,-77.0,17.4
21,DEV,AlphaTauri,52,14.181,681.82,142.0,8289,4,0,1,0,81.0,-74.6,17.4
21,DEV,AlphaTauri,52,14.348,688.26,139.0,7928,4,0,1,0,78.0,-69.2,17.2
21,DEV,AlphaTauri,52,14.461,692.48,137.0,7683,4,0,1,0,76.4,-65.4,17.1
21,DEV,AlphaTauri,52,14.528,694.91,134.3,7629,4,0,1,0,75.6,-63.1,17.0
21,DEV,AlphaTauri,52,14.661,699.64,129.0,7521,4,0,0,0,74.6,-58.6,17.0
21,DEV,AlphaTauri,52,14.688,700.59,128.6,7535,4,3,0,0,74.5,-57.7,17.0
21,DEV,AlphaTauri,52,14.848,706.14,126.3,7617,4,23,0,0,74.3,-52.2,16.9
21,DEV,AlphaTauri,52,14.941,709.36,125.0,7664,4,34,0,0,74.6,-48.3,16.8
21,DEV,AlphaTauri,52,15.128,715.91,125.9,7906,4,47,0,0,75.6,-40.0,16.6
21,DEV,AlphaTauri,52,15.141,716.36,126.0,7923,4,48,0,0,75.7,-39.5,16.6
21,DEV,AlphaTauri,52,15.448,727.41,130.2,8235,4,72,0,0,76.8,-30.8,16.3
21,DEV,AlphaTauri,52,15.581,732.5,132.0,8370,4,82,0,0,77.0,-26.2,16.1
21,DEV,AlphaTauri,52,15.728,738.42,140.6,8650,4,74,0,0,76.9,-20.5,15.9
21,DEV,AlphaTauri,52,15.821,742.23,146.0,8827,4,69,0,0,76.6,-16.9,15.9
21,DEV,AlphaTauri,52,15.888,744.98,146.6,8898,4,66,0,0,76.3,-14.2,15.8
21,DEV,AlphaTauri,52,16.048,751.56,147.9,9068,4,60,0,0,75.4,-7.8,15.5
21,DEV,AlphaTauri,52,16.061,752.1,148.0,9082,4,59,0,0,75.3,-7.3,15.5
21,DEV,AlphaTauri,52,16.328,763.2,149.7,9447,4,57,0,0,72.5,3.1,14.9
21,DEV,AlphaTauri,52,16.381,765.43,150.0,9519,4,57,0,0,71.9,4.9,14.8
21,DEV,AlphaTauri,52,16.581,773.99,154.0,9630,4,74,0,0,68.0,12.4,14.4
21,DEV,AlphaTauri,52,16.588,774.3,154.3,9648,4,74,0,0,67.7,12.8,14.4
21,DEV,AlphaTauri,52,16.747,781.53,160.0,10060,4,84,0,0,60.4,23.1,14.1
21,DEV,AlphaTauri,52,17.021,794.76,170.0,10770,4,100,0,0,55.2,29.8,13.8
21,DEV,AlphaTauri,52,17.087,798.05,172.7,10901,4,100,0,0,53.9,31.4,13.7
21,DEV,AlphaTauri,52,17.341,811.03,183.0,11407,4,100,0,0,46.0,41.2,13.4
21,DEV,AlphaTauri,52,17.367,812.39,183.9,11436,4,100,0,0,45.1,42.3,13.4
21,DEV,AlphaTauri,52,17.507,819.83,188.9,11591,4,100,0,0,40.6,47.9,13.2
21,DEV,AlphaTauri,52,17.621,826.04,193.0,11718,4,100,0,0,37.3,51.9,13.2
21,DEV,AlphaTauri,52,17.707,830.84,195.8,11567,4,100,0,0,35.2,54.5,13.2
21,DEV,AlphaTauri,52,17.867,840.0,201.0,11286,4,100,0,0,31.9,58.6,13.1
21,DEV,AlphaTauri,52,18.021,848.93,206.0,11015,4,100,0,0,26.6,65.0,13.0
21,DEV,AlphaTauri,52,18.167,857.46,209.6,11022,4,100,0,0,21.0,71.7,13.0
21,DEV,AlphaTauri,52,18.221,860.65,211.0,11024,5,100,0,0,19.2,73.8,13.0
21,DEV,AlphaTauri,52,18.407,871.88,216.4,11195,5,100,0,0,11.5,82.2,12.9
21,DEV,AlphaTauri,52,18.462,875.25,218.0,11245,5,100,0,0,7.2,86.4,12.9
21,DEV,AlphaTauri,52,18.567,881.7,220.2,11396,5,100,0,0,-1.5,94.8,13.0
21,DEV,AlphaTauri,52,18.702,890.11,223.0,11591,5,100,0,0,-6.9,99.7,13.0
21,DEV,AlphaTauri,52,18.887,901.9,228.4,11735,5,100,0,0,-10.2,102.2,13.0
21,DEV,AlphaTauri,52,18.942,905.45,230.0,11778,5,100,0,0,-12.4,104.0,13.0
21,DEV,AlphaTauri,52,19.107,916.15,232.9,11378,5,100,0,0,-21.2,111.2,13.0
21,DEV,AlphaTauri,52,19.222,923.73,235.0,11099,5,100,0,0,-27.6,116.3,13.0
21,DEV,AlphaTauri,52,19.428,937.58,239.2,11077,5,100,0,0,-38.9,125.1,13.0
21,DEV,AlphaTauri,52,19.662,953.55,244.0,11051,6,100,0,0,-50.9,135.3,13.1
21,DEV,AlphaTauri,52,19.688,955.32,244.2,11062,6,100,0,0,-52.2,136.5,13.1
21,DEV,AlphaTauri,52,19.848,966.24,245.5,11127,6,100,0,0,-59.8,144.1,13.1
21,DEV,AlphaTauri,52,19.902,969.95,246.0,11149,6,100,0,0,-62.0,146.6,13.1
21,DEV,AlphaTauri,52,20.028,978.66,247.8,11243,6,100,0,0,-66.6,152.5,13.1
21,DEV,AlphaTauri,52,20.208,991.25,250.3,11377,6,100,0,0,-73.2,163.1,13.1
21,DEV,AlphaTauri,52,20.261,994.98,251.0,11416,6,100,0,0,-74.8,165.9,13.1
21,DEV,AlphaTauri,52,20.461,1009.14,255.0,11472,6,100,0,0,-80.3,178.2,13.0
21,DEV,AlphaTauri,52,20.488,1011.06,255.1,11480,6,100,0,0,-81.4,181.3,13.0
21,DEV,AlphaTauri,52,20.648,1022.42,255.8,11530,6,100,0,0,-89.2,204.4,13.0
21,DEV,AlphaTauri,52,20.701,1026.21,256.0,11546,6,100,0,0,-90.9,209.6,13.0
21,DEV,AlphaTauri,52,20.988,1046.99,260.0,11699,6,100,0,0,-92.2,218.4,13.0
21,DEV,AlphaTauri,52,21.061,1052.31,261.0,11738,6,100,0,0,-92.6,222.9,13.0
21,DEV,AlphaTauri,52,21.261,1066.92,263.0,11662,6,100,0,0,-94.2,240.0,13.1
21,DEV,AlphaTauri,52,21.268,1067.43,263.0,11668,6,100,0,0,-94.2,240.6,13.1
21,DEV,AlphaTauri,52,21.501,1084.52,264.0,11882,6,100,0,0,-94.4,257.9,12.9
21,DEV,AlphaTauri,52,21.508,1085.04,264.0,11879,6,100,0,0,-94.4,258.4,12.9
21,DEV,AlphaTauri,52,21.741,1102.19,265.0,11772,6,100,0,0,-94.0,275.3,13.0
21,DEV,AlphaTauri,52,21.748,1102.71,265.0,11772,6,100,0,0,-94.0,276.0,13.0
21,DEV,AlphaTauri,52,21.908,1114.63,265.7,11772,6,100,0,0,-93.4,293.7,13.1
21,DEV,AlphaTauri,52,21.981,1119.92,266.0,11772,6,100,0,0,-93.2,299.2,13.1
21,DEV,AlphaTauri,52,22.188,1134.21,253.4,11462,6,26,0,0,-92.7,308.3,13.2
21,DEV,AlphaTauri,52,22.261,1139.29,249.0,11352,6,0,1,0,-92.4,312.9,13.2
21,DEV,AlphaTauri,52,22.408,1149.83,249.0,10749,6,0,1,0,-91.6,323.6,13.3
21,DEV,AlphaTauri,52,22.581,1161.42,249.0,10039,6,0,1,0,-91.1,335.0,13.6
21,DEV,AlphaTauri,52,22.688,1167.3,227.1,10234,6,0,1,0,-91.2,342.0,13.8
21,DEV,AlphaTauri,52,22.948,1178.6,173.8,10709,6,0,1,0,-92.8,358.2,14.0
21,DEV,AlphaTauri,52,22.981,1179.98,167.0,10769,5,0,1,0,-93.0,359.6,14.0
21,DEV,AlphaTauri,52,23.181,1188.14,147.0,10441,4,0,1,0,-94.2,364.8,14.0
21,DEV,AlphaTauri,52,23.207,1189.14,145.6,10321,4,0,1,0,-94.4,365.5,14.0
21,DEV,AlphaTauri,52,23.507,1199.68,128.9,8937,4,0,1,0,-98.0,376.2,14.2
21,DEV,AlphaTauri,52,23.541,1200.84,127.0,8780,3,0,1,0,-98.5,377.3,14.2
21,DEV,AlphaTauri,52,23.667,1205.15,123.9,8447,3,0,1,0,-100.4,381.1,14.3
21,DEV,AlphaTauri,52,23.741,1207.62,122.0,8251,3,0,1,0,-101.7,383.2,14.4
21,DEV,AlphaTauri,52,23.867,1211.64,117.8,8038,3,0,1,0,-104.0,386.4,14.5
21,DEV,AlphaTauri,52,24.101,1218.62,110.0,7641,3,0,1,0,-109.0,391.5,14.8
21,DEV,AlphaTauri,52,24.147,1219.95,109.0,7547,3,0,1,0,-110.1,392.3,14.8
21,DEV,AlphaTauri,52,24.347,1225.58,104.9,7139,3,0,1,0,-115.0,395.3,14.9
21,DEV,AlphaTauri,52,24.547,1231.04,100.7,6730,3,0,1,0,-120.3,397.2,14.9
21,DEV,AlphaTauri,52,24.581,1231.96,100.0,6661,3,0,0,0,-121.1,397.4,14.9
21,DEV,AlphaTauri,52,24.727,1235.87,98.2,6875,3,11,0,0,-125.1,398.1,15.0
21,DEV,AlphaTauri,52,24.902,1240.52,96.0,7132,3,25,0,0,-132.8,398.3,15.1
21,DEV,AlphaTauri,52,24.927,1241.18,96.0,7174,3,28,0,0,-133.9,398.3,15.1
21,DEV,AlphaTauri,52,25.062,1244.78,96.0,7401,3,44,0,0,-138.9,398.1,15.2
21,DEV,AlphaTauri,52,25.342,1252.64,101.0,7443,3,55,0,0,-144.1,397.5,15.4
21,DEV,AlphaTauri,52,25.407,1254.52,102.4,7713,3,58,0,0,-144.1,397.5,15.4
21,DEV,AlphaTauri,52,25.582,1259.7,106.0,8439,3,67,0,0,-143.0,397.6,15.4
21,DEV,AlphaTauri,52,25.587,1259.86,106.1,8452,3,67,0,0,-143.0,397.6,15.4
21,DEV,AlphaTauri,52,25.782,1265.93,112.0,8967,3,69,0,0,-148.9,397.1,15.4
21,DEV,AlphaTauri,52,25.787,1266.09,112.2,8973,3,69,0,0,-149.1,397.1,15.4
21,DEV,AlphaTauri,52,25.948,1271.5,118.2,9167,3,73,0,0,-154.9,397.0,15.5
21,DEV,AlphaTauri,52,26.102,1276.95,124.0,9352,3,76,0,0,-160.1,397.1,15.6
21,DEV,AlphaTauri,52,26.108,1277.17,124.2,9363,3,76,0,0,-160.3,397.1,15.6
21,DEV,AlphaTauri,52,26.382,1287.29,133.0,9877,3,58,0,0,-169.0,398.1,15.8
21,DEV,AlphaTauri,52,26.448,1289.76,133.7,9927,3,57,0,0,-172.2,399.2,15.9
21,DEV,AlphaTauri,52,26.582,1294.79,135.0,10030,3,55,0,0,-180.3,402.7,16.0
21,DEV,AlphaTauri,52,26.608,1295.78,135.4,10070,3,56,0,0,-181.6,403.3,16.0
21,DEV,AlphaTauri,52,26.948,1309.08,140.5,10592,3,74,0,0,-188.1,407.5,16.1
21,DEV,AlphaTauri,52,26.981,1310.42,141.0,10643,3,76,0,0,-189.2,408.5,16.1
21,DEV,AlphaTauri,52,27.188,1318.99,146.7,11013,3,79,0,0,-198.8,417.4,16.3
21,DEV,AlphaTauri,52,27.341,1325.52,151.0,11286,3,81,0,0,-203.3,422.2,16.4
21,DEV,AlphaTauri,52,27.648,1339.14,159.6,11965,3,87,0,0,-207.8,429.2,16.4
21,DEV,AlphaTauri,52,27.661,1339.74,160.0,11994,3,87,0,0,-208.0,429.6,16.4
21,DEV,AlphaTauri,52,27.848,1348.66,167.3,11657,3,94,0,0,-212.4,436.9,16.4
21,DEV,AlphaTauri,52,28.021,1357.14,174.0,11345,3,100,0,0,-218.2,450.0,16.5
21,DEV,AlphaTauri,52,28.068,1359.45,175.2,11269,3,100,0,0,-219.4,452.8,16.5
21,DEV,AlphaTauri,52,28.181,1365.05,178.0,11085,4,100,0,0,-220.8,456.3,16.5
21,DEV,AlphaTauri,52,28.328,1372.6,182.3,11402,4,100,0,0,-221.3,458.6,16.5
21,DEV,AlphaTauri,52,28.421,1377.39,185.0,11603,4,100,0,0,-222.2,461.8,16.5
21,DEV,AlphaTauri,52,28.581,1385.61,185.0,11871,4,100,0,0,-224.4,470.5,16.5
21,DEV,AlphaTauri,52,28.648,1389.22,189.2,11819,4,100,0,0,-225.4,475.0,16.5
21,DEV,AlphaTauri,52,28.821,1398.94,200.0,11683,4,100,0,0,-227.8,488.8,16.4
21,DEV,AlphaTauri,52,28.908,1403.88,202.7,11075,4,100,0,0,-228.8,494.8,16.4
21,DEV,AlphaTauri,52,28.981,1408.05,205.0,10565,4,100,0,0,-229.4,498.7,16.4
21,DEV,AlphaTauri,52,29.248,1423.8,211.7,11058,4,100,0,0,-230.6,509.0,16.5
21,DEV,AlphaTauri,52,29.301,1426.99,213.0,11156,5,100,0,0,-230.9,511.8,16.5
21,DEV,AlphaTauri,52,29.488,1438.4,218.3,11324,5,100,0,0,-232.3,523.2,16.5
21,DEV,AlphaTauri,52,29.581,1444.18,221.0,11407,5,100,0,0,-233.0,528.7,16.5
21,DEV,AlphaTauri,52,29.668,1449.64,223.5,11529,5,100,0,0,-233.6,534.2,16.5
21,DEV,AlphaTauri,52,29.821,1459.38,228.0,11743,5,100,0,0,-234.8,545.7,16.6
21,DEV,AlphaTauri,52,29.907,1464.88,229.6,11812,5,100,0,0,-235.4,551.8,16.7
21,DEV,AlphaTauri,52,29.981,1469.64,231.0,11871,5,100,0,0,-235.8,556.2,16.7
21,DEV,AlphaTauri,52,30.167,1481.77,234.7,11282,5,100,0,0,-236.8,566.0,16.6
21,DEV,AlphaTauri,52,30.181,1482.7,235.0,11238,5,100,0,0,-236.9,566.8,16.6
21,DEV,AlphaTauri,52,30.421,1498.83,242.0,10786,6,100,0,0,-238.3,582.6,16.6
21,DEV,AlphaTauri,52,30.427,1499.24,242.1,10793,6,100,0,0,-238.3,583.0,16.6
21,DEV,AlphaTauri,52,30.627,1512.97,245.9,11019,6,100,0,0,-239.5,596.5,16.4
21,DEV,AlphaTauri,52,30.741,1520.88,248.0,11148,6,100,0,0,-240.3,607.3,16.3
21,DEV,AlphaTauri,52,30.927,1533.88,250.6,11267,6,100,0,0,-241.6,625.5,16.1
21,DEV,AlphaTauri,52,31.101,1546.18,253.0,11379,6,100,0,0,-242.2,634.1,16.1
21,DEV,AlphaTauri,52,31.247,1556.6,255.2,11468,6,100,0,0,-242.5,639.6,16.1
21,DEV,AlphaTauri,52,31.502,1575.03,259.0,11623,6,100,0,0,-243.5,656.8,16.1
21,DEV,AlphaTauri,52,31.527,1576.85,259.6,11536,6,100,0,0,-243.6,659.7,16.1
21,DEV,AlphaTauri,52,31.662,1586.71,263.0,11063,6,100,0,0,-244.3,678.0,16.3
21,DEV,AlphaTauri,52,31.667,1587.08,263.1,11046,6,100,0,0,-244.3,678.6,16.3
21,DEV,AlphaTauri,52,31.822,1598.49,265.0,10516,6,100,0,0,-244.7,689.6,16.4
21,DEV,AlphaTauri,52,32.027,1613.74,267.3,10655,6,100,0,0,-244.8,696.4,16.3
21,DEV,AlphaTauri,52,32.182,1625.39,269.0,10760,7,100,0,0,-244.9,707.3,16.3
21,DEV,AlphaTauri,52,32.287,1633.35,270.9,10815,7,100,0,0,-244.9,715.8,16.3
21,DEV,AlphaTauri,52,32.462,1646.7,274.0,10907,7,100,0,0,-244.8,729.3,16.3
21,DEV,AlphaTauri,52,32.568,1654.82,275.3,10931,7,100,0,0,-244.6,738.6,16.3
21,DEV,AlphaTauri,52,32.622,1658.97,276.0,10943,7,100,0,0,-244.4,743.9,16.3
21,DEV,AlphaTauri,52,32.768,1670.22,277.0,10989,7,100,0,0,-243.8,758.6,16.3
21,DEV,AlphaTauri,52,32.902,1680.59,278.0,11031,7,100,0,0,-243.3,768.6,16.3
21,DEV,AlphaTauri,52,33.188,1702.96,280.9,11165,7,100,0,0,-242.2,784.9,16.5
21,DEV,AlphaTauri,52,33.302,1711.93,282.0,11218,7,100,0,0,-241.5,793.6,16.5
21,DEV,AlphaTauri,52,33.368,1717.13,282.8,11221,7,100,0,0,-241.0,798.9,16.5
21,DEV,AlphaTauri,52,33.462,1724.55,284.0,11225,7,100,0,0,-240.3,806.4,16.5
21,DEV,AlphaTauri,52,33.628,1737.63,284.0,11257,7,100,0,0,-239.0,819.3,16.4
21,DEV,AlphaTauri,52,33.701,1743.4,284.0,11271,7,100,0,0,-238.4,824.9,16.4
21,DEV,AlphaTauri,52,33.788,1750.3,284.9,11308,7,100,0,0,-237.6,831.9,16.4
21,DEV,AlphaTauri,52,33.901,1759.29,286.0,11357,7,100,0,0,-236.2,842.6,16.4
21,DEV,AlphaTauri,52,34.028,1769.46,287.6,11394,7,100,0,0,-234.4,855.6,16.3
21,DEV,AlphaTauri,52,34.141,1778.56,289.0,11427,7,100,0,0,-232.7,866.7,16.3
21,DEV,AlphaTauri,52,34.368,1796.9,290.4,11482,7,100,0,0,-229.4,885.8,16.4
21,DEV,AlphaTauri,52,34.461,1804.42,291.0,11504,7,100,0,0,-228.4,891.1,16.4
21,DEV,AlphaTauri,52,34.688,1822.77,291.0,11483,7,100,0,0,-226.2,902.2,16.4
21,DEV,AlphaTauri,52,34.741,1827.06,291.0,11478,7,100,0,0,-225.4,906.0,16.4
21,DEV,AlphaTauri,52,34.888,1838.95,291.0,11514,7,100,0,0,-222.7,918.0,16.4
21,DEV,AlphaTauri,52,34.901,1839.99,291.0,11517,7,100,0,0,-222.5,919.1,16.4
21,DEV,AlphaTauri,52,35.088,1854.73,283.7,11126,7,57,0,0,-219.1,933.8,16.5
21,DEV,AlphaTauri,52,35.261,1867.69,277.0,10765,7,18,1,0,-215.8,947.1,16.5
21,DEV,AlphaTauri,52,35.268,1868.2,276.0,10745,7,17,1,0,-215.7,947.6,16.5
21,DEV,AlphaTauri,52,35.461,1881.47,248.0,10205,7,0,1,0,-212.5,961.1,16.4
21,DEV,AlphaTauri,52,35.508,1884.43,242.1,9968,7,0,1,0,-211.7,964.3,16.4
21,DEV,AlphaTauri,52,35.781,1899.96,208.0,8593,7,0,1,0,-207.4,983.1,16.5
21,DEV,AlphaTauri,52,35.868,1904.73,203.3,8820,7,0,1,0,-206.2,988.3,16.5
21,DEV,AlphaTauri,52,36.061,1914.97,193.0,9323,7,0,1,0,-204.2,997.5,16.4
21,DEV,AlphaTauri,52,36.221,1922.75,175.0,9793,7,0,1,0,-202.6,1004.3,16.4
21,DEV,AlphaTauri,52,36.268,1924.95,172.1,10122,7,0,1,0,-202.1,1006.6,16.4
21,DEV,AlphaTauri,52,36.381,1930.08,165.0,10913,7,0,1,0,-200.7,1012.5,16.5
21,DEV,AlphaTauri,52,36.487,1934.52,156.2,10587,7,0,1,0,-199.3,1018.0,16.5
21,DEV,AlphaTauri,52,36.621,1939.75,145.0,10176,6,0,1,0,-197.5,1024.3,16.5
21,DEV,AlphaTauri,52,36.861,1948.61,133.0,9562,4,0,1,0,-194.5,1033.4,16.4
21,DEV,AlphaTauri,52,36.887,1949.56,132.4,9440,4,0,1,0,-194.2,1034.2,16.4
21,DEV,AlphaTauri,52,37.021,1954.35,129.0,8814,3,0,1,0,-193.1,1037.4,16.4
21,DEV,AlphaTauri,52,37.207,1960.49,122.5,8366,3,0,1,0,-190.7,1041.8,16.5
21,DEV,AlphaTauri,52,37.421,1967.12,115.0,7850,3,0,1,0,-184.7,1049.7,16.5
21,DEV,AlphaTauri,52,37.427,1967.31,114.9,7844,3,0,1,0,-184.5,1049.9,16.5
21,DEV,AlphaTauri,52,37.701,1975.68,110.0,7556,3,0,0,0,-180.0,1053.4,16.5
21,DEV,AlphaTauri,52,37.827,1979.43,109.0,7740,3,14,0,0,-177.6,1054.3,16.5
21,DEV,AlphaTauri,52,38.007,1984.74,107.5,8003,3,35,0,0,-172.5,1056.1,16.5
21,DEV,AlphaTauri,52,38.062,1986.41,107.0,8083,3,41,0,0,-170.4,1056.7,16.5
21,DEV,AlphaTauri,52,38.327,1994.75,111.4,8864,3,52,0,0,-159.2,1059.3,16.4
21,DEV,AlphaTauri,52,38.542,2001.74,115.0,9498,3,61,0,0,-155.7,1060.4,16.3
21,DEV,AlphaTauri,52,38.607,2003.87,117.0,9503,3,70,0,0,-154.4,1060.9,16.3
21,DEV,AlphaTauri,52,38.702,2007.08,120.0,9510,3,83,0,0,-151.8,1062.0,16.3
21,DEV,AlphaTauri,52,38.807,2010.87,126.1,9669,3,78,0,0,-148.2,1063.6,16.3
21,DEV,AlphaTauri,52,38.942,2016.01,134.0,9873,3,72,0,0,-143.3,1066.3,16.3
21,DEV,AlphaTauri,52,39.128,2023.23,138.1,10316,3,71,0,0,-136.4,1070.9,16.2
21,DEV,AlphaTauri,52,39.302,2030.21,142.0,10731,3,71,0,0,-130.7,1075.7,16.1
21,DEV,AlphaTauri,52,39.368,2032.94,143.9,10834,3,73,0,0,-128.7,1077.6,16.1
21,DEV,AlphaTauri,52,39.648,2044.97,152.2,11269,3,82,0,0,-121.6,1085.7,16.0
21,DEV,AlphaTauri,52,39.742,2049.15,155.0,11415,3,85,0,0,-119.5,1088.5,16.0
21,DEV,AlphaTauri,52,39.828,2053.05,158.4,11665,3,90,0,0,-117.7,1091.3,16.0
21,DEV,AlphaTauri,52,40.022,2062.07,166.0,12229,3,100,0,0,-113.4,1098.7,16.0
21,DEV,AlphaTauri,52,40.188,2070.11,173.5,11997,3,100,0,0,-109.9,1105.9,15.9
21,DEV,AlphaTauri,52,40.222,2071.79,175.0,11949,3,100,0,0,-109.2,1107.4,15.9
21,DEV,AlphaTauri,52,40.388,2080.15,180.8,11321,3,100,0,0,-106.1,1115.1,15.8
21,DEV,AlphaTauri,52,40.421,2081.85,182.0,11196,4,100,0,0,-105.5,1116.7,15.8
21,DEV,AlphaTauri,52,40.588,2090.61,187.6,11503,4,100,0,0,-102.8,1124.8,15.7
21,DEV,AlphaTauri,52,40.661,2094.52,190.0,11637,4,100,0,0,-101.7,1128.3,15.7
21,DEV,AlphaTauri,52,40.808,2102.49,194.4,11637,4,100,0,0,-99.4,1136.1,15.9
21,DEV,AlphaTauri,52,40.861,2105.4,196.0,11637,4,100,0,0,-98.5,1139.5,15.9
21,DEV,AlphaTauri,52,41.008,2113.58,199.2,11259,4,100,0,0,-95.8,1150.0,15.9
21,DEV,AlphaTauri,52,41.181,2123.45,203.0,10815,4,100,0,0,-92.8,1162.2,15.8
21,DEV,AlphaTauri,52,41.421,2137.72,214.0,11116,5,100,0,0,-88.9,1178.0,15.8
21,DEV,AlphaTauri,52,41.448,2139.36,214.8,11139,5,100,0,0,-88.5,1179.7,15.8
21,DEV,AlphaTauri,52,41.741,2157.63,224.0,11392,5,100,0,0,-84.6,1196.1,15.9
21,DEV,AlphaTauri,52,41.828,2163.16,225.9,11492,5,100,0,0,-83.6,1200.3,15.9
21,DEV,AlphaTauri,52,42.061,2178.16,231.0,11761,5,100,0,0,-81.3,1209.9,15.8
21,DEV,AlphaTauri,52,42.168,2185.14,233.7,11255,5,100,0,0,-80.2,1215.3,15.8
21,DEV,AlphaTauri,52,42.261,2191.27,236.0,10815,5,100,0,0,-79.0,1221.0,15.8
21,DEV,AlphaTauri,52,42.468,2205.19,240.1,10891,5,100,0,0,-76.3,1235.3,15.9
21,DEV,AlphaTauri,52,42.661,2218.38,244.0,10962,6,100,0,0,-74.2,1247.0,15.9
21,DEV,AlphaTauri,52,42.888,2234.01,247.8,11172,6,100,0,0,-71.8,1260.7,15.9
21,DEV,AlphaTauri,52,42.901,2234.92,248.0,11184,6,100,0,0,-71.7,1261.6,15.9
21,DEV,AlphaTauri,52,43.067,2246.53,251.0,11278,6,100,0,0,-69.7,1273.0,15.9
21,DEV,AlphaTauri,52,43.181,2254.59,253.0,11342,6,100,0,0,-68.5,1280.9,15.9
21,DEV,AlphaTauri,52,43.227,2257.86,253.7,11374,6,100,0,0,-68.0,1284.1,15.9
21,DEV,AlphaTauri,52,43.467,2275.07,257.5,11539,6,100,0,0,-65.4,1301.1,15.9
21,DEV,AlphaTauri,52,43.501,2277.53,258.0,11562,6,100,0,0,-65.0,1303.5,15.9
21,DEV,AlphaTauri,52,43.661,2289.13,261.0,11684,6,100,0,0,-63.4,1314.9,15.9
21,DEV,AlphaTauri,52,43.707,2292.48,261.7,11672,6,100,0,0,-62.9,1318.2,15.9
21,DEV,AlphaTauri,52,43.847,2302.76,263.8,11635,6,100,0,0,-61.6,1328.4,15.9
21,DEV,AlphaTauri,52,43.861,2303.79,264.0,11631,6,100,0,0,-61.5,1329.4,15.9
21,DEV,AlphaTauri,52,44.087,2320.55,266.8,10738,6,100,0,0,-59.5,1346.0,15.9
21,DEV,AlphaTauri,52,44.101,2321.59,267.0,10683,7,100,0,0,-59.4,1347.0,15.9
21,DEV,AlphaTauri,52,44.247,2332.56,268.8,10752,7,100,0,0,-58.4,1357.8,15.9
21,DEV,AlphaTauri,52,44.427,2346.2,271.1,10837,7,100,0,0,-57.4,1371.3,15.9
21,DEV,AlphaTauri,52,44.501,2351.82,272.0,10872,7,100,0,0,-57.0,1376.9,15.9
21,DEV,AlphaTauri,52,44.607,2359.87,273.3,10911,7,100,0,0,-56.6,1384.9,15.9
21,DEV,AlphaTauri,52,44.662,2364.07,274.0,10931,7,100,0,0,-56.4,1389.1,15.9
21,DEV,AlphaTauri,52,44.867,2379.88,276.9,11013,7,100,0,0,-55.8,1404.8,15.9
21,DEV,AlphaTauri,52,44.942,2385.69,278.0,11043,7,100,0,0,-55.7,1410.6,15.9
21,DEV,AlphaTauri,52,45.047,2393.82,278.7,11078,7,100,0,0,-55.5,1418.7,15.8
21,DEV,AlphaTauri,52,45.102,2398.09,279.0,11097,7,100,0,0,-55.4,1422.8,15.8
21,DEV,AlphaTauri,52,45.207,2406.29,280.3,11134,7,100,0,0,-55.3,1431.2,15.9
21,DEV,AlphaTauri,52,45.342,2416.89,282.0,11181,7,100,0,0,-55.3,1446.2,15.9
21,DEV,AlphaTauri,52,45.502,2429.47,283.0,11220,7,100,0,0,-55.5,1466.3,15.8
21,DEV,AlphaTauri,52,45.567,2434.6,283.5,11216,7,100,0,0,-55.6,1472.2,15.8
21,DEV,AlphaTauri,52,45.742,2448.47,285.0,11204,7,100,0,0,-55.9,1481.2,15.8
21,DEV,AlphaTauri,52,45.908,2461.61,285.0,11215,7,100,0,0,-56.5,1488.0,15.8
21,DEV,AlphaTauri,52,46.188,2483.77,285.0,11235,7,100,0,0,-59.0,1509.9,15.7
21,DEV,AlphaTauri,52,46.222,2486.47,285.0,11237,7,100,0,0,-59.5,1512.8,15.7
21,DEV,AlphaTauri,52,46.428,2502.83,285.9,11276,7,100,0,0,-62.7,1530.3,15.7
21,DEV,AlphaTauri,52,46.462,2505.54,286.0,11282,7,100,0,0,-63.2,1532.9,15.7
21,DEV,AlphaTauri,52,46.742,2527.78,286.0,11279,7,100,0,0,-67.5,1552.0,15.7
21,DEV,AlphaTauri,52,46.828,2534.64,285.6,11183,7,79,0,0,-69.0,1558.4,15.7
21,DEV,AlphaTauri,52,46.888,2539.4,285.3,11115,7,64,0,0,-70.1,1563.1,15.7
21,DEV,AlphaTauri,52,46.942,2543.61,285.0,11055,7,50,1,0,-71.1,1567.3,15.7
21,DEV,AlphaTauri,52,47.181,2561.07,263.0,10134,7,0,1,0,-75.2,1585.1,15.7
21,DEV,AlphaTauri,52,47.228,2564.14,254.4,9839,7,0,1,0,-76.0,1588.4,15.7
21,DEV,AlphaTauri,52,47.408,2574.92,221.4,8709,7,0,1,0,-78.7,1600.0,15.7
21,DEV,AlphaTauri,52,47.421,2575.67,219.0,8627,7,0,1,0,-78.9,1600.8,15.7
21,DEV,AlphaTauri,52,47.568,2584.06,206.1,8118,7,0,1,0,-80.7,1609.2,15.7
21,DEV,AlphaTauri,52,47.581,2584.78,205.0,8073,7,0,1,0,-80.9,1609.9,15.7
21,DEV,AlphaTauri,52,47.728,2592.69,194.9,8376,7,0,1,0,-82.5,1617.6,15.7
21,DEV,AlphaTauri,52,47.901,2601.05,183.0,8732,6,0,1,0,-84.6,1627.9,15.7
21,DEV,AlphaTauri,52,48.068,2607.81,159.5,9498,6,0,1,0,-86.2,1636.5,15.6
21,DEV,AlphaTauri,52,48.221,2613.32,138.0,10199,6,0,1,0,-87.0,1641.1,15.6
21,DEV,AlphaTauri,52,48.368,2618.39,127.0,10606,6,0,1,0,-87.4,1644.7,15.6
21,DEV,AlphaTauri,52,48.421,2620.15,123.0,10753,6,0,1,0,-87.6,1646.4,15.6
21,DEV,AlphaTauri,52,48.588,2625.44,115.3,9960,6,0,1,0,-88.0,1652.1,15.6
21,DEV,AlphaTauri,52,48.661,2627.62,112.0,9614,4,0,1,0,-88.1,1654.3,15.6
21,DEV,AlphaTauri,52,48.821,2632.11,101.0,8593,2,0,1,0,-88.0,1658.6,15.6
21,DEV,AlphaTauri,52,48.908,2634.47,98.3,8291,2,0,1,0,-87.3,1661.3,15.6
21,DEV,AlphaTauri,52,48.981,2636.37,96.0,8038,2,0,1,0,-86.4,1663.9,15.6
21,DEV,AlphaTauri,52,49.108,2639.47,90.2,7529,2,0,1,0,-84.6,1667.9,15.5
21,DEV,AlphaTauri,52,49.221,2642.04,85.0,7077,2,0,1,0,-83.8,1669.3,15.5
21,DEV,AlphaTauri,52,49.328,2644.38,82.5,6821,2,0,1,0,-83.0,1670.1,15.5
21,DEV,AlphaTauri,52,49.527,2648.47,78.0,6345,2,0,1,0,-79.7,1672.9,15.5
21,DEV,AlphaTauri,52,49.701,2651.91,74.0,5929,2,0,1,0,-76.7,1674.7,15.5
21,DEV,AlphaTauri,52,49.907,2655.84,69.6,5630,2,0,1,0,-72.5,1675.7,15.5
21,DEV,AlphaTauri,52,49.981,2657.2,68.0,5523,2,0,0,0,-70.5,1675.9,15.5
21,DEV,AlphaTauri,52,50.087,2659.08,66.0,5296,2,0,0,0,-67.7,1676.0,15.6
21,DEV,AlphaTauri,52,50.301,2662.71,62.0,4839,2,0,0,0,-64.8,1675.7,15.6
21,DEV,AlphaTauri,52,50.427,2664.79,59.6,5231,2,10,0,0,-63.4,1675.0,15.6
21,DEV,AlphaTauri,52,50.461,2665.33,59.0,5337,2,13,0,0,-62.9,1674.7,15.6
21,DEV,AlphaTauri,52,50.621,2667.82,56.0,5514,2,28,0,0,-60.1,1673.0,15.5
21,DEV,AlphaTauri,52,50.747,2669.88,58.0,5647,2,34,0,0,-58.0,1671.5,15.5
21,DEV,AlphaTauri,52,50.941,2673.24,61.0,5852,2,44,0,0,-55.7,1669.1,15.5
21,DEV,AlphaTauri,52,51.147,2676.96,64.2,6085,2,48,0,0,-54.0,1666.6,15.5
21,DEV,AlphaTauri,52,51.262,2679.13,66.0,6215,2,50,0,0,-53.1,1665.3,15.5
21,DEV,AlphaTauri,52,51.387,2681.57,69.1,6573,2,53,0,0,-52.0,1663.4,15.5
21,DEV,AlphaTauri,52,51.542,2684.8,73.0,7017,2,57,0,0,-50.3,1659.8,15.6
21,DEV,AlphaTauri,52,51.687,2688.15,78.3,7458,2,59,0,0,-49.3,1657.7,15.6
21,DEV,AlphaTauri,52,51.847,2692.17,84.1,7944,2,61,0,0,-49.6,1658.6,15.6
21,DEV,AlphaTauri,52,51.982,2695.68,89.0,8355,2,63,0,0,-48.8,1656.4,15.6
21,DEV,AlphaTauri,52,52.127,2699.56,93.3,8898,2,67,0,0,-47.2,1652.0,15.5
21,DEV,AlphaTauri,52,52.308,2704.65,98.8,9575,2,72,0,0,-45.6,1646.7,15.5
21,DEV,AlphaTauri,52,52.382,2706.9,101.0,9852,2,74,0,0,-45.0,1644.6,15.5
21,DEV,AlphaTauri,52,52.608,2714.39,113.4,10749,2,80,0,0,-43.5,1637.9,15.5
21,DEV,AlphaTauri,52,52.782,2720.57,123.0,11440,2,85,0,0,-42.4,1632.1,15.5
21,DEV,AlphaTauri,52,52.788,2720.79,123.4,11431,2,85,0,0,-42.4,1631.9,15.5
21,DEV,AlphaTauri,52,52.942,2726.48,133.0,11192,2,91,0,0,-41.8,1627.1,15.5
21,DEV,AlphaTauri,52,52.988,2728.26,135.3,11143,2,93,0,0,-41.6,1625.5,15.5
21,DEV,AlphaTauri,52,53.142,2734.43,143.0,10978,3,100,0,0,-41.0,1619.6,15.5
21,DEV,AlphaTauri,52,53.188,2736.29,144.4,10996,3,100,0,0,-40.8,1617.7,15.5
21,DEV,AlphaTauri,52,53.342,2742.7,149.0,11056,3,100,0,0,-40.2,1611.4,15.5
21,DEV,AlphaTauri,52,53.388,2744.74,152.1,11254,3,100,0,0,-40.1,1609.5,15.5
21,DEV,AlphaTauri,52,53.588,2754.15,165.7,12114,3,100,0,0,-39.5,1601.0,15.5
21,DEV,AlphaTauri,52,53.622,2755.77,168.0,12260,3,100,0,0,-39.4,1599.5,15.5
21,DEV,AlphaTauri,52,53.768,2762.73,171.7,11779,3,100,0,0,-38.7,1592.6,15.5
21,DEV,AlphaTauri,52,53.781,2763.37,172.0,11736,3,100,0,0,-38.6,1592.0,15.5
21,DEV,AlphaTauri,52,53.848,2766.67,174.5,11630,3,100,0,0,-38.3,1588.8,15.5
21,DEV,AlphaTauri,52,54.101,2779.72,184.0,11232,4,100,0,0,-36.4,1576.5,15.4
21,DEV,AlphaTauri,52,54.248,2787.63,190.7,11677,4,100,0,0,-34.8,1569.0,15.4
21,DEV,AlphaTauri,52,54.341,2792.72,195.0,11958,4,100,0,0,-33.6,1564.1,15.4
21,DEV,AlphaTauri,52,54.428,2797.55,197.2,11692,4,100,0,0,-32.3,1559.6,15.4
21,DEV,AlphaTauri,52,54.581,2806.12,201.0,11223,4,100,0,0,-29.9,1551.8,15.3
21,DEV,AlphaTauri,52,54.648,2809.89,202.0,10998,4,100,0,0,-28.5,1547.9,15.2
21,DEV,AlphaTauri,52,54.781,2817.46,204.0,10552,5,100,0,0,-25.1,1538.7,15.1
21,DEV,AlphaTauri,52,54.848,2821.34,206.2,10690,5,100,0,0,-23.2,1533.9,15.0
21,DEV,AlphaTauri,52,55.061,2834.02,213.0,11128,5,100,0,0,-17.4,1519.7,14.8
21,DEV,AlphaTauri,52,55.208,2843.11,218.5,11325,5,100,0,0,-14.0,1511.7,14.7
21,DEV,AlphaTauri,52,55.381,2854.02,225.0,11556,5,100,0,0,-11.2,1505.0,14.6
21,DEV,AlphaTauri,52,55.528,2863.35,227.3,11627,5,100,0,0,-8.6,1499.0,14.6
21,DEV,AlphaTauri,52,55.701,2874.47,230.0,11710,5,100,0,0,-4.4,1489.0,14.6
21,DEV,AlphaTauri,52,55.828,2882.8,234.4,11129,5,100,0,0,-1.1,1481.3,14.6
21,DEV,AlphaTauri,52,55.901,2887.63,237.0,10795,5,100,0,0,0.6,1477.2,14.6
21,DEV,AlphaTauri,52,56.061,2898.34,241.0,10923,5,100,0,0,4.5,1467.9,14.6
21,DEV,AlphaTauri,52,56.108,2901.53,241.9,10960,5,100,0,0,6.1,1464.2,14.6
21,DEV,AlphaTauri,52,56.307,2915.21,245.8,11114,5,100,0,0,14.2,1445.4,14.6
21,DEV,AlphaTauri,52,56.421,2923.14,248.0,11203,6,100,0,0,17.2,1438.4,14.6
21,DEV,AlphaTauri,52,56.621,2937.2,253.0,11355,6,100,0,0,20.4,1431.2,14.6
21,DEV,AlphaTauri,52,56.667,2940.47,254.0,11393,6,100,0,0,21.4,1428.8,14.6
21,DEV,AlphaTauri,52,56.827,2951.95,257.3,11526,6,100,0,0,25.9,1418.4,14.6
21,DEV,AlphaTauri,52,56.861,2954.4,258.0,11554,6,100,0,0,26.9,1416.1,14.6
21,DEV,AlphaTauri,52,57.141,2974.78,262.0,11619,6,100,0,0,34.9,1397.7,14.5
21,DEV,AlphaTauri,52,57.147,2975.22,262.1,11594,6,100,0,0,35.1,1397.3,14.5
21,DEV,AlphaTauri,52,57.327,2988.47,264.3,10859,6,100,0,0,40.4,1385.3,14.5
21,DEV,AlphaTauri,52,57.461,2998.42,266.0,10312,6,100,0,0,45.1,1374.4,14.4
21,DEV,AlphaTauri,52,57.547,3004.84,267.4,10512,6,100,0,0,48.0,1367.6,14.4
21,DEV,AlphaTauri,52,57.701,3016.42,270.0,10869,7,100,0,0,52.3,1357.6,14.3
21,DEV,AlphaTauri,52,57.907,3032.08,272.6,10949,7,100,0,0,57.4,1345.4,14.2
21,DEV,AlphaTauri,52,58.067,3044.36,274.6,11011,7,100,0,0,62.1,1334.2,14.0
21,DEV,AlphaTauri,52,58.102,3047.05,275.0,11025,7,100,0,0,63.1,1331.8,14.0
21,DEV,AlphaTauri,52,58.347,3066.03,278.5,11022,7,100,0,0,70.3,1314.2,13.7
21,DEV,AlphaTauri,52,58.382,3068.75,279.0,11021,7,100,0,0,71.7,1310.7,13.6
21,DEV,AlphaTauri,52,58.527,3080.1,280.8,11119,7,100,0,0,77.8,1295.5,13.4
21,DEV,AlphaTauri,52,58.622,3087.55,282.0,11184,7,100,0,0,80.7,1288.3,13.3
21,DEV,AlphaTauri,52,58.888,3108.53,283.9,11296,7,100,0,0,86.4,1273.5,13.2
21,DEV,AlphaTauri,52,58.902,3109.64,284.0,11302,7,100,0,0,86.8,1272.3,13.2
21,DEV,AlphaTauri,52,59.142,3128.78,287.0,11314,7,100,0,0,95.4,1248.6,13.1
21,DEV,AlphaTauri,52,59.148,3129.26,287.0,11316,7,100,0,0,95.6,1248.1,13.1
21,DEV,AlphaTauri,52,59.382,3147.98,288.0,11397,7,100,0,0,100.4,1234.0,13.0
21,DEV,AlphaTauri,52,59.542,3160.82,289.0,11425,7,100,0,0,103.1,1225.5,13.0
21,DEV,AlphaTauri,52,59.568,3162.91,289.2,11431,7,100,0,0,103.6,1223.8,13.0
21,DEV,AlphaTauri,52,59.788,3180.7,290.8,11483,7,100,0,0,108.8,1206.8,13.0
21,DEV,AlphaTauri,52,59.822,3183.45,291.0,11491,7,100,0,0,109.6,1204.1,13.0
21,DEV,AlphaTauri,52,59.988,3196.95,292.2,11503,7,100,0,0,113.3,1191.3,13.0
21,DEV,AlphaTauri,52,60.048,3201.84,292.6,11507,7,100,0,0,114.6,1186.6,13.0
21,DEV,AlphaTauri,52,60.102,3206.24,293.0,11511,7,100,0,0,115.8,1182.4,13.0
21,DEV,AlphaTauri,52,60.288,3221.43,293.9,10698,7,100,0,0,119.8,1167.7,13.0
21,DEV,AlphaTauri,52,60.302,3222.58,294.0,10637,7,100,0,0,120.1,1166.6,13.0
21,DEV,AlphaTauri,52,60.548,3242.8,295.8,10554,7,100,0,0,125.2,1147.2,13.0
21,DEV,AlphaTauri,52,60.581,3245.52,296.0,10543,8,100,0,0,125.8,1144.8,13.0
21,DEV,AlphaTauri,52,60.768,3260.92,296.7,10584,8,100,0,0,129.5,1129.6,13.0
21,DEV,AlphaTauri,52,60.861,3268.62,297.0,10605,8,100,0,0,132.2,1118.4,13.0
21,DEV,AlphaTauri,52,61.028,3282.51,298.4,10637,8,100,0,0,137.3,1097.4,12.9
21,DEV,AlphaTauri,52,61.221,3298.62,300.0,10675,8,100,0,0,140.0,1086.1,12.9
21,DEV,AlphaTauri,52,61.408,3314.2,300.0,10745,8,100,0,0,141.9,1078.0,12.9
21,DEV,AlphaTauri,52,61.421,3315.28,300.0,10750,8,100,0,0,142.1,1077.2,12.9
21,DEV,AlphaTauri,52,61.581,3328.66,301.0,10750,8,100,0,0,145.1,1064.1,12.8
21,DEV,AlphaTauri,52,61.648,3334.27,301.3,10747,8,100,0,0,146.5,1058.4,12.8
21,DEV,AlphaTauri,52,61.781,3345.44,302.0,10740,8,100,0,0,149.1,1047.6,12.8
21,DEV,AlphaTauri,52,61.808,3347.71,302.1,10742,8,100,0,0,149.6,1045.4,12.8
21,DEV,AlphaTauri,52,62.021,3365.64,303.0,10757,8,100,0,0,153.7,1027.9,12.8
21,DEV,AlphaTauri,52,62.048,3367.91,303.0,10764,8,100,0,0,154.2,1025.7,12.8
21,DEV,AlphaTauri,52,62.128,3374.64,303.0,10784,8,100,0,0,155.7,1019.2,12.8
21,DEV,AlphaTauri,52,62.181,3379.11,303.0,10797,8,100,0,0,156.8,1014.2,12.8
21,DEV,AlphaTauri,52,62.341,3392.62,304.0,10816,8,100,0,0,161.1,995.9,12.6
21,DEV,AlphaTauri,52,62.468,3403.34,304.0,10844,8,100,0,0,164.1,983.0,12.5
21,DEV,AlphaTauri,52,62.541,3409.51,304.0,10860,8,100,0,0,165.5,977.2,12.5
21,DEV,AlphaTauri,52,62.847,3435.43,305.0,10859,8,100,0,0,169.5,959.9,12.7
21,DEV,AlphaTauri,52,62.861,3436.62,305.0,10859,8,100,0,0,169.7,959.0,12.7
21,DEV,AlphaTauri,52,63.067,3454.18,306.5,10875,8,100,0,0,173.8,941.7,12.7
21,DEV,AlphaTauri,52,63.141,3460.49,307.0,10881,8,100,0,0,176.1,931.8,12.7
21,DEV,AlphaTauri,52,63.287,3472.95,307.0,10906,8,100,0,0,180.7,911.9,12.6
21,DEV,AlphaTauri,52,63.421,3484.37,307.0,10929,8,100,0,0,182.5,903.9,12.6
21,DEV,AlphaTauri,52,63.587,3498.52,307.0,10947,8,100,0,0,183.8,898.5,12.6
21,DEV,AlphaTauri,52,63.741,3511.66,307.0,10963,8,100,0,0,186.6,886.3,12.6
21,DEV,AlphaTauri,52,63.827,3519.01,307.3,10965,8,100,0,0,188.4,878.6,12.6
21,DEV,AlphaTauri,52,64.061,3539.04,308.0,10971,8,100,0,0,192.8,859.6,12.6
21,DEV,AlphaTauri,52,64.187,3549.84,308.4,10969,8,100,0,0,195.3,848.5,12.6
21,DEV,AlphaTauri,52,64.382,3566.59,309.0,10966,8,100,0,0,199.7,828.9,12.6
21,DEV,AlphaTauri,52,64.387,3567.02,309.0,10967,8,100,0,0,199.8,828.4,12.6
21,DEV,AlphaTauri,52,64.627,3587.69,309.7,11000,8,100,0,0,205.3,804.3,12.7
21,DEV,AlphaTauri,52,64.742,3597.59,310.0,11016,8,100,0,0,207.6,794.3,12.7
21,DEV,AlphaTauri,52,64.867,3608.35,310.0,11022,8,100,0,0,210.0,784.1,12.7
21,DEV,AlphaTauri,52,64.942,3614.81,310.0,11025,8,100,0,0,211.5,777.8,12.7
21,DEV,AlphaTauri,52,65.127,3630.79,310.8,11043,8,100,0,0,215.1,762.2,12.7
21,DEV,AlphaTauri,52,65.182,3635.55,311.0,11048,8,100,0,0,216.2,757.7,12.7
21,DEV,AlphaTauri,52,65.287,3644.62,311.0,11054,8,100,0,0,218.3,748.8,12.7
21,DEV,AlphaTauri,52,65.448,3658.53,311.0,11064,8,100,0,0,222.0,733.6,12.8
21,DEV,AlphaTauri,52,65.462,3659.74,311.0,11065,8,100,0,0,222.3,732.3,12.8
21,DEV,AlphaTauri,52,65.662,3676.96,310.0,11041,8,100,0,0,226.3,715.7,12.7
21,DEV,AlphaTauri,52,65.668,3677.47,310.0,11040,8,100,0,0,226.4,715.2,12.7
21,DEV,AlphaTauri,52,65.868,3694.71,310.0,11005,8,100,0,0,230.4,698.4,12.8
21,DEV,AlphaTauri,52,65.982,3704.51,310.0,10985,8,100,0,0,232.5,689.5,12.9
21,DEV,AlphaTauri,52,66.088,3713.61,308.6,11016,8,80,0,0,234.4,681.6,12.9
21,DEV,AlphaTauri,52,66.348,3735.63,305.0,11091,8,31,0,0,239.6,659.9,13.0
21,DEV,AlphaTauri,52,66.422,3741.67,304.0,11112,8,17,0,0,241.8,650.5,13.0
21,DEV,AlphaTauri,52,66.548,3751.68,291.9,10734,8,9,0,0,245.6,634.4,13.0
21,DEV,AlphaTauri,52,66.702,3763.21,277.0,10272,8,0,1,0,248.0,624.2,13.1
21,DEV,AlphaTauri,52,66.908,3776.93,246.1,9527,8,0,1,0,249.6,617.7,13.1
21,DEV,AlphaTauri,52,66.982,3781.49,235.0,9260,8,0,1,0,250.5,613.9,13.1
21,DEV,AlphaTauri,52,67.228,3795.45,208.0,9407,8,0,1,0,254.0,598.5,13.1
21,DEV,AlphaTauri,52,67.268,3797.53,203.6,9431,8,0,1,0,254.5,596.4,13.2
21,DEV,AlphaTauri,52,67.301,3799.21,200.0,9451,8,0,1,0,254.9,594.7,13.3
21,DEV,AlphaTauri,52,67.541,3810.48,169.0,9924,8,0,1,0,257.5,583.0,13.2
21,DEV,AlphaTauri,52,67.608,3813.43,164.5,10142,8,0,1,0,258.1,579.7,13.2
21,DEV,AlphaTauri,52,67.781,3820.68,153.0,10704,8,0,1,0,259.5,570.9,13.2
21,DEV,AlphaTauri,52,67.868,3824.12,148.0,10340,8,0,1,0,260.0,567.0,13.2
21,DEV,AlphaTauri,52,68.061,3831.34,137.0,9531,5,0,1,0,260.5,560.7,13.2
21,DEV,AlphaTauri,52,68.128,3833.76,134.6,9360,5,0,1,0,260.5,558.7,13.2
21,DEV,AlphaTauri,52,68.341,3841.21,127.0,8815,3,0,1,0,260.1,551.6,13.1
21,DEV,AlphaTauri,52,68.448,3844.86,125.0,8692,3,0,1,0,259.6,548.0,13.1
21,DEV,AlphaTauri,52,68.661,3851.97,121.0,8447,3,0,0,0,257.6,541.4,13.1
21,DEV,AlphaTauri,52,68.708,3853.53,120.5,8435,3,3,0,0,257.0,540.0,13.1
21,DEV,AlphaTauri,52,68.861,3858.58,119.0,8395,3,13,0,0,254.7,535.4,13.1
21,DEV,AlphaTauri,52,68.888,3859.47,119.1,8429,3,16,0,0,254.2,534.6,13.1
21,DEV,AlphaTauri,52,69.048,3864.78,119.4,8630,3,34,0,0,251.4,530.0,13.1
21,DEV,AlphaTauri,52,69.148,3868.12,119.6,8755,3,45,0,0,249.6,527.2,13.0
21,DEV,AlphaTauri,52,69.341,3874.58,120.0,8997,3,67,0,0,245.7,520.2,12.9
21,DEV,AlphaTauri,52,69.501,3880.0,122.0,9075,3,67,0,0,243.0,514.4,12.9
21,DEV,AlphaTauri,52,69.527,3880.9,122.6,9158,3,64,0,0,242.7,513.7,12.9
21,DEV,AlphaTauri,52,69.701,3887.06,127.0,9715,3,46,0,0,241.5,509.9,12.9
21,DEV,AlphaTauri,52,69.787,3890.12,128.1,9636,3,50,0,0,241.1,507.8,12.9
21,DEV,AlphaTauri,52,69.861,3892.79,129.0,9568,3,53,0,0,240.7,505.4,12.9
21,DEV,AlphaTauri,52,70.007,3898.22,132.1,9839,3,65,0,0,239.9,500.0,12.8
21,DEV,AlphaTauri,52,70.141,3903.29,135.0,10088,3,76,0,0,239.5,495.1,12.8
21,DEV,AlphaTauri,52,70.287,3908.83,136.8,10511,3,77,0,0,239.5,489.4,12.8
21,DEV,AlphaTauri,52,70.301,3909.38,137.0,10552,3,77,0,0,239.5,488.8,12.8
21,DEV,AlphaTauri,52,70.541,3919.25,148.0,11384,3,92,0,0,240.1,477.5,12.7
21,DEV,AlphaTauri,52,70.587,3921.21,150.1,11502,3,94,0,0,240.3,475.6,12.7
21,DEV,AlphaTauri,52,70.741,3927.97,157.0,11896,3,100,0,0,240.9,470.1,12.7
21,DEV,AlphaTauri,52,70.847,3932.82,161.3,11539,3,100,0,0,241.5,466.2,12.7
21,DEV,AlphaTauri,52,71.047,3942.39,169.4,10866,3,100,0,0,243.0,457.2,12.6
21,DEV,AlphaTauri,52,71.062,3943.13,170.0,10816,3,100,0,0,243.1,456.5,12.6
21,DEV,AlphaTauri,52,71.367,3958.52,181.4,11146,3,100,0,0,246.2,441.8,12.6
21,DEV,AlphaTauri,52,71.382,3959.3,182.0,11162,4,100,0,0,246.4,440.9,12.6
21,DEV,AlphaTauri,52,71.627,3972.39,190.2,11730,4,100,0,0,250.2,426.3,12.6
21,DEV,AlphaTauri,52,71.742,3978.7,194.0,11997,4,100,0,0,251.6,421.1,12.6
21,DEV,AlphaTauri,52,71.942,3989.93,202.0,10877,4,100,0,0,254.3,411.9,12.7
21,DEV,AlphaTauri,52,71.948,3990.27,202.2,10881,4,100,0,0,254.4,411.5,12.7
21,DEV,AlphaTauri,52,72.222,4006.42,212.0,11051,5,100,0,0,260.8,389.5,12.7
21,DEV,AlphaTauri,52,72.228,4006.78,212.2,11059,5,100,0,0,260.9,389.1,12.7
21,DEV,AlphaTauri,52,72.622,4031.3,224.0,11558,5,100,0,0,265.2,374.2,12.8
21,DEV,AlphaTauri,52,72.628,4031.68,224.1,11560,5,100,0,0,265.3,373.9,12.8
21,DEV,AlphaTauri,52,72.782,4041.35,226.0,11605,5,100,0,0,267.8,364.7,12.7
21,DEV,AlphaTauri,52,72.828,4044.27,227.1,11660,5,100,0,0,268.6,361.9,12.7
21,DEV,AlphaTauri,52,72.982,4054.18,231.0,11844,5,100,0,0,271.0,352.6,12.8
21,DEV,AlphaTauri,52,73.008,4055.88,231.6,11753,5,100,0,0,271.5,350.8,12.8
21,DEV,AlphaTauri,52,73.182,4067.29,236.0,11144,5,100,0,0,275.2,336.7,12.8
21,DEV,AlphaTauri,52,73.248,4071.62,236.3,11058,5,100,0,0,276.4,331.9,12.8
21,DEV,AlphaTauri,52,73.382,4080.46,237.0,10884,6,100,0,0,278.3,324.5,12.8
21,DEV,AlphaTauri,52,73.542,4091.3,244.0,10994,6,100,0,0,280.3,316.7,12.8
21,DEV,AlphaTauri,52,73.548,4091.71,244.1,10996,6,100,0,0,280.4,316.3,12.8
21,DEV,AlphaTauri,52,73.708,4102.71,246.8,11053,6,100,0,0,283.1,305.7,12.8
21,DEV,AlphaTauri,52,73.782,4107.84,248.0,11079,6,100,0,0,284.4,300.6,12.8
21,DEV,AlphaTauri,52,73.988,4122.3,252.3,11333,6,100,0,0,287.8,286.9,12.8
21,DEV,AlphaTauri,52,74.021,4124.63,253.0,11374,6,100,0,0,288.3,284.8,12.8
21,DEV,AlphaTauri,52,74.168,4135.09,255.1,11438,6,100,0,0,291.0,274.6,12.8
21,DEV,AlphaTauri,52,74.301,4144.62,257.0,11496,6,100,0,0,294.6,260.6,12.8
21,DEV,AlphaTauri,52,74.448,4155.23,259.8,11590,6,100,0,0,298.6,245.3,12.8
21,DEV,AlphaTauri,52,74.461,4156.18,260.0,11598,6,100,0,0,298.9,244.3,12.8
21,DEV,AlphaTauri,52,74.741,4176.71,264.0,10558,6,100,0,0,301.9,232.7,12.8
21,DEV,AlphaTauri,52,74.828,4183.1,264.4,10592,6,100,0,0,303.0,228.3,12.8
21,DEV,AlphaTauri,52,74.981,4194.38,265.0,10653,7,100,0,0,305.9,217.4,12.8
21,DEV,AlphaTauri,52,74.988,4194.9,265.2,10657,7,100,0,0,306.0,216.9,12.8
21,DEV,AlphaTauri,52,75.221,4212.45,271.0,10776,7,100,0,0,310.4,200.2,12.8
21,DEV,AlphaTauri,52,75.288,4217.54,271.8,10801,7,100,0,0,311.7,195.2,12.8
21,DEV,AlphaTauri,52,75.541,4236.89,275.0,10895,7,100,0,0,317.3,173.9,12.8
21,DEV,AlphaTauri,52,75.548,4237.43,275.1,10898,7,100,0,0,317.5,173.2,12.8
21,DEV,AlphaTauri,52,75.741,4252.28,277.0,10979,7,100,0,0,322.5,153.2,12.8
21,DEV,AlphaTauri,52,75.907,4265.14,278.7,11029,7,100,0,0,326.1,138.5,12.8
21,DEV,AlphaTauri,52,75.941,4267.78,279.0,11039,7,100,0,0,326.6,136.3,12.8
21,DEV,AlphaTauri,52,76.101,4280.22,280.0,11116,7,100,0,0,328.2,129.5,12.9
21,DEV,AlphaTauri,52,76.247,4291.66,281.8,11161,7,100,0,0,329.5,123.2,12.9
21,DEV,AlphaTauri,52,76.261,4292.76,282.0,11165,7,100,0,0,329.7,122.4,12.9
21,DEV,AlphaTauri,52,76.467,4309.0,283.5,11205,7,100,0,0,332.4,108.6,12.8
21,DEV,AlphaTauri,52,76.541,4314.85,284.0,11220,7,100,0,0,333.3,103.5,12.8
21,DEV,AlphaTauri,52,76.656,4323.95,284.7,11327,7,100,0,0,334.7,95.7,13.0
63,RUS,Mercedes,44,0.0,0.1,283.3,11038,7,100,0,0,334.5,97.4,13.0
63,RUS,Mercedes,44,0.034,2.79,283.6,10941,7,100,0,0,335.0,94.1,13.0
63,RUS,Mercedes,44,0.185,14.76,285.0,10506,8,100,0,0,337.2,76.9,12.8
63,RUS,Mercedes,44,0.234,18.64,285.2,10530,8,100,0,0,337.8,72.2,12.8
63,RUS,Mercedes,44,0.385,30.65,286.0,10603,8,100,0,0,338.6,63.3,12.8
63,RUS,Mercedes,44,0.493,39.28,286.9,10603,8,100,0,0,338.9,57.9,12.8
63,RUS,Mercedes,44,0.625,49.85,288.0,10603,8,100,0,0,339.2,48.8,12.8
63,RUS,Mercedes,44,0.873,69.61,287.4,10585,8,100,0,0,339.5,27.6,12.8
63,RUS,Mercedes,44,1.025,81.74,287.0,10574,8,100,0,0,339.0,15.4,12.8
63,RUS,Mercedes,44,1.033,82.38,287.0,10573,8,100,0,0,339.0,14.8,12.8
63,RUS,Mercedes,44,1.113,88.78,287.0,10560,8,100,0,0,338.7,8.5,12.9
63,RUS,Mercedes,44,1.225,97.68,287.0,10542,8,100,0,0,338.1,-0.4,12.9
63,RUS,Mercedes,44,1.333,106.08,283.7,10417,8,70,0,0,337.4,-8.9,12.9
63,RUS,Mercedes,44,1.553,122.84,276.9,10164,8,9,0,0,335.7,-26.0,13.0
63,RUS,Mercedes,44,1.584,125.2,276.0,10128,8,0,0,0,335.4,-28.4,13.0
63,RUS,Mercedes,44,1.853,145.43,270.2,9873,8,0,0,0,333.1,-48.6,13.0
63,RUS,Mercedes,44,1.864,146.2,270.0,9863,8,0,1,0,333.0,-49.4,13.0
63,RUS,Mercedes,44,2.073,159.99,239.5,8629,8,0,1,0,331.2,-63.9,13.1
63,RUS,Mercedes,44,2.104,161.87,235.0,8446,8,0,1,0,331.0,-65.8,13.1
63,RUS,Mercedes,44,2.293,172.43,211.4,8062,8,0,1,0,329.8,-77.2,13.2
63,RUS,Mercedes,44,2.384,177.43,200.0,7877,8,0,1,0,329.2,-84.6,13.2
63,RUS,Mercedes,44,2.533,185.88,200.0,8059,8,0,1,0,328.3,-97.6,13.3
63,RUS,Mercedes,44,2.624,190.76,200.0,8170,8,0,1,0,328.1,-103.8,13.3
63,RUS,Mercedes,44,2.825,200.2,169.0,8540,7,0,1,0,328.3,-112.9,13.4
63,RUS,Mercedes,44,2.953,205.9,161.8,8463,7,0,1,0,328.5,-116.6,13.4
63,RUS,Mercedes,44,2.985,207.31,160.0,8444,6,0,1,0,328.5,-117.3,13.4
63,RUS,Mercedes,44,3.253,218.61,153.3,8956,6,0,1,0,329.4,-123.5,13.3
63,RUS,Mercedes,44,3.345,222.41,151.0,9132,4,0,1,0,330.9,-129.0,13.3
63,RUS,Mercedes,44,3.473,227.66,149.2,8994,4,0,1,0,333.4,-137.3,13.3
63,RUS,Mercedes,44,3.705,237.01,146.0,8745,4,0,0,0,335.9,-143.0,13.3
63,RUS,Mercedes,44,3.853,242.73,141.8,8739,4,1,0,0,337.7,-145.1,13.3
63,RUS,Mercedes,44,3.985,247.74,138.0,8733,4,2,0,0,340.2,-148.4,13.3
63,RUS,Mercedes,44,4.194,255.57,136.3,8574,4,19,0,0,347.0,-155.7,13.4
63,RUS,Mercedes,44,4.345,261.24,135.0,8459,4,31,0,0,354.7,-161.7,13.5
63,RUS,Mercedes,44,4.374,262.34,135.0,8390,4,27,0,0,356.1,-162.7,13.5
63,RUS,Mercedes,44,4.545,268.74,135.0,7985,4,6,1,0,362.0,-166.7,13.5
63,RUS,Mercedes,44,4.785,277.01,124.0,8682,4,0,1,0,366.8,-169.1,13.5
63,RUS,Mercedes,44,4.814,277.96,123.0,8660,4,0,1,0,367.4,-169.4,13.5
63,RUS,Mercedes,44,5.065,285.87,114.0,8474,4,0,1,0,373.2,-172.5,13.5
63,RUS,Mercedes,44,5.154,288.49,109.9,8489,4,0,1,0,375.4,-173.8,13.5
63,RUS,Mercedes,44,5.305,292.74,103.0,8514,3,0,1,0,379.1,-176.1,13.5
63,RUS,Mercedes,44,5.334,293.53,102.2,8445,3,0,1,0,379.8,-176.6,13.5
63,RUS,Mercedes,44,5.625,301.1,94.0,7752,2,0,1,0,385.3,-181.8,13.5
63,RUS,Mercedes,44,5.634,301.32,93.8,7734,2,0,1,0,385.4,-182.0,13.5
63,RUS,Mercedes,44,5.794,305.23,89.8,7414,2,0,1,0,387.4,-185.3,13.5
63,RUS,Mercedes,44,5.905,307.86,87.0,7192,2,0,1,0,388.3,-187.8,13.5
63,RUS,Mercedes,44,6.014,310.38,85.3,7056,2,0,1,0,388.7,-190.3,13.5
63,RUS,Mercedes,44,6.214,314.9,82.2,6807,2,0,1,0,388.7,-195.0,13.6
63,RUS,Mercedes,44,6.225,315.15,82.0,6793,2,0,0,0,388.7,-195.3,13.6
63,RUS,Mercedes,44,6.294,316.7,81.1,6727,2,0,0,0,388.5,-196.9,13.6
63,RUS,Mercedes,44,6.385,318.71,80.0,6641,2,0,0,0,388.2,-199.0,13.6
63,RUS,Mercedes,44,6.494,321.02,77.3,6674,2,0,0,0,387.7,-201.3,13.6
63,RUS,Mercedes,44,6.545,322.08,76.0,6690,2,0,0,0,387.4,-202.3,13.6
63,RUS,Mercedes,44,6.745,326.25,75.0,6686,2,5,0,0,386.2,-206.0,13.6
63,RUS,Mercedes,44,6.834,328.1,75.0,6810,2,12,0,0,385.3,-208.0,13.7
63,RUS,Mercedes,44,6.945,330.42,75.0,6965,2,20,0,0,383.8,-211.1,13.8
63,RUS,Mercedes,44,7.014,331.88,75.6,7031,2,22,0,0,382.8,-212.9,13.9
63,RUS,Mercedes,44,7.265,337.35,78.0,7269,2,27,0,0,379.2,-217.6,14.0
63,RUS,Mercedes,44,7.465,341.85,81.0,7665,2,39,0,0,376.7,-219.9,14.1
63,RUS,Mercedes,44,7.473,342.04,81.2,7679,2,39,0,0,376.6,-220.0,14.1
63,RUS,Mercedes,44,7.753,348.93,88.2,8155,2,45,0,0,373.2,-222.4,14.2
63,RUS,Mercedes,44,7.785,349.76,89.0,8209,2,46,0,0,372.5,-222.7,14.2
63,RUS,Mercedes,44,8.093,358.21,98.6,9108,2,59,0,0,362.9,-226.0,14.5
63,RUS,Mercedes,44,8.105,358.56,99.0,9143,2,59,0,0,362.6,-226.1,14.5
63,RUS,Mercedes,44,8.333,365.54,107.0,9491,2,65,0,0,358.3,-226.7,14.6
63,RUS,Mercedes,44,8.504,371.09,113.0,9752,2,69,0,0,353.2,-227.0,14.8
63,RUS,Mercedes,44,8.633,375.41,117.1,9498,2,72,0,0,348.9,-227.2,15.0
63,RUS,Mercedes,44,8.784,380.58,122.0,9200,3,75,0,0,344.4,-227.3,15.1
63,RUS,Mercedes,44,8.913,385.01,123.8,9740,3,76,0,0,339.4,-227.2,15.3
63,RUS,Mercedes,44,9.064,390.38,126.0,10372,3,78,0,0,330.9,-226.7,15.8
63,RUS,Mercedes,44,9.113,392.2,128.6,10469,3,79,0,0,328.1,-226.5,15.9
63,RUS,Mercedes,44,9.344,401.34,141.0,10926,3,82,0,0,317.6,-225.0,16.3
63,RUS,Mercedes,44,9.533,409.54,150.4,11429,3,91,0,0,312.0,-224.0,16.5
63,RUS,Mercedes,44,9.705,417.29,159.0,11886,3,100,0,0,309.3,-223.7,16.5
63,RUS,Mercedes,44,9.933,427.64,163.4,11316,3,100,0,0,298.5,-220.7,16.8
63,RUS,Mercedes,44,10.065,433.89,166.0,10986,4,100,0,0,282.6,-215.7,17.2
63,RUS,Mercedes,44,10.093,435.25,168.3,11088,4,100,0,0,279.6,-214.8,17.3
63,RUS,Mercedes,44,10.225,441.84,179.0,11570,4,100,0,0,270.4,-211.9,17.5
63,RUS,Mercedes,44,10.425,452.17,186.0,12029,4,100,0,0,267.5,-210.8,17.6
63,RUS,Mercedes,44,10.534,457.94,188.7,11532,4,100,0,0,263.6,-209.3,17.6
63,RUS,Mercedes,44,10.665,464.97,192.0,10935,5,100,0,0,255.6,-206.2,17.7
63,RUS,Mercedes,44,10.754,469.82,193.8,10989,5,100,0,0,249.9,-203.9,17.8
63,RUS,Mercedes,44,10.865,475.86,196.0,11056,5,100,0,0,244.2,-201.5,17.8
63,RUS,Mercedes,44,11.065,486.75,196.0,11205,5,100,0,0,236.8,-197.9,17.8
63,RUS,Mercedes,44,11.154,491.91,201.8,11246,5,100,0,0,233.0,-195.9,17.8
63,RUS,Mercedes,44,11.374,505.37,216.3,11346,5,100,0,0,221.8,-189.5,17.8
63,RUS,Mercedes,44,11.385,506.04,217.0,11351,5,100,0,0,221.2,-189.2,17.8
63,RUS,Mercedes,44,11.534,515.18,219.7,10982,5,100,0,0,213.6,-184.4,17.8
63,RUS,Mercedes,44,11.665,523.31,222.0,10657,6,100,0,0,206.9,-180.0,17.7
63,RUS,Mercedes,44,11.734,527.67,223.9,10721,6,100,0,0,203.3,-177.6,17.7
63,RUS,Mercedes,44,11.934,540.55,229.6,10907,6,100,0,0,192.9,-170.4,17.6
63,RUS,Mercedes,44,11.985,543.84,231.0,10954,6,100,0,0,190.2,-168.5,17.6
63,RUS,Mercedes,44,12.114,552.18,232.6,11067,6,100,0,0,183.4,-163.6,17.6
63,RUS,Mercedes,44,12.145,554.2,233.0,11094,6,100,0,0,181.8,-162.4,17.6
63,RUS,Mercedes,44,12.274,562.68,235.7,11229,6,100,0,0,175.0,-157.4,17.6
63,RUS,Mercedes,44,12.385,570.06,238.0,11346,6,100,0,0,169.2,-153.0,17.6
63,RUS,Mercedes,44,12.494,577.35,239.6,11434,6,100,0,0,163.5,-148.5,17.6
63,RUS,Mercedes,44,12.665,588.89,242.0,11572,6,100,0,0,154.5,-141.4,17.6
63,RUS,Mercedes,44,12.754,594.94,242.0,11484,6,72,0,0,149.8,-137.6,17.6
63,RUS,Mercedes,44,12.934,607.09,242.0,11306,6,16,0,0,140.3,-129.9,17.6
63,RUS,Mercedes,44,12.985,610.4,242.0,11256,6,0,0,0,137.5,-127.6,17.6
63,RUS,Mercedes,44,13.214,624.35,226.4,10526,6,0,0,0,124.1,-116.8,17.6
63,RUS,Mercedes,44,13.394,634.59,214.1,9952,6,0,0,0,113.6,-108.3,17.6
63,RUS,Mercedes,44,13.425,636.31,212.0,9853,6,0,1,0,112.1,-107.1,17.6
63,RUS,Mercedes,44,13.665,649.04,191.0,9211,6,0,1,0,103.5,-99.9,17.6
63,RUS,Mercedes,44,13.713,651.35,186.2,9211,6,0,1,0,101.9,-98.4,17.6
63,RUS,Mercedes,44,13.985,663.17,159.0,9213,6,0,1,0,92.4,-89.0,17.5
63,RUS,Mercedes,44,14.033,665.23,157.2,9157,6,0,1,0,90.9,-87.4,17.5
63,RUS,Mercedes,44,14.145,669.97,153.0,9025,5,0,1,0,87.8,-83.9,17.5
63,RUS,Mercedes,44,14.345,677.97,144.0,8656,4,0,1,0,83.3,-78.0,17.4
63,RUS,Mercedes,44,14.393,679.81,142.0,8592,4,0,1,0,82.3,-76.5,17.4
63,RUS,Mercedes,44,14.585,686.91,134.0,8336,4,0,1,0,78.6,-70.4,17.3
63,RUS,Mercedes,44,14.633,688.66,133.4,8272,4,0,1,0,77.8,-68.8,17.2
63,RUS,Mercedes,44,14.793,694.46,131.4,8058,4,0,1,0,75.8,-63.6,17.0
63,RUS,Mercedes,44,14.904,698.43,130.0,7909,4,0,0,0,74.9,-59.9,16.9
63,RUS,Mercedes,44,15.013,702.27,128.4,7928,4,4,0,0,74.4,-56.2,16.9
63,RUS,Mercedes,44,15.184,708.23,126.0,7957,4,10,0,0,74.4,-50.2,16.9
63,RUS,Mercedes,44,15.253,710.63,125.7,8003,4,14,0,0,74.6,-47.7,16.8
63,RUS,Mercedes,44,15.384,715.17,125.0,8091,4,23,0,0,75.2,-43.0,16.6
63,RUS,Mercedes,44,15.393,715.48,125.0,8089,4,24,0,0,75.2,-42.7,16.6
63,RUS,Mercedes,44,15.624,723.57,126.0,8030,4,42,0,0,76.5,-33.9,16.4
63,RUS,Mercedes,44,15.713,726.82,128.9,8219,4,53,0,0,76.8,-30.7,16.3
63,RUS,Mercedes,44,15.904,734.07,135.0,8626,4,76,0,0,77.0,-24.4,16.1
63,RUS,Mercedes,44,15.973,736.79,138.1,8933,4,77,0,0,76.9,-22.0,16.0
63,RUS,Mercedes,44,16.105,742.11,144.0,9519,4,79,0,0,76.6,-16.9,15.9
63,RUS,Mercedes,44,16.233,747.34,146.1,9586,4,75,0,0,76.0,-11.8,15.7
63,RUS,Mercedes,44,16.345,751.98,148.0,9645,4,72,0,0,75.4,-7.4,15.5
63,RUS,Mercedes,44,16.413,754.82,149.4,9692,4,71,0,0,74.7,-4.5,15.3
63,RUS,Mercedes,44,16.545,760.42,152.0,9782,4,69,0,0,72.6,2.1,14.9
63,RUS,Mercedes,44,16.693,766.86,155.7,10123,4,73,0,0,69.6,9.4,14.5
63,RUS,Mercedes,44,16.785,770.96,158.0,10335,4,76,0,0,67.8,12.9,14.4
63,RUS,Mercedes,44,17.065,783.79,165.0,10640,4,90,0,0,62.0,21.0,14.2
63,RUS,Mercedes,44,17.094,785.14,165.7,10730,4,91,0,0,61.2,22.0,14.2
63,RUS,Mercedes,44,17.265,793.23,170.0,11261,4,100,0,0,55.9,28.9,13.9
63,RUS,Mercedes,44,17.314,795.66,173.7,11326,4,100,0,0,54.3,30.9,13.8
63,RUS,Mercedes,44,17.394,799.73,179.7,11431,4,100,0,0,51.7,34.1,13.5
63,RUS,Mercedes,44,17.425,801.32,182.0,11472,4,100,0,0,50.6,35.4,13.4
63,RUS,Mercedes,44,17.625,811.88,190.0,12181,4,100,0,0,43.0,45.0,13.2
63,RUS,Mercedes,44,17.734,817.75,192.7,11672,4,100,0,0,39.2,49.7,13.2
63,RUS,Mercedes,44,17.865,824.95,196.0,11061,5,100,0,0,35.6,54.2,13.2
63,RUS,Mercedes,44,18.014,833.39,200.5,11203,5,100,0,0,31.5,59.1,13.1
63,RUS,Mercedes,44,18.234,846.23,207.1,11412,5,100,0,0,23.6,68.6,13.0
63,RUS,Mercedes,44,18.265,848.06,208.0,11441,5,100,0,0,22.4,70.0,13.0
63,RUS,Mercedes,44,18.454,859.23,212.0,11590,5,100,0,0,15.1,78.3,12.9
63,RUS,Mercedes,44,18.545,864.7,214.0,11662,5,100,0,0,11.4,82.3,12.9
63,RUS,Mercedes,44,18.694,873.84,218.1,11294,5,100,0,0,5.0,88.7,13.0
63,RUS,Mercedes,44,18.905,887.1,224.0,10772,6,100,0,0,-4.5,97.4,13.0
63,RUS,Mercedes,44,18.914,887.67,224.3,10779,6,100,0,0,-4.9,97.8,13.0
63,RUS,Mercedes,44,19.145,902.5,231.0,10971,6,100,0,0,-16.3,107.2,13.0
63,RUS,Mercedes,44,19.154,903.08,231.1,10980,6,100,0,0,-16.8,107.6,13.0
63,RUS,Mercedes,44,19.305,912.86,233.0,11139,6,100,0,0,-24.5,113.8,13.0
63,RUS,Mercedes,44,19.374,917.41,235.4,11206,6,100,0,0,-28.0,116.6,13.0
63,RUS,Mercedes,44,19.505,926.19,240.0,11334,6,100,0,0,-34.8,121.9,13.0
63,RUS,Mercedes,44,19.594,932.17,241.1,11442,6,100,0,0,-39.5,125.6,13.0
63,RUS,Mercedes,44,19.745,942.39,243.0,11625,6,100,0,0,-47.3,132.1,13.1
63,RUS,Mercedes,44,19.754,943.0,243.1,11630,6,100,0,0,-47.8,132.5,13.1
63,RUS,Mercedes,44,19.914,953.96,245.8,11723,6,100,0,0,-55.7,139.8,13.1
63,RUS,Mercedes,44,19.985,958.86,247.0,11764,6,100,0,0,-59.3,143.6,13.1
63,RUS,Mercedes,44,20.214,974.74,249.5,10747,6,100,0,0,-70.8,158.9,13.1
63,RUS,Mercedes,44,20.265,978.3,250.0,10520,6,100,0,0,-73.1,162.8,13.1
63,RUS,Mercedes,44,20.425,989.55,253.0,10564,7,100,0,0,-79.3,176.4,13.0
63,RUS,Mercedes,44,20.573,1000.01,254.1,10634,7,100,0,0,-83.7,187.5,13.0
63,RUS,Mercedes,44,20.825,1017.99,256.0,10753,7,100,0,0,-88.0,199.7,13.0
63,RUS,Mercedes,44,21.013,1031.55,259.1,10816,7,100,0,0,-90.2,208.4,13.0
63,RUS,Mercedes,44,21.065,1035.32,260.0,10834,7,100,0,0,-90.9,211.3,13.0
63,RUS,Mercedes,44,21.273,1050.46,261.7,11033,7,100,0,0,-93.3,226.9,13.0
63,RUS,Mercedes,44,21.305,1052.79,262.0,11064,7,100,0,0,-93.6,230.3,13.0
63,RUS,Mercedes,44,21.433,1062.1,262.0,11004,7,100,0,0,-94.3,244.5,12.9
63,RUS,Mercedes,44,21.505,1067.35,262.0,10970,7,100,0,0,-94.5,250.0,12.9
63,RUS,Mercedes,44,21.733,1084.07,263.3,10936,7,99,0,0,-94.3,260.6,12.9
63,RUS,Mercedes,44,21.864,1093.67,264.0,10917,7,99,0,0,-94.2,270.0,13.0
63,RUS,Mercedes,44,21.913,1097.25,263.4,10755,7,71,0,0,-94.1,273.8,13.0
63,RUS,Mercedes,44,22.024,1105.32,262.0,10387,7,9,0,0,-93.8,282.2,13.0
63,RUS,Mercedes,44,22.233,1120.29,257.6,10400,7,1,0,0,-93.2,296.9,13.1
63,RUS,Mercedes,44,22.264,1122.45,257.0,10402,7,0,1,0,-93.1,298.9,13.1
63,RUS,Mercedes,44,22.453,1134.99,239.0,9929,7,0,1,0,-92.5,311.1,13.2
63,RUS,Mercedes,44,22.464,1135.67,238.0,9901,7,0,1,0,-92.4,312.0,13.2
63,RUS,Mercedes,44,22.693,1148.52,202.8,8837,7,0,1,0,-91.2,331.9,13.6
63,RUS,Mercedes,44,22.705,1149.13,201.0,8781,7,0,1,0,-91.2,332.6,13.6
63,RUS,Mercedes,44,22.953,1160.57,179.6,8854,7,0,1,0,-91.2,339.5,13.7
63,RUS,Mercedes,44,23.145,1169.05,163.0,8911,6,0,1,0,-91.7,348.5,13.8
63,RUS,Mercedes,44,23.273,1174.99,163.0,9262,6,0,1,0,-92.3,355.0,13.9
63,RUS,Mercedes,44,23.505,1185.35,163.0,9897,4,0,1,0,-94.3,365.4,14.0
63,RUS,Mercedes,44,23.513,1185.66,161.6,9868,4,0,1,0,-94.4,365.9,14.0
63,RUS,Mercedes,44,23.705,1192.52,129.0,9168,4,0,1,0,-98.8,377.7,14.2
63,RUS,Mercedes,44,23.714,1192.83,128.8,9143,4,0,1,0,-98.9,378.1,14.2
63,RUS,Mercedes,44,23.905,1199.46,125.0,8615,3,0,1,0,-100.1,380.6,14.3
63,RUS,Mercedes,44,23.974,1201.74,122.8,8455,3,0,1,0,-100.5,381.2,14.3
63,RUS,Mercedes,44,24.294,1211.52,112.6,7713,3,0,1,0,-106.2,388.9,14.6
63,RUS,Mercedes,44,24.345,1213.03,111.0,7595,3,0,1,0,-107.7,390.3,14.7
63,RUS,Mercedes,44,24.534,1218.54,107.2,7339,3,0,1,0,-114.1,394.8,14.9
63,RUS,Mercedes,44,24.745,1224.47,103.0,7053,3,0,0,0,-120.3,397.2,15.0
63,RUS,Mercedes,44,24.874,1227.92,98.5,7201,3,6,0,0,-123.4,397.9,15.0
63,RUS,Mercedes,44,24.945,1229.81,96.0,7283,3,9,0,0,-124.9,398.2,15.0
63,RUS,Mercedes,44,25.185,1236.21,96.0,7301,3,23,0,0,-129.3,398.4,15.0
63,RUS,Mercedes,44,25.345,1240.52,97.0,7537,3,37,0,0,-133.0,398.3,15.1
63,RUS,Mercedes,44,25.354,1240.76,97.2,7549,3,37,0,0,-133.2,398.3,15.1
63,RUS,Mercedes,44,25.505,1244.96,100.0,7751,3,41,0,0,-137.7,398.1,15.2
63,RUS,Mercedes,44,25.594,1247.47,101.1,7943,3,47,0,0,-140.0,397.9,15.3
63,RUS,Mercedes,44,25.745,1251.83,103.0,8269,3,56,0,0,-142.3,397.7,15.4
63,RUS,Mercedes,44,25.874,1255.71,106.6,8505,3,62,0,0,-144.4,397.5,15.4
63,RUS,Mercedes,44,26.105,1263.13,113.0,8927,3,74,0,0,-151.3,397.0,15.5
63,RUS,Mercedes,44,26.154,1264.8,115.3,8814,3,74,0,0,-153.2,397.0,15.5
63,RUS,Mercedes,44,26.394,1273.38,126.5,8263,3,73,0,0,-163.3,397.4,15.7
63,RUS,Mercedes,44,26.425,1274.51,128.0,8192,3,73,0,0,-164.4,397.5,15.7
63,RUS,Mercedes,44,26.625,1281.84,132.0,8475,4,64,0,0,-170.2,398.6,15.8
63,RUS,Mercedes,44,26.774,1287.46,135.7,8746,4,67,0,0,-174.5,400.0,15.9
63,RUS,Mercedes,44,26.785,1287.88,136.0,8766,4,67,0,0,-174.8,400.1,15.9
63,RUS,Mercedes,44,26.985,1295.72,141.0,9044,4,65,0,0,-181.8,403.3,16.0
63,RUS,Mercedes,44,26.993,1296.04,141.2,9061,4,65,0,0,-182.1,403.5,16.0
63,RUS,Mercedes,44,27.225,1305.45,146.0,9557,4,75,0,0,-190.9,409.7,16.2
63,RUS,Mercedes,44,27.253,1306.62,147.0,9594,4,76,0,0,-191.9,410.6,16.2
63,RUS,Mercedes,44,27.385,1312.21,152.0,9771,4,79,0,0,-196.6,415.1,16.3
63,RUS,Mercedes,44,27.585,1320.98,158.0,10202,4,85,0,0,-203.0,422.5,16.4
63,RUS,Mercedes,44,27.673,1324.92,160.2,10329,4,86,0,0,-205.3,425.4,16.4
63,RUS,Mercedes,44,27.745,1328.18,162.0,10433,4,86,0,0,-206.9,427.6,16.4
63,RUS,Mercedes,44,28.013,1340.85,169.5,11303,4,98,0,0,-211.8,435.7,16.4
63,RUS,Mercedes,44,28.065,1343.38,171.0,11472,4,100,0,0,-212.8,437.7,16.4
63,RUS,Mercedes,44,28.225,1351.34,179.0,11499,4,100,0,0,-216.2,444.9,16.5
63,RUS,Mercedes,44,28.273,1353.78,180.4,11598,4,100,0,0,-217.2,447.1,16.5
63,RUS,Mercedes,44,28.464,1363.69,186.0,11990,4,100,0,0,-220.6,456.3,16.5
63,RUS,Mercedes,44,28.473,1364.16,186.3,11938,4,100,0,0,-220.7,456.8,16.5
63,RUS,Mercedes,44,28.573,1369.46,189.3,11363,4,100,0,0,-222.2,461.8,16.5
63,RUS,Mercedes,44,28.664,1374.35,192.0,10840,5,100,0,0,-223.3,465.9,16.5
63,RUS,Mercedes,44,28.793,1381.43,196.8,10959,5,100,0,0,-225.0,473.4,16.5
63,RUS,Mercedes,44,28.824,1383.15,198.0,10987,5,100,0,0,-225.5,476.1,16.5
63,RUS,Mercedes,44,28.973,1391.56,202.5,11016,5,100,0,0,-228.2,491.1,16.5
63,RUS,Mercedes,44,29.024,1394.49,204.0,11026,5,100,0,0,-228.9,495.1,16.5
63,RUS,Mercedes,44,29.345,1413.48,213.0,11609,5,100,0,0,-230.3,506.2,16.6
63,RUS,Mercedes,44,29.473,1421.2,216.2,10861,5,100,0,0,-230.9,511.1,16.5
63,RUS,Mercedes,44,29.533,1424.86,217.7,10511,5,100,0,0,-231.3,514.1,16.4
63,RUS,Mercedes,44,29.545,1425.59,218.0,10441,5,100,0,0,-231.4,514.7,16.4
63,RUS,Mercedes,44,29.745,1438.04,224.0,10483,6,100,0,0,-232.8,526.6,16.5
63,RUS,Mercedes,44,29.773,1439.81,224.8,10518,6,100,0,0,-233.0,528.8,16.5
63,RUS,Mercedes,44,29.985,1453.44,231.0,10782,6,100,0,0,-235.3,550.8,16.5
63,RUS,Mercedes,44,30.113,1461.78,233.3,11003,6,100,0,0,-236.4,561.2,16.5
63,RUS,Mercedes,44,30.265,1471.79,236.0,11266,6,100,0,0,-236.8,565.7,16.6
63,RUS,Mercedes,44,30.374,1479.05,238.2,11320,6,100,0,0,-237.1,569.1,16.7
63,RUS,Mercedes,44,30.465,1485.12,240.0,11365,6,100,0,0,-237.6,574.6,16.7
63,RUS,Mercedes,44,30.574,1492.39,240.5,11498,6,100,0,0,-238.3,582.5,16.6
63,RUS,Mercedes,44,30.665,1498.51,241.0,11609,6,100,0,0,-238.8,588.5,16.5
63,RUS,Mercedes,44,30.774,1506.0,245.8,11132,6,100,0,0,-239.4,595.4,16.4
63,RUS,Mercedes,44,30.825,1509.54,248.0,10909,6,100,0,0,-239.7,598.7,16.4
63,RUS,Mercedes,44,30.985,1520.74,252.0,10375,6,100,0,0,-240.5,609.4,16.2
63,RUS,Mercedes,44,31.074,1526.99,252.7,10460,6,100,0,0,-240.9,615.5,16.2
63,RUS,Mercedes,44,31.225,1537.67,254.0,10605,7,100,0,0,-241.7,626.0,16.1
63,RUS,Mercedes,44,31.274,1541.16,254.8,10643,7,100,0,0,-241.9,629.5,16.1
63,RUS,Mercedes,44,31.494,1556.99,258.2,10812,7,100,0,0,-242.8,645.2,15.9
63,RUS,Mercedes,44,31.545,1560.69,259.0,10851,7,100,0,0,-243.0,648.9,16.0
63,RUS,Mercedes,44,31.634,1567.19,260.9,10871,7,100,0,0,-243.3,655.3,16.1
63,RUS,Mercedes,44,31.785,1578.29,264.0,10905,7,100,0,0,-243.8,666.3,16.3
63,RUS,Mercedes,44,31.974,1592.28,266.0,11109,7,100,0,0,-244.4,680.2,16.3
63,RUS,Mercedes,44,32.065,1599.06,267.0,11207,7,100,0,0,-244.6,686.9,16.2
63,RUS,Mercedes,44,32.174,1607.2,268.4,11296,7,100,0,0,-244.7,695.1,16.2
63,RUS,Mercedes,44,32.305,1617.06,270.0,11403,7,100,0,0,-244.9,705.1,16.3
63,RUS,Mercedes,44,32.334,1619.25,270.4,11396,7,100,0,0,-244.9,707.1,16.3
63,RUS,Mercedes,44,32.585,1638.37,274.0,11339,7,100,0,0,-244.8,725.6,16.4
63,RUS,Mercedes,44,32.594,1639.06,274.1,11342,7,100,0,0,-244.8,726.7,16.4
63,RUS,Mercedes,44,32.734,1649.77,275.1,11387,7,100,0,0,-244.3,746.5,16.3
63,RUS,Mercedes,44,32.865,1659.84,276.0,11430,7,100,0,0,-243.8,760.0,16.2
63,RUS,Mercedes,44,33.105,1678.37,278.0,11506,7,100,0,0,-243.1,772.2,16.3
63,RUS,Mercedes,44,33.174,1683.73,278.9,11273,7,100,0,0,-242.8,775.8,16.3
63,RUS,Mercedes,44,33.345,1697.1,281.0,10694,7,100,0,0,-242.0,786.1,16.3
63,RUS,Mercedes,44,33.613,1718.21,282.7,10574,7,100,0,0,-240.4,805.3,16.4
63,RUS,Mercedes,44,33.733,1727.7,283.4,10520,7,100,0,0,-239.5,814.7,16.4
63,RUS,Mercedes,44,33.825,1734.97,284.0,10479,8,100,0,0,-238.7,821.9,16.4
63,RUS,Mercedes,44,33.973,1746.67,284.7,10534,8,100,0,0,-237.3,833.5,16.4
63,RUS,Mercedes,44,34.025,1750.8,285.0,10554,8,100,0,0,-236.8,837.6,16.4
63,RUS,Mercedes,44,34.173,1762.62,286.8,10610,8,100,0,0,-235.3,849.3,16.4
63,RUS,Mercedes,44,34.265,1770.0,288.0,10644,8,100,0,0,-234.2,856.7,16.3
63,RUS,Mercedes,44,34.353,1777.08,288.5,10617,8,100,0,0,-233.2,863.6,16.3
63,RUS,Mercedes,44,34.613,1798.04,289.9,10537,8,100,0,0,-229.7,884.2,16.4
63,RUS,Mercedes,44,34.625,1799.0,290.0,10533,8,100,0,0,-229.4,885.5,16.4
63,RUS,Mercedes,44,34.833,1815.65,288.3,10473,8,43,0,0,-224.5,910.0,16.4
63,RUS,Mercedes,44,34.985,1827.7,287.0,10430,8,1,0,0,-223.0,917.1,16.4
63,RUS,Mercedes,44,35.093,1836.18,284.7,10354,8,1,0,0,-222.1,920.9,16.5
63,RUS,Mercedes,44,35.224,1846.42,282.0,10261,8,0,0,0,-220.2,929.2,16.6
63,RUS,Mercedes,44,35.424,1861.98,280.0,10272,8,0,0,0,-216.1,946.1,16.5
63,RUS,Mercedes,44,35.453,1864.16,277.7,10162,8,0,0,0,-215.6,948.3,16.5
63,RUS,Mercedes,44,35.513,1868.58,272.8,9934,8,0,0,0,-214.5,952.7,16.4
63,RUS,Mercedes,44,35.745,1884.63,254.0,9053,8,0,1,0,-210.5,969.1,16.4
63,RUS,Mercedes,44,35.793,1887.73,248.4,8906,8,0,1,0,-209.8,972.2,16.4
63,RUS,Mercedes,44,36.065,1903.92,217.0,8075,8,0,1,0,-206.2,988.3,16.5
63,RUS,Mercedes,44,36.093,1905.46,214.6,8042,8,0,1,0,-205.8,989.9,16.5
63,RUS,Mercedes,44,36.293,1915.89,197.0,7808,8,0,1,0,-203.3,1001.5,16.5
63,RUS,Mercedes,44,36.453,1923.58,183.0,7621,8,0,1,0,-201.4,1009.5,16.5
63,RUS,Mercedes,44,36.465,1924.14,182.0,7607,7,0,1,0,-201.2,1010.2,16.5
63,RUS,Mercedes,44,36.673,1933.36,163.4,8036,7,0,1,0,-197.3,1025.2,16.5
63,RUS,Mercedes,44,36.745,1936.35,157.0,8185,6,0,1,0,-196.1,1029.3,16.5
63,RUS,Mercedes,44,37.105,1949.85,135.0,8029,6,0,1,0,-192.0,1039.4,16.5
63,RUS,Mercedes,44,37.134,1950.86,133.7,7962,6,0,1,0,-191.7,1040.0,16.5
63,RUS,Mercedes,44,37.385,1959.34,122.0,7386,4,0,1,0,-189.1,1044.5,16.4
63,RUS,Mercedes,44,37.414,1960.3,121.5,7371,4,0,1,0,-188.7,1045.1,16.4
63,RUS,Mercedes,44,37.574,1965.55,118.9,7291,4,0,1,0,-185.6,1048.9,16.5
63,RUS,Mercedes,44,37.625,1967.21,118.0,7265,4,0,1,0,-184.5,1050.0,16.5
63,RUS,Mercedes,44,37.814,1973.25,115.2,7141,4,0,1,0,-179.7,1053.3,16.5
63,RUS,Mercedes,44,37.825,1973.59,115.0,7134,4,0,0,0,-179.4,1053.5,16.5
63,RUS,Mercedes,44,38.025,1979.87,113.0,6995,4,0,0,0,-173.6,1055.7,16.5
63,RUS,Mercedes,44,38.054,1980.77,112.8,7017,4,3,0,0,-172.7,1056.0,16.5
63,RUS,Mercedes,44,38.345,1989.74,111.0,7239,4,35,0,0,-163.5,1058.2,16.4
63,RUS,Mercedes,44,38.374,1990.64,111.4,7301,4,38,0,0,-162.6,1058.4,16.4
63,RUS,Mercedes,44,38.414,1991.89,112.0,7387,4,41,0,0,-161.4,1058.7,16.4
63,RUS,Mercedes,44,38.545,1996.07,114.0,7667,4,53,0,0,-157.4,1059.9,16.3
63,RUS,Mercedes,44,38.634,1999.06,116.9,7744,4,54,0,0,-154.7,1060.8,16.3
63,RUS,Mercedes,44,38.945,2010.18,127.0,8015,4,58,0,0,-145.3,1065.1,16.2
63,RUS,Mercedes,44,38.994,2011.96,128.2,8101,4,58,0,0,-143.8,1066.0,16.2
63,RUS,Mercedes,44,39.105,2016.01,131.0,8296,4,57,0,0,-140.4,1068.1,16.2
63,RUS,Mercedes,44,39.214,2020.06,133.2,8470,4,55,0,0,-137.1,1070.4,16.2
63,RUS,Mercedes,44,39.305,2023.51,135.0,8615,4,54,0,0,-134.5,1072.5,16.1
63,RUS,Mercedes,44,39.374,2026.16,136.5,8733,4,57,0,0,-132.5,1074.1,16.1
63,RUS,Mercedes,44,39.585,2034.47,141.0,9095,4,67,0,0,-126.7,1079.7,16.0
63,RUS,Mercedes,44,39.614,2035.64,141.9,9165,4,69,0,0,-125.9,1080.5,16.0
63,RUS,Mercedes,44,39.694,2038.88,144.3,9360,4,74,0,0,-123.8,1082.9,16.0
63,RUS,Mercedes,44,39.785,2042.64,147.0,9581,4,79,0,0,-121.5,1085.8,16.0
63,RUS,Mercedes,44,39.993,2051.51,152.9,9970,4,95,0,0,-116.6,1093.0,15.9
63,RUS,Mercedes,44,40.065,2054.69,155.0,10104,4,100,0,0,-115.0,1095.7,15.9
63,RUS,Mercedes,44,40.225,2061.98,164.0,10664,4,100,0,0,-111.7,1102.1,15.9
63,RUS,Mercedes,44,40.253,2063.3,165.3,10722,4,100,0,0,-111.1,1103.3,15.9
63,RUS,Mercedes,44,40.425,2071.59,173.0,11079,4,100,0,0,-107.8,1110.8,15.8
63,RUS,Mercedes,44,40.453,2072.97,174.2,11144,4,100,0,0,-107.3,1112.1,15.8
63,RUS,Mercedes,44,40.585,2079.59,180.0,11451,4,100,0,0,-105.0,1118.3,15.8
63,RUS,Mercedes,44,40.613,2081.03,180.8,11414,4,100,0,0,-104.5,1119.6,15.8
63,RUS,Mercedes,44,40.753,2088.38,184.9,11230,4,100,0,0,-102.3,1126.4,15.8
63,RUS,Mercedes,44,41.065,2105.46,194.0,10821,4,100,0,0,-97.7,1142.4,15.9
63,RUS,Mercedes,44,41.093,2107.01,195.0,10852,4,100,0,0,-97.3,1143.9,15.9
63,RUS,Mercedes,44,41.253,2115.95,200.6,11030,4,100,0,0,-95.1,1152.6,15.8
63,RUS,Mercedes,44,41.265,2116.63,201.0,11043,5,100,0,0,-94.9,1153.4,15.8
63,RUS,Mercedes,44,41.465,2128.18,208.0,11515,5,100,0,0,-91.5,1167.7,15.9
63,RUS,Mercedes,44,41.513,2131.02,209.6,11466,5,100,0,0,-90.8,1170.6,15.9
63,RUS,Mercedes,44,41.705,2142.58,216.0,11271,5,100,0,0,-88.7,1179.0,15.8
63,RUS,Mercedes,44,41.773,2146.72,217.4,11094,5,100,0,0,-87.9,1182.2,15.8
63,RUS,Mercedes,44,41.944,2157.25,221.0,10649,6,100,0,0,-85.4,1192.4,15.9
63,RUS,Mercedes,44,41.973,2159.07,221.7,10671,6,100,0,0,-85.0,1194.1,15.9
63,RUS,Mercedes,44,42.273,2178.28,229.2,10894,6,100,0,0,-80.8,1212.5,15.9
63,RUS,Mercedes,44,42.345,2182.99,231.0,10948,6,100,0,0,-79.5,1218.7,15.9
63,RUS,Mercedes,44,42.553,2196.73,235.7,11159,6,100,0,0,-75.8,1237.5,15.9
63,RUS,Mercedes,44,42.745,2209.65,240.0,11353,6,100,0,0,-74.4,1245.1,15.9
63,RUS,Mercedes,44,42.873,2218.39,242.8,11455,6,100,0,0,-73.4,1251.3,15.9
63,RUS,Mercedes,44,43.105,2234.45,248.0,11641,6,100,0,0,-69.9,1272.1,15.8
63,RUS,Mercedes,44,43.133,2236.41,248.5,11528,6,100,0,0,-69.5,1274.3,15.8
63,RUS,Mercedes,44,43.385,2254.13,253.0,10509,7,100,0,0,-67.3,1288.0,15.9
63,RUS,Mercedes,44,43.474,2260.45,254.5,10567,7,100,0,0,-66.6,1292.9,15.9
63,RUS,Mercedes,44,43.625,2271.26,257.0,10665,7,100,0,0,-65.1,1303.1,15.9
63,RUS,Mercedes,44,43.734,2279.15,258.9,10737,7,100,0,0,-63.9,1311.3,15.9
63,RUS,Mercedes,44,43.874,2289.37,261.4,10830,7,100,0,0,-62.4,1322.0,15.9
63,RUS,Mercedes,44,43.905,2291.64,262.0,10850,7,100,0,0,-62.1,1324.2,15.9
63,RUS,Mercedes,44,44.134,2308.48,264.5,11041,7,100,0,0,-60.2,1339.4,15.9
63,RUS,Mercedes,44,44.185,2312.25,265.0,11083,7,100,0,0,-59.8,1343.0,15.9
63,RUS,Mercedes,44,44.294,2320.36,266.6,11117,7,100,0,0,-59.0,1351.1,15.9
63,RUS,Mercedes,44,44.385,2327.14,268.0,11145,7,100,0,0,-58.4,1357.7,15.9
63,RUS,Mercedes,44,44.574,2341.24,268.8,11215,7,100,0,0,-57.3,1371.9,15.9
63,RUS,Mercedes,44,44.625,2345.07,269.0,11234,7,100,0,0,-57.0,1376.3,15.9
63,RUS,Mercedes,44,44.814,2359.4,271.6,11313,7,100,0,0,-56.2,1393.0,15.9
63,RUS,Mercedes,44,44.985,2372.47,274.0,11385,7,100,0,0,-55.8,1404.0,15.9
63,RUS,Mercedes,44,45.074,2379.31,275.0,11441,7,100,0,0,-55.7,1409.8,15.9
63,RUS,Mercedes,44,45.265,2394.02,277.0,11560,7,100,0,0,-55.4,1424.5,15.8
63,RUS,Mercedes,44,45.274,2394.71,277.1,11560,7,100,0,0,-55.4,1425.2,15.8
63,RUS,Mercedes,44,45.514,2413.3,278.8,11572,7,100,0,0,-55.2,1444.6,15.9
63,RUS,Mercedes,44,45.545,2415.72,279.0,11574,7,100,0,0,-55.2,1447.3,15.9
63,RUS,Mercedes,44,45.834,2438.4,281.9,10708,7,100,0,0,-55.6,1472.6,15.8
63,RUS,Mercedes,44,45.945,2447.16,283.0,10375,8,100,0,0,-55.9,1480.1,15.8
63,RUS,Mercedes,44,46.094,2458.94,283.5,10187,8,100,0,0,-56.6,1489.8,15.8
63,RUS,Mercedes,44,46.225,2469.25,284.0,10021,8,100,0,0,-57.7,1500.2,15.8
63,RUS,Mercedes,44,46.374,2480.85,280.9,10094,8,38,0,0,-59.2,1511.5,15.7
63,RUS,Mercedes,44,46.465,2487.85,279.0,10139,8,0,0,0,-60.0,1516.7,15.7
63,RUS,Mercedes,44,46.625,2499.99,273.0,9913,8,0,0,0,-62.3,1528.6,15.7
63,RUS,Mercedes,44,46.653,2502.08,272.4,9892,8,0,0,0,-63.2,1532.7,15.7
63,RUS,Mercedes,44,46.753,2509.5,270.1,9815,8,0,0,0,-67.1,1550.4,15.7
63,RUS,Mercedes,44,47.025,2529.32,264.0,9607,8,0,0,0,-70.1,1563.6,15.8
63,RUS,Mercedes,44,47.113,2535.7,261.8,9527,8,0,0,0,-70.8,1566.2,15.8
63,RUS,Mercedes,44,47.225,2543.71,259.0,9426,8,0,0,0,-72.4,1572.7,15.8
63,RUS,Mercedes,44,47.385,2554.64,246.0,9429,8,0,1,0,-75.3,1585.0,15.7
63,RUS,Mercedes,44,47.393,2555.16,245.0,9378,8,0,1,0,-75.4,1585.6,15.7
63,RUS,Mercedes,44,47.573,2566.27,223.4,8237,8,0,1,0,-78.0,1597.2,15.7
63,RUS,Mercedes,44,47.585,2566.97,222.0,8161,8,0,1,0,-78.2,1597.9,15.7
63,RUS,Mercedes,44,47.733,2575.3,206.6,7430,8,0,1,0,-80.1,1606.5,15.7
63,RUS,Mercedes,44,47.825,2580.11,197.0,6976,8,0,1,0,-81.2,1611.6,15.7
63,RUS,Mercedes,44,47.985,2587.8,173.0,7155,8,0,1,0,-82.9,1619.6,15.7
63,RUS,Mercedes,44,47.993,2588.17,172.5,7156,8,0,1,0,-83.0,1620.0,15.7
63,RUS,Mercedes,44,48.213,2597.76,158.3,7178,8,0,1,0,-84.9,1629.7,15.7
63,RUS,Mercedes,44,48.265,2599.85,155.0,7183,7,0,1,0,-85.4,1632.5,15.7
63,RUS,Mercedes,44,48.453,2606.83,138.2,7256,7,0,1,0,-87.2,1643.3,15.6
63,RUS,Mercedes,44,48.544,2609.93,130.0,7291,6,0,1,0,-87.8,1647.2,15.6
63,RUS,Mercedes,44,48.824,2618.48,110.0,7399,6,0,1,0,-88.1,1654.2,15.6
63,RUS,Mercedes,44,48.913,2620.96,105.9,7555,6,0,1,0,-87.9,1656.5,15.6
63,RUS,Mercedes,44,49.105,2626.05,97.0,7890,4,0,1,0,-86.9,1662.1,15.6
63,RUS,Mercedes,44,49.213,2628.91,95.0,7710,4,0,1,0,-86.3,1664.7,15.6
63,RUS,Mercedes,44,49.265,2630.23,94.0,7623,2,0,1,0,-86.0,1665.7,15.6
63,RUS,Mercedes,44,49.585,2637.43,81.0,6522,2,0,1,0,-83.8,1669.1,15.5
63,RUS,Mercedes,44,49.613,2638.03,80.5,6469,2,0,1,0,-83.4,1669.5,15.5
63,RUS,Mercedes,44,49.865,2643.34,76.0,5996,2,0,1,0,-78.0,1673.8,15.6
63,RUS,Mercedes,44,49.913,2644.31,74.8,5908,2,0,1,0,-76.9,1674.4,15.6
63,RUS,Mercedes,44,50.105,2648.01,70.0,5558,2,0,1,0,-73.1,1675.8,15.6
63,RUS,Mercedes,44,50.354,2652.56,66.9,5313,2,0,1,0,-69.0,1676.0,15.6
63,RUS,Mercedes,44,50.505,2655.23,65.0,5165,2,0,0,0,-66.8,1675.8,15.6
63,RUS,Mercedes,44,50.774,2659.91,62.8,5183,2,2,0,0,-62.9,1674.7,15.5
63,RUS,Mercedes,44,50.854,2661.25,62.1,5188,2,3,0,0,-61.6,1674.1,15.5
63,RUS,Mercedes,44,50.865,2661.43,62.0,5189,2,3,0,0,-61.4,1674.0,15.5
63,RUS,Mercedes,44,51.065,2664.71,59.0,5445,2,10,0,0,-57.6,1670.9,15.5
63,RUS,Mercedes,44,51.154,2666.22,60.0,5499,2,13,0,0,-56.2,1669.6,15.5
63,RUS,Mercedes,44,51.345,2669.53,62.0,5614,2,18,0,0,-54.6,1667.8,15.5
63,RUS,Mercedes,44,51.514,2672.39,62.4,5949,2,26,0,0,-53.7,1666.2,15.5
63,RUS,Mercedes,44,51.745,2676.53,63.0,6406,2,37,0,0,-51.7,1662.5,15.5
63,RUS,Mercedes,44,51.754,2676.71,63.4,6430,2,37,0,0,-51.6,1662.4,15.5
63,RUS,Mercedes,44,51.994,2681.87,73.6,7069,2,46,0,0,-49.7,1658.6,15.6
63,RUS,Mercedes,44,52.145,2685.42,80.0,7471,2,52,0,0,-48.5,1655.5,15.5
63,RUS,Mercedes,44,52.154,2685.64,80.4,7501,2,52,0,0,-48.4,1655.3,15.5
63,RUS,Mercedes,44,52.385,2691.42,90.0,8258,2,55,0,0,-46.1,1648.3,15.5
63,RUS,Mercedes,44,52.394,2691.66,90.3,8290,2,55,0,0,-46.0,1648.1,15.5
63,RUS,Mercedes,44,52.694,2700.07,100.6,9358,2,64,0,0,-44.5,1642.4,15.5
63,RUS,Mercedes,44,52.705,2700.4,101.0,9397,2,64,0,0,-44.4,1642.1,15.5
63,RUS,Mercedes,44,52.914,2706.92,110.0,9984,2,69,0,0,-43.2,1636.1,15.5
63,RUS,Mercedes,44,52.985,2709.19,113.0,10183,2,71,0,0,-42.8,1633.9,15.5
63,RUS,Mercedes,44,53.114,2713.36,116.2,10747,2,73,0,0,-42.2,1629.9,15.5
63,RUS,Mercedes,44,53.145,2714.39,117.0,10883,2,73,0,0,-42.1,1628.9,15.5
63,RUS,Mercedes,44,53.305,2719.94,125.0,10885,2,73,0,0,-41.3,1623.5,15.5
63,RUS,Mercedes,44,53.333,2720.95,126.2,10967,2,76,0,0,-41.2,1622.5,15.5
63,RUS,Mercedes,44,53.545,2728.94,135.0,11585,2,100,0,0,-40.6,1614.8,15.5
63,RUS,Mercedes,44,53.573,2730.04,136.4,11513,2,100,0,0,-40.5,1613.7,15.5
63,RUS,Mercedes,44,53.745,2737.0,145.0,11074,3,100,0,0,-39.9,1606.9,15.5
63,RUS,Mercedes,44,53.813,2739.89,148.2,11051,3,100,0,0,-39.7,1604.1,15.5
63,RUS,Mercedes,44,53.953,2746.1,154.8,11005,3,100,0,0,-39.2,1598.2,15.5
63,RUS,Mercedes,44,54.065,2751.22,160.0,10968,3,100,0,0,-38.7,1593.3,15.5
63,RUS,Mercedes,44,54.173,2756.25,164.0,10851,3,100,0,0,-38.2,1588.4,15.5
63,RUS,Mercedes,44,54.305,2762.49,169.0,10709,4,100,0,0,-37.4,1582.4,15.5
63,RUS,Mercedes,44,54.413,2767.64,170.9,10838,4,100,0,0,-36.5,1577.3,15.5
63,RUS,Mercedes,44,54.585,2776.02,174.0,11044,4,100,0,0,-34.6,1568.4,15.5
63,RUS,Mercedes,44,54.693,2781.5,179.4,11296,4,100,0,0,-33.0,1562.1,15.4
63,RUS,Mercedes,44,54.825,2788.42,186.0,11604,4,100,0,0,-30.4,1553.6,15.3
63,RUS,Mercedes,44,55.053,2800.89,196.4,11215,4,100,0,0,-25.5,1539.8,15.1
63,RUS,Mercedes,44,55.065,2801.55,197.0,11195,5,100,0,0,-25.3,1539.3,15.1
63,RUS,Mercedes,44,55.304,2815.03,203.0,10564,5,100,0,0,-22.4,1531.7,14.9
63,RUS,Mercedes,44,55.393,2820.28,206.6,10545,5,100,0,0,-20.9,1528.1,14.9
63,RUS,Mercedes,44,55.573,2831.34,214.0,10508,5,100,0,0,-16.8,1518.2,14.8
63,RUS,Mercedes,44,55.745,2842.1,221.0,10472,6,100,0,0,-12.9,1509.1,14.7
63,RUS,Mercedes,44,55.893,2851.41,225.4,10693,6,100,0,0,-9.3,1500.6,14.6
63,RUS,Mercedes,44,55.945,2854.71,227.0,10771,6,100,0,0,-7.9,1497.2,14.6
63,RUS,Mercedes,44,55.973,2856.5,227.7,10810,6,100,0,0,-7.1,1495.4,14.6
63,RUS,Mercedes,44,56.145,2867.6,232.0,11049,6,100,0,0,-2.7,1485.1,14.6
63,RUS,Mercedes,44,56.253,2874.68,234.7,11127,6,100,0,0,0.0,1478.8,14.6
63,RUS,Mercedes,44,56.345,2880.77,237.0,11193,6,100,0,0,2.3,1473.3,14.6
63,RUS,Mercedes,44,56.453,2888.0,239.3,11301,6,100,0,0,5.0,1466.7,14.6
63,RUS,Mercedes,44,56.625,2899.67,243.0,11472,6,100,0,0,9.8,1455.4,14.6
63,RUS,Mercedes,44,56.714,2905.78,245.2,11316,6,100,0,0,12.1,1450.1,14.6
63,RUS,Mercedes,44,56.785,2910.65,247.0,11192,6,100,0,0,13.7,1446.4,14.6
63,RUS,Mercedes,44,56.914,2919.45,247.0,10893,6,100,0,0,17.6,1437.5,14.6
63,RUS,Mercedes,44,57.054,2929.09,247.0,10568,6,100,0,0,25.6,1419.1,14.6
63,RUS,Mercedes,44,57.065,2929.86,247.0,10542,6,100,0,0,26.1,1417.8,14.6
63,RUS,Mercedes,44,57.265,2944.08,256.0,10739,7,100,0,0,31.8,1404.8,14.6
63,RUS,Mercedes,44,57.494,2960.55,258.9,10805,7,100,0,0,35.2,1397.2,14.5
63,RUS,Mercedes,44,57.505,2961.35,259.0,10808,7,100,0,0,35.5,1396.6,14.5
63,RUS,Mercedes,44,57.654,2972.27,262.2,10884,7,100,0,0,39.8,1386.7,14.5
63,RUS,Mercedes,44,57.785,2981.96,265.0,10950,7,100,0,0,43.6,1377.9,14.4
63,RUS,Mercedes,44,57.854,2987.08,266.0,11004,7,100,0,0,45.6,1373.3,14.4
63,RUS,Mercedes,44,57.985,2996.85,268.0,11107,7,100,0,0,49.4,1364.4,14.4
63,RUS,Mercedes,44,58.134,3008.06,269.7,11185,7,100,0,0,53.7,1354.2,14.3
63,RUS,Mercedes,44,58.354,3024.79,272.2,11300,7,100,0,0,60.1,1338.9,14.1
63,RUS,Mercedes,44,58.425,3030.21,273.0,11337,7,100,0,0,62.2,1333.9,14.0
63,RUS,Mercedes,44,58.614,3044.72,275.1,11444,7,100,0,0,67.7,1320.6,13.8
63,RUS,Mercedes,44,58.785,3057.91,277.0,11541,7,100,0,0,72.6,1308.5,13.6
63,RUS,Mercedes,44,58.814,3060.16,277.3,11561,7,100,0,0,73.4,1306.4,13.6
63,RUS,Mercedes,44,58.914,3067.9,278.3,11632,7,100,0,0,76.3,1299.2,13.4
63,RUS,Mercedes,44,58.985,3073.41,279.0,11682,7,100,0,0,78.3,1294.1,13.3
63,RUS,Mercedes,44,59.114,3083.49,280.2,11268,7,100,0,0,82.0,1284.8,13.3
63,RUS,Mercedes,44,59.374,3103.98,282.5,10433,7,100,0,0,89.3,1265.7,13.2
63,RUS,Mercedes,44,59.425,3108.0,283.0,10269,7,100,0,0,90.7,1261.9,13.2
63,RUS,Mercedes,44,59.554,3118.2,284.3,10456,7,100,0,0,94.1,1252.3,13.1
63,RUS,Mercedes,44,59.625,3123.84,285.0,10559,8,100,0,0,95.8,1247.4,13.1
63,RUS,Mercedes,44,59.873,3143.66,287.3,10561,8,100,0,0,102.2,1228.2,13.1
63,RUS,Mercedes,44,59.945,3149.44,288.0,10561,8,100,0,0,104.8,1219.9,13.1
63,RUS,Mercedes,44,60.093,3161.31,288.7,10630,8,100,0,0,110.4,1201.2,13.0
63,RUS,Mercedes,44,60.145,3165.49,289.0,10654,8,100,0,0,112.1,1195.5,13.0
63,RUS,Mercedes,44,60.385,3184.89,291.0,10735,8,100,0,0,117.5,1176.0,13.0
63,RUS,Mercedes,44,60.433,3188.79,291.6,10749,8,100,0,0,118.3,1173.2,13.0
63,RUS,Mercedes,44,60.545,3197.91,293.0,10781,8,100,0,0,119.7,1168.0,13.0
63,RUS,Mercedes,44,60.813,3219.8,294.0,10817,8,100,0,0,123.3,1154.3,13.0
63,RUS,Mercedes,44,60.825,3220.78,294.0,10819,8,100,0,0,123.6,1153.2,13.0
63,RUS,Mercedes,44,61.065,3240.38,294.0,10873,8,100,0,0,130.7,1125.2,13.0
63,RUS,Mercedes,44,61.093,3242.68,294.2,10878,8,100,0,0,131.3,1122.6,13.0
63,RUS,Mercedes,44,61.413,3269.08,296.6,10931,8,100,0,0,135.1,1106.5,12.9
63,RUS,Mercedes,44,61.465,3273.38,297.0,10940,8,100,0,0,135.9,1103.2,12.9
63,RUS,Mercedes,44,61.665,3289.94,298.0,10958,8,100,0,0,139.8,1087.1,12.9
63,RUS,Mercedes,44,61.693,3292.25,298.0,10959,8,100,0,0,140.3,1084.8,12.9
63,RUS,Mercedes,44,61.865,3306.49,298.0,10968,8,100,0,0,143.7,1070.6,12.8
63,RUS,Mercedes,44,61.893,3308.81,298.2,10968,8,100,0,0,144.3,1067.9,12.8
63,RUS,Mercedes,44,62.025,3319.78,299.0,10968,8,100,0,0,147.8,1053.1,12.8
63,RUS,Mercedes,44,62.173,3332.14,300.2,11006,8,100,0,0,151.9,1035.5,12.8
63,RUS,Mercedes,44,62.265,3339.85,301.0,11030,8,100,0,0,154.2,1025.9,12.8
63,RUS,Mercedes,44,63.114,3411.51,303.7,11158,8,100,0,0,167.9,966.9,12.7
63,RUS,Mercedes,44,63.225,3420.91,304.0,11175,8,100,0,0,169.9,958.4,12.7
63,RUS,Mercedes,44,63.354,3431.84,304.3,11194,8,100,0,0,172.5,947.2,12.7
63,RUS,Mercedes,44,63.625,3454.8,305.0,11233,8,100,0,0,179.1,918.6,12.6
63,RUS,Mercedes,44,63.694,3460.65,305.0,11236,8,100,0,0,180.5,912.7,12.6
63,RUS,Mercedes,44,63.785,3468.36,305.0,11240,8,100,0,0,181.9,906.7,12.6
63,RUS,Mercedes,44,64.025,3488.69,305.0,11222,8,100,0,0,184.8,894.6,12.6
63,RUS,Mercedes,44,64.094,3494.55,305.1,11224,8,100,0,0,186.3,887.9,12.6
63,RUS,Mercedes,44,64.294,3511.55,305.6,11230,8,100,0,0,192.3,861.3,12.6
63,RUS,Mercedes,44,64.505,3529.49,306.0,11236,8,100,0,0,195.7,846.3,12.6
63,RUS,Mercedes,44,64.665,3543.09,306.0,11295,8,100,0,0,197.3,839.4,12.6
63,RUS,Mercedes,44,64.714,3547.27,306.2,11296,8,100,0,0,198.0,836.5,12.6
63,RUS,Mercedes,44,64.865,3560.15,307.0,11299,8,100,0,0,200.8,824.2,12.6
63,RUS,Mercedes,44,64.874,3560.92,307.0,11298,8,100,0,0,201.0,823.2,12.6
63,RUS,Mercedes,44,65.065,3577.2,307.0,11277,8,100,0,0,207.2,796.1,12.7
63,RUS,Mercedes,44,65.094,3579.68,307.0,11281,8,100,0,0,208.0,792.6,12.7
63,RUS,Mercedes,44,65.305,3597.67,307.0,11311,8,100,0,0,211.3,778.6,12.7
63,RUS,Mercedes,44,65.505,3614.78,308.0,11331,8,100,0,0,213.3,770.2,12.7
63,RUS,Mercedes,44,65.554,3618.97,308.0,11332,8,100,0,0,214.3,765.9,12.7
63,RUS,Mercedes,44,65.665,3628.47,308.0,11334,8,100,0,0,217.4,752.8,12.8
63,RUS,Mercedes,44,65.754,3636.09,308.0,11334,8,100,0,0,219.8,742.6,12.8
63,RUS,Mercedes,44,65.825,3642.16,308.0,11334,8,100,0,0,221.2,736.7,12.8
63,RUS,Mercedes,44,66.065,3662.63,307.0,11276,8,100,0,0,224.4,723.4,12.7
63,RUS,Mercedes,44,66.074,3663.39,306.9,11273,8,100,0,0,224.6,722.7,12.7
63,RUS,Mercedes,44,66.225,3676.18,305.0,11229,8,100,0,0,228.5,706.6,12.8
63,RUS,Mercedes,44,66.353,3687.01,304.4,11135,8,36,0,0,231.7,693.1,12.9
63,RUS,Mercedes,44,66.425,3693.07,304.0,11082,8,0,0,0,233.1,687.5,12.9
63,RUS,Mercedes,44,66.665,3712.94,298.0,10509,8,0,0,0,236.2,674.3,12.9
63,RUS,Mercedes,44,66.673,3713.59,297.7,10510,8,0,0,0,236.3,673.8,12.9
63,RUS,Mercedes,44,66.865,3729.05,290.0,10522,8,0,0,0,239.8,658.8,13.0
63,RUS,Mercedes,44,66.873,3729.68,289.6,10511,8,0,0,0,240.0,658.0,13.0
63,RUS,Mercedes,44,67.105,3747.58,278.0,10194,8,0,1,0,246.3,631.3,13.1
63,RUS,Mercedes,44,67.213,3755.16,264.8,9670,8,0,1,0,248.4,622.5,13.1
63,RUS,Mercedes,44,67.425,3768.83,239.0,8641,8,0,1,0,249.7,617.0,13.1
63,RUS,Mercedes,44,67.453,3770.56,236.0,8529,8,0,1,0,249.9,616.1,13.1
63,RUS,Mercedes,44,67.665,3783.03,213.0,7682,8,0,1,0,252.8,603.8,13.1
63,RUS,Mercedes,44,67.733,3786.61,204.7,7691,8,0,1,0,253.8,599.6,13.1
63,RUS,Mercedes,44,67.985,3798.49,174.0,7723,8,0,1,0,256.6,586.8,13.2
63,RUS,Mercedes,44,67.993,3798.86,173.4,7728,8,0,1,0,256.7,586.4,13.2
63,RUS,Mercedes,44,68.153,3806.0,162.2,7831,8,0,1,0,258.2,579.0,13.2
63,RUS,Mercedes,44,68.185,3807.38,160.0,7851,7,0,1,0,258.5,577.7,13.2
63,RUS,Mercedes,44,68.373,3815.2,153.0,8059,7,0,1,0,259.7,569.4,13.2
63,RUS,Mercedes,44,68.553,3822.26,146.2,8259,7,0,1,0,260.5,557.0,13.2
63,RUS,Mercedes,44,68.585,3823.49,145.0,8294,5,0,1,0,260.6,555.2,13.2
63,RUS,Mercedes,44,68.825,3832.43,134.0,8164,4,0,1,0,260.3,549.1,13.1
63,RUS,Mercedes,44,69.053,3840.42,128.3,8008,4,0,1,0,258.8,545.2,13.1
63,RUS,Mercedes,44,69.153,3843.84,125.8,7939,4,0,1,0,257.7,542.0,13.1
63,RUS,Mercedes,44,69.185,3844.93,125.0,7917,4,0,0,0,257.3,541.0,13.1
63,RUS,Mercedes,44,69.353,3850.61,123.7,7839,4,6,0,0,254.9,536.0,13.1
63,RUS,Mercedes,44,69.573,3857.98,122.0,7738,4,15,0,0,250.7,529.0,13.1
63,RUS,Mercedes,44,69.705,3862.4,121.0,7677,4,20,0,0,247.7,523.7,13.1
63,RUS,Mercedes,44,69.894,3868.77,121.8,7835,4,49,0,0,243.8,516.5,13.0
63,RUS,Mercedes,44,69.945,3870.54,122.0,7878,4,57,0,0,243.2,515.1,13.0
63,RUS,Mercedes,44,70.154,3878.08,129.0,8259,4,45,0,0,241.8,510.7,12.9
63,RUS,Mercedes,44,70.185,3879.2,130.0,8315,4,43,0,0,241.6,509.9,12.9
63,RUS,Mercedes,44,70.374,3886.08,130.9,8393,4,44,0,0,240.3,503.7,12.9
63,RUS,Mercedes,44,70.385,3886.48,131.0,8398,4,44,0,0,240.2,503.2,12.9
63,RUS,Mercedes,44,70.665,3896.98,135.0,8939,4,68,0,0,239.6,487.5,12.8
63,RUS,Mercedes,44,70.694,3898.09,135.7,8982,4,69,0,0,239.6,486.3,12.8
63,RUS,Mercedes,44,70.865,3904.76,140.0,9237,4,76,0,0,239.6,482.1,12.8
63,RUS,Mercedes,44,71.054,3912.58,147.9,9826,4,81,0,0,240.1,477.4,12.8
63,RUS,Mercedes,44,71.105,3914.76,150.0,9985,4,82,0,0,240.4,475.0,12.8
63,RUS,Mercedes,44,71.294,3923.08,157.9,10416,4,96,0,0,241.9,463.6,12.7
63,RUS,Mercedes,44,71.345,3925.43,160.0,10532,4,100,0,0,242.4,460.6,12.7
63,RUS,Mercedes,44,71.705,3943.13,177.0,11251,4,100,0,0,245.9,443.2,12.6
63,RUS,Mercedes,44,71.714,3943.58,177.3,11274,4,100,0,0,246.0,442.9,12.6
63,RUS,Mercedes,44,71.945,3955.46,185.0,11877,4,100,0,0,247.6,436.2,12.6
63,RUS,Mercedes,44,72.034,3960.22,189.1,11556,4,100,0,0,248.4,432.9,12.6
63,RUS,Mercedes,44,72.185,3968.53,196.0,11012,4,100,0,0,250.4,425.3,12.7
63,RUS,Mercedes,44,72.274,3973.51,198.5,11087,4,100,0,0,251.8,420.4,12.7
63,RUS,Mercedes,44,72.454,3983.8,203.5,11239,4,100,0,0,254.6,410.7,12.7
63,RUS,Mercedes,44,72.545,3989.13,206.0,11316,5,100,0,0,256.1,405.7,12.7
63,RUS,Mercedes,44,72.634,3994.41,209.0,11306,5,100,0,0,257.5,400.7,12.7
63,RUS,Mercedes,44,72.834,4006.55,215.6,11282,5,100,0,0,260.8,389.5,12.7
63,RUS,Mercedes,44,72.905,4010.93,218.0,11274,5,100,0,0,261.9,385.8,12.7
63,RUS,Mercedes,44,73.093,4022.67,222.2,11101,5,100,0,0,265.2,374.2,12.8
63,RUS,Mercedes,44,73.305,4036.15,227.0,10906,6,100,0,0,270.8,353.2,12.8
63,RUS,Mercedes,44,73.333,4037.94,227.7,10925,6,100,0,0,271.4,351.0,12.8
63,RUS,Mercedes,44,73.545,4051.68,233.0,11067,6,100,0,0,273.6,342.8,12.8
63,RUS,Mercedes,44,73.673,4060.15,236.8,11200,6,100,0,0,274.7,338.4,12.8
63,RUS,Mercedes,44,73.745,4064.96,239.0,11275,6,100,0,0,275.7,334.5,12.8
63,RUS,Mercedes,44,73.953,4079.04,242.9,11480,6,100,0,0,279.4,320.3,12.8
63,RUS,Mercedes,44,74.065,4086.74,245.0,11590,6,100,0,0,281.2,313.3,12.8
63,RUS,Mercedes,44,74.113,4090.06,246.0,11413,6,100,0,0,282.1,309.7,12.8
63,RUS,Mercedes,44,74.353,4106.88,251.3,10531,6,100,0,0,288.2,285.5,12.8
63,RUS,Mercedes,44,74.385,4109.14,252.0,10413,6,100,0,0,288.8,283.0,12.8
63,RUS,Mercedes,44,74.745,4134.84,257.0,10623,7,100,0,0,292.9,267.3,12.8
63,RUS,Mercedes,44,74.753,4135.41,257.1,10630,7,100,0,0,293.0,266.9,12.8
63,RUS,Mercedes,44,74.953,4149.9,260.5,10804,7,100,0,0,296.6,253.0,12.8
63,RUS,Mercedes,44,74.985,4152.24,261.0,10832,7,100,0,0,297.2,250.6,12.8
63,RUS,Mercedes,44,75.193,4167.57,264.2,10978,7,100,0,0,301.2,235.3,12.8
63,RUS,Mercedes,44,75.293,4174.99,265.8,11049,7,100,0,0,303.0,228.2,12.8
63,RUS,Mercedes,44,75.306,4175.96,266.0,11058,7,100,0,0,303.3,227.2,12.8
63,RUS,Mercedes,44,75.653,4201.88,268.9,11210,7,100,0,0,311.8,195.0,12.8
63,RUS,Mercedes,44,75.665,4202.78,269.0,11215,7,100,0,0,312.0,194.2,12.8
63,RUS,Mercedes,44,75.945,4224.01,273.0,11326,7,100,0,0,315.5,181.0,12.8
63,RUS,Mercedes,44,75.993,4227.67,273.5,11343,7,100,0,0,316.2,178.2,12.8
63,RUS,Mercedes,44,76.145,4239.29,275.0,11395,7,100,0,0,319.1,166.9,12.8
63,RUS,Mercedes,44,76.153,4239.91,275.1,11399,7,100,0,0,319.3,166.3,12.8
63,RUS,Mercedes,44,76.465,4264.0,278.0,11560,7,100,0,0,325.6,140.7,12.9
63,RUS,Mercedes,44,76.474,4264.7,278.1,11562,7,100,0,0,325.8,140.0,12.9
63,RUS,Mercedes,44,76.634,4277.16,279.4,11604,7,100,0,0,328.4,128.6,12.9
63,RUS,Mercedes,44,76.794,4289.67,280.7,11645,7,100,0,0,330.9,116.4,12.9
63,RUS,Mercedes,44,76.825,4292.1,281.0,11653,7,100,0,0,331.4,114.1,12.9
63,RUS,Mercedes,44,77.054,4310.1,282.9,10472,7,100,0,0,334.5,97.2,12.8
63,RUS,Mercedes,44,77.065,4310.97,283.0,10415,7,100,0,0,334.6,96.4,12.8
63,RUS,Mercedes,44,77.097,4313.5,283.3,10429,7,100,0,0,335.0,93.9,13.0
2,SAR,Williams,4,0.0,0.22,294.4,10844,8,100,0,1,335.4,91.5,13.0
2,SAR,Williams,4,0.085,7.23,295.6,10881,8,100,0,1,336.4,84.6,13.1
2,SAR,Williams,4,0.185,15.5,297.0,10924,8,100,0,1,337.4,76.5,13.0
2,SAR,Williams,4,0.325,27.11,297.9,11001,8,100,0,1,338.5,65.0,12.8
2,SAR,Williams,4,0.505,42.08,299.0,11101,8,100,0,1,339.3,50.0,12.8
2,SAR,Williams,4,0.585,48.75,299.4,11108,8,100,0,1,339.5,43.4,12.8
2,SAR,Williams,4,0.665,55.43,299.8,11114,8,100,0,1,339.6,36.8,12.8
2,SAR,Williams,4,0.865,72.17,300.8,11131,8,100,0,1,339.3,20.1,12.8
2,SAR,Williams,4,0.905,75.53,301.0,11134,8,100,0,1,339.2,16.7,12.8
2,SAR,Williams,4,1.105,92.36,303.1,11525,8,29,0,1,338.2,0.0,12.9
2,SAR,Williams,4,1.185,99.17,304.0,11682,8,0,0,1,337.7,-6.7,12.9
2,SAR,Williams,4,1.345,112.98,302.9,11682,8,0,0,1,336.4,-20.1,13.0
2,SAR,Williams,4,1.465,122.66,302.0,11682,8,0,0,0,335.3,-30.2,13.0
2,SAR,Williams,4,1.645,135.08,262.9,10696,8,0,0,0,333.6,-44.6,13.0
2,SAR,Williams,4,1.746,141.47,241.0,10142,8,0,1,0,332.8,-51.8,13.1
2,SAR,Williams,4,1.765,142.65,239.3,10113,8,0,1,0,332.6,-53.1,13.1
2,SAR,Williams,4,2.025,158.14,216.6,9719,8,0,1,0,330.6,-69.6,13.2
2,SAR,Williams,4,2.066,160.4,213.0,9657,7,0,1,0,330.3,-72.7,13.2
2,SAR,Williams,4,2.265,170.65,195.6,9568,7,0,1,0,328.8,-88.4,13.2
2,SAR,Williams,4,2.466,180.18,178.0,9478,6,0,1,0,328.3,-96.0,13.3
2,SAR,Williams,4,2.565,184.75,173.0,9514,6,0,1,0,328.2,-99.3,13.3
2,SAR,Williams,4,2.786,194.58,162.0,9594,5,0,1,0,328.2,-109.3,13.4
2,SAR,Williams,4,2.946,201.34,152.0,9148,4,0,1,0,328.4,-115.9,13.4
2,SAR,Williams,4,3.026,204.66,150.6,9021,4,0,1,0,328.8,-119.4,13.4
2,SAR,Williams,4,3.226,212.77,147.0,8702,4,0,1,0,330.7,-129.3,13.3
2,SAR,Williams,4,3.246,213.56,146.4,8695,4,0,1,0,330.9,-130.1,13.3
2,SAR,Williams,4,3.506,223.58,139.0,8604,4,0,1,0,333.2,-137.0,13.3
2,SAR,Williams,4,3.566,225.87,138.2,8520,4,0,1,0,333.9,-138.5,13.3
2,SAR,Williams,4,3.666,229.67,137.0,8381,4,0,0,0,335.4,-141.4,13.3
2,SAR,Williams,4,3.806,234.9,134.9,8325,4,0,0,0,338.4,-146.1,13.3
2,SAR,Williams,4,3.866,237.12,134.0,8301,4,0,0,0,340.0,-148.2,13.3
2,SAR,Williams,4,4.066,244.39,131.0,7969,4,0,0,0,346.3,-154.9,13.4
2,SAR,Williams,4,4.125,246.52,130.6,7972,4,3,0,0,347.9,-156.4,13.4
2,SAR,Williams,4,4.346,254.43,129.0,7984,4,13,0,0,352.5,-160.2,13.4
2,SAR,Williams,4,4.365,255.11,128.9,7987,4,14,0,0,353.0,-160.5,13.4
2,SAR,Williams,4,4.586,262.96,128.0,8026,4,27,1,0,359.6,-164.9,13.5
2,SAR,Williams,4,4.605,263.61,127.4,8049,4,26,1,0,360.2,-165.3,13.5
2,SAR,Williams,4,4.925,274.01,117.6,8428,4,2,1,0,370.1,-170.8,13.5
2,SAR,Williams,4,4.946,274.66,117.0,8453,4,0,1,0,370.7,-171.1,13.5
2,SAR,Williams,4,5.105,279.5,110.6,7953,4,0,1,0,375.2,-173.6,13.5
2,SAR,Williams,4,5.146,280.72,109.0,7824,3,0,1,0,376.2,-174.1,13.5
2,SAR,Williams,4,5.365,287.0,103.5,7215,3,0,1,0,381.4,-177.8,13.5
2,SAR,Williams,4,5.386,287.58,103.0,7157,3,0,1,0,382.0,-178.5,13.5
2,SAR,Williams,4,5.525,291.28,99.1,6867,3,0,1,0,386.5,-183.6,13.5
2,SAR,Williams,4,5.746,296.88,93.0,6405,3,0,1,0,389.1,-187.7,13.5
2,SAR,Williams,4,5.965,302.37,90.6,6223,3,0,1,0,388.8,-190.5,13.5
2,SAR,Williams,4,6.106,305.78,89.0,6106,3,0,1,0,388.8,-194.0,13.6
2,SAR,Williams,4,6.185,307.63,87.0,5993,3,0,1,0,388.7,-196.1,13.6
2,SAR,Williams,4,6.345,311.25,83.0,5765,3,0,1,0,388.1,-199.9,13.6
2,SAR,Williams,4,6.386,312.16,82.0,5706,3,0,0,0,387.9,-200.8,13.6
2,SAR,Williams,4,6.645,317.82,79.4,5601,3,0,0,0,385.9,-206.8,13.7
2,SAR,Williams,4,6.785,320.8,78.0,5544,3,0,0,0,384.2,-210.2,13.8
2,SAR,Williams,4,7.005,325.41,76.9,5569,3,8,0,0,381.3,-215.1,14.0
2,SAR,Williams,4,7.185,329.25,76.0,5590,3,14,0,0,379.3,-217.6,14.0
2,SAR,Williams,4,7.385,333.72,79.0,5978,3,24,0,0,377.7,-219.1,14.0
2,SAR,Williams,4,7.585,338.36,82.0,6366,3,35,0,0,376.6,-220.1,14.1
2,SAR,Williams,4,7.645,339.77,83.2,6440,3,36,0,0,375.8,-220.6,14.1
2,SAR,Williams,4,7.785,343.14,86.0,6614,3,40,0,0,372.5,-222.6,14.2
2,SAR,Williams,4,7.865,345.14,87.8,6720,3,41,0,0,370.5,-223.7,14.2
2,SAR,Williams,4,8.226,354.9,96.0,7197,3,47,0,0,362.8,-226.0,14.4
2,SAR,Williams,4,8.285,356.58,98.2,7421,3,50,0,0,361.0,-226.3,14.5
2,SAR,Williams,4,8.466,361.9,105.0,8108,3,61,0,0,354.1,-227.0,14.8
2,SAR,Williams,4,8.485,362.47,105.5,8144,3,61,0,0,353.4,-227.1,14.8
2,SAR,Williams,4,8.826,373.4,115.0,8787,3,68,0,0,344.8,-227.4,15.2
2,SAR,Williams,4,8.905,376.11,119.0,9119,3,71,0,0,341.9,-227.3,15.3
2,SAR,Williams,4,9.066,381.87,127.0,9795,3,76,0,0,334.3,-227.0,15.6
2,SAR,Williams,4,9.085,382.57,127.7,9861,3,77,0,0,333.5,-227.0,15.6
2,SAR,Williams,4,9.326,391.83,136.8,10693,3,87,0,0,326.1,-226.3,16.0
2,SAR,Williams,4,9.386,394.22,139.0,10900,3,89,0,0,324.0,-226.0,16.1
2,SAR,Williams,4,9.546,400.8,148.0,11363,3,97,0,0,317.5,-225.1,16.3
2,SAR,Williams,4,9.646,405.16,151.7,11368,3,97,0,0,313.3,-224.3,16.4
2,SAR,Williams,4,10.306,437.95,176.0,11401,4,100,0,0,285.2,-216.6,17.3
2,SAR,Williams,4,10.426,444.18,180.5,11173,4,100,0,0,279.4,-214.7,17.3
2,SAR,Williams,4,10.626,454.66,188.0,10794,4,100,0,0,269.4,-211.3,17.3
2,SAR,Williams,4,10.665,456.73,189.0,10821,4,100,0,0,267.6,-210.7,17.3
2,SAR,Williams,4,10.826,465.39,193.0,10935,4,100,0,0,260.4,-208.2,17.6
2,SAR,Williams,4,10.865,467.54,194.6,10971,4,100,0,0,257.5,-207.0,17.7
2,SAR,Williams,4,11.005,475.42,200.5,11098,4,100,0,0,243.2,-201.0,17.8
2,SAR,Williams,4,11.066,478.92,203.0,11154,5,100,0,0,238.5,-199.0,17.8
2,SAR,Williams,4,11.386,497.77,212.0,11533,5,100,0,0,230.7,-195.0,17.8
2,SAR,Williams,4,11.465,502.5,214.0,11627,5,100,0,0,226.6,-192.4,17.8
2,SAR,Williams,4,11.586,509.82,217.0,11770,5,100,0,0,216.9,-186.3,17.7
2,SAR,Williams,4,11.685,515.92,219.5,11553,5,100,0,0,209.1,-181.5,17.7
2,SAR,Williams,4,11.906,529.82,225.0,11070,6,100,0,0,201.3,-176.6,17.7
2,SAR,Williams,4,12.066,540.04,230.0,10898,6,100,0,0,195.5,-172.4,17.7
2,SAR,Williams,4,12.085,541.26,230.2,10922,6,100,0,0,194.4,-171.6,17.7
2,SAR,Williams,4,12.226,550.35,232.0,11103,6,100,0,0,183.3,-163.5,17.6
2,SAR,Williams,4,12.305,555.51,234.0,11103,6,100,0,0,177.7,-159.4,17.6
2,SAR,Williams,4,12.386,560.84,236.0,11103,6,100,0,0,173.7,-156.4,17.6
2,SAR,Williams,4,12.605,575.35,238.1,11208,6,100,0,0,167.2,-151.4,17.6
2,SAR,Williams,4,12.706,582.09,239.0,11257,6,100,0,0,162.4,-147.6,17.6
2,SAR,Williams,4,12.845,591.39,240.7,11357,6,100,0,0,154.6,-141.5,17.6
2,SAR,Williams,4,12.866,592.8,241.0,11372,6,100,0,0,153.5,-140.6,17.6
2,SAR,Williams,4,13.025,603.42,237.6,10844,6,43,0,0,145.2,-133.9,17.6
2,SAR,Williams,4,13.146,611.08,235.0,10443,6,0,1,0,139.1,-129.0,17.6
2,SAR,Williams,4,13.265,617.99,223.1,10102,6,0,1,0,132.9,-123.9,17.6
2,SAR,Williams,4,13.505,630.61,199.0,9415,6,0,1,0,119.1,-112.9,17.6
2,SAR,Williams,4,13.545,632.69,195.0,9301,6,0,1,0,117.2,-111.3,17.6
2,SAR,Williams,4,13.705,640.96,186.0,9581,6,0,1,0,110.9,-106.0,17.6
2,SAR,Williams,4,13.745,642.96,183.6,9534,6,0,1,0,109.4,-104.8,17.6
2,SAR,Williams,4,13.905,650.62,174.0,9345,5,0,1,0,103.5,-99.8,17.6
2,SAR,Williams,4,14.145,660.89,154.0,9517,5,0,1,0,93.6,-90.2,17.5
2,SAR,Williams,4,14.205,663.35,151.8,9327,5,0,1,0,91.6,-88.2,17.5
2,SAR,Williams,4,14.385,670.56,145.0,8756,4,0,1,0,87.7,-83.9,17.5
2,SAR,Williams,4,14.545,676.62,139.5,8566,4,0,1,0,85.0,-80.3,17.4
2,SAR,Williams,4,14.705,682.47,134.0,8377,4,0,1,0,81.5,-75.5,17.3
2,SAR,Williams,4,14.905,689.65,129.9,8145,4,0,1,0,78.0,-69.3,17.2
2,SAR,Williams,4,14.946,691.1,129.0,8097,4,0,0,0,77.4,-68.0,17.2
2,SAR,Williams,4,15.125,697.33,125.4,7739,4,0,0,0,75.4,-62.4,17.0
2,SAR,Williams,4,15.146,698.05,125.0,7697,4,0,0,0,75.2,-61.7,17.0
2,SAR,Williams,4,15.385,706.15,123.0,7791,4,7,0,0,74.2,-53.9,16.9
2,SAR,Williams,4,15.506,710.25,122.0,7839,4,10,0,0,74.4,-49.7,16.9
2,SAR,Williams,4,15.605,713.61,122.0,7804,4,15,0,0,74.7,-46.2,16.8
2,SAR,Williams,4,15.706,717.02,122.0,7768,4,20,0,0,75.2,-42.7,16.7
2,SAR,Williams,4,15.805,720.33,121.5,7768,4,20,0,0,75.7,-39.2,16.5
2,SAR,Williams,4,15.906,723.75,121.0,7768,4,20,0,0,76.2,-35.4,16.4
2,SAR,Williams,4,16.046,728.69,124.9,8018,4,35,0,0,76.8,-30.1,16.3
2,SAR,Williams,4,16.226,735.3,130.0,8339,4,54,0,0,76.9,-23.7,16.1
2,SAR,Williams,4,16.446,743.58,134.1,8431,4,40,0,0,76.4,-15.8,15.8
2,SAR,Williams,4,16.546,747.39,136.0,8473,4,34,0,0,75.5,-10.2,15.6
2,SAR,Williams,4,16.686,752.75,137.2,8618,4,35,0,0,74.1,-2.4,15.2
2,SAR,Williams,4,16.786,756.59,138.0,8721,4,35,0,0,73.6,0.4,15.1
2,SAR,Williams,4,16.986,764.31,139.0,8669,4,36,0,0,72.4,3.3,14.9
2,SAR,Williams,4,17.006,765.09,139.3,8679,4,37,0,0,72.1,3.9,14.9
2,SAR,Williams,4,17.186,772.2,142.0,8769,4,50,0,0,67.1,12.9,14.4
2,SAR,Williams,4,17.285,776.17,143.5,9041,4,54,0,0,64.4,17.6,14.2
2,SAR,Williams,4,17.506,785.27,147.0,9649,4,62,0,0,61.0,22.5,14.1
2,SAR,Williams,4,17.625,790.36,150.6,9685,4,66,0,0,58.9,25.0,14.0
2,SAR,Williams,4,17.885,801.97,158.4,9765,4,73,0,0,51.8,33.8,13.5
2,SAR,Williams,4,17.906,802.94,159.0,9771,4,74,0,0,51.2,34.5,13.5
2,SAR,Williams,4,17.985,806.6,162.0,10169,4,80,0,0,49.0,37.3,13.5
2,SAR,Williams,4,18.226,818.14,171.0,11384,4,100,0,0,39.1,49.8,13.2
2,SAR,Williams,4,18.265,820.05,173.0,11465,4,100,0,0,37.7,51.5,13.2
2,SAR,Williams,4,18.386,826.09,179.0,11718,4,100,0,0,34.6,55.4,13.1
2,SAR,Williams,4,18.586,836.37,185.0,11617,4,100,0,0,31.5,59.1,13.0
2,SAR,Williams,4,18.665,840.55,188.2,11191,4,100,0,0,29.6,61.4,13.0
2,SAR,Williams,4,18.786,847.09,193.0,10539,5,100,0,0,25.6,66.1,13.0
2,SAR,Williams,4,18.905,853.65,196.3,10822,5,100,0,0,21.3,71.2,13.0
2,SAR,Williams,4,19.085,863.84,201.4,11250,5,100,0,0,14.7,78.6,12.9
2,SAR,Williams,4,19.106,865.05,202.0,11300,5,100,0,0,13.7,79.7,12.9
2,SAR,Williams,4,19.345,879.05,211.0,11552,5,100,0,0,-0.7,94.1,13.0
2,SAR,Williams,4,19.346,879.11,211.0,11553,5,100,0,0,-0.8,94.1,13.0
2,SAR,Williams,4,19.506,888.58,213.0,11627,5,100,0,0,-7.0,99.8,13.0
2,SAR,Williams,4,19.745,903.25,221.0,11348,5,100,0,0,-13.7,105.1,13.0
2,SAR,Williams,4,19.746,903.31,221.0,11347,5,100,0,0,-13.7,105.1,13.0
2,SAR,Williams,4,19.965,917.23,227.2,11006,5,100,0,0,-24.4,113.6,13.0
2,SAR,Williams,4,20.065,923.69,230.0,10851,6,100,0,0,-32.6,120.1,13.0
2,SAR,Williams,4,20.165,930.21,231.9,10966,6,97,0,0,-40.5,126.3,13.0
2,SAR,Williams,4,20.385,944.67,236.0,11220,6,90,0,0,-47.7,131.7,13.1
2,SAR,Williams,4,20.525,953.92,237.4,11212,6,82,0,0,-52.3,136.5,13.1
2,SAR,Williams,4,20.585,957.89,238.0,11209,6,79,0,0,-55.6,140.1,13.1
2,SAR,Williams,4,20.785,971.23,240.0,11413,6,79,0,0,-68.4,155.1,13.1
2,SAR,Williams,4,20.945,981.94,241.0,11472,6,77,0,0,-73.4,162.4,13.1
2,SAR,Williams,4,21.105,992.65,241.0,11528,6,76,0,0,-75.5,167.5,13.1
2,SAR,Williams,4,21.145,995.34,241.3,11535,6,76,0,0,-76.2,169.2,13.1
2,SAR,Williams,4,21.385,1011.6,243.3,11580,6,78,0,0,-82.6,184.4,13.0
2,SAR,Williams,4,21.466,1017.12,244.0,11595,6,79,0,0,-85.7,193.7,13.0
2,SAR,Williams,4,21.605,1026.6,244.9,11027,6,82,0,0,-90.8,210.4,13.0
2,SAR,Williams,4,21.786,1038.98,246.0,10288,6,87,0,0,-93.1,220.6,13.0
2,SAR,Williams,4,21.965,1051.31,247.8,10489,6,99,0,0,-93.4,227.6,13.0
2,SAR,Williams,4,21.986,1052.76,248.0,10513,7,100,0,0,-93.5,228.9,13.0
2,SAR,Williams,4,22.105,1061.02,249.1,10504,7,100,0,0,-94.1,237.9,13.0
2,SAR,Williams,4,22.385,1080.66,251.6,10483,7,100,0,0,-94.4,263.2,12.9
2,SAR,Williams,4,22.426,1083.56,252.0,10480,7,100,0,0,-94.4,266.2,12.9
2,SAR,Williams,4,22.706,1103.32,254.0,10503,7,83,0,0,-93.9,281.9,13.0
2,SAR,Williams,4,22.746,1106.02,250.7,10480,7,69,0,0,-93.8,284.4,13.0
2,SAR,Williams,4,22.946,1118.92,234.0,10363,7,0,1,0,-93.2,298.0,13.1
2,SAR,Williams,4,23.166,1131.93,219.0,9627,7,0,1,0,-92.6,310.4,13.2
2,SAR,Williams,4,23.326,1140.69,208.1,9092,7,0,1,0,-91.9,319.5,13.3
2,SAR,Williams,4,23.386,1143.85,204.0,8891,7,0,1,0,-91.7,322.8,13.4
2,SAR,Williams,4,23.486,1148.95,193.2,8985,7,0,1,0,-91.4,328.0,13.5
2,SAR,Williams,4,23.626,1155.72,178.0,9116,6,0,1,0,-91.2,335.0,13.6
2,SAR,Williams,4,23.725,1160.2,167.5,9085,6,0,1,0,-91.2,339.5,13.7
2,SAR,Williams,4,23.786,1162.87,161.0,9066,6,0,1,0,-91.2,342.0,13.7
2,SAR,Williams,4,23.945,1169.66,155.0,9211,6,0,1,0,-91.7,349.1,13.8
2,SAR,Williams,4,24.026,1173.01,152.0,9285,5,0,1,0,-92.4,354.2,13.9
2,SAR,Williams,4,24.165,1178.54,145.0,9460,5,0,1,0,-93.8,363.0,14.0
2,SAR,Williams,4,24.266,1182.34,140.0,9587,4,0,1,0,-94.4,366.3,14.0
2,SAR,Williams,4,24.426,1187.94,126.0,8853,4,0,1,0,-94.9,367.8,14.1
2,SAR,Williams,4,24.485,1189.96,124.8,8630,4,0,1,0,-95.4,368.9,14.1
2,SAR,Williams,4,24.626,1194.72,122.0,8097,4,0,1,0,-97.2,373.1,14.2
2,SAR,Williams,4,24.885,1202.87,113.7,7721,4,0,1,0,-101.6,382.8,14.4
2,SAR,Williams,4,24.906,1203.51,113.0,7690,3,0,1,0,-101.9,383.4,14.4
2,SAR,Williams,4,25.186,1211.67,105.0,7305,3,0,1,0,-105.4,388.1,14.6
2,SAR,Williams,4,25.225,1212.77,104.0,7324,3,0,1,0,-106.1,388.7,14.6
2,SAR,Williams,4,25.386,1217.23,100.0,7400,3,0,0,0,-109.6,391.7,14.7
2,SAR,Williams,4,25.505,1220.48,99.1,7289,3,0,0,0,-112.5,393.8,14.8
2,SAR,Williams,4,25.666,1224.85,98.0,7140,3,0,0,0,-116.1,395.7,14.9
2,SAR,Williams,4,25.765,1227.56,98.0,7140,3,4,0,0,-118.4,396.6,14.9
2,SAR,Williams,4,26.026,1234.65,98.0,7139,3,14,0,0,-125.2,398.1,15.0
2,SAR,Williams,4,26.065,1235.68,97.3,7149,3,17,0,0,-126.2,398.2,15.0
2,SAR,Williams,4,26.185,1238.85,95.0,7181,3,25,0,0,-129.4,398.3,15.1
2,SAR,Williams,4,26.186,1238.87,95.0,7181,3,25,0,0,-129.4,398.3,15.1
2,SAR,Williams,4,26.466,1246.49,98.0,7413,3,41,0,0,-140.7,397.8,15.3
2,SAR,Williams,4,26.485,1247.03,98.5,7457,3,42,0,0,-141.1,397.8,15.3
2,SAR,Williams,4,26.746,1254.74,106.0,8063,3,58,0,0,-141.7,397.7,15.4
2,SAR,Williams,4,26.825,1257.23,108.5,8031,3,60,0,0,-143.1,397.6,15.4
2,SAR,Williams,4,27.125,1267.3,118.1,7910,3,68,0,0,-157.1,397.0,15.6
2,SAR,Williams,4,27.185,1269.37,120.0,7886,3,70,0,0,-158.9,396.9,15.6
2,SAR,Williams,4,27.425,1277.84,127.0,8179,4,61,0,0,-162.8,397.2,15.7
2,SAR,Williams,4,27.445,1278.56,127.4,8209,4,61,0,0,-163.3,397.3,15.7
2,SAR,Williams,4,27.725,1288.98,132.8,8625,4,56,0,0,-173.1,399.4,15.9
2,SAR,Williams,4,27.785,1291.24,134.0,8714,4,55,0,0,-175.2,400.1,15.9
2,SAR,Williams,4,27.925,1296.53,135.7,8870,4,56,0,0,-179.9,402.3,16.0
2,SAR,Williams,4,28.026,1300.41,137.0,8982,4,56,0,0,-183.3,404.2,16.1
2,SAR,Williams,4,28.045,1301.15,137.5,9007,4,57,0,0,-183.9,404.6,16.1
2,SAR,Williams,4,28.245,1309.13,142.5,9271,4,65,0,0,-190.3,409.2,16.1
2,SAR,Williams,4,28.306,1311.61,144.0,9351,4,67,0,0,-192.1,410.7,16.1
2,SAR,Williams,4,28.506,1319.89,149.0,9531,4,71,0,0,-198.0,416.4,16.3
2,SAR,Williams,4,28.525,1320.69,149.5,9572,4,71,0,0,-198.7,417.2,16.3
2,SAR,Williams,4,28.745,1330.28,155.8,10045,4,76,0,0,-207.2,428.1,16.4
2,SAR,Williams,4,28.786,1332.1,157.0,10133,4,77,0,0,-208.6,430.0,16.4
2,SAR,Williams,4,28.986,1341.1,162.0,10133,4,77,0,0,-213.4,438.2,16.5
2,SAR,Williams,4,29.226,1352.37,169.0,11246,4,100,0,0,-217.5,447.7,16.5
2,SAR,Williams,4,29.606,1371.55,181.4,11575,4,100,0,0,-223.3,465.8,16.5
2,SAR,Williams,4,29.626,1372.59,182.0,11592,4,100,0,0,-223.5,466.7,16.5
2,SAR,Williams,4,29.906,1387.52,192.0,11319,4,100,0,0,-225.8,477.3,16.8
2,SAR,Williams,4,30.066,1396.48,197.3,11282,4,100,0,0,-227.2,484.7,16.6
2,SAR,Williams,4,30.106,1398.78,198.7,11272,4,100,0,0,-227.6,486.9,16.5
2,SAR,Williams,4,30.266,1407.92,204.0,11235,5,100,0,0,-229.5,499.7,16.3
2,SAR,Williams,4,30.465,1419.25,205.9,11509,5,100,0,0,-231.4,515.2,16.4
2,SAR,Williams,4,30.586,1426.32,207.0,11675,5,100,0,0,-231.8,518.0,16.5
2,SAR,Williams,4,30.685,1432.3,210.8,11445,5,100,0,0,-232.0,519.9,16.5
2,SAR,Williams,4,31.026,1453.7,224.0,10654,5,100,0,1,-234.3,540.5,16.7
2,SAR,Williams,4,31.045,1454.89,224.2,10685,5,100,0,1,-234.4,541.7,16.7
2,SAR,Williams,4,31.145,1461.15,225.2,10849,5,100,0,1,-235.1,547.9,16.7
2,SAR,Williams,4,31.226,1466.26,226.0,10981,6,100,0,1,-235.6,552.9,16.6
2,SAR,Williams,4,31.345,1473.88,229.6,11220,6,100,0,1,-236.3,560.4,16.5
2,SAR,Williams,4,31.426,1479.14,232.0,11382,6,100,0,1,-236.8,565.6,16.6
2,SAR,Williams,4,31.585,1489.61,236.0,11414,6,100,0,1,-237.8,576.0,16.8
2,SAR,Williams,4,31.706,1497.73,239.0,11438,6,100,0,1,-238.5,584.0,16.7
2,SAR,Williams,4,31.845,1507.24,243.3,11083,6,100,0,1,-239.3,593.4,16.5
2,SAR,Williams,4,32.026,1519.87,249.0,10621,6,100,0,1,-240.2,605.8,16.3
2,SAR,Williams,4,32.065,1522.62,250.1,10602,6,100,0,1,-240.4,608.5,16.3
2,SAR,Williams,4,32.185,1531.13,253.6,10542,6,100,0,1,-241.0,616.9,16.2
2,SAR,Williams,4,32.266,1536.93,256.0,10502,7,100,0,1,-241.4,622.7,16.2
2,SAR,Williams,4,32.345,1542.63,257.6,10643,7,100,0,1,-241.8,628.2,16.2
2,SAR,Williams,4,32.506,1554.33,261.0,10931,7,100,0,1,-242.5,639.1,16.0
2,SAR,Williams,4,32.565,1558.66,261.9,10973,7,100,0,1,-242.8,644.1,15.9
2,SAR,Williams,4,32.826,1577.98,266.0,11159,7,100,0,1,-244.2,673.2,16.2
2,SAR,Williams,4,32.865,1580.89,267.0,11177,7,100,0,1,-244.3,676.6,16.3
2,SAR,Williams,4,32.986,1589.98,270.0,11231,7,100,0,1,-244.6,684.0,16.4
2,SAR,Williams,4,33.225,1608.21,273.7,11389,7,100,0,1,-244.7,693.2,16.4
2,SAR,Williams,4,33.306,1614.42,275.0,11442,7,100,0,1,-244.8,698.8,16.4
2,SAR,Williams,4,33.425,1623.56,275.9,11499,7,100,0,1,-244.9,708.5,16.3
2,SAR,Williams,4,33.705,1645.23,278.0,11634,7,100,0,1,-244.8,730.2,16.4
2,SAR,Williams,4,33.885,1659.49,283.1,10975,7,100,0,1,-244.4,744.3,16.4
2,SAR,Williams,4,33.985,1667.48,286.0,10609,7,100,0,1,-244.1,752.4,16.4
2,SAR,Williams,4,34.145,1680.32,287.8,10657,7,100,0,1,-243.5,764.9,16.3
2,SAR,Williams,4,34.345,1696.48,290.0,10716,8,100,0,1,-242.7,779.6,16.4
2,SAR,Williams,4,34.385,1699.72,290.5,10754,8,100,0,1,-242.3,784.2,16.4
2,SAR,Williams,4,34.545,1712.75,292.5,10907,8,100,0,1,-240.2,808.5,16.4
2,SAR,Williams,4,34.586,1716.09,293.0,10946,8,100,0,1,-239.7,813.9,16.4
2,SAR,Williams,4,34.866,1739.04,295.0,11069,8,100,0,1,-237.2,835.9,16.4
2,SAR,Williams,4,35.005,1750.56,296.9,11100,8,100,0,1,-236.2,842.9,16.4
2,SAR,Williams,4,35.226,1769.04,300.0,11148,8,100,0,1,-234.7,853.6,16.3
2,SAR,Williams,4,35.265,1772.31,300.6,11178,8,100,0,1,-234.3,856.1,16.3
2,SAR,Williams,4,35.426,1785.87,303.0,11300,8,100,0,1,-232.3,869.1,16.3
2,SAR,Williams,4,35.485,1790.88,303.6,11232,8,100,0,1,-231.4,874.4,16.3
2,SAR,Williams,4,35.626,1802.82,305.0,11068,8,100,0,1,-229.1,887.2,16.4
2,SAR,Williams,4,35.706,1809.42,301.7,10951,8,82,0,1,-227.8,894.3,16.4
2,SAR,Williams,4,35.946,1828.54,291.9,10598,8,27,0,1,-223.7,914.0,16.4
2,SAR,Williams,4,36.066,1837.89,287.0,10422,8,0,1,0,-221.5,923.5,16.5
2,SAR,Williams,4,36.166,1845.62,280.8,10218,8,0,1,0,-219.8,931.0,16.5
2,SAR,Williams,4,36.226,1850.2,277.0,10096,8,0,1,0,-218.8,935.2,16.5
2,SAR,Williams,4,36.386,1862.03,266.0,9396,8,0,1,0,-216.3,945.6,16.5
2,SAR,Williams,4,36.546,1872.43,234.0,9406,8,0,1,0,-213.7,956.1,16.4
2,SAR,Williams,4,36.626,1877.37,227.6,9408,8,0,1,0,-212.5,961.2,16.4
2,SAR,Williams,4,36.746,1884.54,218.0,9412,7,0,1,0,-210.8,968.6,16.4
2,SAR,Williams,4,36.885,1892.36,208.3,9217,7,0,1,0,-208.9,976.6,16.4
2,SAR,Williams,4,37.105,1903.79,193.1,8908,7,0,1,0,-206.2,988.4,16.5
2,SAR,Williams,4,37.106,1903.84,193.0,8907,6,0,1,0,-206.2,988.5,16.5
2,SAR,Williams,4,37.265,1911.47,181.9,8859,6,0,1,0,-204.5,996.4,16.5
2,SAR,Williams,4,37.505,1922.13,165.1,8787,6,0,1,0,-201.9,1007.5,16.5
2,SAR,Williams,4,37.506,1922.17,165.0,8787,5,0,1,0,-201.9,1007.6,16.5
2,SAR,Williams,4,37.666,1928.79,149.0,8227,5,0,1,0,-199.6,1016.7,16.5
2,SAR,Williams,4,37.685,1929.56,148.3,8285,5,0,1,0,-199.4,1017.6,16.5
2,SAR,Williams,4,37.906,1938.13,140.0,8957,5,0,1,0,-197.6,1024.3,16.5
2,SAR,Williams,4,37.965,1940.27,135.6,8544,5,0,1,0,-197.1,1025.9,16.5
2,SAR,Williams,4,38.066,1943.82,128.0,7837,4,0,1,0,-196.1,1029.1,16.5
2,SAR,Williams,4,38.205,1948.58,124.5,7538,4,0,1,0,-194.4,1033.8,16.4
2,SAR,Williams,4,38.306,1951.95,122.0,7321,4,0,1,0,-193.1,1037.0,16.4
2,SAR,Williams,4,38.405,1955.18,119.5,7244,4,0,1,0,-191.8,1039.8,16.5
2,SAR,Williams,4,38.546,1959.68,116.0,7134,4,0,1,0,-190.1,1043.3,16.5
2,SAR,Williams,4,38.685,1964.02,114.1,7029,4,0,1,0,-187.3,1047.0,16.5
2,SAR,Williams,4,38.865,1969.53,111.6,6892,4,0,1,0,-180.8,1052.7,16.5
2,SAR,Williams,4,38.906,1970.78,111.0,6861,4,0,0,0,-179.6,1053.6,16.5
2,SAR,Williams,4,39.106,1976.84,109.0,6853,4,3,0,0,-176.1,1055.3,16.5
2,SAR,Williams,4,39.265,1981.67,109.8,6975,4,18,0,0,-173.0,1056.0,16.5
2,SAR,Williams,4,39.445,1987.23,110.7,7114,4,35,0,0,-167.4,1057.4,16.5
2,SAR,Williams,4,39.506,1989.17,111.0,7161,4,41,0,0,-165.4,1057.8,16.5
2,SAR,Williams,4,39.605,1992.37,113.9,7393,4,46,0,0,-162.2,1058.5,16.4
2,SAR,Williams,4,39.746,1997.04,118.0,7724,4,53,0,0,-157.9,1059.6,16.3
2,SAR,Williams,4,39.885,2001.75,121.0,7852,4,53,0,0,-153.5,1061.3,16.3
2,SAR,Williams,4,40.026,2006.68,124.0,7982,4,53,0,0,-148.1,1063.8,16.3
2,SAR,Williams,4,40.185,2012.45,128.0,8247,4,48,0,0,-142.3,1066.9,16.2
2,SAR,Williams,4,40.345,2018.38,132.0,8514,4,43,0,0,-138.2,1069.5,16.1
2,SAR,Williams,4,40.505,2024.32,133.6,8534,4,46,0,0,-134.6,1072.4,16.1
2,SAR,Williams,4,40.545,2025.82,134.0,8539,4,47,0,0,-133.5,1073.3,16.1
2,SAR,Williams,4,40.685,2031.12,135.8,8539,4,47,0,0,-129.6,1076.8,16.1
2,SAR,Williams,4,40.785,2034.96,137.0,8539,4,47,0,0,-126.9,1079.5,16.1
2,SAR,Williams,4,40.925,2040.42,140.5,9046,4,63,0,0,-123.4,1083.5,16.0
2,SAR,Williams,4,40.945,2041.22,141.0,9119,4,65,0,0,-122.9,1084.1,16.0
2,SAR,Williams,4,41.205,2052.15,149.9,9630,4,78,0,0,-116.9,1092.6,16.0
2,SAR,Williams,4,41.266,2054.78,152.0,9750,4,81,0,0,-115.6,1094.8,15.9
2,SAR,Williams,4,41.305,2056.46,152.8,9811,4,81,0,0,-114.8,1096.2,15.9
2,SAR,Williams,4,41.465,2063.42,156.1,10063,4,83,0,0,-111.6,1102.4,15.9
2,SAR,Williams,4,41.506,2065.24,157.0,10128,4,83,0,0,-110.8,1104.0,15.9
2,SAR,Williams,4,41.706,2074.41,165.0,10688,4,100,0,0,-107.2,1112.4,15.8
2,SAR,Williams,4,41.725,2075.3,165.4,10718,4,100,0,0,-106.9,1113.2,15.8
2,SAR,Williams,4,41.945,2085.73,170.2,11061,4,100,0,0,-103.4,1123.1,15.7
2,SAR,Williams,4,42.026,2089.7,172.0,11187,4,100,0,0,-102.2,1127.0,15.7
2,SAR,Williams,4,42.206,2098.81,179.7,11622,4,100,0,0,-99.3,1136.7,15.9
2,SAR,Williams,4,42.306,2104.01,184.0,11863,4,100,0,0,-97.5,1143.5,15.9
2,SAR,Williams,4,42.406,2109.28,187.1,11535,4,100,0,0,-95.8,1150.0,15.9
2,SAR,Williams,4,42.626,2121.25,194.0,10814,4,100,0,0,-93.7,1158.6,15.9
2,SAR,Williams,4,42.806,2131.63,201.4,11176,4,100,0,0,-91.6,1167.2,15.9
2,SAR,Williams,4,43.006,2143.57,209.5,11579,4,100,0,0,-87.8,1182.9,15.9
2,SAR,Williams,4,43.066,2147.17,212.0,11700,5,100,0,0,-86.9,1186.6,15.9
2,SAR,Williams,4,43.306,2161.63,217.0,11044,5,100,0,0,-84.5,1196.3,15.9
2,SAR,Williams,4,43.366,2165.34,218.9,10951,5,100,0,0,-83.8,1199.2,15.9
2,SAR,Williams,4,43.545,2176.61,224.7,10674,5,100,0,0,-81.4,1210.1,15.9
2,SAR,Williams,4,43.586,2179.21,226.0,10610,6,100,0,0,-80.8,1213.0,15.9
2,SAR,Williams,4,43.785,2191.92,230.0,10965,6,100,0,0,-77.8,1227.4,15.8
2,SAR,Williams,4,43.786,2191.99,230.0,10967,6,100,0,0,-77.8,1227.5,15.8
2,SAR,Williams,4,43.945,2202.34,234.0,11058,6,100,0,0,-75.9,1237.5,15.9
2,SAR,Williams,4,43.986,2205.04,235.0,11082,6,100,0,0,-75.4,1240.1,15.9
2,SAR,Williams,4,44.265,2223.76,241.1,11416,6,100,0,0,-72.2,1258.3,15.8
2,SAR,Williams,4,44.306,2226.55,242.0,11465,6,100,0,0,-71.8,1260.9,15.8
2,SAR,Williams,4,44.465,2237.48,246.0,11386,6,100,0,0,-70.0,1271.7,15.9
2,SAR,Williams,4,44.546,2243.09,248.0,11346,6,100,0,0,-68.8,1279.3,15.9
2,SAR,Williams,4,44.665,2251.38,249.7,11082,6,100,0,0,-67.0,1290.7,15.9
2,SAR,Williams,4,44.906,2268.39,253.0,10546,7,100,0,0,-65.1,1303.3,15.9
2,SAR,Williams,4,44.985,2274.04,254.5,10607,7,100,0,0,-64.5,1307.4,15.9
2,SAR,Williams,4,45.266,2294.39,260.0,10823,7,100,0,0,-61.8,1327.3,15.9
2,SAR,Williams,4,45.305,2297.23,260.6,10850,7,100,0,0,-61.4,1330.1,15.9
2,SAR,Williams,4,45.425,2305.99,262.4,10934,7,100,0,0,-60.4,1338.7,15.9
2,SAR,Williams,4,45.466,2309.0,263.0,10963,7,100,0,0,-60.0,1342.0,15.9
2,SAR,Williams,4,45.626,2320.78,265.0,11018,7,100,0,0,-58.6,1356.8,15.9
2,SAR,Williams,4,45.745,2329.59,266.5,11103,7,100,0,0,-57.7,1366.5,15.9
2,SAR,Williams,4,45.786,2332.64,267.0,11132,7,100,0,0,-57.5,1369.2,15.9
2,SAR,Williams,4,45.985,2347.6,269.8,11241,7,100,0,0,-56.9,1379.9,15.9
2,SAR,Williams,4,46.066,2353.72,271.0,11286,7,100,0,0,-56.7,1384.6,15.9
2,SAR,Williams,4,46.346,2374.95,273.0,11374,7,100,0,0,-55.8,1406.4,15.9
2,SAR,Williams,4,46.365,2376.4,273.3,11381,7,100,0,0,-55.7,1408.5,15.9
2,SAR,Williams,4,46.545,2390.21,276.0,11449,7,100,0,0,-55.3,1429.9,15.9
2,SAR,Williams,4,46.546,2390.29,276.0,11449,7,100,0,0,-55.3,1430.0,15.9
2,SAR,Williams,4,46.746,2405.73,278.0,11557,7,100,0,0,-55.3,1440.3,15.9
2,SAR,Williams,4,46.845,2413.43,279.2,11631,7,100,0,0,-55.3,1445.3,15.9
2,SAR,Williams,4,46.985,2424.39,281.0,11735,7,100,0,0,-55.3,1456.1,15.8
2,SAR,Williams,4,47.005,2425.96,281.2,11665,7,100,0,0,-55.3,1457.7,15.8
2,SAR,Williams,4,47.345,2452.79,284.0,10468,8,100,0,0,-56.1,1481.4,15.8
2,SAR,Williams,4,47.445,2460.69,284.5,10478,8,100,0,0,-56.7,1489.3,15.8
2,SAR,Williams,4,47.545,2468.62,285.0,10489,8,100,0,0,-57.4,1497.2,15.8
2,SAR,Williams,4,47.645,2476.59,286.2,10579,8,100,0,0,-58.3,1504.9,15.7
2,SAR,Williams,4,47.706,2481.46,287.0,10634,8,100,0,0,-58.9,1509.4,15.7
2,SAR,Williams,4,47.865,2494.13,287.0,10526,8,1,0,0,-61.1,1522.2,15.7
2,SAR,Williams,4,47.866,2494.21,287.0,10525,8,0,0,0,-61.1,1522.3,15.7
2,SAR,Williams,4,48.106,2513.01,282.0,10156,8,0,1,0,-67.1,1550.1,15.7
2,SAR,Williams,4,48.205,2520.63,277.5,9983,8,0,1,0,-69.1,1558.8,15.7
2,SAR,Williams,4,48.346,2531.08,271.0,9736,8,0,1,0,-70.5,1565.0,15.7
2,SAR,Williams,4,48.565,2545.62,240.9,8809,8,0,1,0,-72.7,1574.0,15.7
2,SAR,Williams,4,48.586,2546.94,238.0,8720,8,0,1,0,-73.2,1576.0,15.7
2,SAR,Williams,4,48.746,2556.72,224.0,8584,8,0,1,0,-77.6,1595.1,15.7
2,SAR,Williams,4,48.826,2561.41,217.0,8516,8,0,1,0,-79.1,1601.7,15.7
2,SAR,Williams,4,49.106,2576.66,196.0,8645,7,0,1,0,-80.8,1609.1,15.7
2,SAR,Williams,4,49.186,2580.52,187.0,8571,7,0,1,0,-81.2,1611.2,15.7
2,SAR,Williams,4,49.386,2589.24,164.5,8386,7,0,1,0,-82.9,1619.4,15.7
2,SAR,Williams,4,49.426,2590.88,160.0,8349,7,0,1,0,-83.3,1621.6,15.7
2,SAR,Williams,4,49.606,2597.83,143.9,8072,7,0,1,0,-85.4,1632.1,15.7
2,SAR,Williams,4,49.706,2601.38,135.0,7918,5,0,1,0,-86.0,1635.3,15.7
2,SAR,Williams,4,49.886,2607.14,122.5,8040,5,0,1,0,-86.5,1638.3,15.6
2,SAR,Williams,4,50.066,2612.38,110.0,8162,4,0,1,0,-87.3,1643.4,15.6
2,SAR,Williams,4,50.245,2617.32,101.0,8061,4,0,1,0,-87.9,1649.1,15.6
2,SAR,Williams,4,50.306,2618.91,98.0,8027,4,0,1,0,-88.0,1650.8,15.6
2,SAR,Williams,4,50.465,2622.8,91.2,7442,4,0,1,0,-88.0,1654.7,15.6
2,SAR,Williams,4,50.586,2625.6,86.0,6996,2,0,1,0,-87.8,1657.5,15.6
2,SAR,Williams,4,50.645,2626.94,84.5,6888,2,0,1,0,-87.7,1658.8,15.6
2,SAR,Williams,4,50.826,2630.93,80.0,6555,2,0,1,0,-86.9,1662.6,15.6
2,SAR,Williams,4,50.865,2631.78,79.4,6498,2,0,1,0,-86.7,1663.4,15.6
2,SAR,Williams,4,51.026,2635.21,77.0,6261,2,0,1,0,-85.5,1666.4,15.5
2,SAR,Williams,4,51.045,2635.61,76.7,6237,2,0,1,0,-85.3,1666.7,15.5
2,SAR,Williams,4,51.226,2639.32,74.0,6006,2,0,1,0,-83.2,1669.7,15.5
2,SAR,Williams,4,51.265,2640.1,73.6,5972,2,0,1,0,-82.7,1670.3,15.5
2,SAR,Williams,4,51.425,2643.2,71.7,5833,2,0,1,0,-80.3,1672.3,15.5
2,SAR,Williams,4,51.625,2646.98,69.5,5659,2,0,1,0,-77.0,1674.3,15.6
2,SAR,Williams,4,51.666,2647.76,69.0,5623,2,0,0,0,-76.3,1674.6,15.6
2,SAR,Williams,4,51.805,2650.39,68.1,5543,2,0,0,0,-73.8,1675.4,15.6
2,SAR,Williams,4,51.826,2650.78,68.0,5531,2,0,0,0,-73.4,1675.5,15.6
2,SAR,Williams,4,52.125,2656.04,63.8,5232,2,0,0,0,-66.7,1675.8,15.6
2,SAR,Williams,4,52.186,2657.08,63.0,5171,2,0,0,0,-65.7,1675.7,15.6
2,SAR,Williams,4,52.426,2661.14,61.0,5187,2,0,0,0,-63.0,1674.8,15.5
2,SAR,Williams,4,52.445,2661.46,61.0,5205,2,1,0,0,-62.8,1674.7,15.5
2,SAR,Williams,4,52.725,2666.2,61.0,5474,2,19,0,0,-58.9,1672.3,15.5
2,SAR,Williams,4,52.746,2666.57,61.0,5494,2,20,0,0,-58.6,1672.1,15.5
2,SAR,Williams,4,52.925,2669.75,63.5,5790,2,24,0,0,-56.4,1669.9,15.5
2,SAR,Williams,4,53.105,2673.15,66.0,6088,2,28,0,0,-53.5,1666.0,15.5
2,SAR,Williams,4,53.106,2673.17,66.0,6090,2,28,0,0,-53.5,1666.0,15.5
2,SAR,Williams,4,53.405,2679.37,73.5,6694,2,39,0,0,-51.4,1662.2,15.5
2,SAR,Williams,4,53.466,2680.67,75.0,6817,2,41,0,0,-51.1,1661.6,15.5
2,SAR,Williams,4,53.625,2684.08,77.4,7467,2,47,0,0,-50.1,1659.7,15.5
2,SAR,Williams,4,53.665,2684.98,78.0,7631,2,48,0,0,-49.8,1659.0,15.5
2,SAR,Williams,4,53.805,2688.34,83.7,7945,2,50,0,0,-48.6,1655.9,15.5
2,SAR,Williams,4,53.985,2693.07,91.0,8348,2,52,0,0,-47.1,1651.7,15.5
2,SAR,Williams,4,54.165,2698.19,97.7,8971,2,57,0,0,-45.7,1647.3,15.5
2,SAR,Williams,4,54.345,2703.62,104.5,9595,2,62,0,0,-44.4,1642.4,15.5
2,SAR,Williams,4,54.386,2704.87,106.0,9737,2,63,0,0,-44.2,1641.2,15.5
2,SAR,Williams,4,54.465,2707.32,109.5,9985,2,67,0,0,-43.7,1638.9,15.5
2,SAR,Williams,4,54.546,2709.9,113.0,10240,2,71,0,0,-43.2,1636.4,15.5
2,SAR,Williams,4,54.685,2714.6,118.6,10144,2,78,0,0,-42.4,1632.0,15.5
2,SAR,Williams,4,54.946,2724.23,129.0,9964,2,90,0,0,-41.3,1623.7,15.5
2,SAR,Williams,4,55.005,2726.5,131.8,10166,2,92,0,0,-41.1,1621.2,15.5
2,SAR,Williams,4,55.205,2734.49,141.1,10850,2,98,0,0,-40.2,1611.3,15.5
2,SAR,Williams,4,55.266,2737.03,144.0,11059,3,100,0,0,-40.0,1608.7,15.5
2,SAR,Williams,4,55.546,2749.32,158.0,11444,3,100,0,0,-39.3,1598.7,15.5
2,SAR,Williams,4,55.826,2762.24,165.9,10992,3,100,0,0,-37.9,1586.1,15.5
2,SAR,Williams,4,55.866,2764.16,167.0,10928,4,100,0,0,-37.6,1584.4,15.5
2,SAR,Williams,4,56.046,2773.13,175.4,11195,4,100,0,0,-36.3,1576.7,15.5
2,SAR,Williams,4,56.186,2780.34,182.0,11402,4,100,0,0,-34.9,1569.9,15.4
2,SAR,Williams,4,56.246,2783.48,184.4,11071,4,100,0,0,-34.2,1566.9,15.4
2,SAR,Williams,4,56.386,2790.9,190.0,10299,4,100,0,0,-32.3,1559.8,15.3
2,SAR,Williams,4,56.446,2794.11,191.0,10403,4,100,0,0,-31.4,1556.8,15.3
2,SAR,Williams,4,56.625,2803.81,194.0,10713,4,100,0,0,-28.3,1547.7,15.2
2,SAR,Williams,4,56.746,2810.5,196.0,10923,5,100,0,0,-25.5,1540.1,15.1
2,SAR,Williams,4,56.845,2816.05,200.3,11236,5,100,0,0,-23.2,1534.0,15.0
2,SAR,Williams,4,56.906,2819.52,203.0,11429,5,100,0,0,-21.9,1530.7,15.0
2,SAR,Williams,4,57.185,2835.81,210.0,11680,5,100,0,0,-16.6,1517.9,14.8
2,SAR,Williams,4,57.226,2838.27,211.0,11717,5,100,0,0,-15.7,1515.8,14.8
2,SAR,Williams,4,57.365,2846.76,217.3,11095,5,100,0,0,-12.4,1508.0,14.7
2,SAR,Williams,4,57.426,2850.5,220.0,10822,5,100,0,0,-10.7,1504.0,14.7
2,SAR,Williams,4,57.626,2862.72,220.0,10722,6,100,0,0,-4.4,1489.2,14.6
2,SAR,Williams,4,57.665,2865.16,222.0,10778,6,100,0,0,-3.2,1486.3,14.6
2,SAR,Williams,4,57.786,2872.85,228.0,10953,6,100,0,0,0.6,1477.2,14.6
2,SAR,Williams,4,58.025,2888.13,229.5,10953,6,100,0,0,7.2,1461.7,14.6
2,SAR,Williams,4,58.106,2893.3,230.0,10953,6,100,0,0,8.7,1458.2,14.6
2,SAR,Williams,4,58.306,2906.07,230.0,10953,6,100,0,0,11.3,1452.1,14.6
2,SAR,Williams,4,58.385,2911.29,234.4,11152,6,100,0,0,12.8,1448.6,14.6
2,SAR,Williams,4,58.466,2916.7,239.0,11356,6,100,0,0,14.8,1444.0,14.6
2,SAR,Williams,4,58.585,2924.62,239.9,11510,6,100,0,0,18.1,1436.4,14.6
2,SAR,Williams,4,58.746,2935.44,241.0,11719,6,100,0,0,22.4,1426.6,14.6
2,SAR,Williams,4,58.765,2936.74,241.6,11700,6,100,0,0,22.9,1425.4,14.6
2,SAR,Williams,4,58.986,2952.04,249.0,11476,6,100,0,0,29.0,1411.6,14.6
2,SAR,Williams,4,59.105,2960.38,251.4,11024,6,100,0,0,30.9,1407.1,14.6
2,SAR,Williams,4,59.186,2966.1,253.0,10717,6,100,0,0,31.3,1406.1,14.6
2,SAR,Williams,4,59.285,2973.14,254.8,10751,6,100,0,0,32.0,1404.5,14.5
2,SAR,Williams,4,59.466,2986.16,258.0,10814,7,100,0,0,37.2,1392.6,14.5
2,SAR,Williams,4,59.485,2987.54,258.6,10834,7,100,0,0,37.8,1391.3,14.5
2,SAR,Williams,4,59.605,2996.31,262.3,10963,7,100,0,0,41.3,1383.3,14.5
2,SAR,Williams,4,59.626,2997.85,263.0,10985,7,100,0,1,41.9,1381.9,14.5
2,SAR,Williams,4,59.825,3012.57,266.3,11226,7,100,0,1,47.8,1368.4,14.4
2,SAR,Williams,4,59.866,3015.65,267.0,11276,7,100,0,1,49.0,1365.6,14.4
2,SAR,Williams,4,60.025,3027.78,270.7,11380,7,100,0,1,53.6,1354.5,14.3
2,SAR,Williams,4,60.365,3054.32,278.5,11602,7,100,0,1,63.6,1330.5,14.0
2,SAR,Williams,4,60.385,3055.87,279.0,11615,7,100,0,1,64.2,1329.1,14.0
2,SAR,Williams,4,60.565,3069.91,280.8,11180,7,100,0,1,69.5,1316.1,13.7
2,SAR,Williams,4,60.585,3071.49,281.0,11132,7,100,0,1,70.1,1314.6,13.7
2,SAR,Williams,4,60.705,3080.99,284.0,10792,7,100,0,1,73.7,1305.9,13.5
2,SAR,Williams,4,60.785,3087.37,286.0,10565,7,100,0,1,76.1,1300.0,13.4
2,SAR,Williams,4,60.945,3100.23,288.3,10693,7,100,0,1,80.8,1288.1,13.3
2,SAR,Williams,4,61.066,3110.01,290.0,10789,8,100,0,1,84.3,1279.0,13.2
2,SAR,Williams,4,61.125,3114.8,290.7,10795,8,100,0,1,86.0,1274.6,13.2
2,SAR,Williams,4,61.306,3129.54,293.0,10815,8,100,0,1,91.1,1260.9,13.1
2,SAR,Williams,4,61.365,3134.38,293.6,10868,8,100,0,1,92.7,1256.3,13.1
2,SAR,Williams,4,61.586,3152.57,296.0,11067,8,100,0,1,98.6,1238.9,13.1
2,SAR,Williams,4,61.605,3154.13,296.2,11069,8,100,0,1,99.1,1237.6,13.1
2,SAR,Williams,4,61.685,3160.74,297.0,11075,8,100,0,1,101.2,1231.4,13.0
2,SAR,Williams,4,61.786,3169.12,298.0,11083,8,100,0,1,107.0,1212.6,13.0
2,SAR,Williams,4,61.865,3175.73,299.2,11107,8,100,0,1,111.9,1196.6,13.0
2,SAR,Williams,4,62.186,3202.9,304.0,11207,8,100,0,1,119.5,1169.0,13.0
2,SAR,Williams,4,62.346,3216.54,307.0,11310,8,100,0,1,123.0,1155.9,13.0
2,SAR,Williams,4,62.506,3230.25,308.1,11354,8,100,0,1,125.9,1144.3,13.0
2,SAR,Williams,4,62.626,3240.58,309.0,11387,8,100,0,1,129.2,1130.9,13.0
2,SAR,Williams,4,62.806,3256.13,310.4,11425,8,100,0,1,134.5,1109.2,12.9
2,SAR,Williams,4,63.026,3275.24,312.0,11471,8,100,0,1,137.5,1096.9,12.9
2,SAR,Williams,4,63.145,3285.63,313.0,11526,8,100,0,1,139.0,1090.7,12.9
2,SAR,Williams,4,63.365,3304.9,314.8,11628,8,100,0,1,143.4,1072.0,12.9
2,SAR,Williams,4,63.386,3306.74,315.0,11638,8,100,0,1,144.0,1069.6,12.9
2,SAR,Williams,4,63.586,3324.36,317.0,11658,8,100,0,1,149.7,1044.8,12.8
2,SAR,Williams,4,63.605,3326.04,317.2,11665,8,100,0,1,150.2,1042.9,12.8
2,SAR,Williams,4,63.965,3358.24,320.9,11794,8,100,0,1,155.4,1020.5,12.8
2,SAR,Williams,4,64.066,3367.29,322.0,11830,8,100,0,1,157.2,1012.7,12.8
2,SAR,Williams,4,64.285,3386.87,322.0,11879,8,99,0,1,161.9,992.6,12.7
2,SAR,Williams,4,64.306,3388.76,322.0,11884,8,99,0,1,162.3,990.7,12.7
2,SAR,Williams,4,64.485,3404.91,324.7,11928,8,100,0,1,166.0,975.1,12.7
2,SAR,Williams,4,64.506,3406.81,325.0,11933,8,100,0,1,166.5,973.2,12.7
2,SAR,Williams,4,64.545,3410.34,325.2,11950,8,100,0,1,167.3,969.8,12.7
2,SAR,Williams,4,64.825,3435.79,327.0,12076,8,100,0,1,173.0,945.1,12.7
2,SAR,Williams,4,64.826,3435.88,327.0,12076,8,100,0,1,173.0,945.0,12.7
2,SAR,Williams,4,65.025,3454.0,327.8,12101,8,100,0,1,179.6,916.7,12.6
2,SAR,Williams,4,65.066,3457.74,328.0,12106,8,100,0,1,180.6,912.4,12.6
2,SAR,Williams,4,65.266,3476.02,329.0,12147,8,100,0,1,183.1,902.1,12.6
2,SAR,Williams,4,65.385,3486.96,329.9,12164,8,100,0,1,184.6,895.4,12.6
2,SAR,Williams,4,65.585,3505.42,331.4,12192,8,100,0,1,188.7,877.4,12.6
2,SAR,Williams,4,65.666,3512.91,332.0,12203,8,100,0,1,190.4,869.8,12.6
2,SAR,Williams,4,65.906,3535.11,333.0,12233,8,100,0,1,195.3,848.4,12.6
2,SAR,Williams,4,65.925,3536.87,333.0,12237,8,100,0,1,195.7,846.8,12.6
2,SAR,Williams,4,66.066,3549.91,333.0,12267,8,100,0,1,198.5,834.7,12.6
2,SAR,Williams,4,66.125,3555.39,333.4,12272,8,100,0,1,199.8,828.8,12.6
2,SAR,Williams,4,66.345,3575.87,335.0,12293,8,100,0,1,205.8,802.3,12.7
2,SAR,Williams,4,66.346,3575.97,335.0,12293,8,100,0,1,205.8,802.2,12.7
2,SAR,Williams,4,66.506,3590.86,335.0,12336,8,100,0,1,208.8,789.0,12.7
2,SAR,Williams,4,66.625,3601.95,335.4,12349,8,100,0,1,210.9,780.2,12.7
2,SAR,Williams,4,66.786,3616.99,336.0,12366,8,100,0,1,214.3,765.8,12.7
2,SAR,Williams,4,66.805,3618.76,336.0,12363,8,100,0,1,214.8,763.9,12.7
2,SAR,Williams,4,67.105,3646.76,336.0,12308,8,100,0,1,222.6,731.2,12.8
2,SAR,Williams,4,67.125,3648.64,336.1,12278,8,95,0,1,223.0,729.4,12.8
2,SAR,Williams,4,67.265,3661.74,337.0,12069,8,57,0,1,225.6,718.8,12.8
2,SAR,Williams,4,67.425,3676.52,333.0,11937,8,12,0,1,228.3,707.6,12.8
2,SAR,Williams,4,67.466,3680.28,332.0,11903,8,0,0,0,229.1,704.2,12.8
2,SAR,Williams,4,67.645,3696.53,326.0,11799,8,0,0,0,232.9,688.0,12.8
2,SAR,Williams,4,67.706,3701.88,324.0,11763,8,0,1,0,234.1,682.9,12.8
2,SAR,Williams,4,67.965,3722.94,293.5,10655,8,0,1,0,239.3,661.2,13.0
2,SAR,Williams,4,67.986,3724.51,291.0,10565,8,0,1,0,239.8,659.0,13.0
2,SAR,Williams,4,68.145,3735.74,270.7,10390,8,0,1,0,243.9,641.7,13.0
2,SAR,Williams,4,68.346,3749.01,245.0,10168,8,0,1,0,246.7,630.0,13.1
2,SAR,Williams,4,68.466,3756.95,239.8,9762,8,0,1,0,248.0,624.3,13.1
2,SAR,Williams,4,68.506,3759.59,238.0,9627,8,0,1,0,248.5,622.1,13.1
2,SAR,Williams,4,68.786,3777.24,227.0,9415,7,0,1,0,253.1,603.0,13.1
2,SAR,Williams,4,68.826,3779.45,217.2,9565,7,0,1,0,253.7,600.2,13.1
2,SAR,Williams,4,68.946,3785.6,188.0,10015,6,0,1,0,255.5,592.1,13.1
2,SAR,Williams,4,69.166,3795.91,172.2,9851,6,0,1,0,258.1,579.7,13.2
2,SAR,Williams,4,69.266,3800.27,165.0,9777,5,0,1,0,258.8,576.1,13.2
2,SAR,Williams,4,69.546,3811.54,145.0,8827,4,0,1,0,259.7,569.4,13.2
2,SAR,Williams,4,69.566,3812.32,144.3,8768,4,0,1,0,259.8,568.7,13.2
2,SAR,Williams,4,69.826,3822.04,135.0,7997,4,0,1,0,260.5,557.8,13.2
2,SAR,Williams,4,69.845,3822.73,134.3,7959,4,0,1,0,260.5,557.0,13.2
2,SAR,Williams,4,70.066,3830.44,126.0,7523,4,0,1,0,259.2,547.4,13.1
2,SAR,Williams,4,70.165,3833.8,123.5,7434,4,0,1,0,258.6,544.4,13.1
2,SAR,Williams,4,70.266,3837.17,121.0,7344,4,0,1,0,258.1,542.5,13.1
2,SAR,Williams,4,70.485,3844.29,117.3,7344,4,0,1,0,256.7,539.8,13.1
2,SAR,Williams,4,70.506,3844.97,117.0,7344,4,0,0,0,256.5,539.3,13.1
2,SAR,Williams,4,70.705,3851.34,116.4,7427,4,19,0,0,253.4,533.3,13.1
2,SAR,Williams,4,70.866,3856.57,116.0,7494,4,35,0,0,250.6,528.6,13.0
2,SAR,Williams,4,71.005,3861.21,118.3,7560,4,40,0,0,248.1,524.7,13.0
2,SAR,Williams,4,71.185,3867.36,121.3,7646,4,47,0,0,245.2,519.4,13.0
2,SAR,Williams,4,71.226,3868.77,122.0,7665,4,48,0,0,244.6,518.2,13.0
2,SAR,Williams,4,71.405,3874.93,123.3,7757,4,36,0,0,242.4,512.6,12.9
2,SAR,Williams,4,71.585,3881.21,124.7,7850,4,25,0,0,240.9,506.7,12.9
2,SAR,Williams,4,71.626,3882.65,125.0,7871,4,22,0,0,240.6,505.3,12.9
2,SAR,Williams,4,71.786,3888.34,128.0,8117,4,40,0,0,239.9,499.7,12.8
2,SAR,Williams,4,71.845,3890.44,128.3,8244,4,47,0,0,239.7,497.6,12.8
2,SAR,Williams,4,71.986,3895.51,129.0,8548,4,64,0,0,239.5,492.5,12.8
2,SAR,Williams,4,72.065,3898.46,132.5,8675,4,66,0,0,239.5,489.5,12.8
2,SAR,Williams,4,72.146,3901.55,136.0,8805,4,69,0,0,239.6,486.4,12.8
2,SAR,Williams,4,72.245,3905.42,138.9,9015,4,72,0,0,239.8,482.6,12.8
2,SAR,Williams,4,72.386,3911.09,143.0,9314,4,76,0,0,240.2,477.1,12.8
2,SAR,Williams,4,72.405,3911.86,143.6,9355,4,77,0,0,240.3,476.3,12.8
2,SAR,Williams,4,72.626,3921.09,150.0,9835,4,85,0,0,241.4,467.2,12.7
2,SAR,Williams,4,72.685,3923.58,151.2,9952,4,88,0,0,241.7,464.8,12.7
2,SAR,Williams,4,72.825,3929.6,154.0,10228,4,94,0,0,242.7,458.9,12.6
2,SAR,Williams,4,72.826,3929.64,154.0,10230,4,94,0,0,242.7,458.8,12.6
2,SAR,Williams,4,72.986,3936.89,163.0,10230,4,100,0,0,244.8,448.4,12.6
2,SAR,Williams,4,73.065,3940.53,164.8,10429,4,100,0,0,245.8,443.6,12.6
2,SAR,Williams,4,73.346,3953.99,171.0,11135,4,100,0,0,247.7,435.6,12.6
2,SAR,Williams,4,73.525,3963.39,178.0,11174,4,100,0,0,249.2,430.2,12.6
2,SAR,Williams,4,73.685,3972.38,184.3,11209,4,100,0,0,251.4,422.1,12.6
2,SAR,Williams,4,74.365,4014.52,211.0,11356,4,100,0,0,262.1,385.0,12.7
2,SAR,Williams,4,74.466,4020.88,215.0,11378,5,100,0,1,263.8,379.1,12.7
2,SAR,Williams,4,74.665,4033.41,221.6,11114,5,100,0,1,267.1,367.5,12.7
2,SAR,Williams,4,74.785,4040.98,225.6,10954,5,100,0,1,269.0,360.3,12.7
2,SAR,Williams,4,74.826,4043.58,227.0,10900,6,100,0,1,269.9,356.8,12.7
2,SAR,Williams,4,75.005,4054.99,229.7,11151,6,100,0,1,274.9,338.1,12.8
2,SAR,Williams,4,75.026,4056.35,230.0,11181,6,100,0,1,275.4,336.4,12.8
2,SAR,Williams,4,75.266,4072.42,241.0,11435,6,100,0,1,278.2,325.2,12.8
2,SAR,Williams,4,75.406,4081.93,243.8,11608,6,100,0,1,279.5,319.9,12.8
2,SAR,Williams,4,75.466,4086.03,245.0,11682,6,100,0,1,280.2,317.1,12.8
2,SAR,Williams,4,75.666,4099.85,248.1,11001,6,100,0,1,283.5,304.0,12.8
2,SAR,Williams,4,75.786,4108.25,250.0,10593,6,100,0,1,286.6,291.8,12.8
2,SAR,Williams,4,75.866,4113.91,251.8,10688,6,100,0,1,288.7,283.7,12.8
2,SAR,Williams,4,76.106,4131.1,257.0,10973,7,100,0,1,293.3,265.7,12.8
2,SAR,Williams,4,76.345,4148.56,263.0,10987,7,100,0,1,296.6,252.9,12.8
2,SAR,Williams,4,76.346,4148.63,263.0,10987,7,100,0,1,296.6,252.8,12.8
2,SAR,Williams,4,76.626,4169.63,270.0,11209,7,100,0,1,300.7,237.5,12.8
2,SAR,Williams,4,76.705,4175.66,271.7,11292,7,100,0,1,302.3,231.2,12.8
2,SAR,Williams,4,76.946,4194.25,277.0,11546,7,100,0,1,308.5,207.4,12.8
2,SAR,Williams,4,76.965,4195.73,277.4,11560,7,100,0,1,308.9,206.0,12.8
2,SAR,Williams,4,77.146,4209.87,281.0,11691,7,100,0,1,311.3,197.1,12.8
2,SAR,Williams,4,77.205,4214.51,281.8,11720,7,100,0,1,312.1,194.0,12.8
2,SAR,Williams,4,77.445,4233.59,285.2,11838,7,100,0,1,316.9,175.7,12.8
2,SAR,Williams,4,77.506,4238.47,286.0,11868,7,100,0,1,318.1,171.0,12.8
2,SAR,Williams,4,77.706,4254.52,289.0,12001,7,100,0,1,322.0,155.8,12.9
2,SAR,Williams,4,77.805,4262.54,290.4,11607,7,100,0,1,324.3,146.5,12.9
2,SAR,Williams,4,77.925,4272.32,292.1,11129,7,100,0,1,327.4,133.2,12.9
2,SAR,Williams,4,77.986,4277.31,293.0,10886,8,100,0,1,329.0,126.0,12.9
2,SAR,Williams,4,78.146,4290.47,296.0,10996,8,100,0,1,332.7,107.7,12.9
2,SAR,Williams,4,78.165,4292.03,296.0,11001,8,100,0,1,333.0,105.9,12.9
2,SAR,Williams,4,78.306,4303.62,296.0,11040,8,100,0,1,334.9,95.4,13.0
2,SAR,Williams,4,78.437,4314.47,297.6,11065,8,100,0,1,335.7,90.2,13.2
