(0000000000.000000) vcan0 010#0101
(0000000000.000000) vcan0 102#0144000000000002
(0000000000.000000) vcan0 103#190D8F03830001C1
(0000000000.000000) vcan0 101#1B0BE42B6407004D
(0000000000.100000) vcan0 102#01440800640010EE
(0000000000.100000) vcan0 103#240D45038310015A
(0000000000.100000) vcan0 101#230B012C64070102
(0000000000.200000) vcan0 102#01441000C80020C7
(0000000000.200000) vcan0 103#2D0DF60281200138
(0000000000.200000) vcan0 101#2B0B1E2C64070265
(0000000000.300000) vcan0 102#014418002C0130A7
(0000000000.300000) vcan0 103#350DA8028030010F
(0000000000.300000) vcan0 101#340B3A2C640703E9
(0000000000.400000) vcan0 102#0144200090014044
(0000000000.400000) vcan0 103#3C0D250280400120
(0000000000.400000) vcan0 101#360B422C640704C7
(0000000000.500000) vcan0 102#01442800F40150A8
(0000000000.500000) vcan0 103#430D9D017F50010F
(0000000000.500000) vcan0 101#370B462C64070532
(0000000000.600000) vcan0 102#0144300058026055
(0000000000.600000) vcan0 103#420D61017F6001C2
(0000000000.600000) vcan0 101#3C0B592C640706B2
(0000000000.700000) vcan0 102#01443800BC027079
(0000000000.700000) vcan0 103#420D2C018070014F
(0000000000.700000) vcan0 101#420B6C2C64070756
(0000000000.800000) vcan0 102#014440002003805F
(0000000000.800000) vcan0 103#410DF7008080014C
(0000000000.800000) vcan0 101#470B7E2C640708E3
(0000000000.900000) vcan0 102#0144480084039013
(0000000000.900000) vcan0 103#400DC600809001E0
(0000000000.900000) vcan0 101#470B872C64070970
(0000000001.000000) vcan0 102#01445000E803A09A
(0000000001.000000) vcan0 103#3E0D8D0080A0017E
(0000000001.000000) vcan0 101#400B872C64070AD9
(0000000001.100000) vcan0 102#014458004C04B02F
(0000000001.100000) vcan0 103#390D2E0081B00197
(0000000001.100000) vcan0 101#400B8C2C64070B0D
(0000000001.200000) vcan0 102#01446000B004C0AC
(0000000001.200000) vcan0 103#2D0DA1FF82C00119
(0000000001.200000) vcan0 101#400B922C64070CA6
(0000000001.300000) vcan0 102#014468001405D0AC
(0000000001.300000) vcan0 103#200D0FFF82D001BF
(0000000001.300000) vcan0 101#400B982C64070D18
(0000000001.400000) vcan0 102#014470007805E025
(0000000001.400000) vcan0 103#160DAFFE82E00104
(0000000001.400000) vcan0 101#420B922C60070E20
(0000000001.500000) vcan0 102#01447800DC05F069
(0000000001.500000) vcan0 103#110D7DFE82F001B8
(0000000001.500000) vcan0 101#480B722C56070F05
(0000000001.600000) vcan0 102#01448000400600F4
(0000000001.600000) vcan0 103#0B0D58FE82000195
(0000000001.600000) vcan0 101#1B0BAC2B35070052
(0000000001.700000) vcan0 102#01448800A40610D8
(0000000001.700000) vcan0 103#060D37FE821001E5
(0000000001.700000) vcan0 101#DA0AA72A0B07015E
(0000000001.800000) vcan0 102#01448F000807202F
(0000000001.800000) vcan0 103#FF0CFFFD82200135
(0000000001.800000) vcan0 101#970AD229001702A0
(0000000001.900000) vcan0 102#014496006C073047
(0000000001.900000) vcan0 103#F60CB6FD83300103
(0000000001.900000) vcan0 101#550A0F2900170382
(0000000002.000000) vcan0 102#01449D00D0074035
(0000000002.000000) vcan0 103#EE0C6EFD83400166
(0000000002.000000) vcan0 101#120A4B2800170436
(0000000002.100000) vcan0 102#0144A400340850FF
(0000000002.100000) vcan0 103#E70C29FD84500143
(0000000002.100000) vcan0 101#C209A4270017054E
(0000000002.200000) vcan0 102#0144AA0098086059
(0000000002.200000) vcan0 103#E00CE8FC84600147
(0000000002.200000) vcan0 101#1B09BC27001706B9
(0000000002.300000) vcan0 102#0144AF00FC08701D
(0000000002.300000) vcan0 103#DA0CABFC8470016C
(0000000002.300000) vcan0 101#7308D427001707A8
(0000000002.400000) vcan0 102#0144B500600980B1
(0000000002.400000) vcan0 103#D60C6AFC848001E3
(0000000002.400000) vcan0 101#F7074A28001708AD
(0000000002.500000) vcan0 102#0144BA00C40990F6
(0000000002.500000) vcan0 103#D40C28FC85900129
(0000000002.500000) vcan0 101#D607802900170900
(0000000002.600000) vcan0 102#0144C000280AA0E1
(0000000002.600000) vcan0 103#D10CE6FB86A0010E
(0000000002.600000) vcan0 101#B407B72A00170AB2
(0000000002.700000) vcan0 102#0144C4008C0AB06F
(0000000002.700000) vcan0 103#D30CBAFB86B001B3
(0000000002.700000) vcan0 101#5E07522900170BCF
(0000000002.800000) vcan0 102#0144C900F00AC0DC
(0000000002.800000) vcan0 103#D60C93FB86C00170
(0000000002.800000) vcan0 101#0407BC2700170C0D
(0000000002.900000) vcan0 102#0144CD00540BD01E
(0000000002.900000) vcan0 103#D80C6CFB85D001A6
(0000000002.900000) vcan0 101#AA06252600170DD4
(0000000003.000000) vcan0 102#0144D200B80BE05C
(0000000003.000000) vcan0 103#DB0C46FB85E001E2
(0000000003.000000) vcan0 101#50068E2400170E3E
(0000000003.100000) vcan0 102#0144D6001C0CF02B
(0000000003.100000) vcan0 103#E00C1DFB85F0010D
(0000000003.100000) vcan0 101#25067F2300140FC6
(0000000003.200000) vcan0 102#0144DA00800C0044
(0000000003.200000) vcan0 103#E90CF5FA850001F7
(0000000003.200000) vcan0 101#FD0579220014005F
(0000000003.300000) vcan0 102#0144DE00E40C106A
(0000000003.300000) vcan0 103#F50CCFFA851001CD
(0000000003.300000) vcan0 101#DA05E621001401A8
(0000000003.400000) vcan0 102#0144E200480D207B
(0000000003.400000) vcan0 103#030DABFA852001DB
(0000000003.400000) vcan0 101#B8055D2100140241
(0000000003.500000) vcan0 102#0144E600AC0D3095
(0000000003.500000) vcan0 103#130D88FA853001A9
(0000000003.500000) vcan0 101#9505D3200014037D
(0000000003.600000) vcan0 102#0144EA00100E4038
(0000000003.600000) vcan0 103#260D66FA8540010B
(0000000003.600000) vcan0 101#7D0557200014047A
(0000000003.700000) vcan0 102#0144EE00740E5016
(0000000003.700000) vcan0 103#3F0D45FA8650017A
(0000000003.700000) vcan0 101#6705E01F01140539
(0000000003.800000) vcan0 102#0144F100D80E6034
(0000000003.800000) vcan0 103#570D23FA866001E7
(0000000003.800000) vcan0 101#5205691F0214064E
(0000000003.900000) vcan0 102#0144F5003C0F7096
(0000000003.900000) vcan0 103#710D08FA867001E7
(0000000003.900000) vcan0 101#49054B1F030407F1
(0000000004.000000) vcan0 102#0144F900A00F80F9
(0000000004.000000) vcan0 103#8B0DF0F98680019A
(0000000004.000000) vcan0 101#4005341F0504080C
(0000000004.100000) vcan0 102#0144FC000410900A
(0000000004.100000) vcan0 103#A50DD9F98690019C
(0000000004.100000) vcan0 101#38051D1F0604099B
(0000000004.200000) vcan0 102#014400016810A0D6
(0000000004.200000) vcan0 103#C00DC2F986A001FF
(0000000004.200000) vcan0 101#2F05061F07040A23
(0000000004.300000) vcan0 102#01440401CC10B058
(0000000004.300000) vcan0 103#DE0DACF987B00134
(0000000004.300000) vcan0 101#2605E11E08040BDC
(0000000004.400000) vcan0 102#014407013011C071
(0000000004.400000) vcan0 103#FE0D97F987C00196
(0000000004.400000) vcan0 101#1305621E08040CF0
(0000000004.500000) vcan0 102#01440B019411D088
(0000000004.500000) vcan0 103#200E83F987D00174
(0000000004.500000) vcan0 101#FA04931E06040DC4
(0000000004.600000) vcan0 102#01440E01F811E047
(0000000004.600000) vcan0 103#410E6FF987E001E6
(0000000004.600000) vcan0 101#DC04601F02040EE9
(0000000004.700000) vcan0 102#014411015C12F03A
(0000000004.700000) vcan0 103#610E5EF987F00178
(0000000004.700000) vcan0 101#BE049A1F00140F78
(0000000004.800000) vcan0 102#01441501C0120022
(0000000004.800000) vcan0 103#7A0E50F98600018F
(0000000004.800000) vcan0 101#A004501F00140064
(0000000004.900000) vcan0 102#014418012413109D
(0000000004.900000) vcan0 103#950E42F98610014D
(0000000004.900000) vcan0 101#7B04921E00130186
(0000000005.000000) vcan0 102#01441B0188132093
(0000000005.000000) vcan0 103#B50E2CF9862001AB
(0000000005.000000) vcan0 101#50046A1D001302A5
(0000000005.100000) vcan0 102#01441D01EC133069
(0000000005.100000) vcan0 103#D50E15F987300113
(0000000005.100000) vcan0 101#2504421C001303AF
(0000000005.200000) vcan0 102#01442001501440AC
(0000000005.200000) vcan0 103#F40EFFF887400149
(0000000005.200000) vcan0 101#FA031B1B00130431
(0000000005.300000) vcan0 102#01442301B4145049
(0000000005.300000) vcan0 103#090FEFF88750011A
(0000000005.300000) vcan0 101#D203001A0013052B
(0000000005.400000) vcan0 102#01442501181560D4
(0000000005.400000) vcan0 103#0F0FE3F8876001CA
(0000000005.400000) vcan0 101#C10341190013061D
(0000000005.500000) vcan0 102#014428017C1570E7
(0000000005.500000) vcan0 103#160FD8F8877001AE
(0000000005.500000) vcan0 101#B0038218001307CA
(0000000005.600000) vcan0 102#01442A01E015809E
(0000000005.600000) vcan0 103#1E0FC7F88780010C
(0000000005.600000) vcan0 101#A003C31700130855
(0000000005.700000) vcan0 102#01442D014416907A
(0000000005.700000) vcan0 103#260FB1F88790016D
(0000000005.700000) vcan0 101#88034F1700130914
(0000000005.800000) vcan0 102#01442F01A816A07E
(0000000005.800000) vcan0 103#2D0F99F887A0012F
(0000000005.800000) vcan0 101#6A031F1700130AE8
(0000000005.900000) vcan0 102#014431010C17B0F1
(0000000005.900000) vcan0 103#2F0F82F887B00106
(0000000005.900000) vcan0 101#4F03D01600030B47
(0000000006.000000) vcan0 102#014434017017C035
(0000000006.000000) vcan0 103#300F69F887C0017C
(0000000006.000000) vcan0 101#3603661600030CFE
(0000000006.100000) vcan0 102#01443601D417D0DA
(0000000006.100000) vcan0 103#2B0F48F887D001EF
(0000000006.100000) vcan0 101#1C03FD1500030D5A
(0000000006.200000) vcan0 102#014438013818E0BF
(0000000006.200000) vcan0 103#250F2AF887E001A5
(0000000006.200000) vcan0 101#0703721500030EAE
(0000000006.300000) vcan0 102#01443A019C18F050
(0000000006.300000) vcan0 103#1E0F0EF888F00100
(0000000006.300000) vcan0 101#F302DD1400030F36
(0000000006.400000) vcan0 102#01443C01001900D0
(0000000006.400000) vcan0 103#1A0F01F8880001F7
(0000000006.400000) vcan0 101#EE023515030300C9
(0000000006.500000) vcan0 102#01443E016419109F
(0000000006.500000) vcan0 103#170FF7F7891001B0
(0000000006.500000) vcan0 101#EE02E11507030135
(0000000006.600000) vcan0 102#01444001C8192089
(0000000006.600000) vcan0 103#120FEBF789200169
(0000000006.600000) vcan0 101#EE028C160B030254
(0000000006.700000) vcan0 102#014442012C1A30D2
(0000000006.700000) vcan0 103#0A0FD8F789300127
(0000000006.700000) vcan0 101#F302ED160E0303AB
(0000000006.800000) vcan0 102#01444401901A4008
(0000000006.800000) vcan0 103#000FC4F78A4001C4
(0000000006.800000) vcan0 101#FD020E1711030439
(0000000006.900000) vcan0 102#01444701F41A502D
(0000000006.900000) vcan0 103#F40EB1F78B500116
(0000000006.900000) vcan0 101#07034117140305C9
(0000000007.000000) vcan0 102#01444901581B60C7
(0000000007.000000) vcan0 103#E80E9FF78C600188
(0000000007.000000) vcan0 101#1103851717030601
(0000000007.100000) vcan0 102#01444B01BC1B7048
(0000000007.100000) vcan0 103#DC0E8EF78C700107
(0000000007.100000) vcan0 101#2103DA171B0307CD
(0000000007.200000) vcan0 102#01444D01201C807D
(0000000007.200000) vcan0 103#D20E83F78D8001C3
(0000000007.200000) vcan0 101#35033D181E030831
(0000000007.300000) vcan0 102#01445001841C9000
(0000000007.300000) vcan0 103#C50E77F78D900166
(0000000007.300000) vcan0 101#4703911821030910
(0000000007.400000) vcan0 102#01445201E81CA0C4
(0000000007.400000) vcan0 103#B30E68F78EA00162
(0000000007.400000) vcan0 101#5803D61825030A40
(0000000007.500000) vcan0 102#014455014C1DB0B8
(0000000007.500000) vcan0 103#A00E59F78EB001CD
(0000000007.500000) vcan0 101#6A03481929030B7D
(0000000007.600000) vcan0 102#01445701B01DC0B7
(0000000007.600000) vcan0 103#8F0E4EF78EC00130
(0000000007.600000) vcan0 101#8A03CD1A2E030CF2
(0000000007.700000) vcan0 102#01445A01141ED0F0
(0000000007.700000) vcan0 103#7D0E45F78ED0015E
(0000000007.700000) vcan0 101#AB03F61B33030D3B
(0000000007.800000) vcan0 102#01445D01781EE0EB
(0000000007.800000) vcan0 103#6B0E3DF78FE001BD
(0000000007.800000) vcan0 101#CF03D31C37030E28
(0000000007.900000) vcan0 102#01445F01DC1EF004
(0000000007.900000) vcan0 103#580E36F78FF001F1
(0000000007.900000) vcan0 101#F303AF1D3B030FBD
(0000000008.000000) vcan0 102#01446201401F0062
(0000000008.000000) vcan0 103#3C0E2FF7900001A6
(0000000008.000000) vcan0 101#1304761E3D030029
(0000000008.100000) vcan0 102#01446601A41F108C
(0000000008.100000) vcan0 103#1F0E2AF7911001CA
(0000000008.100000) vcan0 101#3304341F3F03018E
(0000000008.200000) vcan0 102#0144690108202022
(0000000008.200000) vcan0 103#000E27F7922001CA
(0000000008.200000) vcan0 101#5304F11F4103023A
(0000000008.300000) vcan0 102#01446C016C203066
(0000000008.300000) vcan0 103#E20D23F793300124
(0000000008.300000) vcan0 101#7304AF204303032B
(0000000008.400000) vcan0 102#01447001D02040F1
(0000000008.400000) vcan0 103#C20D21F79440013E
(0000000008.400000) vcan0 101#9404C621460304B1
(0000000008.500000) vcan0 102#0144730134215058
(0000000008.500000) vcan0 103#A10D1FF7965001E6
(0000000008.500000) vcan0 101#B70491234B0305FC
(0000000008.600000) vcan0 102#0144760198216037
(0000000008.600000) vcan0 103#800D1FF79760019A
(0000000008.600000) vcan0 101#E1042025500306F8
(0000000008.700000) vcan0 102#01447A01FC21706E
(0000000008.700000) vcan0 103#5D0D20F799700154
(0000000008.700000) vcan0 101#1905362655030764
(0000000008.800000) vcan0 102#01447E01602280A2
(0000000008.800000) vcan0 103#2E0D21F79A8001BF
(0000000008.800000) vcan0 101#2805652757030805
(0000000008.900000) vcan0 102#01448101C4229076
(0000000008.900000) vcan0 103#F80C24F79D90010D
(0000000008.900000) vcan0 101#2F056528570309FE
(0000000009.000000) vcan0 102#014486012823A0E1
(0000000009.000000) vcan0 103#D30C28F79FA00157
(0000000009.000000) vcan0 101#6305F0275A030A43
(0000000009.100000) vcan0 102#01448A018C23B018
(0000000009.100000) vcan0 103#B30C2BF7A0B00142
(0000000009.100000) vcan0 101#97057B275D030BFE
(0000000009.200000) vcan0 102#01448E01F023C0B6
(0000000009.200000) vcan0 103#940C2FF7A1C001B2
(0000000009.200000) vcan0 101#CB05062760030CC4
(0000000009.300000) vcan0 102#014493015424D032
(0000000009.300000) vcan0 103#670C37F7A3D001D2
(0000000009.300000) vcan0 101#FF05922662030D80
(0000000009.400000) vcan0 102#01449701B824E057
(0000000009.400000) vcan0 103#2C0C43F7A5E001F8
(0000000009.400000) vcan0 101#3106C52664040E95
(0000000009.500000) vcan0 102#01449C011C25F0E9
(0000000009.500000) vcan0 103#EB0B51F7A7F0014B
(0000000009.500000) vcan0 101#5E064A2864040FCF
(0000000009.600000) vcan0 102#0144A101802500C3
(0000000009.600000) vcan0 103#B60B5EF7A900015D
(0000000009.600000) vcan0 101#8806822964040037
(0000000009.700000) vcan0 102#0144A601E4251053
(0000000009.700000) vcan0 103#8D0B6AF7AA10011C
(0000000009.700000) vcan0 101#AC061C2A6404014D
(0000000009.800000) vcan0 102#0144AB014826209F
(0000000009.800000) vcan0 103#640B77F7AB20018B
(0000000009.800000) vcan0 101#D006B62A64040298
(0000000009.900000) vcan0 102#0144B001AC2630E3
(0000000009.900000) vcan0 103#3B0B83F7AC3001A8
(0000000009.900000) vcan0 101#F406512B64040368
(0000000010.000000) vcan0 102#0144B501102740CB
(0000000010.000000) vcan0 103#0D0B92F7AD40018D
(0000000010.000000) vcan0 101#0807B52B640404A7
(0000000010.100000) vcan0 102#0144BA017427502C
(0000000010.100000) vcan0 103#DB0AA2F7AE5001C9
(0000000010.100000) vcan0 101#1607062C64040544
(0000000010.200000) vcan0 102#0144BF01D8276043
(0000000010.200000) vcan0 103#9B0AB8F7AF600114
(0000000010.200000) vcan0 101#2507572C64040649
(0000000010.300000) vcan0 102#0144C4013C2870C2
(0000000010.300000) vcan0 103#550AD1F7B0700103
(0000000010.300000) vcan0 101#5E07222B640407F2
(0000000010.400000) vcan0 102#0144CA01A0288079
(0000000010.400000) vcan0 103#0D0AEBF7B1800157
(0000000010.400000) vcan0 101#9B07D02964040862
(0000000010.500000) vcan0 102#0144D00104299043
(0000000010.500000) vcan0 103#CD0905F8B1900155
(0000000010.500000) vcan0 101#D207BC2864050963
(0000000010.600000) vcan0 102#0144D5016829A08C
(0000000010.600000) vcan0 103#96091EF8B2A0016D
(0000000010.600000) vcan0 101#E1074C2964050A7B
(0000000010.700000) vcan0 102#0144DB01CC29B0A1
(0000000010.700000) vcan0 103#600936F8B2B00115
(0000000010.700000) vcan0 101#F307DA2964050BC9
(0000000010.800000) vcan0 102#0144E101302AC022
(0000000010.800000) vcan0 103#35094BF8B2C00175
(0000000010.800000) vcan0 101#1B08572A64050CAC
(0000000010.900000) vcan0 102#0144E701942AD078
(0000000010.900000) vcan0 103#12095DF8B2D001AF
(0000000010.900000) vcan0 101#4208D62A64050D10
(0000000011.000000) vcan0 102#0144ED01F82AE0CB
(0000000011.000000) vcan0 103#F2086FF8B2E001C3
(0000000011.000000) vcan0 101#6408582B64050E23
(0000000011.100000) vcan0 102#0144F3015C2BF044
(0000000011.100000) vcan0 103#D20882F8B2F001CD
(0000000011.100000) vcan0 101#8508DB2B64050FEE
(0000000011.200000) vcan0 102#0144F901C02B004A
(0000000011.200000) vcan0 103#A6089BF8B20001BD
(0000000011.200000) vcan0 101#A6085D2C6405006B
(0000000011.300000) vcan0 102#0144FF01242C1089
(0000000011.300000) vcan0 103#7308BCF8B2100131
(0000000011.300000) vcan0 101#BD08CC2C6405015D
(0000000011.400000) vcan0 102#01440602882C200D
(0000000011.400000) vcan0 103#3C08DFF8B120011E
(0000000011.400000) vcan0 101#C908292D64050224
(0000000011.500000) vcan0 102#01440C02EC2C3035
(0000000011.500000) vcan0 103#060802F9B1300173
(0000000011.500000) vcan0 101#E708982D64050331
(0000000011.600000) vcan0 102#01441202502D403A
(0000000011.600000) vcan0 103#D20725F9B14001F8
(0000000011.600000) vcan0 101#0009582D64050406
(0000000011.700000) vcan0 102#01441902B42D50A8
(0000000011.700000) vcan0 103#9D074AF9B0500163
(0000000011.700000) vcan0 101#0F09B22B640505F0
(0000000011.800000) vcan0 102#01441F02182E60AD
(0000000011.800000) vcan0 103#670770F9B06001EF
(0000000011.800000) vcan0 101#1D090C2A64050653
(0000000011.900000) vcan0 102#014426027C2E7004
(0000000011.900000) vcan0 103#1807ABF9B0700194
(0000000011.900000) vcan0 101#2F096729640607DB
(0000000012.000000) vcan0 102#01442D02E02E8060
(0000000012.000000) vcan0 103#C406E9F9B0800106
(0000000012.000000) vcan0 101#4309A52964060802
(0000000012.100000) vcan0 102#01443302442F90EF
(0000000012.100000) vcan0 103#890615FAB0900161
(0000000012.100000) vcan0 101#5309D729640609C2
(0000000012.200000) vcan0 102#01443A02A82FA022
(0000000012.200000) vcan0 103#660630FAB0A001F2
(0000000012.200000) vcan0 101#6209002A64060A8D
(0000000012.300000) vcan0 102#014441020C30B077
(0000000012.300000) vcan0 103#43064BFAB0B00164
(0000000012.300000) vcan0 101#7009282A64060B25
(0000000012.400000) vcan0 102#014448027030C071
(0000000012.400000) vcan0 103#200667FAB0C0011A
(0000000012.400000) vcan0 101#7409582A64060CAF
(0000000012.500000) vcan0 102#01444E02D430D02B
(0000000012.500000) vcan0 103#F80588FAB0D00171
(0000000012.500000) vcan0 101#74098A2A64060D34
(0000000012.600000) vcan0 102#014455023831E090
(0000000012.600000) vcan0 103#C305B3FAB0E001B5
(0000000012.600000) vcan0 101#7409BD2A64060E37
(0000000012.700000) vcan0 102#01445C029C31F0B6
(0000000012.700000) vcan0 103#9205DBFAB0F00112
(0000000012.700000) vcan0 101#7209DE2A60060F1F
(0000000012.800000) vcan0 102#01446202003200F6
(0000000012.800000) vcan0 103#5B0508FBB0000171
(0000000012.800000) vcan0 101#6109862A440600CA
(0000000012.900000) vcan0 102#01446902643210A4
(0000000012.900000) vcan0 103#F5045AFBB01001E9
(0000000012.900000) vcan0 101#50092F2A29060176
(0000000013.000000) vcan0 102#01447002C83220E7
(0000000013.000000) vcan0 103#7E04B9FBB020017F
(0000000013.000000) vcan0 101#3F09D7290D0602D4
(0000000013.100000) vcan0 102#014475022C33302F
(0000000013.100000) vcan0 103#4504E7FBB030014F
(0000000013.100000) vcan0 101#F4086A2900160350
(0000000013.200000) vcan0 102#01447B0290334082
(0000000013.200000) vcan0 103#2C04FCFBB040017D
(0000000013.200000) vcan0 101#7708EA28001604FB
(0000000013.300000) vcan0 102#01448102F4335029
(0000000013.300000) vcan0 103#130412FCB05001DC
(0000000013.300000) vcan0 101#FA076A2800160547
(0000000013.400000) vcan0 102#014486025834606B
(0000000013.400000) vcan0 103#FE0325FCB0600100
(0000000013.400000) vcan0 101#BB07ED27001606A3
(0000000013.500000) vcan0 102#01448B02BC347098
(0000000013.500000) vcan0 103#E10341FCB07001BA
(0000000013.500000) vcan0 101#91077127001607B6
(0000000013.600000) vcan0 102#014490022035805E
(0000000013.600000) vcan0 103#BC0366FCAF80018D
(0000000013.600000) vcan0 101#6807F52600160820
(0000000013.700000) vcan0 102#01449502843590BA
(0000000013.700000) vcan0 103#98038BFCAF9001EA
(0000000013.700000) vcan0 101#3507702600150994
(0000000013.800000) vcan0 102#01449A02E835A0D6
(0000000013.800000) vcan0 103#7803B0FCAEA00152
(0000000013.800000) vcan0 101#C706B42500150A55
(0000000013.900000) vcan0 102#01449E024C36B08C
(0000000013.900000) vcan0 103#5803D4FCAEB00162
(0000000013.900000) vcan0 101#6006F62400140B92
(0000000014.000000) vcan0 102#0144A202B036C0BA
(0000000014.000000) vcan0 103#3E03F8FCAEC00128
(0000000014.000000) vcan0 101#2A06262400140C25
(0000000014.100000) vcan0 102#0144A7021437D012
(0000000014.100000) vcan0 103#26031CFDADD0012E
(0000000014.100000) vcan0 101#F405552300140DCF
(0000000014.200000) vcan0 102#0144AB027837E0C0
(0000000014.200000) vcan0 103#130340FDACE00131
(0000000014.200000) vcan0 101#D7059E2200140E88
(0000000014.300000) vcan0 102#0144AF02DC37F04E
(0000000014.300000) vcan0 103#020364FDABF0019F
(0000000014.300000) vcan0 101#C305F02100140FB7
(0000000014.400000) vcan0 102#0144B3024038006C
(0000000014.400000) vcan0 103#F40288FDAA000171
(0000000014.400000) vcan0 101#AF05A92102140069
(0000000014.500000) vcan0 102#0144B702A4381082
(0000000014.500000) vcan0 103#EC02ADFDAA1001B0
(0000000014.500000) vcan0 101#9B058521041401CD
(0000000014.600000) vcan0 102#0144BB02083920BC
(0000000014.600000) vcan0 103#E702D3FDA920016E
(0000000014.600000) vcan0 101#8D051B2107040263
(0000000014.700000) vcan0 102#0144BF026C393092
(0000000014.700000) vcan0 103#E702FAFDA8300189
(0000000014.700000) vcan0 101#800595200B04033A
(0000000014.800000) vcan0 102#0144C302D039405B
(0000000014.800000) vcan0 103#E90221FEA8400182
(0000000014.800000) vcan0 101#7605482010040471
(0000000014.900000) vcan0 102#0144C602343A500B
(0000000014.900000) vcan0 103#EE0249FEA7500117
(0000000014.900000) vcan0 101#70056B20180405CC
(0000000015.000000) vcan0 102#0144CA02983A6079
(0000000015.000000) vcan0 103#F40271FEA66001D0
(0000000015.000000) vcan0 101#6E05BF202704061A
(0000000015.100000) vcan0 102#0144CE02FC3A7057
(0000000015.100000) vcan0 103#FA0299FEA57001E3
(0000000015.100000) vcan0 101#7005382138040794
(0000000015.200000) vcan0 102#0144D202603B809A
(0000000015.200000) vcan0 103#FD02C1FEA380018C
(0000000015.200000) vcan0 101#7E0526223B0408E0
(0000000015.300000) vcan0 102#0144D602C43B9014
(0000000015.300000) vcan0 103#0003E8FEA2900162
(0000000015.300000) vcan0 101#8C0513233F040985
(0000000015.400000) vcan0 102#0144DA02283CA0FF
(0000000015.400000) vcan0 103#02030FFFA1A0017E
(0000000015.400000) vcan0 101#9F05ED2342040AB4
(0000000015.500000) vcan0 102#0144DE028C3CB071
(0000000015.500000) vcan0 103#FF023BFFA0B001D6
(0000000015.500000) vcan0 101#B805A02445040B01
(0000000015.600000) vcan0 102#0144E202F03CC087
(0000000015.600000) vcan0 103#FC0268FF9EC001F4
(0000000015.600000) vcan0 101#D005532548040C04
(0000000015.700000) vcan0 102#0144E702543DD02F
(0000000015.700000) vcan0 103#F70294FF9CD00127
(0000000015.700000) vcan0 101#EE05C9243E040D70
(0000000015.800000) vcan0 102#0144EB02B83DE03D
(0000000015.800000) vcan0 103#F002BEFF9AE0010F
(0000000015.800000) vcan0 101#0C06272433040ED9
(0000000015.900000) vcan0 102#0144EF021C3EF067
(0000000015.900000) vcan0 103#E502E7FF98F00159
(0000000015.900000) vcan0 101#0E067D242F040FBE
(0000000016.000000) vcan0 102#0144F402803E00ED
(0000000016.000000) vcan0 103#D9020F0096000173
(0000000016.000000) vcan0 101#0E06E6242D040002
(0000000016.100000) vcan0 102#0144F802E43E10B4
(0000000016.100000) vcan0 103#CC023500941001C5
(0000000016.100000) vcan0 101#0E064F252A0401F7
(0000000016.200000) vcan0 102#0144FC02483F20FD
(0000000016.200000) vcan0 103#BB02580092200171
(0000000016.200000) vcan0 101#1806D5253304024F
(0000000016.300000) vcan0 102#01440103AC3F3000
(0000000016.300000) vcan0 103#A8027C0091300163
(0000000016.300000) vcan0 101#26066726410403AC
(0000000016.400000) vcan0 102#0144050310404086
(0000000016.400000) vcan0 103#8F02A2008F4001FC
(0000000016.400000) vcan0 101#3506F8264F040419
(0000000016.500000) vcan0 102#01440A0374405061
(0000000016.500000) vcan0 103#7302C8008D5001A4
(0000000016.500000) vcan0 101#520608285504054A
(0000000016.600000) vcan0 102#01440F03D840600E
(0000000016.600000) vcan0 103#5602EE008C600111
(0000000016.600000) vcan0 101#700622295A0406C1
(0000000016.700000) vcan0 102#014413033C417035
(0000000016.700000) vcan0 103#390214018B70016F
(0000000016.700000) vcan0 101#8E063C2A5E040730
(0000000016.800000) vcan0 102#01441803A0418051
(0000000016.800000) vcan0 103#17023F01898001E8
(0000000016.800000) vcan0 101#AC06562B64040819
(0000000016.900000) vcan0 102#01441D0304429061
(0000000016.900000) vcan0 103#E5017E0187900179
(0000000016.900000) vcan0 101#CF06002C640409B6
(0000000017.000000) vcan0 102#014422036842A022
(0000000017.000000) vcan0 103#B201BE0185A001EE
(0000000017.000000) vcan0 101#F206A12C64040A29
(0000000017.100000) vcan0 102#01442703CC42B0C6
(0000000017.100000) vcan0 103#9A01DB0185B00166
(0000000017.100000) vcan0 101#1D07022C64040B62
(0000000017.200000) vcan0 102#01442D033043C0F2
(0000000017.200000) vcan0 103#8801F10184C001A3
(0000000017.200000) vcan0 101#4A074B2B64040CAE
(0000000017.300000) vcan0 102#014432039443D05B
(0000000017.300000) vcan0 103#7601070284D001F7
(0000000017.300000) vcan0 101#7707942A64040D30
(0000000017.400000) vcan0 102#01443803F843E0E8
(0000000017.400000) vcan0 103#4C01390284E001B1
(0000000017.400000) vcan0 101#9E07F52964040E06
(0000000017.500000) vcan0 102#01443D035C44F0F5
(0000000017.500000) vcan0 103#0F01830283F00119
(0000000017.500000) vcan0 101#BC07882964040FD6
(0000000017.600000) vcan0 102#01444303C04400FE
(0000000017.600000) vcan0 103#E100BC0282000170
(0000000017.600000) vcan0 101#DE075C29640500CD
(0000000017.700000) vcan0 102#014449032445104A
(0000000017.700000) vcan0 103#C800DA028210011B
(0000000017.700000) vcan0 101#0908B12964050188
(0000000017.800000) vcan0 102#01444F038845209B
(0000000017.800000) vcan0 103#B000F80282200115
(0000000017.800000) vcan0 101#3408052A6405029C
(0000000017.900000) vcan0 102#01445403EC453027
(0000000017.900000) vcan0 103#93001703823001B5
(0000000017.900000) vcan0 101#5508862A640503F0
(0000000018.000000) vcan0 102#01445B0350464034
(0000000018.000000) vcan0 103#730037038240014F
(0000000018.000000) vcan0 101#6E082E2B64050448
(0000000018.100000) vcan0 102#01446103B44650E3
(0000000018.100000) vcan0 103#4A005E03825001E1
(0000000018.100000) vcan0 101#8808D82B64050564
(0000000018.200000) vcan0 102#014467031847607E
(0000000018.200000) vcan0 103#09009D038260011B
(0000000018.200000) vcan0 101#A708942C640506D9
(0000000018.300000) vcan0 102#01446D037C477046
(0000000018.300000) vcan0 103#C9FFD703827001E5
(0000000018.300000) vcan0 101#BF08E12C640507C0
(0000000018.400000) vcan0 102#01447303E0478013
(0000000018.400000) vcan0 103#97FF0004828001CC
(0000000018.400000) vcan0 101#CE08CB2C6405084C
(0000000018.500000) vcan0 102#01447A0344489096
(0000000018.500000) vcan0 103#66FF28048290013A
(0000000018.500000) vcan0 101#DE08B52C6405094E
(0000000018.600000) vcan0 102#01448003A848A076
(0000000018.600000) vcan0 103#34FF510482A0018B
(0000000018.600000) vcan0 101#EE089E2C64050AB7
(0000000018.700000) vcan0 102#014487030C49B00A
(0000000018.700000) vcan0 103#07FF750482B0017A
(0000000018.700000) vcan0 101#FF085A2C64050B47
(0000000018.800000) vcan0 102#01448D037049C0B2
(0000000018.800000) vcan0 103#E6FE8F0483C001E5
(0000000018.800000) vcan0 101#1809E42A64050CBF
(0000000018.900000) vcan0 102#01449403D449D07A
(0000000018.900000) vcan0 103#C5FEA90483D00179
(0000000018.900000) vcan0 101#3109AB2964060DCF
(0000000019.000000) vcan0 102#01449A03384AE068
(0000000019.000000) vcan0 103#99FECC0483E001E5
(0000000019.000000) vcan0 101#4B09132A64060E49
(0000000019.100000) vcan0 102#0144A1039C4AF0B5
(0000000019.100000) vcan0 103#65FEF60483F001CF
(0000000019.100000) vcan0 101#64097A2A64060F24
(0000000019.200000) vcan0 102#0144A803004B0049
(0000000019.200000) vcan0 103#31FE20058300018D
(0000000019.200000) vcan0 101#7C09E12A640600F0
(0000000019.300000) vcan0 102#0144AF03644B10D9
(0000000019.300000) vcan0 103#FFFD4D058310017B
(0000000019.300000) vcan0 101#9009362B64060182
(0000000019.400000) vcan0 102#0144B603C84B209A
(0000000019.400000) vcan0 103#CFFD7C0583200129
(0000000019.400000) vcan0 101#9E097B2B64060293
(0000000019.500000) vcan0 102#0144BD032C4C30F1
(0000000019.500000) vcan0 103#A3FDB005833001E9
(0000000019.500000) vcan0 101#AD09C02B6406037A
(0000000019.600000) vcan0 102#0144C403904C40E7
(0000000019.600000) vcan0 103#78FDE305834001FE
(0000000019.600000) vcan0 101#BC09052C6406045A
(0000000019.700000) vcan0 102#0144CB03F44C5000
(0000000019.700000) vcan0 103#4EFD1906835001C5
(0000000019.700000) vcan0 101#CA09492C640605C1
(0000000019.800000) vcan0 102#0144D203584D600F
(0000000019.800000) vcan0 103#2BFD560683600162
(0000000019.800000) vcan0 101#D809722C64060603
(0000000019.900000) vcan0 102#0144D903BC4D709D
(0000000019.900000) vcan0 103#0AFD94068370018C
(0000000019.900000) vcan0 101#E709902C6406073D
(0000000020.000000) vcan0 102#0144E003204E80D6
(0000000020.000000) vcan0 103#EDFCD506828001CC
(0000000020.000000) vcan0 101#F409AE2C640608E1
(0000000020.100000) vcan0 102#0144E703844E90E6
(0000000020.100000) vcan0 103#D1FC18078290019C
(0000000020.100000) vcan0 101#010AC92C640609FE
(0000000020.200000) vcan0 102#0144EE03E84EA0EB
(0000000020.200000) vcan0 103#B8FC5C0782A00149
(0000000020.200000) vcan0 101#090ACE2C64060A00
(0000000020.300000) vcan0 102#0144F6034C4FB005
(0000000020.300000) vcan0 103#A1FCA00782B0019A
(0000000020.300000) vcan0 101#120AD42C64060BDC
(0000000020.400000) vcan0 102#0144FD03B04FC017
(0000000020.400000) vcan0 103#8BFCE40782C0019C
(0000000020.400000) vcan0 101#1A0ADB2C64060C21
(0000000020.500000) vcan0 102#014404041450D041
(0000000020.500000) vcan0 103#7BFC290882D001FD
(0000000020.500000) vcan0 101#200AF52C64060D55
(0000000020.600000) vcan0 102#01440B047850E02D
(0000000020.600000) vcan0 103#6DFC6F0882E001A8
(0000000020.600000) vcan0 101#240A222D64060EDF
(0000000020.700000) vcan0 102#01441304DC50F08F
(0000000020.700000) vcan0 103#60FCB60882F001B5
(0000000020.700000) vcan0 101#270A4F2D64060FD3
(0000000020.800000) vcan0 102#01441A0440510073
(0000000020.800000) vcan0 103#59FC02098200012A
(0000000020.800000) vcan0 101#280A882D64060083
(0000000020.900000) vcan0 102#01442104A45110CE
(0000000020.900000) vcan0 103#54FC4F09811001C3
(0000000020.900000) vcan0 101#290AB72D64060190
(0000000021.000000) vcan0 102#01442804085220B7
(0000000021.000000) vcan0 103#51FC9A09812001BB
(0000000021.000000) vcan0 101#2F0A952D64060271
(0000000021.100000) vcan0 102#01442F046C523027
(0000000021.100000) vcan0 103#50FCE309813001FF
(0000000021.100000) vcan0 101#350A952D640603BD
(0000000021.200000) vcan0 102#01443704D0524005
(0000000021.200000) vcan0 103#51FC2C0A814001F3
(0000000021.200000) vcan0 101#3A0AB12D640604C6
(0000000021.300000) vcan0 102#01443E043453500F
(0000000021.300000) vcan0 103#52FC750A815001CC
(0000000021.300000) vcan0 101#3E0AAF2D5B0605E4
(0000000021.400000) vcan0 102#01444504985360C6
(0000000021.400000) vcan0 103#53FCBE0A826001A9
(0000000021.400000) vcan0 101#420A932D4A06060A
(0000000021.500000) vcan0 102#01444D04FC53702A
(0000000021.500000) vcan0 103#56FC070B827001A5
(0000000021.500000) vcan0 101#450A772D39060795
(0000000021.600000) vcan0 102#014454046054808D
(0000000021.600000) vcan0 103#59FC500B838001EE
(0000000021.600000) vcan0 101#460ACE2C25060857
(0000000021.700000) vcan0 102#01445B04C45490CA
(0000000021.700000) vcan0 103#5CFC970B839001D9
(0000000021.700000) vcan0 101#460AF12B0F0609D2
(0000000021.800000) vcan0 102#014462042855A064
(0000000021.800000) vcan0 103#5FFCDD0B83A001C3
(0000000021.800000) vcan0 101#320A152B00060ADA
(0000000021.900000) vcan0 102#014469048C55B096
(0000000021.900000) vcan0 103#63FC230C84B001E1
(0000000021.900000) vcan0 101#F7093D2A00060B6D
(0000000022.000000) vcan0 102#01447004F055C07E
(0000000022.000000) vcan0 103#68FC690C85C0014C
(0000000022.000000) vcan0 101#BC09662900060CD7
(0000000022.100000) vcan0 102#014477045456D09A
(0000000022.100000) vcan0 103#6DFCB00C86D0010F
(0000000022.100000) vcan0 101#7909942800160DEF
(0000000022.200000) vcan0 102#01447D04B856E0E9
(0000000022.200000) vcan0 103#70FCEF0C88E00195
(0000000022.200000) vcan0 101#0609EC2700160E33
(0000000022.300000) vcan0 102#014483041C57F01B
(0000000022.300000) vcan0 103#71FC2A0D89F0010D
(0000000022.300000) vcan0 101#99085A2700160F41
(0000000022.400000) vcan0 102#0144890480570015
(0000000022.400000) vcan0 103#70FC620D8A0001D6
(0000000022.400000) vcan0 101#51085A2700160057
(0000000022.500000) vcan0 102#01448E04E4571085
(0000000022.500000) vcan0 103#6CFC980D8B1001DF
(0000000022.500000) vcan0 101#09085A27001601FF
(0000000022.600000) vcan0 102#01449304485820D0
(0000000022.600000) vcan0 103#67FCCC0D8B2001EF
(0000000022.600000) vcan0 101#C1075A27001602B0
(0000000022.700000) vcan0 102#01449904AC583028
(0000000022.700000) vcan0 103#5FFCFC0D8C3001FA
(0000000022.700000) vcan0 101#BC075A2700150397
(0000000022.800000) vcan0 102#01449F04105940BE
(0000000022.800000) vcan0 103#56FC2F0E8C400108
(0000000022.800000) vcan0 101#BC075A27001504C4
(0000000022.900000) vcan0 102#0144A304745950C8
(0000000022.900000) vcan0 103#41FC790E8E500198
(0000000022.900000) vcan0 101#6A079127001505B9
(0000000023.000000) vcan0 102#0144A704D85960CD
(0000000023.000000) vcan0 103#2EFCB00E8E600115
(0000000023.000000) vcan0 101#CE06F72700150640
(0000000023.100000) vcan0 102#0144AB043C5A7080
(0000000023.100000) vcan0 103#1EFCD30E8F700118
(0000000023.100000) vcan0 101#33065E2800150785
(0000000023.200000) vcan0 102#0144AF04A05A8098
(0000000023.200000) vcan0 103#0EFCF60E908001C3
(0000000023.200000) vcan0 101#9705C52800150857
(0000000023.300000) vcan0 102#0144B304045B90C3
(0000000023.300000) vcan0 103#00FC060F919001F7
(0000000023.300000) vcan0 101#4C05412600140996
(0000000023.400000) vcan0 102#0144B604685BA00C
(0000000023.400000) vcan0 103#F2FB160F91A00104
(0000000023.400000) vcan0 101#0705A92300130A7A
(0000000023.500000) vcan0 102#0144B904CC5BB04B
(0000000023.500000) vcan0 103#DDFB2D0F92B001E9
(0000000023.500000) vcan0 101#C1045B2100130BED
(0000000023.600000) vcan0 102#0144BD04305CC0DC
(0000000023.600000) vcan0 103#C0FB470F93C001EF
(0000000023.600000) vcan0 101#8F04911F00130CE4
(0000000023.700000) vcan0 102#0144C004945CD0FF
(0000000023.700000) vcan0 103#93FB650F94D00144
(0000000023.700000) vcan0 101#8704D71E00130D48
(0000000023.800000) vcan0 102#0144C304F85CE051
(0000000023.800000) vcan0 103#69FB7F0F95E00186
(0000000023.800000) vcan0 101#7F041D1E00130E0B
(0000000023.900000) vcan0 102#0144C6045C5DF0F9
(0000000023.900000) vcan0 103#4CFB850F95F00159
(0000000023.900000) vcan0 101#5F04831D00130F18
(0000000024.000000) vcan0 102#0144C904C05D0028
(0000000024.000000) vcan0 103#31FB8B0F960001CF
(0000000024.000000) vcan0 101#3E04EB1C001300FB
(0000000024.100000) vcan0 102#0144CC04245E1078
(0000000024.100000) vcan0 103#19FB8F0F96100173
(0000000024.100000) vcan0 101#1F04921C01030142
(0000000024.200000) vcan0 102#0144CF04885E2076
(0000000024.200000) vcan0 103#04FB8F0F962001ED
(0000000024.200000) vcan0 101#0204711C04030270
(0000000024.300000) vcan0 102#0144D104EC5E3015
(0000000024.300000) vcan0 103#F1FA900F9730019F
(0000000024.300000) vcan0 101#E603501C06030373
(0000000024.400000) vcan0 102#0144D404505F403D
(0000000024.400000) vcan0 103#DFFA900F974001DA
(0000000024.400000) vcan0 101#D903541C0C030410
(0000000024.500000) vcan0 102#0144D704B45F50D8
(0000000024.500000) vcan0 103#CCFA900F985001B6
(0000000024.500000) vcan0 101#D403741C130305B4
(0000000024.600000) vcan0 102#0144D9041860601C
(0000000024.600000) vcan0 103#B2FA8E0F99600109
(0000000024.600000) vcan0 101#D803F91C190306AC
(0000000024.700000) vcan0 102#0144DC047C607058
(0000000024.700000) vcan0 103#96FA8C0F9970016F
(0000000024.700000) vcan0 101#DC037E1D1F030768
(0000000024.800000) vcan0 102#0144DF04E060804B
(0000000024.800000) vcan0 103#79FA890F9980011E
(0000000024.800000) vcan0 101#E203271E26030879
(0000000024.900000) vcan0 102#0144E204446190BB
(0000000024.900000) vcan0 103#71FA890F99900178
(0000000024.900000) vcan0 101#EF03171F2F0309B3
(0000000025.000000) vcan0 102#0144E504A861A060
(0000000025.000000) vcan0 103#75FA8A0F99A0016E
(0000000025.000000) vcan0 101#0904EB1F36030A52
(0000000025.100000) vcan0 102#0144E8040C62B027
(0000000025.100000) vcan0 103#6AFA890F99B00181
(0000000025.100000) vcan0 101#2A04B4203C030BC2
(0000000025.200000) vcan0 102#0144EB047062C082
(0000000025.200000) vcan0 103#58FA870F9AC0015C
(0000000025.200000) vcan0 101#4A047E2143030C6C
(0000000025.300000) vcan0 102#0144EE04D462D066
(0000000025.300000) vcan0 103#38FA850F9AD0018D
(0000000025.300000) vcan0 101#7804582248030D87
(0000000025.400000) vcan0 102#0144F2043863E0D6
(0000000025.400000) vcan0 103#16FA820F9BE001A6
(0000000025.400000) vcan0 101#A70433234D030EB9
(0000000025.500000) vcan0 102#0144F5049C63F0E6
(0000000025.500000) vcan0 103#F4F9820F9BF00172
(0000000025.500000) vcan0 101#D6040E2452030F1C
(0000000025.600000) vcan0 102#0144F90400640070
(0000000025.600000) vcan0 103#D1F9820F9B0001CB
(0000000025.600000) vcan0 101#FD04E0245503001C
(0000000025.700000) vcan0 102#0144FD046464105E
(0000000025.700000) vcan0 103#AEF9850F9C1001AA
(0000000025.700000) vcan0 101#11059E25530301D2
(0000000025.800000) vcan0 102#01440005C8642048
(0000000025.800000) vcan0 103#8AF9890F9E2001AC
(0000000025.800000) vcan0 101#1E059525500302EC
(0000000025.900000) vcan0 102#014404052C6530EA
(0000000025.900000) vcan0 103#6AF98F0F9E300169
(0000000025.900000) vcan0 101#1E05F8234C03037C
(0000000026.000000) vcan0 102#0144080590654093
(0000000026.000000) vcan0 103#4AF9960F9F400151
(0000000026.000000) vcan0 101#1E055A2248030482
(0000000026.100000) vcan0 102#01440B05F46550B6
(0000000026.100000) vcan0 103#15F9AD0F9F500138
(0000000026.100000) vcan0 101#580553224503050A
(0000000026.200000) vcan0 102#01440F0558666067
(0000000026.200000) vcan0 103#D9F8CC0FA06001E1
(0000000026.200000) vcan0 101#8C05952244040629
(0000000026.300000) vcan0 102#01441305BC667010
(0000000026.300000) vcan0 103#ABF8E60FA0700185
(0000000026.300000) vcan0 101#AC0531234804079B
(0000000026.400000) vcan0 102#0144180520678038
(0000000026.400000) vcan0 103#96F8F50FA1800188
(0000000026.400000) vcan0 101#BF0509244C0408D4
(0000000026.500000) vcan0 102#01441C05846790B6
(0000000026.500000) vcan0 103#88F80310A190013B
(0000000026.500000) vcan0 101#CD05F72451040963
(0000000026.600000) vcan0 102#01442005E867A04B
(0000000026.600000) vcan0 103#78F81210A2A0015B
(0000000026.600000) vcan0 101#DB05E42556040A69
(0000000026.700000) vcan0 102#014424054C68B066
(0000000026.700000) vcan0 103#59F83110A2B001A2
(0000000026.700000) vcan0 101#F4053A2658040BB0
(0000000026.800000) vcan0 102#01442905B068C015
(0000000026.800000) vcan0 103#3AF85010A3C00164
(0000000026.800000) vcan0 101#0C0687265B040C7A
(0000000026.900000) vcan0 102#01442D051469D0D7
(0000000026.900000) vcan0 103#1EF87410A3D001A2
(0000000026.900000) vcan0 101#3A0652275D040D77
(0000000027.000000) vcan0 102#014432057869E055
(0000000027.000000) vcan0 103#02F89810A3E001DE
(0000000027.000000) vcan0 101#6906252860040EAE
(0000000027.100000) vcan0 102#01443705DC69F0B1
(0000000027.100000) vcan0 103#E6F7BD10A3F001C8
(0000000027.100000) vcan0 101#9806F82863040F31
(0000000027.200000) vcan0 102#01443C05406A0001
(0000000027.200000) vcan0 103#CCF7E610A3000195
(0000000027.200000) vcan0 101#C506E3296404003B
(0000000027.300000) vcan0 102#01444105A46A1042
(0000000027.300000) vcan0 103#B3F71111A41001FA
(0000000027.300000) vcan0 101#F206D72A6404015E
(0000000027.400000) vcan0 102#01444605086B20B5
(0000000027.400000) vcan0 103#9EF73E11A420010F
(0000000027.400000) vcan0 101#2007CA2B64040298
(0000000027.500000) vcan0 102#01444B056C6B3086
(0000000027.500000) vcan0 103#89F76A11A4300148
(0000000027.500000) vcan0 101#4C07BD2C640403C0
(0000000027.600000) vcan0 102#01445105D06B4070
(0000000027.600000) vcan0 103#76F79B11A54001E0
(0000000027.600000) vcan0 101#6907232C64040413
(0000000027.700000) vcan0 102#01445605346C50D9
(0000000027.700000) vcan0 103#61F7E411A55001AF
(0000000027.700000) vcan0 101#7F07FE2A640405F7
(0000000027.800000) vcan0 102#01445C05986C60CA
(0000000027.800000) vcan0 103#4CF73012A56001BA
(0000000027.800000) vcan0 101#9607D82964040655
(0000000027.900000) vcan0 102#01446105FC6C70D6
(0000000027.900000) vcan0 103#38F77C12A5700132
(0000000027.900000) vcan0 101#AC07B22864040796
(0000000028.000000) vcan0 102#01446705606D8056
(0000000028.000000) vcan0 103#2EF7A612A580014B
(0000000028.000000) vcan0 101#C907F128640508C5
(0000000028.100000) vcan0 102#01446D05C46D90CE
(0000000028.100000) vcan0 103#29F7C212A6900116
(0000000028.100000) vcan0 101#E807B42964050937
(0000000028.200000) vcan0 102#01447205286EA058
(0000000028.200000) vcan0 103#23F7DD12A6A0012D
(0000000028.200000) vcan0 101#0708762A64050A4B
(0000000028.300000) vcan0 102#014478058C6EB0C0
(0000000028.300000) vcan0 103#1BF71313A6B001AA
(0000000028.300000) vcan0 101#2B080F2B64050BB2
(0000000028.400000) vcan0 102#01447E05F06EC0BA
(0000000028.400000) vcan0 103#11F75013A5C00144
(0000000028.400000) vcan0 101#5308822B64050CB0
(0000000028.500000) vcan0 102#01448405546FD0FD
(0000000028.500000) vcan0 103#09F79013A5D00127
(0000000028.500000) vcan0 101#7108C32B64050D8D
(0000000028.600000) vcan0 102#01448A05B86FE03B
(0000000028.600000) vcan0 103#00F7CF13A4E001EB
(0000000028.600000) vcan0 101#8708D72B64050E8B
(0000000028.700000) vcan0 102#014491051C70F030
(0000000028.700000) vcan0 103#F8F60E14A4F00140
(0000000028.700000) vcan0 101#9C08EB2B64050FF7
(0000000028.800000) vcan0 102#01449705807000FC
(0000000028.800000) vcan0 103#F1F64C14A4000166
(0000000028.800000) vcan0 101#B508502C6405009D
(0000000028.900000) vcan0 102#01449D05E47010C4
(0000000028.900000) vcan0 103#E9F68A14A51001EB
(0000000028.900000) vcan0 101#CD08D42C640501CC
(0000000029.000000) vcan0 102#0144A30548712001
(0000000029.000000) vcan0 103#E2F6C914A520013E
(0000000029.000000) vcan0 101#E0086D2C64050273
(0000000029.100000) vcan0 102#0144AA05AC713047
(0000000029.100000) vcan0 103#DCF60915A530017C
(0000000029.100000) vcan0 101#F008AF2B6405034B
(0000000029.200000) vcan0 102#0144B00510724065
(0000000029.200000) vcan0 103#D5F64915A64001CB
(0000000029.200000) vcan0 101#FF08F12A640504BE
(0000000029.300000) vcan0 102#0144B705747250F5
(0000000029.300000) vcan0 103#CEF68715A6500159
(0000000029.300000) vcan0 101#0F09332A64050524
(0000000029.400000) vcan0 102#0144BD05D87260E6
(0000000029.400000) vcan0 103#C8F6C415A660016A
(0000000029.400000) vcan0 101#2309D329640606C4
(0000000029.500000) vcan0 102#0144C4053C73705C
(0000000029.500000) vcan0 103#C3F60016A6700158
(0000000029.500000) vcan0 101#4009342A64060743
(0000000029.600000) vcan0 102#0144CB05A073808D
(0000000029.600000) vcan0 103#BCF64216A780012A
(0000000029.600000) vcan0 101#5D09962A64060891
(0000000029.700000) vcan0 102#0144D205047490BC
(0000000029.700000) vcan0 103#B4F69816A6900132
(0000000029.700000) vcan0 101#7709072B640609B1
(0000000029.800000) vcan0 102#0144D8056874A00F
(0000000029.800000) vcan0 103#ABF60117A5A001D7
(0000000029.800000) vcan0 101#9009842B64060A95
(0000000029.900000) vcan0 102#0144DF05CC74B03F
(0000000029.900000) vcan0 103#A3F66317A4B001B4
(0000000029.900000) vcan0 101#A709BB2B64060B83
(0000000030.000000) vcan0 102#0144E6053075C09A
(0000000030.000000) vcan0 103#9EF6AC17A3C001E5
(0000000030.000000) vcan0 101#BB09B32B64060CA5
(0000000030.100000) vcan0 102#0144ED059475D068
(0000000030.100000) vcan0 103#9BF6D617A3D00176
(0000000030.100000) vcan0 101#CC09EA2B64060D52
(0000000030.200000) vcan0 102#0144F405F875E08B
(0000000030.200000) vcan0 103#99F6F517A2E001FD
(0000000030.200000) vcan0 101#DB095A2C64060EBA
(0000000030.300000) vcan0 102#0144FB055C76F018
(0000000030.300000) vcan0 103#96F62318A2F0014E
(0000000030.300000) vcan0 101#E909A72C64060FF0
(0000000030.400000) vcan0 102#01440306C07600EB
(0000000030.400000) vcan0 103#91F66818A10001F8
(0000000030.400000) vcan0 101#F509D42C64060047
(0000000030.500000) vcan0 102#01440A06247710E1
(0000000030.500000) vcan0 103#8CF6AF18A11001A4
(0000000030.500000) vcan0 101#010ACA2C640601A8
(0000000030.600000) vcan0 102#0144110688772076
(0000000030.600000) vcan0 103#88F6F918A0200193
(0000000030.600000) vcan0 101#0C0A4D2B640602B5
(0000000030.700000) vcan0 102#01441806EC7730F0
(0000000030.700000) vcan0 103#84F64219A03001C4
(0000000030.700000) vcan0 101#170AD02964060366
(0000000030.800000) vcan0 102#01441F06507840E3
(0000000030.800000) vcan0 103#80F68F19A0400192
(0000000030.800000) vcan0 101#220ADC2864060488
(0000000030.900000) vcan0 102#01442706B47850E0
(0000000030.900000) vcan0 103#7CF6EB19A25001DC
(0000000030.900000) vcan0 101#2E0A0229640605F7
(0000000031.000000) vcan0 102#01442E0618796001
(0000000031.000000) vcan0 103#77F6471AA360013D
(0000000031.000000) vcan0 101#3B0A28296406063F
(0000000031.100000) vcan0 102#014435067C7970BD
(0000000031.100000) vcan0 103#75F6811AA4700164
(0000000031.100000) vcan0 101#530A622964070731
(0000000031.200000) vcan0 102#01443D06E0798067
(0000000031.200000) vcan0 103#74F6B91AA4800183
(0000000031.200000) vcan0 101#6B0A9B2964070800
(0000000031.300000) vcan0 102#01444406447A9025
(0000000031.300000) vcan0 103#73F6F51AA49001E4
(0000000031.300000) vcan0 101#7F0ACF2964070909
(0000000031.400000) vcan0 102#01444C06A87AA082
(0000000031.400000) vcan0 103#72F63B1BA3A001C5
(0000000031.400000) vcan0 101#8F0AFA2964070A77
(0000000031.500000) vcan0 102#014453060C7BB067
(0000000031.500000) vcan0 103#70F68B1BA2B00148
(0000000031.500000) vcan0 101#990A132A64070BDA
(0000000031.600000) vcan0 102#01445B06707BC00B
(0000000031.600000) vcan0 103#6FF6DA1BA3C00112
(0000000031.600000) vcan0 101#A60A312A64070C16
(0000000031.700000) vcan0 102#01446206D47BD002
(0000000031.700000) vcan0 103#6FF6261CA4D00189
(0000000031.700000) vcan0 101#B90A572A64070DD1
(0000000031.800000) vcan0 102#01446A06387CE05C
(0000000031.800000) vcan0 103#70F6721CA5E001E6
(0000000031.800000) vcan0 101#C20A7D2A64070EA9
(0000000031.900000) vcan0 102#014472069C7CF0FE
(0000000031.900000) vcan0 103#72F6BF1CA4F00173
(0000000031.900000) vcan0 101#C90AA32A64070FC5
(0000000032.000000) vcan0 102#01447A06007D0068
(0000000032.000000) vcan0 103#75F60B1DA400013B
(0000000032.000000) vcan0 101#CF0AC92A64070050
(0000000032.100000) vcan0 102#01448106647D10A9
(0000000032.100000) vcan0 103#77F6581DA3100170
(0000000032.100000) vcan0 101#D50AEF2A6407013C
(0000000032.200000) vcan0 102#01448906C87D206E
(0000000032.200000) vcan0 103#7AF6A51DA320016C
(0000000032.200000) vcan0 101#DC0A152B64070239
(0000000032.300000) vcan0 102#014491062C7E3078
(0000000032.300000) vcan0 103#7EF6F31DA33001A1
(0000000032.300000) vcan0 101#E30A3D2B64070318
(0000000032.400000) vcan0 102#01449906907E40B4
(0000000032.400000) vcan0 103#83F6411EA34001A7
(0000000032.400000) vcan0 101#EA0A652B640704C2
(0000000032.500000) vcan0 102#0144A006F47E501D
(0000000032.500000) vcan0 103#88F6891EA35001ED
(0000000032.500000) vcan0 101#F20A8D2B640705BE
(0000000032.600000) vcan0 102#0144A806587F6096
(0000000032.600000) vcan0 103#8DF6D11EA360011E
(0000000032.600000) vcan0 101#F90AB42B6407069E
(0000000032.700000) vcan0 102#0144B006BC7F7054
(0000000032.700000) vcan0 103#98F64A1FA37001BE
(0000000032.700000) vcan0 101#FF0ACD2B640707FD
(0000000032.800000) vcan0 102#0144B806208080CF
(0000000032.800000) vcan0 103#A6F6D61FA480010E
(0000000032.800000) vcan0 101#040BE52B6407082A
(0000000032.900000) vcan0 102#0144C00684809033
(0000000032.900000) vcan0 103#B1F63F20A49001EA
(0000000032.900000) vcan0 101#0C0B0A2C64070910
(0000000033.000000) vcan0 102#0144C806E880A054
(0000000033.000000) vcan0 103#BCF69B20A4A0019A
(0000000033.000000) vcan0 101#140B2F2C64070A42
(0000000033.100000) vcan0 102#0144D0064C81B0BA
(0000000033.100000) vcan0 103#C5F6E520A4B0010F
(0000000033.100000) vcan0 101#180B1B2C64070B7E
(0000000033.200000) vcan0 102#0144D706B081C06A
(0000000033.200000) vcan0 103#CDF61D21A3C00105
(0000000033.200000) vcan0 101#180BD62B64070CCD
(0000000033.300000) vcan0 102#0144DF061482D0F2
(0000000033.300000) vcan0 103#D3F64921A3D001CD
(0000000033.300000) vcan0 101#1A0BC42B64070D50
(0000000033.400000) vcan0 102#0144E7067882E0BA
(0000000033.400000) vcan0 103#D9F67421A3E001E3
(0000000033.400000) vcan0 101#1D0BDE2B64070EB4
(0000000033.500000) vcan0 102#0144EF06DC82F0F6
(0000000033.500000) vcan0 103#E0F6A021A3F001E9
(0000000033.500000) vcan0 101#200BF92B64070F53
(0000000033.600000) vcan0 102#0144F7064083008E
(0000000033.600000) vcan0 103#EAF6DF21A30001AF
(0000000033.600000) vcan0 101#220B092C64070035
(0000000033.700000) vcan0 102#0144FF06A48310A2
(0000000033.700000) vcan0 103#FFF65622A3100112
(0000000033.700000) vcan0 101#220B072C6407013E
(0000000033.800000) vcan0 102#0144070708842092
(0000000033.800000) vcan0 103#18F7DE22A42001D5
(0000000033.800000) vcan0 101#220B112C64070296
(0000000033.900000) vcan0 102#01440F076C84307E
(0000000033.900000) vcan0 103#26F72A23A430010D
(0000000033.900000) vcan0 101#220B1E2C640703F7
(0000000034.000000) vcan0 102#01441707D084405C
(0000000034.000000) vcan0 103#33F76E23A4400181
(0000000034.000000) vcan0 101#220B2C2C6407045F
(0000000034.100000) vcan0 102#01441F073485503C
(0000000034.100000) vcan0 103#3DF79F23A45001CD
(0000000034.100000) vcan0 101#250B282C64070579
(0000000034.200000) vcan0 102#01442707988560D4
(0000000034.200000) vcan0 103#46F7BF23A46001F0
(0000000034.200000) vcan0 101#2C0B152C64070656
(0000000034.300000) vcan0 102#01442F07FC857038
(0000000034.300000) vcan0 103#53F7F823A470015D
(0000000034.300000) vcan0 101#2C0B0E2C5E07074B
(0000000034.400000) vcan0 102#01443707608680D8
(0000000034.400000) vcan0 103#65F74524A5800165
(0000000034.400000) vcan0 101#2C0B082C58070894
(0000000034.500000) vcan0 102#01443F07C4869094
(0000000034.500000) vcan0 103#78F79324A59001BD
(0000000034.500000) vcan0 101#2C0B022C52070925
(0000000034.600000) vcan0 102#014446072887A0A5
(0000000034.600000) vcan0 103#8AF7E024A5A00161
(0000000034.600000) vcan0 101#2C0BFD2B4D070A87
(0000000034.700000) vcan0 102#01444E078C87B0E9
(0000000034.700000) vcan0 103#9CF72D25A5B00136
(0000000034.700000) vcan0 101#020B2E2B39070B56
(0000000034.800000) vcan0 102#01445607F087C06B
(0000000034.800000) vcan0 103#AFF77825A4C0010D
(0000000034.800000) vcan0 101#B30AAE291B070C5E
(0000000034.900000) vcan0 102#01445D075488D03A
(0000000034.900000) vcan0 103#C0F7C025A4D0012F
(0000000034.900000) vcan0 101#610A462800170D84
(0000000035.000000) vcan0 102#01446307B888E0D3
(0000000035.000000) vcan0 103#D0F70526A4E0018E
(0000000035.000000) vcan0 101#FA097A2700170EC1
(0000000035.100000) vcan0 102#01446A071C89F0B9
(0000000035.100000) vcan0 103#E0F74A26A4F0010F
(0000000035.100000) vcan0 101#9309AF2600170FF2
(0000000035.200000) vcan0 102#0144700780890059
(0000000035.200000) vcan0 103#EFF78D26A5000189
(0000000035.200000) vcan0 101#2C09E4250017008E
(0000000035.300000) vcan0 102#01447607E48910A3
(0000000035.300000) vcan0 103#FEF7CF26A5100192
(0000000035.300000) vcan0 101#CA08F6250017012C
(0000000035.400000) vcan0 102#01447C07488A2064
(0000000035.400000) vcan0 103#0CF81127A520015C
(0000000035.400000) vcan0 101#6A08CE2600170227
(0000000035.500000) vcan0 102#01448107AC8A3004
(0000000035.500000) vcan0 103#1BF85227A53001FE
(0000000035.500000) vcan0 101#0508A0270016034E
(0000000035.600000) vcan0 102#01448707108B4092
(0000000035.600000) vcan0 103#25F87D27A54001BF
(0000000035.600000) vcan0 101#82074F280016049E
(0000000035.700000) vcan0 102#01448C07748B50C0
(0000000035.700000) vcan0 103#2FF8A627A55001F8
(0000000035.700000) vcan0 101#12079527001505D6
(0000000035.800000) vcan0 102#01449007D88B605C
(0000000035.800000) vcan0 103#3BF8D027A5600138
(0000000035.800000) vcan0 101#B3069A250015067F
(0000000035.900000) vcan0 102#014495073C8C7021
(0000000035.900000) vcan0 103#4CF80B28A57001F9
(0000000035.900000) vcan0 101#6806DA230014072B
(0000000036.000000) vcan0 102#01449907A08C804E
(0000000036.000000) vcan0 103#60F84B28A5800150
(0000000036.000000) vcan0 101#30064B220014081F
(0000000036.100000) vcan0 102#01449D07048D908C
(0000000036.100000) vcan0 103#6BF86A28A590017A
(0000000036.100000) vcan0 101#E0051421001409B9
(0000000036.200000) vcan0 102#0144A107688DA071
(0000000036.200000) vcan0 103#74F88128A4A00165
(0000000036.200000) vcan0 101#8D05E31F00140ACB
(0000000036.300000) vcan0 102#0144A407CC8DB095
(0000000036.300000) vcan0 103#7DF89728A4B001D1
(0000000036.300000) vcan0 101#4205C11E00140B7D
(0000000036.400000) vcan0 102#0144A807308EC058
(0000000036.400000) vcan0 103#88F8A928A4C0015E
(0000000036.400000) vcan0 101#2005011E00140C99
(0000000036.500000) vcan0 102#0144AB07948ED0DD
(0000000036.500000) vcan0 103#98F8C328A4D001AE
(0000000036.500000) vcan0 101#FF04411D00140D7D
(0000000036.600000) vcan0 102#0144AF07F88EE078
(0000000036.600000) vcan0 103#ABF8DF28A5E001FD
(0000000036.600000) vcan0 101#EB04DC1C00140E72
(0000000036.700000) vcan0 102#0144B2075C8FF049
(0000000036.700000) vcan0 103#C1F8F828A5F0015A
(0000000036.700000) vcan0 101#DB049A1C00140F47
(0000000036.800000) vcan0 102#0144B607C08F0051
(0000000036.800000) vcan0 103#D8F80D29A500015F
(0000000036.800000) vcan0 101#CB04571C00140051
(0000000036.900000) vcan0 102#0144B90724901061
(0000000036.900000) vcan0 103#F1F81F29A5100131
(0000000036.900000) vcan0 101#BF04371C040401C1
(0000000037.000000) vcan0 102#0144BC078890200E
(0000000037.000000) vcan0 103#0EF92D29A52001B8
(0000000037.000000) vcan0 101#B704331C0A040288
(0000000037.100000) vcan0 102#0144C007EC9030E7
(0000000037.100000) vcan0 103#2CF93B29A5300156
(0000000037.100000) vcan0 101#AE04371C10040301
(0000000037.200000) vcan0 102#0144C307509140AE
(0000000037.200000) vcan0 103#51F94529A5400135
(0000000037.200000) vcan0 101#9B046F1C1504043F
(0000000037.300000) vcan0 102#0144C607B491502A
(0000000037.300000) vcan0 103#78F94E29A55001A8
(0000000037.300000) vcan0 101#9604431D1F040555
(0000000037.400000) vcan0 102#0144C90718926032
(0000000037.400000) vcan0 103#9FF95729A5600104
(0000000037.400000) vcan0 101#9F04A21E2D04067B
(0000000037.500000) vcan0 102#0144CD077C92701C
(0000000037.500000) vcan0 103#C2F96129A570017F
(0000000037.500000) vcan0 101#A804EE1F3B0407E3
(0000000037.600000) vcan0 102#0144D007E09280F7
(0000000037.600000) vcan0 103#E4F96C29A4800106
(0000000037.600000) vcan0 101#B604B2203F040852
(0000000037.700000) vcan0 102#0144D40744939035
(0000000037.700000) vcan0 103#06FA7829A3900103
(0000000037.700000) vcan0 101#C4047721440409CB
(0000000037.800000) vcan0 102#0144D707A893A05B
(0000000037.800000) vcan0 103#27FA8529A3A001CB
(0000000037.800000) vcan0 101#DD04E82144040A6B
(0000000037.900000) vcan0 102#0144DB070C94B05B
(0000000037.900000) vcan0 103#48FA9629A3B001C2
(0000000037.900000) vcan0 101#0B05AD2139040BA8
(0000000038.000000) vcan0 102#0144DE077094C09F
(0000000038.000000) vcan0 103#69FAA829A3C001E2
(0000000038.000000) vcan0 101#390573212F040CCE
(0000000038.100000) vcan0 102#0144E207D494D049
(0000000038.100000) vcan0 103#89FABD29A3D00177
(0000000038.100000) vcan0 101#4305962130040D8F
(0000000038.200000) vcan0 102#0144E6073895E060
(0000000038.200000) vcan0 103#A9FAD229A2E00174
(0000000038.200000) vcan0 101#4A05C12132040E5E
(0000000038.300000) vcan0 102#0144EA079C95F099
(0000000038.300000) vcan0 103#C7FAEA29A1F001A4
(0000000038.300000) vcan0 101#5205EC2134040F44
(0000000038.400000) vcan0 102#0144EE0700960055
(0000000038.400000) vcan0 103#E4FA032AA1000114
(0000000038.400000) vcan0 101#5A051622360400A4
(0000000038.500000) vcan0 102#0144F207649610E2
(0000000038.500000) vcan0 103#FFFA1F2AA1100100
(0000000038.500000) vcan0 101#71058522420401DE
(0000000038.600000) vcan0 102#0144F607C89620E7
(0000000038.600000) vcan0 103#1AFB3B2AA0200158
(0000000038.600000) vcan0 101#8A05F8224D0402FB
(0000000038.700000) vcan0 102#0144FA072C973032
(0000000038.700000) vcan0 103#34FB5A2AA03001B6
(0000000038.700000) vcan0 101#A705902352040345
(0000000038.800000) vcan0 102#0144FE079097403C
(0000000038.800000) vcan0 103#4DFB7C2A9F400114
(0000000038.800000) vcan0 101#C4052B24570404F8
(0000000038.900000) vcan0 102#01440208F497509E
(0000000038.900000) vcan0 103#65FB9E2A9F5001B4
(0000000038.900000) vcan0 101#DD05F1245A0405A7
(0000000039.000000) vcan0 102#0144060858986038
(0000000039.000000) vcan0 103#7BFBC42A9F60011F
(0000000039.000000) vcan0 101#F405DC255E040692
(0000000039.100000) vcan0 102#01440B08BC9870CB
(0000000039.100000) vcan0 103#92FBE92A9F70015D
(0000000039.100000) vcan0 101#0A06C72662040752
(0000000039.200000) vcan0 102#01440F082099809F
(0000000039.200000) vcan0 103#ADFB252B9F8001D6
(0000000039.200000) vcan0 101#2906B12764040828
(0000000039.300000) vcan0 102#0144140884999083
(0000000039.300000) vcan0 103#CAFB692B9E90018F
(0000000039.300000) vcan0 101#5D0699286404098A
(0000000039.400000) vcan0 102#01441908E899A03B
(0000000039.400000) vcan0 103#E4FBA82B9EA001F6
(0000000039.400000) vcan0 101#9106802964040A07
(0000000039.500000) vcan0 102#01441E084C9AB0DF
(0000000039.500000) vcan0 103#ECFBC12B9EB001D3
(0000000039.500000) vcan0 101#C606672A64040B3F
(0000000039.600000) vcan0 102#01442308B09AC083
(0000000039.600000) vcan0 103#F5FBDA2B9DC00165
(0000000039.600000) vcan0 101#FA064F2B64040C2A
(0000000039.700000) vcan0 102#01442908149BD057
(0000000039.700000) vcan0 103#FEFBF82B9DD001F1
(0000000039.700000) vcan0 101#2A07D62A64040DFA
(0000000039.800000) vcan0 102#01442E08789BE04C
(0000000039.800000) vcan0 103#0CFC262C9EE001D0
(0000000039.800000) vcan0 101#5707322964040E41
(0000000039.900000) vcan0 102#01443308DC9BF031
(0000000039.900000) vcan0 103#1BFC592C9EF0019F
(0000000039.900000) vcan0 101#7E07862864040F98
(0000000040.000000) vcan0 102#01443908409C00C6
(0000000040.000000) vcan0 103#2AFC912C9F0001B2
(0000000040.000000) vcan0 101#9E07AE2864040085
(0000000040.100000) vcan0 102#01443E08A49C1096
(0000000040.100000) vcan0 103#39FCC82C9F100134
(0000000040.100000) vcan0 101#BF07D6286404016D
(0000000040.200000) vcan0 102#01444408089D2079
(0000000040.200000) vcan0 103#47FC012D9F2001C0
(0000000040.200000) vcan0 101#DF07FE286404024D
(0000000040.300000) vcan0 102#01444A086C9D30F4
(0000000040.300000) vcan0 103#5EFC5E2D9F30014F
(0000000040.300000) vcan0 101#06089E2964050353
(0000000040.400000) vcan0 102#01445008D09D4002
(0000000040.400000) vcan0 103#76FCBE2D9F4001A4
(0000000040.400000) vcan0 101#3308A42A640504D4
(0000000040.500000) vcan0 102#01445608349E50EC
(0000000040.500000) vcan0 103#82FCF12D9F500133
(0000000040.500000) vcan0 101#5308562B640505A2
(0000000040.600000) vcan0 102#01445C08989E60FF
(0000000040.600000) vcan0 103#8BFC132E9F60016E
(0000000040.600000) vcan0 101#6708BF2B6405065A
(0000000040.700000) vcan0 102#01446208FC9E705D
(0000000040.700000) vcan0 103#93FC362EA0700101
(0000000040.700000) vcan0 101#7C08282C640507F9
(0000000040.800000) vcan0 102#01446808609F801F
(0000000040.800000) vcan0 103#9BFC582EA0800179
(0000000040.800000) vcan0 101#9008912C640508F8
(0000000040.900000) vcan0 102#01446F08C49F902F
(0000000040.900000) vcan0 103#A8FC8E2EA09001CF
(0000000040.900000) vcan0 101#A508FB2C640509FA
(0000000041.000000) vcan0 102#0144750828A0A0D0
(0000000041.000000) vcan0 103#B8FCD42E9FA001CB
(0000000041.000000) vcan0 101#B9086A2D64050AE5
(0000000041.100000) vcan0 102#01447B088CA0B0FD
(0000000041.100000) vcan0 103#C9FC1A2F9FB0011D
(0000000041.100000) vcan0 101#CE08D92D64050BCC
(0000000041.200000) vcan0 102#01448208F0A0C068
(0000000041.200000) vcan0 103#D9FC652F9FC00143
(0000000041.200000) vcan0 101#E9087A2C64050CBF
(0000000041.300000) vcan0 102#0144880854A1D0BC
(0000000041.300000) vcan0 103#E8FCB02F9FD001F1
(0000000041.300000) vcan0 101#0609702A64050D62
(0000000041.400000) vcan0 102#01448E08B8A1E00D
(0000000041.400000) vcan0 103#F8FCFD2F9FE001BE
(0000000041.400000) vcan0 101#2109342964050E34
(0000000041.500000) vcan0 102#014495081CA2F0C5
(0000000041.500000) vcan0 103#07FD4A309FF001F3
(0000000041.500000) vcan0 101#34099D2964050F5B
(0000000041.600000) vcan0 102#01449C0880A20075
(0000000041.600000) vcan0 103#15FD97309F0001E8
(0000000041.600000) vcan0 101#4A09082A64060095
(0000000041.700000) vcan0 102#0144A208E4A210D7
(0000000041.700000) vcan0 103#22FDE5309E1001EF
(0000000041.700000) vcan0 101#63097A2A6406010C
(0000000041.800000) vcan0 102#0144A90848A320E2
(0000000041.800000) vcan0 103#30FD32319E2001E9
(0000000041.800000) vcan0 101#7C09ED2A64060208
(0000000041.900000) vcan0 102#0144B008ACA3304A
(0000000041.900000) vcan0 103#3BFD71319E300149
(0000000041.900000) vcan0 101#9B09432B640603E2
(0000000042.000000) vcan0 102#0144B70810A44003
(0000000042.000000) vcan0 103#43FDA3319E40013E
(0000000042.000000) vcan0 101#B209942B64060408
(0000000042.100000) vcan0 102#0144BE0874A45085
(0000000042.100000) vcan0 103#4AFDCD319F5001C2
(0000000042.100000) vcan0 101#B709E42B64060591
(0000000042.200000) vcan0 102#0144C508D8A4604C
(0000000042.200000) vcan0 103#51FDF9319F600115
(0000000042.200000) vcan0 101#C009262C640606AC
(0000000042.300000) vcan0 102#0144CC083CA57046
(0000000042.300000) vcan0 103#59FD2E329F700190
(0000000042.300000) vcan0 101#D4094C2C6406079C
(0000000042.400000) vcan0 102#0144D308A0A58079
(0000000042.400000) vcan0 103#63FD6F329F800139
(0000000042.400000) vcan0 101#E709722C6406082F
(0000000042.500000) vcan0 102#0144DA0804A6908B
(0000000042.500000) vcan0 103#6DFDB0329F9001A2
(0000000042.500000) vcan0 101#FB09982C640609EE
(0000000042.600000) vcan0 102#0144E10868A6A07D
(0000000042.600000) vcan0 103#77FDF5329FA001F2
(0000000042.600000) vcan0 101#090AB72B64060A59
(0000000042.700000) vcan0 102#0144E908CCA6B031
(0000000042.700000) vcan0 103#81FD3C339FB00100
(0000000042.700000) vcan0 101#150A752A64060BB3
(0000000042.800000) vcan0 102#0144F00830A7C055
(0000000042.800000) vcan0 103#8BFD83339FC00133
(0000000042.800000) vcan0 101#220A332964060CFC
(0000000042.900000) vcan0 102#0144F70894A7D065
(0000000042.900000) vcan0 103#95FDCA339FD001BD
(0000000042.900000) vcan0 101#2F0AB62864060D66
(0000000043.000000) vcan0 102#0144FE08F8A7E068
(0000000043.000000) vcan0 103#9EFD12349FE00198
(0000000043.000000) vcan0 101#3E0AE82864060EC2
(0000000043.100000) vcan0 102#014406095CA8F089
(0000000043.100000) vcan0 103#A7FD5B349FF001F7
(0000000043.100000) vcan0 101#4C0A1A2964060FB7
(0000000043.200000) vcan0 102#01440D09C0A800ED
(0000000043.200000) vcan0 103#AEFDA4349F000175
(0000000043.200000) vcan0 101#5B0A4729640700AE
(0000000043.300000) vcan0 102#0144150924A91063
(0000000043.300000) vcan0 103#B6FDEE349F100196
(0000000043.300000) vcan0 101#6A0A7429640701A9
(0000000043.400000) vcan0 102#01441C0988A920CE
(0000000043.400000) vcan0 103#BCFD38359F200191
(0000000043.400000) vcan0 101#6E0AA9296407021D
(0000000043.500000) vcan0 102#01442309ECA93006
(0000000043.500000) vcan0 103#C2FD82359F300183
(0000000043.500000) vcan0 101#710AE1296407030D
(0000000043.600000) vcan0 102#01442B0950AA401E
(0000000043.600000) vcan0 103#C6FDCD359F400122
(0000000043.600000) vcan0 101#850A0F2A6407044F
(0000000043.700000) vcan0 102#01443309B4AA50DC
(0000000043.700000) vcan0 103#CBFD18369F500147
(0000000043.700000) vcan0 101#970A3A2A640705A1
(0000000043.800000) vcan0 102#01443A0918AB603D
(0000000043.800000) vcan0 103#CEFD63369F6001CB
(0000000043.800000) vcan0 101#A00A4E2A640706DB
(0000000043.900000) vcan0 102#014442097CAB7061
(0000000043.900000) vcan0 103#D0FDAF369F7001B9
(0000000043.900000) vcan0 101#A80A622A64070717
(0000000044.000000) vcan0 102#01444909E0AB8005
(0000000044.000000) vcan0 103#D2FDFC369F80012E
(0000000044.000000) vcan0 101#AF0A882A640708FC
(0000000044.100000) vcan0 102#0144510944AC905E
(0000000044.100000) vcan0 103#D4FD48379E9001E2
(0000000044.100000) vcan0 101#B60AB82A640709F8
(0000000044.200000) vcan0 102#01445909A8ACA0F9
(0000000044.200000) vcan0 103#D6FD95379EA00163
(0000000044.200000) vcan0 101#C70AF92A64070A7F
(0000000044.300000) vcan0 102#014460090CADB0BC
(0000000044.300000) vcan0 103#D7FDE2379FB001BE
(0000000044.300000) vcan0 101#D80A392B64070BA6
(0000000044.400000) vcan0 102#0144680970ADC0D0
(0000000044.400000) vcan0 103#D7FD30389FC0017B
(0000000044.400000) vcan0 101#DC0A3C2B64070C43
(0000000044.500000) vcan0 102#01447009D4ADD072
(0000000044.500000) vcan0 103#D8FD7E389FD0011A
(0000000044.500000) vcan0 101#DC0A282B64070D05
(0000000044.600000) vcan0 102#0144780938AEE001
(0000000044.600000) vcan0 103#D8FDCB389FE00108
(0000000044.600000) vcan0 101#DD0A222B64070EDC
(0000000044.700000) vcan0 102#01447F099CAEF031
(0000000044.700000) vcan0 103#D6FD18399EF00143
(0000000044.700000) vcan0 101#E00A3A2B64070F68
(0000000044.800000) vcan0 102#0144870900AF0034
(0000000044.800000) vcan0 103#D4FD63399E000162
(0000000044.800000) vcan0 101#E30A522B6407001D
(0000000044.900000) vcan0 102#01448F0964AF10D8
(0000000044.900000) vcan0 103#D1FDB1399E100164
(0000000044.900000) vcan0 101#E60A652B64070110
(0000000045.000000) vcan0 102#01449709C8AF20F1
(0000000045.000000) vcan0 103#C8FD1B3A9E200168
(0000000045.000000) vcan0 101#E60A592B640702DA
(0000000045.100000) vcan0 102#01449E092CB030A0
(0000000045.100000) vcan0 103#BFFD863A9D3001B3
(0000000045.100000) vcan0 101#E60A4C2B640703F6
(0000000045.200000) vcan0 102#0144A60990B04043
(0000000045.200000) vcan0 103#B5FDE43A9D40017A
(0000000045.200000) vcan0 101#E80A3F2B640704AA
(0000000045.300000) vcan0 102#0144AE09F4B050AF
(0000000045.300000) vcan0 103#ACFD213B9D500106
(0000000045.300000) vcan0 101#EC0A302B640705A2
(0000000045.400000) vcan0 102#0144B60958B160CA
(0000000045.400000) vcan0 103#A4FD5E3B9D6001D9
(0000000045.400000) vcan0 101#F00A222B640706BD
(0000000045.500000) vcan0 102#0144BD09BCB17058
(0000000045.500000) vcan0 103#98FD943B9D70011F
(0000000045.500000) vcan0 101#EC0A232B640707C8
(0000000045.600000) vcan0 102#0144C50920B280E6
(0000000045.600000) vcan0 103#8CFDCC3B9D80012B
(0000000045.600000) vcan0 101#E90A252B64070826
(0000000045.700000) vcan0 102#0144CD0984B290AA
(0000000045.700000) vcan0 103#7CFD163C9D900133
(0000000045.700000) vcan0 101#E60A292B640709A5
(0000000045.800000) vcan0 102#0144D509E8B2A023
(0000000045.800000) vcan0 103#6AFD663C9DA00128
(0000000045.800000) vcan0 101#E90A382B64070A5A
(0000000045.900000) vcan0 102#0144DC094CB3B049
(0000000045.900000) vcan0 103#59FDB23C9DB0014A
(0000000045.900000) vcan0 101#EC0A472B64070BBF
(0000000046.000000) vcan0 102#0144E409B0B3C0CA
(0000000046.000000) vcan0 103#47FDFE3C9DC00184
(0000000046.000000) vcan0 101#F00A562B64070C6A
(0000000046.100000) vcan0 102#0144EC0914B4D07F
(0000000046.100000) vcan0 103#36FD4A3D9DD00141
(0000000046.100000) vcan0 101#F00A942A35070D75
(0000000046.200000) vcan0 102#0144F40978B4E0F6
(0000000046.200000) vcan0 103#24FD963D9DE00113
(0000000046.200000) vcan0 101#F00AC22903070ED5
(0000000046.300000) vcan0 102#0144FB09DCB4F0B1
(0000000046.300000) vcan0 103#13FDDD3D9DF001A9
(0000000046.300000) vcan0 101#AA0AC22800070FD6
(0000000046.400000) vcan0 102#0144030A40B5000E
(0000000046.400000) vcan0 103#03FD253E9D0001AC
(0000000046.400000) vcan0 101#600A012800070078
(0000000046.500000) vcan0 102#01440A0AA4B51048
(0000000046.500000) vcan0 103#F1FC713E9D100189
(0000000046.500000) vcan0 101#1A0AC127000701D1
(0000000046.600000) vcan0 102#0144100A08B62061
(0000000046.600000) vcan0 103#E1FCBA3E9D200184
(0000000046.600000) vcan0 101#A309A5270017029B
(0000000046.700000) vcan0 102#0144160A6CB6309B
(0000000046.700000) vcan0 103#D3FCF83E9D300117
(0000000046.700000) vcan0 101#CC08D12700170328
(0000000046.800000) vcan0 102#01441C0AD0B64083
(0000000046.800000) vcan0 103#C8FC2B3F9D4001C1
(0000000046.800000) vcan0 101#15081F28001704F0
(0000000046.900000) vcan0 102#0144210A34B75013
(0000000046.900000) vcan0 103#BFFC573F9D500181
(0000000046.900000) vcan0 101#9D07AC28001705E9
(0000000047.000000) vcan0 102#0144260A98B760A8
(0000000047.000000) vcan0 103#B5FC883F9D600106
(0000000047.000000) vcan0 101#24072C2900170688
(0000000047.100000) vcan0 102#01442B0AFCB7709B
(0000000047.100000) vcan0 103#A9FCC83F9D70012F
(0000000047.100000) vcan0 101#A6069329001707B8
(0000000047.200000) vcan0 102#01442F0A60B88020
(0000000047.200000) vcan0 103#9EFC0C409C800180
(0000000047.200000) vcan0 101#5806EC28001708FA
(0000000047.300000) vcan0 102#0144330AC4B89037
(0000000047.300000) vcan0 103#95FC48409C90012B
(0000000047.300000) vcan0 101#150611280015097C
(0000000047.400000) vcan0 102#0144370A28B9A01E
(0000000047.400000) vcan0 103#93FC66409CA001EE
(0000000047.400000) vcan0 101#BA05402800150A18
(0000000047.500000) vcan0 102#01443A0A8CB9B08D
(0000000047.500000) vcan0 103#92FC83409CB001A5
(0000000047.500000) vcan0 101#5E05702800150B53
(0000000047.600000) vcan0 102#01443E0AF0B9C023
(0000000047.600000) vcan0 103#91FCA1409CC0017C
(0000000047.600000) vcan0 101#0305A02800150CD3
(0000000047.700000) vcan0 102#0144410A54BAD000
(0000000047.700000) vcan0 103#91FCB8409CD0013B
(0000000047.700000) vcan0 101#C004E62700130D33
(0000000047.800000) vcan0 102#0144440AB8BAE00F
(0000000047.800000) vcan0 103#92FCCA409CE00179
(0000000047.800000) vcan0 101#92045F2600130E45
(0000000047.900000) vcan0 102#0144470A1CBBF0C6
(0000000047.900000) vcan0 103#94FCDC409CF00191
(0000000047.900000) vcan0 101#6304C32400120FC8
(0000000048.000000) vcan0 102#01444A0A80BB00C3
(0000000048.000000) vcan0 103#9EFCF7409C000113
(0000000048.000000) vcan0 101#32049722001200E4
(0000000048.100000) vcan0 102#01444D0AE4BB1053
(0000000048.100000) vcan0 103#ADFC15419B100128
(0000000048.100000) vcan0 101#FF036B20001201D9
(0000000048.200000) vcan0 102#01444F0A48BC20CE
(0000000048.200000) vcan0 103#BCFC34419B2001A6
(0000000048.200000) vcan0 101#CD033F1E001202CC
(0000000048.300000) vcan0 102#0144510AACBC306D
(0000000048.300000) vcan0 103#CBFC45419B30014E
(0000000048.300000) vcan0 101#9803C11C00120320
(0000000048.400000) vcan0 102#0144540A10BD4045
(0000000048.400000) vcan0 103#D9FC51419C4001B7
(0000000048.400000) vcan0 101#63034F1B0012042E
(0000000048.500000) vcan0 102#0144560A74BD500A
(0000000048.500000) vcan0 103#E7FC5E419C5001A8
(0000000048.500000) vcan0 101#2E03DE190012058B
(0000000048.600000) vcan0 102#0144580AD8BD60AC
(0000000048.600000) vcan0 103#F6FC65419C60016B
(0000000048.600000) vcan0 101#0E03B1180012067C
(0000000048.700000) vcan0 102#01445A0A3CBE70F7
(0000000048.700000) vcan0 103#07FD6B419C70017B
(0000000048.700000) vcan0 101#F4029E1700120733
(0000000048.800000) vcan0 102#01445C0AA0BE803B
(0000000048.800000) vcan0 103#1AFD71419C80018B
(0000000048.800000) vcan0 101#DB028B1600120817
(0000000048.900000) vcan0 102#01445E0A04BF9098
(0000000048.900000) vcan0 103#2EFD76419C90018B
(0000000048.900000) vcan0 101#C4028A150012093F
(0000000049.000000) vcan0 102#0144600A68BFA0B1
(0000000049.000000) vcan0 103#43FD77419CA00177
(0000000049.000000) vcan0 101#B502031500120A73
(0000000049.100000) vcan0 102#0144620ACCBFB05E
(0000000049.100000) vcan0 103#58FD78419CB00133
(0000000049.100000) vcan0 101#A502801400020B63
(0000000049.200000) vcan0 102#0144630A30C0C067
(0000000049.200000) vcan0 103#66FD75419CC00167
(0000000049.200000) vcan0 101#8E02201400020C88
(0000000049.300000) vcan0 102#0144650A94C0D03D
(0000000049.300000) vcan0 103#73FD73419BD001B5
(0000000049.300000) vcan0 101#7802BF1301020D25
(0000000049.400000) vcan0 102#0144660AF8C0E093
(0000000049.400000) vcan0 103#80FD6F419BE00116
(0000000049.400000) vcan0 101#61025F1301020E49
(0000000049.500000) vcan0 102#0144680A5CC1F0F2
(0000000049.500000) vcan0 103#8EFD69419BF001C2
(0000000049.500000) vcan0 101#4A02FF1202020FFD
(0000000049.600000) vcan0 102#01446A0AC0C1008B
(0000000049.600000) vcan0 103#9CFD61419B000154
(0000000049.600000) vcan0 101#3A025E13050200D1
(0000000049.700000) vcan0 102#01446B0A24C2106E
(0000000049.700000) vcan0 103#ABFD59419B1001E0
(0000000049.700000) vcan0 101#2B02041409020104
(0000000049.800000) vcan0 102#01446D0A88C220BF
(0000000049.800000) vcan0 103#B7FD4F419B2001AC
(0000000049.800000) vcan0 101#1D02AA140D0202D4
(0000000049.900000) vcan0 102#01446E0AECC2309A
(0000000049.900000) vcan0 103#C3FD44419B3001B0
(0000000049.900000) vcan0 101#27020D150F020300
(0000000050.000000) vcan0 102#0144700A50C34095
(0000000050.000000) vcan0 103#CDFD38419B4001E8
(0000000050.000000) vcan0 101#34026A15120204C5
(0000000050.100000) vcan0 102#0144710AB4C350A4
(0000000050.100000) vcan0 103#D8FD2A419B5001EB
(0000000050.100000) vcan0 101#4102C71515020524
(0000000050.200000) vcan0 102#0144730A18C46039
(0000000050.200000) vcan0 103#E6FD14419B6001C4
(0000000050.200000) vcan0 101#56027D16160206AD
(0000000050.300000) vcan0 102#0144750A7CC470C3
(0000000050.300000) vcan0 103#F5FDFD409B7001D3
(0000000050.300000) vcan0 101#6F025317180207AA
(0000000050.400000) vcan0 102#0144770AE0C480BA
(0000000050.400000) vcan0 103#01FEE9409B800160
(0000000050.400000) vcan0 101#7F0210181C0208E7
(0000000050.500000) vcan0 102#0144780A44C590B1
(0000000050.500000) vcan0 103#09FED9409B900129
(0000000050.500000) vcan0 101#8C02C41820020971
(0000000050.600000) vcan0 102#01447A0AA8C5A0B5
(0000000050.600000) vcan0 103#0DFECE409CA001EE
(0000000050.600000) vcan0 101#9802861924020A56
(0000000050.700000) vcan0 102#01447C0A0CC6B03B
(0000000050.700000) vcan0 103#10FEC6409CB00172
(0000000050.700000) vcan0 101#A9028C1A27020B55
(0000000050.800000) vcan0 102#01447E0A70C6C0F4
(0000000050.800000) vcan0 103#11FEC4409CC001D0
(0000000050.800000) vcan0 101#BE02CF1B2B020C87
(0000000050.900000) vcan0 102#0144800AD4C6D04A
(0000000050.900000) vcan0 103#12FEC3409BD00102
(0000000050.900000) vcan0 101#D702051D2E020D5B
(0000000051.000000) vcan0 102#0144820A38C7E002
(0000000051.000000) vcan0 103#15FEBA409BE001E0
(0000000051.000000) vcan0 101#0903E81D30020E39
(0000000051.100000) vcan0 102#0144850A9CC7F032
(0000000051.100000) vcan0 103#1BFEAD409BF001B0
(0000000051.100000) vcan0 101#3003241F35020FAD
(0000000051.200000) vcan0 102#0144870A00C800E8
(0000000051.200000) vcan0 103#23FE96409B0001B0
(0000000051.200000) vcan0 101#4F03AF203A020029
(0000000051.300000) vcan0 102#01448A0A64C810DB
(0000000051.300000) vcan0 103#2AFE7F409B1001EB
(0000000051.300000) vcan0 101#6D033B22400201F9
(0000000051.400000) vcan0 102#01448C0AC8C8200A
(0000000051.400000) vcan0 103#32FE66409B2001B2
(0000000051.400000) vcan0 101#8C03C62346020230
(0000000051.500000) vcan0 102#01448F0A2CC930A3
(0000000051.500000) vcan0 103#3AFE4D409B3001DC
(0000000051.500000) vcan0 101#BD036A2549020369
(0000000051.600000) vcan0 102#0144920A90C9405E
(0000000051.600000) vcan0 103#41FE32409B400106
(0000000051.600000) vcan0 101#E503B3264B020479
(0000000051.700000) vcan0 102#0144950AF4C950CE
(0000000051.700000) vcan0 103#47FE17409B50017F
(0000000051.700000) vcan0 101#FA0342275002057D
(0000000051.800000) vcan0 102#0144980A58CA6002
(0000000051.800000) vcan0 103#4DFEFB3F9B6001FA
(0000000051.800000) vcan0 101#0F04D1275402067D
(0000000051.900000) vcan0 102#01449B0ABCCA70E7
(0000000051.900000) vcan0 103#52FEDD3F9B70010B
(0000000051.900000) vcan0 101#56049F275702078D
(0000000052.000000) vcan0 102#01449E0A20CB80D9
(0000000052.000000) vcan0 103#58FEBE3F9B800161
(0000000052.000000) vcan0 101#A1045E275A020842
(0000000052.100000) vcan0 102#0144A20A84CB900F
(0000000052.100000) vcan0 103#5DFE9B3F9B9001FF
(0000000052.100000) vcan0 101#DA0463285D020907
(0000000052.200000) vcan0 102#0144A60AE8CBA0AA
(0000000052.200000) vcan0 103#62FE783F9BA00177
(0000000052.200000) vcan0 101#04058B2A5F020A8F
(0000000052.300000) vcan0 102#0144A90A4CCCB014
(0000000052.300000) vcan0 103#65FE533F9BB00145
(0000000052.300000) vcan0 101#2E05632C60030B14
(0000000052.400000) vcan0 102#0144AD0AB0CCC07A
(0000000052.400000) vcan0 103#69FE2C3F9BC00119
(0000000052.400000) vcan0 101#5B05302C63030C38
(0000000052.500000) vcan0 102#0144B10A14CDD021
(0000000052.500000) vcan0 103#6CFE053F9BD00145
(0000000052.500000) vcan0 101#8805C42B64030D5C
(0000000052.600000) vcan0 102#0144B50A78CDE084
(0000000052.600000) vcan0 103#6FFEDC3E9BE001B1
(0000000052.600000) vcan0 101#B505E32964030EA6
(0000000052.700000) vcan0 102#0144BA0ADCCDF0C3
(0000000052.700000) vcan0 103#72FEB23E9BF00112
(0000000052.700000) vcan0 101#E205442864040FDF
(0000000052.800000) vcan0 102#0144BE0A40CE000F
(0000000052.800000) vcan0 103#75FE863E9B0001E4
(0000000052.800000) vcan0 101#110663286404002A
(0000000052.900000) vcan0 102#0144C30AA4CE104C
(0000000052.900000) vcan0 103#7AFE593E9B100122
(0000000052.900000) vcan0 101#4006832864040170
(0000000053.000000) vcan0 102#0144C70A08CF2005
(0000000053.000000) vcan0 103#7FFE2C3E9B2001B8
(0000000053.000000) vcan0 101#6F06A228640402CF
(0000000053.100000) vcan0 102#0144CC0A6CCF3057
(0000000053.100000) vcan0 103#85FEFC3D9B300125
(0000000053.100000) vcan0 101#9906A82964040396
(0000000053.200000) vcan0 102#0144D10AD0CF40AA
(0000000053.200000) vcan0 103#8BFECC3D9B400120
(0000000053.200000) vcan0 101#C406BF2A6404041B
(0000000053.300000) vcan0 102#0144D60A34D050ED
(0000000053.300000) vcan0 103#9BFE803D9B500170
(0000000053.300000) vcan0 101#EF06D72B640405E8
(0000000053.400000) vcan0 102#0144DC0A98D060FE
(0000000053.400000) vcan0 103#ABFE313D9A60018E
(0000000053.400000) vcan0 101#1907EE2C64040635
(0000000053.500000) vcan0 102#0144E10AFCD070E2
(0000000053.500000) vcan0 103#B7FE003D9A70017D
(0000000053.500000) vcan0 101#4B07FF2C64040771
(0000000053.600000) vcan0 102#0144E60A60D18008
(0000000053.600000) vcan0 103#C1FEDB3C9A800142
(0000000053.600000) vcan0 101#7707A02C640408AA
(0000000053.700000) vcan0 102#0144EC0AC4D19090
(0000000053.700000) vcan0 103#CAFEC13C99900102
(0000000053.700000) vcan0 101#9607872B640409C4
(0000000053.800000) vcan0 102#0144F10A28D2A0D2
(0000000053.800000) vcan0 103#D7FE9D3C99A0012F
(0000000053.800000) vcan0 101#B5076F2A64040AFC
(0000000053.900000) vcan0 102#0144F70A8CD2B088
(0000000053.900000) vcan0 103#E7FE6D3C98B00151
(0000000053.900000) vcan0 101#D707822964050BC9
(0000000054.000000) vcan0 102#0144FD0AF0D2C030
(0000000054.000000) vcan0 103#FDFE313C97C0019E
(0000000054.000000) vcan0 101#09089B2964050C6B
(0000000054.100000) vcan0 102#0144030B54D3D05F
(0000000054.100000) vcan0 103#17FFED3B96D001FF
(0000000054.100000) vcan0 101#2A08322A64050DBB
(0000000054.200000) vcan0 102#0144080BB8D3E046
(0000000054.200000) vcan0 103#34FFA63B95E0016C
(0000000054.200000) vcan0 101#3D083A2B64050E41
(0000000054.300000) vcan0 102#01440E0B1CD4F0E5
(0000000054.300000) vcan0 103#4BFF6D3B94F00176
(0000000054.300000) vcan0 101#5C08CA2B64050F23
(0000000054.400000) vcan0 102#0144150B80D4006F
(0000000054.400000) vcan0 103#5EFF413B93000190
(0000000054.400000) vcan0 101#7C08512C64050007
(0000000054.500000) vcan0 102#01441B0BE4D410E2
(0000000054.500000) vcan0 103#71FF143B931001B9
(0000000054.500000) vcan0 101#9C08B22C640501C9
(0000000054.600000) vcan0 102#0144210B48D52092
(0000000054.600000) vcan0 103#87FFE03A932001B9
(0000000054.600000) vcan0 101#B708152C6405025D
(0000000054.700000) vcan0 102#0144280BACD530D4
(0000000054.700000) vcan0 103#9FFFA63A92300117
(0000000054.700000) vcan0 101#D308772B640503E6
(0000000054.800000) vcan0 102#01442E0B10D640DA
(0000000054.800000) vcan0 103#B8FF6C3A924001C2
(0000000054.800000) vcan0 101#EE08D92A640504EC
(0000000054.900000) vcan0 102#0144340B74D6500C
(0000000054.900000) vcan0 103#D2FF2E3A925001E4
(0000000054.900000) vcan0 101#0909492A640505E4
(0000000055.000000) vcan0 102#01443B0BD8D660C0
(0000000055.000000) vcan0 103#EDFFED3992600117
(0000000055.000000) vcan0 101#2209162A64050694
(0000000055.100000) vcan0 102#0144420B3CD7707A
(0000000055.100000) vcan0 103#0800AD3992700111
(0000000055.100000) vcan0 101#3909F529640607A8
(0000000055.200000) vcan0 102#0144480BA0D78074
(0000000055.200000) vcan0 103#200075399280016B
(0000000055.200000) vcan0 101#46094D2A64060886
(0000000055.300000) vcan0 102#01444F0B04D890E7
(0000000055.300000) vcan0 103#3F002E3992900182
(0000000055.300000) vcan0 101#5A09932A640609DD
(0000000055.400000) vcan0 102#0144560B68D8A004
(0000000055.400000) vcan0 103#6C00C53892A001EA
(0000000055.400000) vcan0 101#7309C72A64060ADE
(0000000055.500000) vcan0 102#01445C0BCCD8B09C
(0000000055.500000) vcan0 103#9300693892B0018B
(0000000055.500000) vcan0 101#8B09FC2A64060B5E
(0000000055.600000) vcan0 102#0144630B30D9C058
(0000000055.600000) vcan0 103#A300433892C00114
(0000000055.600000) vcan0 101#A4095B2B64060C4A
(0000000055.700000) vcan0 102#01446A0B94D9D07E
(0000000055.700000) vcan0 103#AF00293892D001E6
(0000000055.700000) vcan0 101#BD09CA2B64060DC6
(0000000055.800000) vcan0 102#0144720BF8D9E0F7
(0000000055.800000) vcan0 103#C100FF3792E001CC
(0000000055.800000) vcan0 101#D609392C64060EBC
(0000000055.900000) vcan0 102#0144790B5CDAF0D1
(0000000055.900000) vcan0 103#E300B23792F0019A
(0000000055.900000) vcan0 101#EF09A82C64060F5F
(0000000056.000000) vcan0 102#0144800BC0DA00F2
(0000000056.000000) vcan0 103#0B01563792000134
(0000000056.000000) vcan0 101#050ADD2C64060039
(0000000056.100000) vcan0 102#0144870B24DB10EE
(0000000056.100000) vcan0 103#3601F43691100197
(0000000056.100000) vcan0 101#190AFC2C6406018D
(0000000056.200000) vcan0 102#01448E0B88DB2043
(0000000056.200000) vcan0 103#5401AE369120018F
(0000000056.200000) vcan0 101#250A692C640602D5
(0000000056.300000) vcan0 102#0144960BECDB3041
(0000000056.300000) vcan0 103#6B017A3691300156
(0000000056.300000) vcan0 101#2E0A962B640603E6
(0000000056.400000) vcan0 102#01449D0B50DC40CA
(0000000056.400000) vcan0 103#820146369140010F
(0000000056.400000) vcan0 101#370AC32A640604B0
(0000000056.500000) vcan0 102#0144A40BB4DC50A3
(0000000056.500000) vcan0 103#99011236915001F3
(0000000056.500000) vcan0 101#400AF02964060500
(0000000056.600000) vcan0 102#0144AC0B18DD6028
(0000000056.600000) vcan0 103#B501D235916001E0
(0000000056.600000) vcan0 101#4D0A722964060636
(0000000056.700000) vcan0 102#0144B30B7CDD7021
(0000000056.700000) vcan0 103#D2018E3590700157
(0000000056.700000) vcan0 101#610AA02964060779
(0000000056.800000) vcan0 102#0144BA0BE0DD8091
(0000000056.800000) vcan0 103#EF01493590800132
(0000000056.800000) vcan0 101#730ACF29640708AF
(0000000056.900000) vcan0 102#0144C20B44DE90B9
(0000000056.900000) vcan0 103#0C0204358F900112
(0000000056.900000) vcan0 101#820A002A6407093C
(0000000057.000000) vcan0 102#0144CA0BA8DEA01E
(0000000057.000000) vcan0 103#2902BE348EA00135
(0000000057.000000) vcan0 101#900A312A64070A5D
(0000000057.100000) vcan0 102#0144D10B0CDFB04E
(0000000057.100000) vcan0 103#460279348DB00157
(0000000057.100000) vcan0 101#A00A622A64070B59
(0000000057.200000) vcan0 102#0144D90B70DFC022
(0000000057.200000) vcan0 103#640234348DC0019E
(0000000057.200000) vcan0 101#AE0A912A64070C26
(0000000057.300000) vcan0 102#0144E10BD4DFD041
(0000000057.300000) vcan0 103#8102ED338BD001B0
(0000000057.300000) vcan0 101#B90ABD2A64070D0F
(0000000057.400000) vcan0 102#0144E80B38E0E0EE
(0000000057.400000) vcan0 103#AD02833389E001EE
(0000000057.400000) vcan0 101#C40AE82A64070E68
(0000000057.500000) vcan0 102#0144F00B9CE0F04C
(0000000057.500000) vcan0 103#DA02153387F00179
(0000000057.500000) vcan0 101#CF0A142B64070F8C
(0000000057.600000) vcan0 102#0144F80B00E100DA
(0000000057.600000) vcan0 103#FC02C032860001B8
(0000000057.600000) vcan0 101#D20A332B640700A2
(0000000057.700000) vcan0 102#0144FF0B64E1104A
(0000000057.700000) vcan0 103#18037A3285100110
(0000000057.700000) vcan0 101#D40A4D2B640701CA
(0000000057.800000) vcan0 102#0144070CC8E120EA
(0000000057.800000) vcan0 103#2603533284200155
(0000000057.800000) vcan0 101#E30A6A2B6407027F
(0000000057.900000) vcan0 102#01440F0C2CE23012
(0000000057.900000) vcan0 103#36032B328430019F
(0000000057.900000) vcan0 101#F10A872B640703B4
(0000000058.000000) vcan0 102#0144170C90E24030
(0000000058.000000) vcan0 103#4C03F1318440019F
(0000000058.000000) vcan0 101#FC0AA82B640704BC
(0000000058.100000) vcan0 102#01441F0CF4E250DC
(0000000058.100000) vcan0 103#6703AD31845001C2
(0000000058.100000) vcan0 101#070BC92B6407054F
(0000000058.200000) vcan0 102#0144270C58E36078
(0000000058.200000) vcan0 103#820363318460018D
(0000000058.200000) vcan0 101#100BE72B64070688
(0000000058.300000) vcan0 102#01442E0CBCE3703E
(0000000058.300000) vcan0 103#9C03193183700118
(0000000058.300000) vcan0 101#150B002C64070723
(0000000058.400000) vcan0 102#0144360C20E480F3
(0000000058.400000) vcan0 103#B703CF308380010E
(0000000058.400000) vcan0 101#1B0B1D2C640708DF
(0000000058.500000) vcan0 102#01443E0C84E490BF
(0000000058.500000) vcan0 103#D0038430839001D3
(0000000058.500000) vcan0 101#240B3C2C640709E3
(0000000058.600000) vcan0 102#0144460CE8E4A068
(0000000058.600000) vcan0 103#E903383083A00185
(0000000058.600000) vcan0 101#2D0B5C2C64070A15
(0000000058.700000) vcan0 102#01444E0C4CE5B068
(0000000058.700000) vcan0 103#0204EC2F83B00171
(0000000058.700000) vcan0 101#360B7C2C64070B45
(0000000058.800000) vcan0 102#0144560CB0E5C02A
(0000000058.800000) vcan0 103#1A049F2F83C0013F
(0000000058.800000) vcan0 101#3F0B9C2C64070CE4
(0000000058.900000) vcan0 102#01445E0C14E6D0B2
(0000000058.900000) vcan0 103#3204532F82D001C7
(0000000058.900000) vcan0 101#440BA02C64070D29
(0000000059.000000) vcan0 102#0144660C78E6E0FA
(0000000059.000000) vcan0 103#4A04032F82E001AD
(0000000059.000000) vcan0 101#480BA22C64070E61
(0000000059.100000) vcan0 102#01446E0CDCE6F0B6
(0000000059.100000) vcan0 103#6404A52E82F00169
(0000000059.100000) vcan0 101#4D0BF72B64070F12
(0000000059.200000) vcan0 102#0144770C40E700A4
(0000000059.200000) vcan0 103#7F04462E820001C4
(0000000059.200000) vcan0 101#540BB22A64070042
(0000000059.300000) vcan0 102#01447F0CA4E71088
(0000000059.300000) vcan0 103#9604F42D8210018D
(0000000059.300000) vcan0 101#5A0B6D29640701CA
(0000000059.400000) vcan0 102#0144870C08E8207F
(0000000059.400000) vcan0 103#A804B32D8220010F
(0000000059.400000) vcan0 101#5E0B9C28640702E0
(0000000059.500000) vcan0 102#01448F0C6CE83093
(0000000059.500000) vcan0 103#B804792D8230011D
(0000000059.500000) vcan0 101#5E0BB82864070389
(0000000059.600000) vcan0 102#0144970CD0E840B1
(0000000059.600000) vcan0 103#CA04322D824001D2
(0000000059.600000) vcan0 101#650BD5286408046C
(0000000059.700000) vcan0 102#01449F0C34E950D1
(0000000059.700000) vcan0 103#DE04E32C82500113
(0000000059.700000) vcan0 101#6F0BF228640805D3
(0000000059.800000) vcan0 102#0144A70C98E96039
(0000000059.800000) vcan0 103#F204942C826001BD
(0000000059.800000) vcan0 101#790B0E2964080652
(0000000059.900000) vcan0 102#0144B00CFCE97047
(0000000059.900000) vcan0 103#0605442C827001DD
(0000000059.900000) vcan0 101#830B2B2964080790
(0000000060.000000) vcan0 102#0144B80C60EA8049
(0000000060.000000) vcan0 103#1A05F42B81800149
(0000000060.000000) vcan0 101#8B0B40296408086E
(0000000060.100000) vcan0 102#0144C00CC4EA90B5
(0000000060.100000) vcan0 103#2E05A52B81900159
(0000000060.100000) vcan0 101#910B5429640809F9
(0000000060.200000) vcan0 102#0144C80C28EBA05E
(0000000060.200000) vcan0 103#4105552B81A001E6
(0000000060.200000) vcan0 101#970B682964080AE0
(0000000060.300000) vcan0 102#0144D10C8CEBB096
(0000000060.300000) vcan0 103#5405052B81B001AE
(0000000060.300000) vcan0 101#9F0B7E2964080BA0
(0000000060.400000) vcan0 102#0144D90CF0EBC0FA
(0000000060.400000) vcan0 103#6805B42A81C00113
(0000000060.400000) vcan0 101#A70B962964080CFD
(0000000060.500000) vcan0 102#0144E10C54ECD060
(0000000060.500000) vcan0 103#7D05592A81D001FF
(0000000060.500000) vcan0 101#AE0BAD2964080D89
(0000000060.600000) vcan0 102#0144E90CB8ECE0C7
(0000000060.600000) vcan0 103#9A05DE2980E001BD
(0000000060.600000) vcan0 101#B20BBB2964080E23
(0000000060.700000) vcan0 102#0144F20C1CEDF097
(0000000060.700000) vcan0 103#B605632980F00179
(0000000060.700000) vcan0 101#B50BC92964080FD4
(0000000060.800000) vcan0 102#0144FA0C80ED004D
(0000000060.800000) vcan0 103#CA0511298000014C
(0000000060.800000) vcan0 101#B80BD6296408001B
(0000000060.900000) vcan0 102#0144020DE4ED10AF
(0000000060.900000) vcan0 103#D505E328801001C7
(0000000060.900000) vcan0 101#B80BD529640801B8
(0000000061.000000) vcan0 102#01440B0D48EE20D6
(0000000061.000000) vcan0 103#DF05B728802001AA
(0000000061.000000) vcan0 101#B80BD429640802F5
(0000000061.100000) vcan0 102#0144130DACEE3014
(0000000061.100000) vcan0 103#ED057B288030010C
(0000000061.100000) vcan0 101#BC0BF22964080321
(0000000061.200000) vcan0 102#01441C0D10EF409F
(0000000061.200000) vcan0 103#00062928804001BE
(0000000061.200000) vcan0 101#C30B2C2A640804D8
(0000000061.300000) vcan0 102#0144240D74EF505C
(0000000061.300000) vcan0 103#1306D727805001B9
(0000000061.300000) vcan0 101#CA0B662A64080576
(0000000061.400000) vcan0 102#01442C0DD8EF609B
(0000000061.400000) vcan0 103#260685278060013F
(0000000061.400000) vcan0 101#CF0B642A640806B1
(0000000061.500000) vcan0 102#0144350D3CF07024
(0000000061.500000) vcan0 103#3A0634277F7001E1
(0000000061.500000) vcan0 101#D20B4A2A64080724
(0000000061.600000) vcan0 102#01443D0DA0F080FE
(0000000061.600000) vcan0 103#4E06DF267F80014B
(0000000061.600000) vcan0 101#D60B322A64080831
(0000000061.700000) vcan0 102#0144460D04F190F0
(0000000061.700000) vcan0 103#620685267E900176
(0000000061.700000) vcan0 101#DB0B472A640809A5
(0000000061.800000) vcan0 102#01444E0D68F1A097
(0000000061.800000) vcan0 103#77062C267EA001C5
(0000000061.800000) vcan0 101#E00B602A64080AAB
(0000000061.900000) vcan0 102#0144570DCCF1B05F
(0000000061.900000) vcan0 103#8A06DA257FB001F9
(0000000061.900000) vcan0 101#E00B682A64080BC1
(0000000062.000000) vcan0 102#01445F0D30F2C027
(0000000062.000000) vcan0 103#9D0688257FC00140
(0000000062.000000) vcan0 101#E00B6F2A64080C99
(0000000062.100000) vcan0 102#0144670D94F2D044
(0000000062.100000) vcan0 103#B00636257FD00167
(0000000062.100000) vcan0 101#E50B7D2A64080D8A
(0000000062.200000) vcan0 102#0144700DF8F2E0B1
(0000000062.200000) vcan0 103#C206E9247FE001A7
(0000000062.200000) vcan0 101#E90B8D2A64080E85
(0000000062.300000) vcan0 102#0144780D5CF3F0B1
(0000000062.300000) vcan0 103#D306A0247EF001FA
(0000000062.300000) vcan0 101#EE0B9C2A64080F92
(0000000062.400000) vcan0 102#0144810DC0F30092
(0000000062.400000) vcan0 103#E70650247E000134
(0000000062.400000) vcan0 101#F40BAC2A640800D7
(0000000062.500000) vcan0 102#01448A0D24F410F9
(0000000062.500000) vcan0 103#FA06FB237E100100
(0000000062.500000) vcan0 101#FC0BB92A64080129
(0000000062.600000) vcan0 102#0144920D88F420D0
(0000000062.600000) vcan0 103#0D07A7237E200113
(0000000062.600000) vcan0 101#040CC72A6408021C
(0000000062.700000) vcan0 102#01449B0DECF43056
(0000000062.700000) vcan0 103#200754237E300103
(0000000062.700000) vcan0 101#080CCE2A640803A7
(0000000062.800000) vcan0 102#0144A30D50F540F9
(0000000062.800000) vcan0 103#330701237E4001D8
(0000000062.800000) vcan0 101#080CD02A6408040C
(0000000062.900000) vcan0 102#0144AC0DB4F550DE
(0000000062.900000) vcan0 103#4607AE227E500153
(0000000062.900000) vcan0 101#090CD42A640805F9
(0000000063.000000) vcan0 102#0144B40D18F66023
(0000000063.000000) vcan0 103#5A075A227E6001B6
(0000000063.000000) vcan0 101#0C0CDB2A64080696
(0000000063.100000) vcan0 102#0144BD0D7CF670A5
(0000000063.100000) vcan0 103#6D0706227E7001E9
(0000000063.100000) vcan0 101#0E0CE12A640807BD
(0000000063.200000) vcan0 102#0144C60DE0F68071
(0000000063.200000) vcan0 103#8007B2217E8001FE
(0000000063.200000) vcan0 101#110CE82A640808FE
(0000000063.300000) vcan0 102#0144CE0D44F79071
(0000000063.300000) vcan0 103#93075F217E9001C1
(0000000063.300000) vcan0 101#120CE32A640809CD
(0000000063.400000) vcan0 102#0144D70DA8F7A052
(0000000063.400000) vcan0 103#A6070C217EA0012D
(0000000063.400000) vcan0 101#120CD22A64080AAF
(0000000063.500000) vcan0 102#0144DF0D0CF8B0BD
(0000000063.500000) vcan0 103#B907B7207EB00124
(0000000063.500000) vcan0 101#150CD82A64080B9F
(0000000063.600000) vcan0 102#0144E80D70F8C082
(0000000063.600000) vcan0 103#CF0757207EC001A9
(0000000063.600000) vcan0 101#170CE02A64080C2E
(0000000063.700000) vcan0 102#0144F10DD4F8D04A
(0000000063.700000) vcan0 103#E507F51F7FD001A4
(0000000063.700000) vcan0 101#190CE82A64080D45
(0000000063.800000) vcan0 102#0144F90D38F9E0A1
(0000000063.800000) vcan0 103#FB07941F7FE001E9
(0000000063.800000) vcan0 101#1C0CEF2A64080E5D
(0000000063.900000) vcan0 102#0144020E9CF9F07A
(0000000063.900000) vcan0 103#1F08F91E7FF0018A
(0000000063.900000) vcan0 101#1C0C082B64080FAB
(0000000064.000000) vcan0 102#01440A0E00FA0074
(0000000064.000000) vcan0 103#43085E1E7F00015D
(0000000064.000000) vcan0 101#1C0C202B640800A6
(0000000064.100000) vcan0 102#0144130E64FA101C
(0000000064.100000) vcan0 103#5708091E7F100143
(0000000064.100000) vcan0 101#1C0C352B6408018A
(0000000064.200000) vcan0 102#01441C0EC8FA20D0
(0000000064.200000) vcan0 103#5F08E81D7F2001FD
(0000000064.200000) vcan0 101#1F0C2C2B640802B9
(0000000064.300000) vcan0 102#0144240E2CFB309F
(0000000064.300000) vcan0 103#6708C81D7F30018C
(0000000064.300000) vcan0 101#210C232B6408030F
(0000000064.400000) vcan0 102#01442D0E90FB4039
(0000000064.400000) vcan0 103#7608851D7F400174
(0000000064.400000) vcan0 101#240C192B640804E4
(0000000064.500000) vcan0 102#0144360EF4FB5085
(0000000064.500000) vcan0 103#8A08321D805001DB
(0000000064.500000) vcan0 101#260C0C2B64080572
(0000000064.600000) vcan0 102#01443E0E58FC60BB
(0000000064.600000) vcan0 103#9F08DB1C8060016A
(0000000064.600000) vcan0 101#260CE82A64080600
(0000000064.700000) vcan0 102#0144470EBCFC704D
(0000000064.700000) vcan0 103#B408871C7F700139
(0000000064.700000) vcan0 101#260CC52A64080774
(0000000064.800000) vcan0 102#01444F0E20FD80DB
(0000000064.800000) vcan0 103#C808341C7F8001DA
(0000000064.800000) vcan0 101#200CBB2A640808BA
(0000000064.900000) vcan0 102#0144580E84FD9005
(0000000064.900000) vcan0 103#DC08E01B7F9001AD
(0000000064.900000) vcan0 101#180CBB2A640809A3
(0000000065.000000) vcan0 102#0144600EE8FDA04D
(0000000065.000000) vcan0 103#F0088C1B80A0012A
(0000000065.000000) vcan0 101#0F0CBB2A64080AB3
(0000000065.100000) vcan0 102#0144690E4CFEB0BF
(0000000065.100000) vcan0 103#0409391B80B001CB
(0000000065.100000) vcan0 101#080CB82A64080B9E
(0000000065.200000) vcan0 102#0144720EB0FEC043
(0000000065.200000) vcan0 103#1709E61A80C0010D
(0000000065.200000) vcan0 101#080CA42A64080CE1
(0000000065.300000) vcan0 102#01447A0E14FFD043
(0000000065.300000) vcan0 103#2B09941A80D001B0
(0000000065.300000) vcan0 101#050C822A64080DBA
(0000000065.400000) vcan0 102#0144830E78FFE0DD
(0000000065.400000) vcan0 103#3F09411A81E001A3
(0000000065.400000) vcan0 101#FE0B522A64080E9C
(0000000065.500000) vcan0 102#01448B0EDCFFF091
(0000000065.500000) vcan0 103#5A09CF1981F0011D
(0000000065.500000) vcan0 101#F80B652A47080FCA
(0000000065.600000) vcan0 102#0144940E400001F2
(0000000065.600000) vcan0 103#76095A19820001B5
(0000000065.600000) vcan0 101#F20B7C2A2808003C
(0000000065.700000) vcan0 102#01449C0EA40011DE
(0000000065.700000) vcan0 103#9209E51882100195
(0000000065.700000) vcan0 101#EC0B942A080801A3
(0000000065.800000) vcan0 102#0144A40E0801217A
(0000000065.800000) vcan0 103#A209A018822001C2
(0000000065.800000) vcan0 101#8F0BCE280018029F
(0000000065.900000) vcan0 102#0144AC0E6C013196
(0000000065.900000) vcan0 103#AB097A1882300108
(0000000065.900000) vcan0 101#120B582600180325
(0000000066.000000) vcan0 102#0144B30ED00141BF
(0000000066.000000) vcan0 103#B5094F18834001E4
(0000000066.000000) vcan0 101#8D0AC82500180403
(0000000066.100000) vcan0 102#0144BA0E3402512D
(0000000066.100000) vcan0 103#C2091618835001BA
(0000000066.100000) vcan0 101#060AEB25001805F5
(0000000066.200000) vcan0 102#0144C10E980261E4
(0000000066.200000) vcan0 103#D909B317836001A2
(0000000066.200000) vcan0 101#90095B2600180665
(0000000066.300000) vcan0 102#0144C70EFC02711E
(0000000066.300000) vcan0 103#F00952178470016B
(0000000066.300000) vcan0 101#2109E7260018079C
(0000000066.400000) vcan0 102#0144CC0E60038136
(0000000066.400000) vcan0 103#FA092A1784800126
(0000000066.400000) vcan0 101#B208742700180870
(0000000066.500000) vcan0 102#0144D20EC40391F5
(0000000066.500000) vcan0 103#030A0317849001A2
(0000000066.500000) vcan0 101#4208D3270017098E
(0000000066.600000) vcan0 102#0144D70E2804A103
(0000000066.600000) vcan0 103#080AE41684A001BD
(0000000066.600000) vcan0 101#D007192700170AD1
(0000000066.700000) vcan0 102#0144DC0E8C04B1F1
(0000000066.700000) vcan0 103#100AB61684B001C7
(0000000066.700000) vcan0 101#5E075F2600170B0F
(0000000066.800000) vcan0 102#0144E10EF004C16D
(0000000066.800000) vcan0 103#1B0A751684C001DB
(0000000066.800000) vcan0 101#FC06892500160CAB
(0000000066.900000) vcan0 102#0144E50E5405D1AF
(0000000066.900000) vcan0 103#260A301684D0011F
(0000000066.900000) vcan0 101#BD067B2400160DEF
(0000000067.000000) vcan0 102#0144EA0EB805E103
(0000000067.000000) vcan0 103#2B0A091684E0010A
(0000000067.000000) vcan0 101#7E066D2300160E2B
(0000000067.100000) vcan0 102#0144EE0E1C06F159
(0000000067.100000) vcan0 103#2E0AEF1584F0012C
(0000000067.100000) vcan0 101#3E065E2200160FE4
(0000000067.200000) vcan0 102#0144F20E800601D8
(0000000067.200000) vcan0 103#310AD515840001A7
(0000000067.200000) vcan0 101#FE05502100160046
(0000000067.300000) vcan0 102#0144F60EE40611F6
(0000000067.300000) vcan0 103#2D0AB7158410019B
(0000000067.300000) vcan0 101#C705A620001401F5
(0000000067.400000) vcan0 102#0144FA0E480721C8
(0000000067.400000) vcan0 103#270A8C15842001D4
(0000000067.400000) vcan0 101#900504200014020D
(0000000067.500000) vcan0 102#0144FD0EAC073198
(0000000067.500000) vcan0 103#1D0A5B158330010D
(0000000067.500000) vcan0 101#6F059F1F01140369
(0000000067.600000) vcan0 102#0144010F1008414C
(0000000067.600000) vcan0 103#140A2F15834001AC
(0000000067.600000) vcan0 101#4F053F1F0214043B
(0000000067.700000) vcan0 102#0144050F74085162
(0000000067.700000) vcan0 103#0A0A1015835001F3
(0000000067.700000) vcan0 101#3005DF1E04140597
(0000000067.800000) vcan0 102#0144080FD808617A
(0000000067.800000) vcan0 103#FD09F81483600148
(0000000067.800000) vcan0 101#2505C21E0414067B
(0000000067.900000) vcan0 102#01440C0F3C0971D8
(0000000067.900000) vcan0 103#F009E3148370013D
(0000000067.900000) vcan0 101#2105BF1E05140798
(0000000068.000000) vcan0 102#0144100FA0098159
(0000000068.000000) vcan0 103#E109CC1483800186
(0000000068.000000) vcan0 101#1D05D31E080408E3
(0000000068.100000) vcan0 102#0144130F040A9108
(0000000068.100000) vcan0 103#CD09AB14839001B3
(0000000068.100000) vcan0 101#1B05171F13040921
(0000000068.200000) vcan0 102#0144170F680AA1AD
(0000000068.200000) vcan0 103#B8098A1482A0016A
(0000000068.200000) vcan0 101#19055C1F1E040A6F
(0000000068.300000) vcan0 102#01441A0FCC0AB13E
(0000000068.300000) vcan0 103#A309681482B001FB
(0000000068.300000) vcan0 101#1705A11F28040B65
(0000000068.400000) vcan0 102#01441E0F300BC11C
(0000000068.400000) vcan0 103#9309461481C0015D
(0000000068.400000) vcan0 101#1505E61F32040C0F
(0000000068.500000) vcan0 102#0144220F940BD1CA
(0000000068.500000) vcan0 103#8509261481D001DD
(0000000068.500000) vcan0 101#1405BD1F33040D78
(0000000068.600000) vcan0 102#0144250FF80BE1D1
(0000000068.600000) vcan0 103#79090B1481E00167
(0000000068.600000) vcan0 101#1405341F2A040EFA
(0000000068.700000) vcan0 102#0144290F5C0CF1D1
(0000000068.700000) vcan0 103#7009ED1381F001B4
(0000000068.700000) vcan0 101#2705731F20040F4D
(0000000068.800000) vcan0 102#01442D0FC00C01C9
(0000000068.800000) vcan0 103#6809C91381000149
(0000000068.800000) vcan0 101#4A0562201404000C
(0000000068.900000) vcan0 102#0144310F240D11F2
(0000000068.900000) vcan0 103#60098D1381100105
(0000000068.900000) vcan0 101#5705FA201504017B
(0000000069.000000) vcan0 102#0144340F880D219D
(0000000069.000000) vcan0 103#5A0941138020018B
(0000000069.000000) vcan0 101#520547212304027C
(0000000069.100000) vcan0 102#0144380FEC0D31C4
(0000000069.100000) vcan0 103#59091B138030010A
(0000000069.100000) vcan0 101#5C05E2212F040357
(0000000069.200000) vcan0 102#01443C0F500E411E
(0000000069.200000) vcan0 103#5A09081380400196
(0000000069.200000) vcan0 101#7305C4223A0404BC
(0000000069.300000) vcan0 102#0144400FB40E5137
(0000000069.300000) vcan0 103#5C09F51280500157
(0000000069.300000) vcan0 101#8A05A5234604056C
(0000000069.400000) vcan0 102#0144440F180F617E
(0000000069.400000) vcan0 103#5D09E012806001FA
(0000000069.400000) vcan0 101#A005862451040655
(0000000069.500000) vcan0 102#0144490F7C0F714D
(0000000069.500000) vcan0 103#6009BA12807001AC
(0000000069.500000) vcan0 101#B90570255B04071E
(0000000069.600000) vcan0 102#01444D0FE00F8155
(0000000069.600000) vcan0 103#64098B127F80016C
(0000000069.600000) vcan0 101#E30592265E040830
(0000000069.700000) vcan0 102#0144510F44109155
(0000000069.700000) vcan0 103#6B0955127F9001C0
(0000000069.700000) vcan0 101#0D06B5276104090F
(0000000069.800000) vcan0 102#0144560FA810A18E
(0000000069.800000) vcan0 103#730920127EA0018A
(0000000069.800000) vcan0 101#3606D72863040A2A
(0000000069.900000) vcan0 102#01445B0F0C11B151
(0000000069.900000) vcan0 103#7C09E8117EB00113
(0000000069.900000) vcan0 101#5E06902964040BD7
(0000000070.000000) vcan0 102#01445F0F7011C1FF
(0000000070.000000) vcan0 103#8809AA117EC001B3
(0000000070.000000) vcan0 101#8406E92964040C87
(0000000070.100000) vcan0 102#0144640FD411D122
(0000000070.100000) vcan0 103#94096F117ED00166
(0000000070.100000) vcan0 101#AA064E2A64040DA7
(0000000070.200000) vcan0 102#0144690F3812E18E
(0000000070.200000) vcan0 103#A0093E117EE00103
(0000000070.200000) vcan0 101#DA06062B64040EFD
(0000000070.300000) vcan0 102#01446F0F9C12F1D4
(0000000070.300000) vcan0 103#AC090D117EF0019D
(0000000070.300000) vcan0 101#0A07BE2B64040F1B
(0000000070.400000) vcan0 102#0144740F00130112
(0000000070.400000) vcan0 103#B309F0107E00013C
(0000000070.400000) vcan0 101#3907762C640400AE
(0000000070.500000) vcan0 102#0144790F64131121
(0000000070.500000) vcan0 103#B809DB107E1001B5
(0000000070.500000) vcan0 101#69072E2D6404014F
(0000000070.600000) vcan0 102#01447F0FC81321F0
(0000000070.600000) vcan0 103#C209B7107E200188
(0000000070.600000) vcan0 101#88073A2D6404027E
(0000000070.700000) vcan0 102#0144840F2C143108
(0000000070.700000) vcan0 103#D30978107E300118
(0000000070.700000) vcan0 101#A207F62C64040387
(0000000070.800000) vcan0 102#01448A0F901441A5
(0000000070.800000) vcan0 103#EB0923107F400100
(0000000070.800000) vcan0 101#BD07462C6404043D
(0000000070.900000) vcan0 102#01448F0FF41451E1
(0000000070.900000) vcan0 103#000ADA0F7F500198
(0000000070.900000) vcan0 101#DA07952B64040507
(0000000071.000000) vcan0 102#0144950F58156150
(0000000071.000000) vcan0 103#0E0AAA0F7F6001E8
(0000000071.000000) vcan0 101#F607E52A640406D9
(0000000071.100000) vcan0 102#01449B0FBC15711D
(0000000071.100000) vcan0 103#180A890F7F700149
(0000000071.100000) vcan0 101#1B08D92A64050756
(0000000071.200000) vcan0 102#0144A10F201681E8
(0000000071.200000) vcan0 103#210A680F7F8001E5
(0000000071.200000) vcan0 101#4008D92A640508BF
(0000000071.300000) vcan0 102#0144A70F841691B2
(0000000071.300000) vcan0 103#310A300F7F9001EE
(0000000071.300000) vcan0 101#5F08412B64050960
(0000000071.400000) vcan0 102#0144AD0FE816A101
(0000000071.400000) vcan0 103#4A0ADA0E7FA00151
(0000000071.400000) vcan0 101#7808062C64050AC6
(0000000071.500000) vcan0 102#0144B30F4C17B18E
(0000000071.500000) vcan0 103#610A890E7FB00170
(0000000071.500000) vcan0 101#9208B72C64050BC5
(0000000071.600000) vcan0 102#0144B90FB017C1F6
(0000000071.600000) vcan0 103#6D0A5D0E7FC00107
(0000000071.600000) vcan0 101#AE08E42C64050C34
(0000000071.700000) vcan0 102#0144C00F1418D1C3
(0000000071.700000) vcan0 103#790A320E7FD00141
(0000000071.700000) vcan0 101#CB08122D64050DC3
(0000000071.800000) vcan0 102#0144C60F7818E1B2
(0000000071.800000) vcan0 103#850A060E7FE00108
(0000000071.800000) vcan0 101#E608F22C64050E8D
(0000000071.900000) vcan0 102#0144CD0FDC18F140
(0000000071.900000) vcan0 103#930AD00D7FF0015F
(0000000071.900000) vcan0 101#0009322C64050FA9
(0000000072.000000) vcan0 102#0144D30F40190159
(0000000072.000000) vcan0 103#A40A910D7F000110
(0000000072.000000) vcan0 101#1909732B64050025
(0000000072.100000) vcan0 102#0144DA0FA419111F
(0000000072.100000) vcan0 103#B40A540D7F10017E
(0000000072.100000) vcan0 101#3109B52A640501C5
(0000000072.200000) vcan0 102#0144E10F081A219D
(0000000072.200000) vcan0 103#C40A150D7F200142
(0000000072.200000) vcan0 101#48094F2A64060281
(0000000072.300000) vcan0 102#0144E70F6C1A3167
(0000000072.300000) vcan0 103#D50AD20C80300136
(0000000072.300000) vcan0 101#58099F2A64060377
(0000000072.400000) vcan0 102#0144EE0FD01A41C1
(0000000072.400000) vcan0 103#EB0A7B0C80400135
(0000000072.400000) vcan0 101#6909EE2A64060475
(0000000072.500000) vcan0 102#0144F50F341B51F1
(0000000072.500000) vcan0 103#040B1B0C805001D5
(0000000072.500000) vcan0 101#7F09312B640605B1
(0000000072.600000) vcan0 102#0144FC0F981B615C
(0000000072.600000) vcan0 103#1C0BBB0B80600169
(0000000072.600000) vcan0 101#9509732B640606A5
(0000000072.700000) vcan0 102#01440310FC1B7165
(0000000072.700000) vcan0 103#300B6D0B8070013A
(0000000072.700000) vcan0 101#AB09B52B640607B2
(0000000072.800000) vcan0 102#01440A10601C812C
(0000000072.800000) vcan0 103#420B260B8080013C
(0000000072.800000) vcan0 101#C009F32B64060873
(0000000072.900000) vcan0 102#01441110C41C9130
(0000000072.900000) vcan0 103#500BEE0A809001DD
(0000000072.900000) vcan0 101#D1092A2C64060931
(0000000073.000000) vcan0 102#01441810281DA1B1
(0000000073.000000) vcan0 103#5F0BB60A80A00146
(0000000073.000000) vcan0 101#E309612C64060A2C
(0000000073.100000) vcan0 102#01441F108C1DB181
(0000000073.100000) vcan0 103#6A0B880A80B00129
(0000000073.100000) vcan0 101#F409992C64060BE2
(0000000073.200000) vcan0 102#01442610F01DC1A8
(0000000073.200000) vcan0 103#750B5C0A80C00100
(0000000073.200000) vcan0 101#060ACF2C64060C78
(0000000073.300000) vcan0 102#01442D10541ED18E
(0000000073.300000) vcan0 103#830B290A80D001A1
(0000000073.300000) vcan0 101#180A042D64060D35
(0000000073.400000) vcan0 102#01443510B81EE1C7
(0000000073.400000) vcan0 103#970BDF0980E001F8
(0000000073.400000) vcan0 101#2A0A392D64060EF9
(0000000073.500000) vcan0 102#01443C101C1FF1AD
(0000000073.500000) vcan0 103#AE0B860980F00179
(0000000073.500000) vcan0 101#370A942C64060F6C
(0000000073.600000) vcan0 102#01444310801F01CC
(0000000073.600000) vcan0 103#C60B2B09800001B2
(0000000073.600000) vcan0 101#410A362B640600CE
(0000000073.700000) vcan0 102#01444B10E41F1120
(0000000073.700000) vcan0 103#D70BE90880100117
(0000000073.700000) vcan0 101#4B0A532A640601A7
(0000000073.800000) vcan0 102#0144521048202101
(0000000073.800000) vcan0 103#E30BB80880200172
(0000000073.800000) vcan0 101#550AD92964060202
(0000000073.900000) vcan0 102#01445910AC203193
(0000000073.900000) vcan0 103#F10B850880300142
(0000000073.900000) vcan0 101#5A0AA42964070317
(0000000074.000000) vcan0 102#014461101021413C
(0000000074.000000) vcan0 103#010C46088040010D
(0000000074.000000) vcan0 101#5A0AAC2964070433
(0000000074.100000) vcan0 102#01446810742151BA
(0000000074.100000) vcan0 103#140CFE0780500127
(0000000074.100000) vcan0 101#630ACE29640705FD
(0000000074.200000) vcan0 102#01447010D8216193
(0000000074.200000) vcan0 103#280CB207806001D6
(0000000074.200000) vcan0 101#740A072A640706F6
(0000000074.300000) vcan0 102#014477103C227117
(0000000074.300000) vcan0 103#3C0C660780700155
(0000000074.300000) vcan0 101#840A412A640707BC
(0000000074.400000) vcan0 102#01447F10A02281CD
(0000000074.400000) vcan0 103#500C1D07808001C4
(0000000074.400000) vcan0 101#950A7A2A64070805
(0000000074.500000) vcan0 102#0144861004239134
(0000000074.500000) vcan0 103#620CD3068090012B
(0000000074.500000) vcan0 101#A30AA52A64070933
(0000000074.600000) vcan0 102#01448E106823A153
(0000000074.600000) vcan0 103#750C890681A00180
(0000000074.600000) vcan0 101#B20AD02A64070A9F
(0000000074.700000) vcan0 102#01449610CC23B1F1
(0000000074.700000) vcan0 103#8A0C3A0681B00173
(0000000074.700000) vcan0 101#BF0AF72A64070BAE
(0000000074.800000) vcan0 102#01449D103024C11A
(0000000074.800000) vcan0 103#9F0CE70581C00195
(0000000074.800000) vcan0 101#CA0A0C2B64070C06
(0000000074.900000) vcan0 102#0144A5109424D179
(0000000074.900000) vcan0 103#B20C9A0581D001B0
(0000000074.900000) vcan0 101#D50A212B64070D97
(0000000075.000000) vcan0 102#0144AD10F824E11E
(0000000075.000000) vcan0 103#C40C4C0581E00199
(0000000075.000000) vcan0 101#E00A3E2B64070EC0
(0000000075.100000) vcan0 102#0144B5105C25F1F0
(0000000075.100000) vcan0 103#D50CFD0481F00132
(0000000075.100000) vcan0 101#EA0A6C2B64070F10
(0000000075.200000) vcan0 102#0144BC10C0250140
(0000000075.200000) vcan0 103#E60CAD048000011F
(0000000075.200000) vcan0 101#F50A9A2B640700BC
(0000000075.300000) vcan0 102#0144C41024261108
(0000000075.300000) vcan0 103#F50C65048010013E
(0000000075.300000) vcan0 101#FA0ABC2B6407015D
(0000000075.400000) vcan0 102#0144CC10882621CF
(0000000075.400000) vcan0 103#FF0C310480200153
(0000000075.400000) vcan0 101#FA0AD22B64070232
(0000000075.500000) vcan0 102#0144D410EC2631CD
(0000000075.500000) vcan0 103#0A0DF403803001AB
(0000000075.500000) vcan0 101#080B0B2C640703C1
(0000000076.000000) vcan0 010#0201
(0000000076.000000) vcan0 010#010E
(0000000076.000000) vcan0 102#0E3E0000000040A7
(0000000076.000000) vcan0 103#1A0D950380400EB6
(0000000076.000000) vcan0 101#F00A7528640804E4
(0000000076.100000) vcan0 102#0E3E08006400504B
(0000000076.100000) vcan0 103#210D600380500EAD
(0000000076.100000) vcan0 101#F50A7428640805A7
(0000000076.200000) vcan0 102#0E3E1000C8006062
(0000000076.200000) vcan0 103#280D280380600E0B
(0000000076.200000) vcan0 101#FC0A6E2864080642
(0000000076.300000) vcan0 102#0E3E17002C01707E
(0000000076.300000) vcan0 103#2F0DED0280700ECF
(0000000076.300000) vcan0 101#030B6728640807F1
(0000000076.400000) vcan0 102#0E3E1F0090018094
(0000000076.400000) vcan0 103#360D9C0280800EC1
(0000000076.400000) vcan0 101#060B7828640808EC
(0000000076.500000) vcan0 102#0E3E2700F4019057
(0000000076.500000) vcan0 103#3C0D3D0280900E95
(0000000076.500000) vcan0 101#090B8B2864080980
(0000000076.600000) vcan0 102#0E3E2F005802A044
(0000000076.600000) vcan0 103#400DBD0180A00E7E
(0000000076.600000) vcan0 101#0B0B9E2864080A2C
(0000000076.700000) vcan0 102#0E3E3700BC02B086
(0000000076.700000) vcan0 103#430D3E0180B00EB0
(0000000076.700000) vcan0 101#0D0BB12864080B5F
(0000000076.800000) vcan0 102#0E3E3F002003C036
(0000000076.800000) vcan0 103#430DF70080C00EA7
(0000000076.800000) vcan0 101#0E0BBF2864080CFD
(0000000076.900000) vcan0 102#0E3E47008403D0CA
(0000000076.900000) vcan0 103#420DC60081D00E84
(0000000076.900000) vcan0 101#0E0BC62864080D4D
(0000000077.000000) vcan0 102#0E3E4F00E803E0AD
(0000000077.000000) vcan0 103#3F0D960081E00EDA
(0000000077.000000) vcan0 101#100BD02864080E5D
(0000000077.100000) vcan0 102#0E3E56004C04F09C
(0000000077.100000) vcan0 103#3C0D680081F00E0C
(0000000077.100000) vcan0 101#150BDD2864080FDC
(0000000077.200000) vcan0 102#0E3E5E00B0040016
(0000000077.200000) vcan0 103#370D290081000E2E
(0000000077.200000) vcan0 101#180BE82864080071
(0000000077.300000) vcan0 102#0E3E660014051039
(0000000077.300000) vcan0 103#320DD8FF81100EF1
(0000000077.300000) vcan0 101#180BE8286408016C
(0000000077.400000) vcan0 102#0E3E6E007805205E
(0000000077.400000) vcan0 103#2B0D88FF81200E77
(0000000077.400000) vcan0 101#0D0B8D284E080278
(0000000077.500000) vcan0 102#0E3E7600DC0530FC
(0000000077.500000) vcan0 103#230D3BFF82300E2F
(0000000077.500000) vcan0 101#F80ADE27250803C9
(0000000077.600000) vcan0 102#0E3E7D004006406A
(0000000077.600000) vcan0 103#1B0DEDFE82400EAE
(0000000077.600000) vcan0 101#E30A3F27000804B8
(0000000077.700000) vcan0 102#0E3E8500A40650D5
(0000000077.700000) vcan0 103#130DA1FE82500E95
(0000000077.700000) vcan0 101#CA0A14270008054D
(0000000077.800000) vcan0 102#0E3E8D000807605E
(0000000077.800000) vcan0 103#0A0D58FE82600EEC
(0000000077.800000) vcan0 101#B10AE926000806F1
(0000000077.900000) vcan0 102#0E3E94006C077036
(0000000077.900000) vcan0 103#010D0BFE82700EA2
(0000000077.900000) vcan0 101#9D0A37260008077C
(0000000078.000000) vcan0 102#0E3E9C00D00780DC
(0000000078.000000) vcan0 103#F70CB0FD82800E03
(0000000078.000000) vcan0 101#8C0A5725000808C7
(0000000078.100000) vcan0 102#0E3EA30034089077
(0000000078.100000) vcan0 103#EC0C53FD83900E77
(0000000078.100000) vcan0 101#8C0AAF24000809A3
(0000000078.200000) vcan0 102#0E3EAB009808A0B0
(0000000078.200000) vcan0 103#E10CF5FC84A00EC4
(0000000078.200000) vcan0 101#8C0A072400080A11
(0000000078.300000) vcan0 102#0E3EB100FC08B066
(0000000078.300000) vcan0 103#DD0CBFFC84B00E21
(0000000078.300000) vcan0 101#F3090C2400180BEF
(0000000078.400000) vcan0 102#0E3EB6006009C0AA
(0000000078.400000) vcan0 103#D90C93FC85C00EEF
(0000000078.400000) vcan0 101#1B09582400180CBA
(0000000078.500000) vcan0 102#0E3EBC00C409D032
(0000000078.500000) vcan0 103#D60C67FC85D00E21
(0000000078.500000) vcan0 101#4408A32400180D80
(0000000078.600000) vcan0 102#0E3EC100280AE02E
(0000000078.600000) vcan0 103#D30C3AFC85E00E0D
(0000000078.600000) vcan0 101#BB07FB2400180E91
(0000000078.700000) vcan0 102#0E3EC6008C0AF01E
(0000000078.700000) vcan0 103#D20C07FC85F00E63
(0000000078.700000) vcan0 101#7F075F2500180F50
(0000000078.800000) vcan0 102#0E3ECC00F00A0080
(0000000078.800000) vcan0 103#D10CD4FB85000E7E
(0000000078.800000) vcan0 101#4207C325001800D4
(0000000078.900000) vcan0 102#0E3ED000540B10DB
(0000000078.900000) vcan0 103#D30CA5FB85100EAA
(0000000078.900000) vcan0 101#1007D82400160141
(0000000079.000000) vcan0 102#0E3ED500B80B20D4
(0000000079.000000) vcan0 103#D50C76FB86200ED8
(0000000079.000000) vcan0 101#E30665230016023E
(0000000079.100000) vcan0 102#0E3EDA001C0C306A
(0000000079.100000) vcan0 103#DB0C47FB86300E28
(0000000079.100000) vcan0 101#BD068724001503CC
(0000000079.200000) vcan0 102#0E3EDF00800C403E
(0000000079.200000) vcan0 103#E30C18FB85400E86
(0000000079.200000) vcan0 101#9A06B72600150476
(0000000079.300000) vcan0 102#0E3EE300E40C5048
(0000000079.300000) vcan0 103#EC0CECFA85500ED5
(0000000079.300000) vcan0 101#7806D02600150594
(0000000079.400000) vcan0 102#0E3EE800480D607D
(0000000079.400000) vcan0 103#F90CC5FA85600E45
(0000000079.400000) vcan0 101#570610260015063C
(0000000079.500000) vcan0 102#0E3EEC00AC0D7093
(0000000079.500000) vcan0 103#080D9EFA85700EFB
(0000000079.500000) vcan0 101#350650250015070F
(0000000079.600000) vcan0 102#0E3EF000100E80F6
(0000000079.600000) vcan0 103#190D79FA85800E8B
(0000000079.600000) vcan0 101#15069824001408C1
(0000000079.700000) vcan0 102#0E3EF400740E90D8
(0000000079.700000) vcan0 103#2F0D57FA85900EED
(0000000079.700000) vcan0 101#F7052624001409A6
(0000000079.800000) vcan0 102#0E3EF800D80EA0AA
(0000000079.800000) vcan0 103#4B0D32FA85A00E75
(0000000079.800000) vcan0 101#DA05B62300140A31
(0000000079.900000) vcan0 102#0E3EFD003C0FB062
(0000000079.900000) vcan0 103#740D08FA86B00E4B
(0000000079.900000) vcan0 101#CB054E2300140B2C
(0000000080.000000) vcan0 102#0E3E0101A00FC025
(0000000080.000000) vcan0 103#9C0DDFF986C00E41
(0000000080.000000) vcan0 101#BC05FC2200140CBC
(0000000080.100000) vcan0 102#0E3E05010410D0BC
(0000000080.100000) vcan0 103#B40DCAF986D00E79
(0000000080.100000) vcan0 101#AC054C2300140D89
(0000000080.200000) vcan0 102#0E3E09016810E06E
(0000000080.200000) vcan0 103#C80DBAF987E00E34
(0000000080.200000) vcan0 101#9B059C2300140EA4
(0000000080.300000) vcan0 102#0E3E0C01CC10F08A
(0000000080.300000) vcan0 103#DC0DACF987F00EDF
(0000000080.300000) vcan0 101#7A05562300040F5F
(0000000080.400000) vcan0 102#0E3E100130110017
(0000000080.400000) vcan0 103#F60D9CF987000E15
(0000000080.400000) vcan0 101#5205D622000400E7
(0000000080.500000) vcan0 102#0E3E130194111092
(0000000080.500000) vcan0 103#160E89F987100E4A
(0000000080.500000) vcan0 101#2B055522000401E0
(0000000080.600000) vcan0 102#0E3E1701F8112037
(0000000080.600000) vcan0 103#360E76F987200E0B
(0000000080.600000) vcan0 101#0305D521000402E3
(0000000080.700000) vcan0 102#0E3E1A015C123070
(0000000080.700000) vcan0 103#550E64F987300ED3
(0000000080.700000) vcan0 101#DB045421000403E5
(0000000080.800000) vcan0 102#0E3E1D01C01240F0
(0000000080.800000) vcan0 103#720E55F987400E5C
(0000000080.800000) vcan0 101#A504A6220013040F
(0000000080.900000) vcan0 102#0E3E200124135060
(0000000080.900000) vcan0 103#8F0E45F986500EC6
(0000000080.900000) vcan0 101#6E04212400130519
(0000000081.000000) vcan0 102#0E3E23018813606E
(0000000081.000000) vcan0 103#AE0E32F986600E8E
(0000000081.000000) vcan0 101#3C04D62200130612
(0000000081.100000) vcan0 102#0E3E2601EC13702A
(0000000081.100000) vcan0 103#CE0E1EF986700E88
(0000000081.100000) vcan0 101#0A044D21001307B4
(0000000081.200000) vcan0 102#0E3E290150148032
(0000000081.200000) vcan0 103#E40E0FF986800EE9
(0000000081.200000) vcan0 101#E8038620001208CE
(0000000081.300000) vcan0 102#0E3E2B01B41490BD
(0000000081.300000) vcan0 103#F50E01F987900E20
(0000000081.300000) vcan0 101#C603D01F001209AA
(0000000081.400000) vcan0 102#0E3E2E011815A09E
(0000000081.400000) vcan0 103#030FF2F887A00E6D
(0000000081.400000) vcan0 101#A703E21E00120A07
(0000000081.500000) vcan0 102#0E3E30017C15B0FD
(0000000081.500000) vcan0 103#0F0FE4F887B00EED
(0000000081.500000) vcan0 101#8903C21D00120B0F
(0000000081.600000) vcan0 102#0E3E3301E015C0C8
(0000000081.600000) vcan0 103#1B0FD0F887C00E8C
(0000000081.600000) vcan0 101#7303D61C00120C5B
(0000000081.700000) vcan0 102#0E3E35014416D046
(0000000081.700000) vcan0 103#250FBBF887D00E78
(0000000081.700000) vcan0 101#65031A1C00120D52
(0000000081.800000) vcan0 102#0E3E3701A816E042
(0000000081.800000) vcan0 103#2B0FA5F887E00E40
(0000000081.800000) vcan0 101#57035F1B00120EAD
(0000000081.900000) vcan0 102#0E3E3A010C17F09D
(0000000081.900000) vcan0 103#300F8FF887F00E1A
(0000000081.900000) vcan0 101#4903A31A00120FC4
(0000000082.000000) vcan0 102#0E3E3C01701700C1
(0000000082.000000) vcan0 103#2F0F74F887000E47
(0000000082.000000) vcan0 101#3D038E1A000200C3
(0000000082.100000) vcan0 102#0E3E3E01D417102E
(0000000082.100000) vcan0 103#2B0F55F887100E31
(0000000082.100000) vcan0 101#3003881A00020159
(0000000082.200000) vcan0 102#0E3E4001381820FB
(0000000082.200000) vcan0 103#260F35F888200ECE
(0000000082.200000) vcan0 101#2403821A0002020D
(0000000082.300000) vcan0 102#0E3E43019C18307E
(0000000082.300000) vcan0 103#220F1AF888300EAE
(0000000082.300000) vcan0 101#18035F1A04020381
(0000000082.400000) vcan0 102#0E3E4501001940D8
(0000000082.400000) vcan0 103#1E0F0BF888400E6C
(0000000082.400000) vcan0 101#0E03311A0B020476
(0000000082.500000) vcan0 102#0E3E470164195097
(0000000082.500000) vcan0 103#1A0FFCF788500E41
(0000000082.500000) vcan0 101#0303041A1102056A
(0000000082.600000) vcan0 102#0E3E4901C8196031
(0000000082.600000) vcan0 103#150FEFF788600E8C
(0000000082.600000) vcan0 101#00034C1A13020641
(0000000082.700000) vcan0 102#0E3E4B012C1A706A
(0000000082.700000) vcan0 103#0E0FE2F789700E93
(0000000082.700000) vcan0 101#FD029E1A150207D6
(0000000082.800000) vcan0 102#0E3E4D01901A8096
(0000000082.800000) vcan0 103#030FCCF78A800ECC
(0000000082.800000) vcan0 101#FA02EF1A160208B5
(0000000082.900000) vcan0 102#0E3E4F01F41A90D9
(0000000082.900000) vcan0 103#F70EB7F78A900E87
(0000000082.900000) vcan0 101#FC025F1B180209E3
(0000000083.000000) vcan0 102#0E3E5101581BA0DD
(0000000083.000000) vcan0 103#EB0EA2F78BA00EFA
(0000000083.000000) vcan0 101#08030D1C1B020A9F
(0000000083.100000) vcan0 102#0E3E5401BC1BB059
(0000000083.100000) vcan0 103#DE0E90F78CB00EDD
(0000000083.100000) vcan0 101#1503BB1C1E020B39
(0000000083.200000) vcan0 102#0E3E5601201CC0FF
(0000000083.200000) vcan0 103#D00E81F78CC00E73
(0000000083.200000) vcan0 101#2803841D21020C3A
(0000000083.300000) vcan0 102#0E3E5801841CD0D2
(0000000083.300000) vcan0 103#C20E72F78DD00E66
(0000000083.300000) vcan0 101#3C034F1E25020D3E
(0000000083.400000) vcan0 102#0E3E5B01E81CE07C
(0000000083.400000) vcan0 103#B10E65F78DE00EAD
(0000000083.400000) vcan0 101#5903401F29020E77
(0000000083.500000) vcan0 102#0E3E5D014C1DF06A
(0000000083.500000) vcan0 103#9D0E57F78EF00EBA
(0000000083.500000) vcan0 101#760334202C020FD2
(0000000083.600000) vcan0 102#0E3E6001B01D0010
(0000000083.600000) vcan0 103#890E4AF78E000ECE
(0000000083.600000) vcan0 101#940329213002000A
(0000000083.700000) vcan0 102#0E3E6301141E1041
(0000000083.700000) vcan0 103#720E40F78F100ECA
(0000000083.700000) vcan0 101#B2031E22330201B9
(0000000083.800000) vcan0 102#0E3E6601781E208E
(0000000083.800000) vcan0 103#590E37F790200E74
(0000000083.800000) vcan0 101#CF035C23370202A0
(0000000083.900000) vcan0 102#0E3E6801DC1E30A3
(0000000083.900000) vcan0 103#3E0E2FF791300EE9
(0000000083.900000) vcan0 101#ED03DF243A020384
(0000000084.000000) vcan0 102#0E3E6B01401F40DA
(0000000084.000000) vcan0 103#220E2AF791400E1F
(0000000084.000000) vcan0 101#0B0447263D0204CC
(0000000084.100000) vcan0 102#0E3E6E01A41F505E
(0000000084.100000) vcan0 103#030E26F792500ED7
(0000000084.100000) vcan0 101#28049427420205E6
(0000000084.200000) vcan0 102#0E3E7201082060A0
(0000000084.200000) vcan0 103#E50D23F793600E4F
(0000000084.200000) vcan0 101#4404E12847020645
(0000000084.300000) vcan0 102#0E3E75016C207030
(0000000084.300000) vcan0 103#C40D21F794700E97
(0000000084.300000) vcan0 101#5E04ED29490207DF
(0000000084.400000) vcan0 102#0E3E7801D0208005
(0000000084.400000) vcan0 103#A20D20F796800E7E
(0000000084.400000) vcan0 101#7704DF2A4B0208C6
(0000000084.500000) vcan0 102#0E3E7B01342190AC
(0000000084.500000) vcan0 103#800D1FF797900EC3
(0000000084.500000) vcan0 101#A704562A4B020923
(0000000084.600000) vcan0 102#0E3E7F019821A0A9
(0000000084.600000) vcan0 103#5D0D1FF799A00E2B
(0000000084.600000) vcan0 101#E00439294B020ACC
(0000000084.700000) vcan0 102#0E3E8301FC21B063
(0000000084.700000) vcan0 103#380D20F79AB00EC5
(0000000084.700000) vcan0 101#19051C284B020B32
(0000000084.800000) vcan0 102#0E3E86016022C0E3
(0000000084.800000) vcan0 103#120D22F79CC00E38
(0000000084.800000) vcan0 101#350594294C020CF6
(0000000084.900000) vcan0 102#0E3E8A01C422D01A
(0000000084.900000) vcan0 103#EC0C25F79DD00EE6
(0000000084.900000) vcan0 101#5605FB2A4F030DE5
(0000000085.000000) vcan0 102#0E3E8F012823E059
(0000000085.000000) vcan0 103#C30C2AF79FE00E6B
(0000000085.000000) vcan0 101#8805BD2B55030E71
(0000000085.100000) vcan0 102#0E3E93018C23F04E
(0000000085.100000) vcan0 103#9A0C2FF7A0F00E46
(0000000085.100000) vcan0 101#BA057F2C5B030F95
(0000000085.200000) vcan0 102#0E3E9701F02300C6
(0000000085.200000) vcan0 103#710C33F7A2000EAE
(0000000085.200000) vcan0 101#EC05412D61030019
(0000000085.300000) vcan0 102#0E3E9C01542410CD
(0000000085.300000) vcan0 103#3E0C3EF7A4100E35
(0000000085.300000) vcan0 101#1B06872C630301AA
(0000000085.400000) vcan0 102#0E3EA001B82420F0
(0000000085.400000) vcan0 103#090C49F7A6200E14
(0000000085.400000) vcan0 101#4906312B64030243
(0000000085.500000) vcan0 102#0E3EA5011C253058
(0000000085.500000) vcan0 103#E40B51F7A7300E8F
(0000000085.500000) vcan0 101#7806DC2964030327
(0000000085.600000) vcan0 102#0E3EA90180254011
(0000000085.600000) vcan0 103#BD0B5CF7A8400E62
(0000000085.600000) vcan0 101#8B06F22A640404AE
(0000000085.700000) vcan0 102#0E3EAE01E4255081
(0000000085.700000) vcan0 103#860B6CF7AA500E19
(0000000085.700000) vcan0 101#9C06462C64040554
(0000000085.800000) vcan0 102#0E3EB301482660A3
(0000000085.800000) vcan0 103#390B84F7AC600EFC
(0000000085.800000) vcan0 101#C606FF2B64040699
(0000000085.900000) vcan0 102#0E3EB801AC267031
(0000000085.900000) vcan0 103#EF0A9BF7AD700E06
(0000000085.900000) vcan0 101#09072C2A64040790
(0000000086.000000) vcan0 102#0E3EBE0110278081
(0000000086.000000) vcan0 103#B70AAEF7AD800EA1
(0000000086.000000) vcan0 101#480795286404089E
(0000000086.100000) vcan0 102#0E3EC30174279002
(0000000086.100000) vcan0 103#8D0ABCF7AD900E91
(0000000086.100000) vcan0 101#7107DB2864040953
(0000000086.200000) vcan0 102#0E3EC801D827A07B
(0000000086.200000) vcan0 103#620ACCF7ADA00EAC
(0000000086.200000) vcan0 101#9407372964050A3E
(0000000086.300000) vcan0 102#0E3ECE013C28B0E2
(0000000086.300000) vcan0 103#330ADDF7AFB00EA5
(0000000086.300000) vcan0 101#9407472A64050B29
(0000000086.400000) vcan0 102#0E3ED301A028C02F
(0000000086.400000) vcan0 103#040AEEF7B1C00E56
(0000000086.400000) vcan0 101#9A073A2B64050CFE
(0000000086.500000) vcan0 102#0E3ED9010429D0FB
(0000000086.500000) vcan0 103#D20903F8B2D00E0C
(0000000086.500000) vcan0 101#D2073A2B64050DEF
(0000000086.600000) vcan0 102#0E3EDF016829E08A
(0000000086.600000) vcan0 103#9E091AF8B2E00E5B
(0000000086.600000) vcan0 101#FE070B2B64050E59
(0000000086.700000) vcan0 102#0E3EE401CC29F057
(0000000086.700000) vcan0 103#6A0932F8B2F00E99
(0000000086.700000) vcan0 101#1F08AE2A64050F6C
(0000000086.800000) vcan0 102#0E3EEA01302A0068
(0000000086.800000) vcan0 103#37094BF8B2000E57
(0000000086.800000) vcan0 101#3F08522A640500E9
(0000000086.900000) vcan0 102#0E3EF001942A101E
(0000000086.900000) vcan0 103#020966F8B2100E68
(0000000086.900000) vcan0 101#63089E29640501EC
(0000000087.000000) vcan0 102#0E3EF601F82A206F
(0000000087.000000) vcan0 103#CE0883F8B2200E89
(0000000087.000000) vcan0 101#8508F22864050209
(0000000087.100000) vcan0 102#0E3EFD015C2B30D1
(0000000087.100000) vcan0 103#9A08A3F8B2300EF2
(0000000087.100000) vcan0 101#8F087429640503A3
(0000000087.200000) vcan0 102#0E3E0302C02B4065
(0000000087.200000) vcan0 103#6508C3F8B2400E72
(0000000087.200000) vcan0 101#9C08F12964060486
(0000000087.300000) vcan0 102#0E3E0902242C5064
(0000000087.300000) vcan0 103#3008E6F8B1500E07
(0000000087.300000) vcan0 101#BD084E2A64060563
(0000000087.400000) vcan0 102#0E3E0F02882C60B5
(0000000087.400000) vcan0 103#FB0709F9B1600ED5
(0000000087.400000) vcan0 101#DE08AA2A640606DA
(0000000087.500000) vcan0 102#0E3E1602EC2C70DD
(0000000087.500000) vcan0 103#C6072DF9B1700E25
(0000000087.500000) vcan0 101#F508F32A640607F1
(0000000087.600000) vcan0 102#0E3E1C02502D80AF
(0000000087.600000) vcan0 103#910752F9B0800E6D
(0000000087.600000) vcan0 101#0609342B64060868
(0000000087.700000) vcan0 102#0E3E2302B42D90A7
(0000000087.700000) vcan0 103#5D0778F9B0900E7F
(0000000087.700000) vcan0 101#1809762B64060986
(0000000087.800000) vcan0 102#0E3E2902182EA060
(0000000087.800000) vcan0 103#28079EF9B0A00E9E
(0000000087.800000) vcan0 101#2909B72B64060AFC
(0000000087.900000) vcan0 102#0E3E30027C2EB008
(0000000087.900000) vcan0 103#F306C5F9B0B00E27
(0000000087.900000) vcan0 101#3909E72B64060B29
(0000000088.000000) vcan0 102#0E3E3702E02EC088
(0000000088.000000) vcan0 103#BE06EDF9B1C00E0D
(0000000088.000000) vcan0 101#4909102C64060C1E
(0000000088.100000) vcan0 102#0E3E3D02442FD05C
(0000000088.100000) vcan0 103#890615FAB1D00EBF
(0000000088.100000) vcan0 101#59093A2C64060DD8
(0000000088.200000) vcan0 102#0E3E4402A82FE021
(0000000088.200000) vcan0 103#54063FFAB0E00EB3
(0000000088.200000) vcan0 101#6909642C64060E4E
(0000000088.300000) vcan0 102#0E3E4B020C30F071
(0000000088.300000) vcan0 103#1F0668FAB0F00E96
(0000000088.300000) vcan0 101#74094F2C60060F02
(0000000088.400000) vcan0 102#0E3E5202703000BF
(0000000088.400000) vcan0 103#EA0593FAB0000E79
(0000000088.400000) vcan0 101#7409B82B520600FE
(0000000088.500000) vcan0 102#0E3E5802D4301027
(0000000088.500000) vcan0 103#B505BEFAB0100E9F
(0000000088.500000) vcan0 101#7409212B4406012E
(0000000088.600000) vcan0 102#0E3E5F02383120B0
(0000000088.600000) vcan0 103#8005E8FAB0200EAC
(0000000088.600000) vcan0 101#74098A2A360602F4
(0000000088.700000) vcan0 102#0E3E66029C3130B9
(0000000088.700000) vcan0 103#4C0513FBB0300E1B
(0000000088.700000) vcan0 101#7409F329280603EF
(0000000088.800000) vcan0 102#0E3E6D020032402F
(0000000088.800000) vcan0 103#17053EFBB0400E0B
(0000000088.800000) vcan0 101#74095C291A060409
(0000000088.900000) vcan0 102#0E3E73026432504C
(0000000088.900000) vcan0 103#E20469FBB0500E1E
(0000000088.900000) vcan0 101#7409C5280C060544
(0000000089.000000) vcan0 102#0E3E7A02C83260E1
(0000000089.000000) vcan0 103#AD0493FBB0600E6D
(0000000089.000000) vcan0 101#63094428001606A3
(0000000089.100000) vcan0 102#0E3E80022C3370C6
(0000000089.100000) vcan0 103#7804BFFBB0700E28
(0000000089.100000) vcan0 101#D7086628001607F3
(0000000089.200000) vcan0 102#0E3E86029033803A
(0000000089.200000) vcan0 103#4504EAFBB0800E54
(0000000089.200000) vcan0 101#4E08762800160831
(0000000089.300000) vcan0 102#0E3E8B02F4339009
(0000000089.300000) vcan0 103#18040FFCB0900E37
(0000000089.300000) vcan0 101#D6070B280016093B
(0000000089.400000) vcan0 102#0E3E8F025834A0F5
(0000000089.400000) vcan0 103#F30330FCB0A00E4F
(0000000089.400000) vcan0 101#5F079F2700160A22
(0000000089.500000) vcan0 102#0E3E9402BC34B089
(0000000089.500000) vcan0 103#D3034EFCAFB00EAC
(0000000089.500000) vcan0 101#E706342700160BF7
(0000000089.600000) vcan0 102#0E3E99022035C0E6
(0000000089.600000) vcan0 103#B6036BFCAFC00E1C
(0000000089.600000) vcan0 101#9E06892600150CCE
(0000000089.700000) vcan0 102#0E3E9D028435D068
(0000000089.700000) vcan0 103#9A0388FCAFD00EBF
(0000000089.700000) vcan0 101#8006A32500150DB3
(0000000089.800000) vcan0 102#0E3EA102E835E095
(0000000089.800000) vcan0 103#7E03A8FCAFE00EC6
(0000000089.800000) vcan0 101#6106BD2400150EBC
(0000000089.900000) vcan0 102#0E3EA6024C36F071
(0000000089.900000) vcan0 103#6103CCFCAFF00E7C
(0000000089.900000) vcan0 101#4306D72300150F7D
(0000000090.000000) vcan0 102#0E3EAA02B036004E
(0000000090.000000) vcan0 103#4203FAFCAE000ED7
(0000000090.000000) vcan0 101#08063E2300140001
(0000000090.100000) vcan0 102#0E3EAE021437108C
(0000000090.100000) vcan0 103#230328FDAD100E18
(0000000090.100000) vcan0 101#CB05AC22001401CA
(0000000090.200000) vcan0 102#0E3EB202783720B0
(0000000090.200000) vcan0 103#090351FDAC200EFC
(0000000090.200000) vcan0 101#94052A220114021B
(0000000090.300000) vcan0 102#0E3EB602DC37303E
(0000000090.300000) vcan0 103#000366FDAB300E69
(0000000090.300000) vcan0 101#88051D2207140325
(0000000090.400000) vcan0 102#0E3EBA02403840D4
(0000000090.400000) vcan0 103#F7027AFDAA400E80
(0000000090.400000) vcan0 101#7B050F220D14040D
(0000000090.500000) vcan0 102#0E3EBD02A4385084
(0000000090.500000) vcan0 103#F10293FDAA500E87
(0000000090.500000) vcan0 101#6C050A22100405D1
(0000000090.600000) vcan0 102#0E3EC1020839600A
(0000000090.600000) vcan0 103#EB02B5FDA9600EBB
(0000000090.600000) vcan0 101#5B0509221104069F
(0000000090.700000) vcan0 102#0E3EC5026C397024
(0000000090.700000) vcan0 103#E702DAFDA9700E96
(0000000090.700000) vcan0 101#5105FF211404072B
(0000000090.800000) vcan0 102#0E3EC902D039807B
(0000000090.800000) vcan0 103#E90200FEA8800EB1
(0000000090.800000) vcan0 101#5505E4211C0408D2
(0000000090.900000) vcan0 102#0E3ECD02343A9041
(0000000090.900000) vcan0 103#EA0225FEA8900EFC
(0000000090.900000) vcan0 101#5905C92124040939
(0000000091.000000) vcan0 102#0E3ED002983AA0B7
(0000000091.000000) vcan0 103#EF024DFEA7A00EA6
(0000000091.000000) vcan0 101#5F056D222E040A2F
(0000000091.100000) vcan0 102#0E3ED402FC3AB099
(0000000091.100000) vcan0 103#F40274FEA6B00E23
(0000000091.100000) vcan0 101#6905C22339040BA6
(0000000091.200000) vcan0 102#0E3ED802603BC09C
(0000000091.200000) vcan0 103#FA029BFEA5C00E84
(0000000091.200000) vcan0 101#7805A9243E040CF8
(0000000091.300000) vcan0 102#0E3EDC02C43BD012
(0000000091.300000) vcan0 103#FF02C3FEA4D00E8D
(0000000091.300000) vcan0 101#8B052C253E040DCA
(0000000091.400000) vcan0 102#0E3EE002283CE0D6
(0000000091.400000) vcan0 103#0003EBFEA2E00E4C
(0000000091.400000) vcan0 101#A005AF253C040E29
(0000000091.500000) vcan0 102#0E3EE4028C3CF058
(0000000091.500000) vcan0 103#010314FFA1F00E5B
(0000000091.500000) vcan0 101#B60532263B040F0B
(0000000091.600000) vcan0 102#0E3EE802F03C00A7
(0000000091.600000) vcan0 103#00033DFF9F000E19
(0000000091.600000) vcan0 101#CC05B6263A0400C9
(0000000091.700000) vcan0 102#0E3EED02543D100F
(0000000091.700000) vcan0 103#FD0267FF9E100EF9
(0000000091.700000) vcan0 101#F605DA263904017A
(0000000091.800000) vcan0 102#0E3EF102B83D20F3
(0000000091.800000) vcan0 103#F70292FF9C200E1F
(0000000091.800000) vcan0 101#2206E0263A040238
(0000000091.900000) vcan0 102#0E3EF5021C3E30A9
(0000000091.900000) vcan0 103#F002BDFF9A300E9D
(0000000091.900000) vcan0 101#22062C273904034A
(0000000092.000000) vcan0 102#0E3EFA02803E405E
(0000000092.000000) vcan0 103#E602E6FF98400E67
(0000000092.000000) vcan0 101#220677273804042E
(0000000092.100000) vcan0 102#0E3EFE02E43E5070
(0000000092.100000) vcan0 103#DA020F0095500EFD
(0000000092.100000) vcan0 101#2206C22737040566
(0000000092.200000) vcan0 102#0E3E0303483F602A
(0000000092.200000) vcan0 103#CA02370094600E52
(0000000092.200000) vcan0 101#3F0693283A0406E8
(0000000092.300000) vcan0 102#0E3E0703AC3F70C4
(0000000092.300000) vcan0 103#B9025E0092700E4F
(0000000092.300000) vcan0 101#600672293D0407CE
(0000000092.400000) vcan0 102#0E3E0C0310408018
(0000000092.400000) vcan0 103#A002890090800EC1
(0000000092.400000) vcan0 101#7F064B2A4104085A
(0000000092.500000) vcan0 102#0E3E1103744090C5
(0000000092.500000) vcan0 103#8302B4008E900E6B
(0000000092.500000) vcan0 101#9806FC2A4A04095E
(0000000092.600000) vcan0 102#0E3E1603D840A07E
(0000000092.600000) vcan0 103#6502DD008DA00EA6
(0000000092.600000) vcan0 101#B106AE2B53040A3A
(0000000092.700000) vcan0 102#0E3E1B033C41B0C1
(0000000092.700000) vcan0 103#450205018CB00E4A
(0000000092.700000) vcan0 101#DB06742D5C040BE0
(0000000092.800000) vcan0 102#0E3E2003A041C0AC
(0000000092.800000) vcan0 103#25022D018AC00E63
(0000000092.800000) vcan0 101#0C073D2F64040C3C
(0000000092.900000) vcan0 102#0E3E25030442D09C
(0000000092.900000) vcan0 103#0502560189D00E4D
(0000000092.900000) vcan0 101#34077D2D64040D9D
(0000000093.000000) vcan0 102#0E3E2A036842E0F0
(0000000093.000000) vcan0 103#E4017E0187E00EB4
(0000000093.000000) vcan0 101#5B07BE2B64040E3C
(0000000093.100000) vcan0 102#0E3E3003CC42F086
(0000000093.100000) vcan0 103#C701A30186F00EFD
(0000000093.100000) vcan0 101#7F07A52A64040F9D
(0000000093.200000) vcan0 102#0E3E3503304300E8
(0000000093.200000) vcan0 103#A601CB0185000E56
(0000000093.200000) vcan0 101#9B07FE2A640400E7
(0000000093.300000) vcan0 102#0E3E3B03944310C5
(0000000093.300000) vcan0 103#7F01FC0184100E00
(0000000093.300000) vcan0 101#B707562B64040126
(0000000093.400000) vcan0 102#0E3E4003F84320AC
(0000000093.400000) vcan0 103#57012C0284200E94
(0000000093.400000) vcan0 101#D307B52B64050256
(0000000093.500000) vcan0 102#0E3E46035C44300F
(0000000093.500000) vcan0 103#3301580283300E77
(0000000093.500000) vcan0 101#F507492C64050352
(0000000093.600000) vcan0 102#0E3E4C03C0444027
(0000000093.600000) vcan0 103#0F01840282400E2E
(0000000093.600000) vcan0 101#1708DC2C6405047C
(0000000093.700000) vcan0 102#0E3E5203244550C8
(0000000093.700000) vcan0 103#DD00BE0282500E2C
(0000000093.700000) vcan0 101#3808392D6405056D
(0000000093.800000) vcan0 102#0E3E5803884560DB
(0000000093.800000) vcan0 103#A900FA0281600E2A
(0000000093.800000) vcan0 101#5908802D640506B7
(0000000093.900000) vcan0 102#0E3E5E03EC457021
(0000000093.900000) vcan0 103#7B002D0381700E26
(0000000093.900000) vcan0 101#7808D92C64050769
(0000000094.000000) vcan0 102#0E3E6403504680E4
(0000000094.000000) vcan0 103#5900530381800EB7
(0000000094.000000) vcan0 101#9108372A6405084F
(0000000094.100000) vcan0 102#0E3E6A03B44690A9
(0000000094.100000) vcan0 103#3800720381900E44
(0000000094.100000) vcan0 101#AA08922964050936
(0000000094.200000) vcan0 102#0E3E70031847A018
(0000000094.200000) vcan0 103#1800900382A00ECF
(0000000094.200000) vcan0 101#C308B32964050A84
(0000000094.300000) vcan0 102#0E3E77037C47B088
(0000000094.300000) vcan0 103#EBFFB70382B00EF6
(0000000094.300000) vcan0 101#DA080F2A64060B0F
(0000000094.400000) vcan0 102#0E3E7D03E047C0A0
(0000000094.400000) vcan0 103#BBFFE10382C00EAA
(0000000094.400000) vcan0 101#F108812A64060C33
(0000000094.500000) vcan0 102#0E3E84034448D0B6
(0000000094.500000) vcan0 103#8AFF0C0482D00EB4
(0000000094.500000) vcan0 101#0709F42A64060D7D
(0000000094.600000) vcan0 102#0E3E8A03A848E070
(0000000094.600000) vcan0 103#57FF350482E00E67
(0000000094.600000) vcan0 101#1E09672B64060E82
(0000000094.700000) vcan0 102#0E3E91030C49F020
(0000000094.700000) vcan0 103#24FF5F0482F00EC1
(0000000094.700000) vcan0 101#3609CC2B64060F09
(0000000094.800000) vcan0 102#0E3E980370490000
(0000000094.800000) vcan0 103#EFFE880482000E76
(0000000094.800000) vcan0 101#4F092B2C640600B7
(0000000094.900000) vcan0 102#0E3E9E03D449105A
(0000000094.900000) vcan0 103#BAFEB20483100E92
(0000000094.900000) vcan0 101#6809892C6406017D
(0000000095.000000) vcan0 102#0E3EA503384A20B8
(0000000095.000000) vcan0 103#85FEDC0483200E91
(0000000095.000000) vcan0 101#7C09AF2B640602DE
(0000000095.100000) vcan0 102#0E3EAC039C4A309E
(0000000095.100000) vcan0 103#50FE070583300ED1
(0000000095.100000) vcan0 101#9009B92A6406037A
(0000000095.200000) vcan0 102#0E3EB303004B40CB
(0000000095.200000) vcan0 103#16FE3B0583400E1A
(0000000095.200000) vcan0 101#A409C3296406043F
(0000000095.300000) vcan0 102#0E3EBA03644B504D
(0000000095.300000) vcan0 103#D9FD730583500EAF
(0000000095.300000) vcan0 101#B809CD28640605AB
(0000000095.400000) vcan0 102#0E3EC103C84B6084
(0000000095.400000) vcan0 103#AAFDA00583600E6D
(0000000095.400000) vcan0 101#C309F1286406065C
(0000000095.500000) vcan0 102#0E3EC8032C4C703B
(0000000095.500000) vcan0 103#84FDC60583700E88
(0000000095.500000) vcan0 101#CD092D296406074D
(0000000095.600000) vcan0 102#0E3ECF03904C80AD
(0000000095.600000) vcan0 103#60FDFC0583800E9F
(0000000095.600000) vcan0 101#DB09832964070824
(0000000095.700000) vcan0 102#0E3ED603F44C90C5
(0000000095.700000) vcan0 103#35FD490683900E11
(0000000095.700000) vcan0 101#EA09DB29640709B4
(0000000095.800000) vcan0 102#0E3EDD03584DA0F0
(0000000095.800000) vcan0 103#01FDAF0682A00EFC
(0000000095.800000) vcan0 101#F709262A64070A4D
(0000000095.900000) vcan0 102#0E3EE403BC4DB099
(0000000095.900000) vcan0 103#D4FC110782B00E7B
(0000000095.900000) vcan0 101#FC090A2A64070B66
(0000000096.000000) vcan0 102#0E3EEB03204EC0BA
(0000000096.000000) vcan0 103#C0FC480782C00EEC
(0000000096.000000) vcan0 101#020AEE2964070C25
(0000000096.100000) vcan0 102#0E3EF303844ED018
(0000000096.100000) vcan0 103#ACFC7F0782D00E76
(0000000096.100000) vcan0 101#070AD22964070DE1
(0000000096.200000) vcan0 102#0E3EFA03E84EE015
(0000000096.200000) vcan0 103#9BFCB40782E00E9A
(0000000096.200000) vcan0 101#0B0ACF2964070E3B
(0000000096.300000) vcan0 102#0E3E01044C4FF0CC
(0000000096.300000) vcan0 103#8BFCF10782F00ED7
(0000000096.300000) vcan0 101#0E0AE42964070F1A
(0000000096.400000) vcan0 102#0E3E0804B04F002C
(0000000096.400000) vcan0 103#79FC360882000EF9
(0000000096.400000) vcan0 101#110AF82964070068
(0000000096.500000) vcan0 102#0E3E0F041450100B
(0000000096.500000) vcan0 103#67FC7B0882100EC2
(0000000096.500000) vcan0 101#140A0C2A640701DD
(0000000096.600000) vcan0 102#0E3E1604785020E8
(0000000096.600000) vcan0 103#60FCB80882200E8F
(0000000096.600000) vcan0 101#170A232A640702A0
(0000000096.700000) vcan0 102#0E3E1E04DC5030A4
(0000000096.700000) vcan0 103#59FCF50882300E55
(0000000096.700000) vcan0 101#1A0A3A2A640703A8
(0000000096.800000) vcan0 102#0E3E250440514085
(0000000096.800000) vcan0 103#55FC300981400EB7
(0000000096.800000) vcan0 101#1D0A512A640704E2
(0000000096.900000) vcan0 102#0E3E2C04A45150C3
(0000000096.900000) vcan0 103#53FC760981500E2E
(0000000096.900000) vcan0 101#200A5B2A6407056C
(0000000097.000000) vcan0 102#0E3E330408526035
(0000000097.000000) vcan0 103#52FCDA0981600E92
(0000000097.000000) vcan0 101#230A612A64070620
(0000000097.100000) vcan0 102#0E3E3A046C5270B3
(0000000097.100000) vcan0 103#53FC4A0A82700E80
(0000000097.100000) vcan0 101#260A662A64070702
(0000000097.200000) vcan0 102#0E3E4204D05280E9
(0000000097.200000) vcan0 103#53FCB70A82800E59
(0000000097.200000) vcan0 101#2A0A702A6407088D
(0000000097.300000) vcan0 102#0E3E490434539037
(0000000097.300000) vcan0 103#56FC080B83900EBB
(0000000097.300000) vcan0 101#360A9F2A5E0709B4
(0000000097.400000) vcan0 102#0E3E50049853A074
(0000000097.400000) vcan0 103#58FC4F0B83A00EEF
(0000000097.400000) vcan0 101#2F0A9F2A3D070A79
(0000000097.500000) vcan0 102#0E3E5704FC53B0E4
(0000000097.500000) vcan0 103#5BFC8B0B83B00EB5
(0000000097.500000) vcan0 101#160A752A04070B48
(0000000097.600000) vcan0 102#0E3E5E046054C08B
(0000000097.600000) vcan0 103#5DFCB90B83C00EB6
(0000000097.600000) vcan0 101#E609D62900070C98
(0000000097.700000) vcan0 102#0E3E6504C454D056
(0000000097.700000) vcan0 103#60FCE70B83D00E55
(0000000097.700000) vcan0 101#B4092D2900070D02
(0000000097.800000) vcan0 102#0E3E6C042855E0D7
(0000000097.800000) vcan0 103#62FC150C83E00E9D
(0000000097.800000) vcan0 101#8209832800070E49
(0000000097.900000) vcan0 102#0E3E72048C55F014
(0000000097.900000) vcan0 103#65FC470C84F00E88
(0000000097.900000) vcan0 101#7409F12700170F96
(0000000098.000000) vcan0 102#0E3E7904F05500E0
(0000000098.000000) vcan0 103#69FC7C0C84000E37
(0000000098.000000) vcan0 101#74096827001700FD
(0000000098.100000) vcan0 102#0E3E800454561081
(0000000098.100000) vcan0 103#6EFCB70C86100E7B
(0000000098.100000) vcan0 101#7409DE2600170110
(0000000098.200000) vcan0 102#0E3E8504B856208E
(0000000098.200000) vcan0 103#6FFCFA0C87200E5F
(0000000098.200000) vcan0 101#AA087127001602F9
(0000000098.300000) vcan0 102#0E3E8A041C573085
(0000000098.300000) vcan0 103#6EFC400D88300E02
(0000000098.300000) vcan0 101#CC07202800160330
(0000000098.400000) vcan0 102#0E3E8E04805740BB
(0000000098.400000) vcan0 103#6DFC860D8A400E10
(0000000098.400000) vcan0 101#EF06CF28001604AC
(0000000098.500000) vcan0 102#0E3E9304E4575066
(0000000098.500000) vcan0 103#6AFCB00D8A500E64
(0000000098.500000) vcan0 101#AE0677280015059D
(0000000098.600000) vcan0 102#0E3E9804485860BC
(0000000098.600000) vcan0 103#65FCD30D8B600E96
(0000000098.600000) vcan0 101#AE06B327001506DB
(0000000098.700000) vcan0 102#0E3E9C04AC587052
(0000000098.700000) vcan0 103#60FCF60D8C700E82
(0000000098.700000) vcan0 101#AE06EF26001507E8
(0000000098.800000) vcan0 102#0E3EA10410598004
(0000000098.800000) vcan0 103#5AFC1E0E8C800E6E
(0000000098.800000) vcan0 101#AE066426001508B9
(0000000098.900000) vcan0 102#0E3EA60474599094
(0000000098.900000) vcan0 103#4DFC4F0E8D900E79
(0000000098.900000) vcan0 101#AE060F2600150933
(0000000099.000000) vcan0 102#0E3EAA04D859A0E6
(0000000099.000000) vcan0 103#3BFC820E8EA00EFB
(0000000099.000000) vcan0 101#5E06802500150A58
(0000000099.100000) vcan0 102#0E3EAE043C5AB0DC
(0000000099.100000) vcan0 103#26FCB30E8FB00EDA
(0000000099.100000) vcan0 101#C105B82400150B0E
(0000000099.200000) vcan0 102#0E3EB104A05AC0C5
(0000000099.200000) vcan0 103#12FCE50E90C00EC0
(0000000099.200000) vcan0 101#2305F02300150CEB
(0000000099.300000) vcan0 102#0E3EB404045BD06D
(0000000099.300000) vcan0 103#05FCFA0E90D00ED1
(0000000099.300000) vcan0 101#E204D62200130D1A
(0000000099.400000) vcan0 102#0E3EB804685BE0BF
(0000000099.400000) vcan0 103#FBFB090F91E00E48
(0000000099.400000) vcan0 101#C7049B2100130EEB
(0000000099.500000) vcan0 102#0E3EBB04CC5BF03A
(0000000099.500000) vcan0 103#F0FB170F91F00E31
(0000000099.500000) vcan0 101#AB04602000130F3B
(0000000099.600000) vcan0 102#0E3EBE04305C00E1
(0000000099.600000) vcan0 103#DEFB2B0F92000EDC
(0000000099.600000) vcan0 101#9004251F00130024
(0000000099.700000) vcan0 102#0E3EC104945C1016
(0000000099.700000) vcan0 103#CAFB3F0F93100E6C
(0000000099.700000) vcan0 101#6904831E00130101
(0000000099.800000) vcan0 102#0E3EC404F85C20D9
(0000000099.800000) vcan0 103#B4FB520F94200ED8
(0000000099.800000) vcan0 101#4004191E001302A8
(0000000099.900000) vcan0 102#0E3EC7045C5D3010
(0000000099.900000) vcan0 103#9CFB620F94300EFE
(0000000099.900000) vcan0 101#2C04781D011303BE
(0000000100.000000) vcan0 102#0E3ECA04C05D4033
(0000000100.000000) vcan0 103#83FB6F0F94400E98
(0000000100.000000) vcan0 101#1904F61C03030410
(0000000100.100000) vcan0 102#0E3ECD04245E50B7
(0000000100.100000) vcan0 103#69FB7B0F95500E80
(0000000100.100000) vcan0 101#1304701D0803053A
(0000000100.200000) vcan0 102#0E3ED004885E6041
(0000000100.200000) vcan0 103#4EFB840F95600E4F
(0000000100.200000) vcan0 101#0704891D0C030645
(0000000100.300000) vcan0 102#0E3ED304EC5E7064
(0000000100.300000) vcan0 103#33FB890F96700E31
(0000000100.300000) vcan0 101#F7034B1D0D0307D9
(0000000100.400000) vcan0 102#0E3ED504505F80D4
(0000000100.400000) vcan0 103#18FB8D0F96800E3C
(0000000100.400000) vcan0 101#E8031D1D0F030894
(0000000100.500000) vcan0 102#0E3ED804B45F9027
(0000000100.500000) vcan0 103#FBFA8F0F97900E62
(0000000100.500000) vcan0 101#E803671D1503098D
(0000000100.600000) vcan0 102#0E3EDB041860A04B
(0000000100.600000) vcan0 103#DFFA900F97A00E37
(0000000100.600000) vcan0 101#E803B11D1B030A90
(0000000100.700000) vcan0 102#0E3EDE047C60B00F
(0000000100.700000) vcan0 103#C2FA8F0F98B00EC8
(0000000100.700000) vcan0 101#EC03161E21030B90
(0000000100.800000) vcan0 102#0E3EE004E060C0BD
(0000000100.800000) vcan0 103#A4FA8D0F98C00E55
(0000000100.800000) vcan0 101#F703B81E27030CBE
(0000000100.900000) vcan0 102#0E3EE3044461D074
(0000000100.900000) vcan0 103#87FA8B0F99D00E87
(0000000100.900000) vcan0 101#0204591F2C030DFB
(0000000101.000000) vcan0 102#0E3EE604A861E07B
(0000000101.000000) vcan0 103#7CFA8A0F99E00EB0
(0000000101.000000) vcan0 101#0D04FA1F32030ECD
(0000000101.100000) vcan0 102#0E3EE9040C62F0E8
(0000000101.100000) vcan0 103#76FA8A0F99F00E6C
(0000000101.100000) vcan0 101#3004022136030F98
(0000000101.200000) vcan0 102#0E3EEC047062000A
(0000000101.200000) vcan0 103#6FFA8A0F9A000E34
(0000000101.200000) vcan0 101#5A04312239030057
(0000000101.300000) vcan0 102#0E3EF004D462101D
(0000000101.300000) vcan0 103#43FA860F9A100E96
(0000000101.300000) vcan0 101#7D0458233F030170
(0000000101.400000) vcan0 102#0E3EF3043863203F
(0000000101.400000) vcan0 103#15FA830F9B200EB3
(0000000101.400000) vcan0 101#A1047824440302D7
(0000000101.500000) vcan0 102#0E3EF7049C6330B1
(0000000101.500000) vcan0 103#F3F9820F9B300E64
(0000000101.500000) vcan0 101#CA04652549030310
(0000000101.600000) vcan0 102#0E3EFA040064406B
(0000000101.600000) vcan0 103#D4F9820F9C400E24
(0000000101.600000) vcan0 101#F40451264D0304B2
(0000000101.700000) vcan0 102#0E3EFE0464645045
(0000000101.700000) vcan0 103#B9F9830F9C500EAD
(0000000101.700000) vcan0 101#2005582548030568
(0000000101.800000) vcan0 102#0E3E0205C8646039
(0000000101.800000) vcan0 103#9FF9850F9D600E3E
(0000000101.800000) vcan0 101#4D05A1233F03063D
(0000000101.900000) vcan0 102#0E3E06052C65709B
(0000000101.900000) vcan0 103#80F9890F9D700EAD
(0000000101.900000) vcan0 101#7105652339030741
(0000000102.000000) vcan0 102#0E3E0A05906580C4
(0000000102.000000) vcan0 103#5DF98F0F9E800E82
(0000000102.000000) vcan0 101#8D05C62334030831
(0000000102.100000) vcan0 102#0E3E0E05F46590EA
(0000000102.100000) vcan0 103#26F9A50F9F900EE6
(0000000102.100000) vcan0 101#94058124370309F6
(0000000102.200000) vcan0 102#0E3E12055866A0A2
(0000000102.200000) vcan0 103#E3F8C50FA1A00E55
(0000000102.200000) vcan0 101#9B053C253A030A31
(0000000102.300000) vcan0 102#0E3E1605BC66B04C
(0000000102.300000) vcan0 103#ACF8E40FA1B00EC8
(0000000102.300000) vcan0 101#A80507263E040BBE
(0000000102.400000) vcan0 102#0E3E1A052067C049
(0000000102.400000) vcan0 103#84F80110A2C00E3D
(0000000102.400000) vcan0 101#C105F02646040C0F
(0000000102.500000) vcan0 102#0E3E1E058467D0C7
(0000000102.500000) vcan0 103#6BF81910A2D00E5C
(0000000102.500000) vcan0 101#DD054C2749040DC5
(0000000102.600000) vcan0 102#0E3E2205E867E03A
(0000000102.600000) vcan0 103#57F83010A3E00EA3
(0000000102.600000) vcan0 101#FA0572274C040EB3
(0000000102.700000) vcan0 102#0E3E27054C68F07D
(0000000102.700000) vcan0 103#43F84710A3F00E7C
(0000000102.700000) vcan0 101#1A06E3274D040F5C
(0000000102.800000) vcan0 102#0E3E2B05B0680042
(0000000102.800000) vcan0 103#2DF86010A3000EE4
(0000000102.800000) vcan0 101#3F06F6284F0400E6
(0000000102.900000) vcan0 102#0E3E300514691012
(0000000102.900000) vcan0 103#18F87A10A4100E75
(0000000102.900000) vcan0 101#6506092A5104012D
(0000000103.000000) vcan0 102#0E3E3505786920DD
(0000000103.000000) vcan0 103#03F89410A4200E53
(0000000103.000000) vcan0 101#8A061C2B54040263
(0000000103.100000) vcan0 102#0E3E3A05DC69309A
(0000000103.100000) vcan0 103#ECF7B410A4300EAF
(0000000103.100000) vcan0 101#A406652C550403C6
(0000000103.200000) vcan0 102#0E3E3E05406A4070
(0000000103.200000) vcan0 103#CAF7EC10A4400E3E
(0000000103.200000) vcan0 101#A4061E2E550404CB
(0000000103.300000) vcan0 102#0E3E4305A46A5033
(0000000103.300000) vcan0 103#AAF72611A4500EB9
(0000000103.300000) vcan0 101#C506F52C550405A9
(0000000103.400000) vcan0 102#0E3E4805086B6006
(0000000103.400000) vcan0 103#91F75611A4600E2B
(0000000103.400000) vcan0 101#F306AE2A5504065A
(0000000103.500000) vcan0 102#0E3E4D056C6B7042
(0000000103.500000) vcan0 103#7FF77E11A4700E38
(0000000103.500000) vcan0 101#1D071E29570407A5
(0000000103.600000) vcan0 102#0E3E5305D06B8027
(0000000103.600000) vcan0 103#74F7A111A5800E4E
(0000000103.600000) vcan0 101#3E0714295D04083A
(0000000103.700000) vcan0 102#0E3E5805346C904C
(0000000103.700000) vcan0 103#68F7C411A5900E79
(0000000103.700000) vcan0 101#5F070B29640409F2
(0000000103.800000) vcan0 102#0E3E5D05986CA023
(0000000103.800000) vcan0 103#59F7F611A5A00EC8
(0000000103.800000) vcan0 101#7607982964050A0A
(0000000103.900000) vcan0 102#0E3E6305FC6CB081
(0000000103.900000) vcan0 103#4AF72A12A5B00E08
(0000000103.900000) vcan0 101#8D07332A64050B1A
(0000000104.000000) vcan0 102#0E3E6805606DC08F
(0000000104.000000) vcan0 103#3DF75F12A5C00ECA
(0000000104.000000) vcan0 101#A307CD2A64050CA2
(0000000104.100000) vcan0 102#0E3E6E05C46DD0D5
(0000000104.100000) vcan0 103#32F79512A6D00EB1
(0000000104.100000) vcan0 101#BA07672B64050D55
(0000000104.200000) vcan0 102#0E3E7405286EE09C
(0000000104.200000) vcan0 103#22F7ED12A6E00E0E
(0000000104.200000) vcan0 101#DF07BE2B64050EB8
(0000000104.300000) vcan0 102#0E3E79058C6EF00F
(0000000104.300000) vcan0 103#13F74913A5F00E77
(0000000104.300000) vcan0 101#04080F2C64050F01
(0000000104.400000) vcan0 102#0E3E7F05F06E0053
(0000000104.400000) vcan0 103#08F78B13A5000E71
(0000000104.400000) vcan0 101#2A08602C640500F6
(0000000104.500000) vcan0 102#0E3E8505546F1014
(0000000104.500000) vcan0 103#04F7AC13A5100EB4
(0000000104.500000) vcan0 101#3D084D2C640501B5
(0000000104.600000) vcan0 102#0E3E8B05B86F20D2
(0000000104.600000) vcan0 103#01F7C613A5200EBC
(0000000104.600000) vcan0 101#4908132C64050294
(0000000104.700000) vcan0 102#0E3E91051C7030B3
(0000000104.700000) vcan0 103#FDF6E913A5300EE1
(0000000104.700000) vcan0 101#5E08C62B640503C7
(0000000104.800000) vcan0 102#0E3E980580704025
(0000000104.800000) vcan0 103#F6F62414A5400E1F
(0000000104.800000) vcan0 101#86084F2B640504BE
(0000000104.900000) vcan0 102#0E3E9E05E47050DF
(0000000104.900000) vcan0 103#EFF66014A5500EB7
(0000000104.900000) vcan0 101#AE08D82A64050545
(0000000105.000000) vcan0 102#0E3EA405487160AF
(0000000105.000000) vcan0 103#E7F6A414A5600EAD
(0000000105.000000) vcan0 101#D608612A640506A9
(0000000105.100000) vcan0 102#0E3EAB05AC717088
(0000000105.100000) vcan0 103#DFF6EE14A6700EAD
(0000000105.100000) vcan0 101#F208332A640607C3
(0000000105.200000) vcan0 102#0E3EB1051072808C
(0000000105.200000) vcan0 103#D7F63215A6800E90
(0000000105.200000) vcan0 101#F208AC2A640608C9
(0000000105.300000) vcan0 102#0E3EB70574729076
(0000000105.300000) vcan0 103#D2F66815A6900EC2
(0000000105.300000) vcan0 101#0709332B64060923
(0000000105.400000) vcan0 102#0E3EBE05D872A0DB
(0000000105.400000) vcan0 103#CDF69C15A6A00EC0
(0000000105.400000) vcan0 101#2409C02B64060AA1
(0000000105.500000) vcan0 102#0E3EC5053C73B0B5
(0000000105.500000) vcan0 103#C6F6DD15A6B00EB4
(0000000105.500000) vcan0 101#4109412C64060B84
(0000000105.600000) vcan0 102#0E3ECB05A073C028
(0000000105.600000) vcan0 103#BFF62616A7C00E77
(0000000105.600000) vcan0 101#5D09A62C64060CA3
(0000000105.700000) vcan0 102#0E3ED2050474D019
(0000000105.700000) vcan0 103#B8F66E16A7D00EA5
(0000000105.700000) vcan0 101#7A090B2D64060D88
(0000000105.800000) vcan0 102#0E3ED9056874E0C0
(0000000105.800000) vcan0 103#B2F6B216A6E00E13
(0000000105.800000) vcan0 101#8809E42C64060E20
(0000000105.900000) vcan0 102#0E3EE005CC74F0C9
(0000000105.900000) vcan0 103#ADF6F516A5F00E5A
(0000000105.900000) vcan0 101#8809352C64060F05
(0000000106.000000) vcan0 102#0E3EE70530750073
(0000000106.000000) vcan0 103#A7F63A17A5000E8D
(0000000106.000000) vcan0 101#A309A72A64060094
(0000000106.100000) vcan0 102#0E3EEE0594751055
(0000000106.100000) vcan0 103#A2F68017A4100E2D
(0000000106.100000) vcan0 101#C10903296406016F
(0000000106.200000) vcan0 102#0E3EF505F8752062
(0000000106.200000) vcan0 103#9DF6C017A3200E73
(0000000106.200000) vcan0 101#D409DD2864070250
(0000000106.300000) vcan0 102#0E3EFC055C763090
(0000000106.300000) vcan0 103#98F6FF17A2300E2F
(0000000106.300000) vcan0 101#E609DD2864070321
(0000000106.400000) vcan0 102#0E3E0306C076404E
(0000000106.400000) vcan0 103#93F64218A2400EFD
(0000000106.400000) vcan0 101#F809EF2864070431
(0000000106.500000) vcan0 102#0E3E0A0624775044
(0000000106.500000) vcan0 103#8FF68B18A1500E66
(0000000106.500000) vcan0 101#0C0A962964070516
(0000000106.600000) vcan0 102#0E3E1106887760D3
(0000000106.600000) vcan0 103#89F6DC18A0600E81
(0000000106.600000) vcan0 101#200A2E2A64070624
(0000000106.700000) vcan0 102#0E3E1906EC77703F
(0000000106.700000) vcan0 103#85F62E19A0700E54
(0000000106.700000) vcan0 101#2F0A4F2A64070751
(0000000106.800000) vcan0 102#0E3E200650788033
(0000000106.800000) vcan0 103#80F67F19A0800E99
(0000000106.800000) vcan0 101#3E0A712A64070837
(0000000106.900000) vcan0 102#0E3E2706B4789063
(0000000106.900000) vcan0 103#7DF6BC19A0900E60
(0000000106.900000) vcan0 101#4D0A922A64070906
(0000000107.000000) vcan0 102#0E3E2F061879A0E8
(0000000107.000000) vcan0 103#7AF6F819A1A00E8A
(0000000107.000000) vcan0 101#5B0ABB2A64070A97
(0000000107.100000) vcan0 102#0E3E36067C79B080
(0000000107.100000) vcan0 103#78F6411AA2B00EA3
(0000000107.100000) vcan0 101#660A122B64070BD8
(0000000107.200000) vcan0 102#0E3E3E06E079C07C
(0000000107.200000) vcan0 103#75F6AC1AA2C00EBB
(0000000107.200000) vcan0 101#710A6A2B64070C7B
(0000000107.300000) vcan0 102#0E3E4506447AD0EA
(0000000107.300000) vcan0 103#72F6141BA2D00E67
(0000000107.300000) vcan0 101#7B0ABE2B64070DE9
(0000000107.400000) vcan0 102#0E3E4D06A87AE04D
(0000000107.400000) vcan0 103#6FF6761BA2E00E73
(0000000107.400000) vcan0 101#830A0C2C64070E99
(0000000107.500000) vcan0 102#0E3E54060C7BF0C9
(0000000107.500000) vcan0 103#6FF6AB1BA3F00EB2
(0000000107.500000) vcan0 101#8B0A5A2C64070F46
(0000000107.600000) vcan0 102#0E3E5C06707B0083
(0000000107.600000) vcan0 103#6EF6DA1BA5000ED2
(0000000107.600000) vcan0 101#940AA82C6407005F
(0000000107.700000) vcan0 102#0E3E6306D47B10EB
(0000000107.700000) vcan0 103#6FF60B1CA5100EF7
(0000000107.700000) vcan0 101#A40ABE2C6407011B
(0000000107.800000) vcan0 102#0E3E6B06387C20B5
(0000000107.800000) vcan0 103#70F64E1CA4200E1C
(0000000107.800000) vcan0 101#B60ABE2C6407023F
(0000000107.900000) vcan0 102#0E3E73069C7C3017
(0000000107.900000) vcan0 103#71F69B1CA3300EF2
(0000000107.900000) vcan0 101#C90ABE2C64070376
(0000000108.000000) vcan0 102#0E3E7A06007D40CD
(0000000108.000000) vcan0 103#73F6E91CA3400E07
(0000000108.000000) vcan0 101#D20ADE2C640704F7
(0000000108.100000) vcan0 102#0E3E8206647D50B2
(0000000108.100000) vcan0 103#76F6371DA3500E5E
(0000000108.100000) vcan0 101#D20A1A2D6407057E
(0000000108.200000) vcan0 102#0E3E8A06C87D6075
(0000000108.200000) vcan0 103#79F6821DA3600E10
(0000000108.200000) vcan0 101#DC0A442C640706A2
(0000000108.300000) vcan0 102#0E3E92062C7E7063
(0000000108.300000) vcan0 103#7CF6CF1DA3700EA7
(0000000108.300000) vcan0 101#E60A552B64070771
(0000000108.400000) vcan0 102#0E3E9906907E8037
(0000000108.400000) vcan0 103#81F6211EA3800EDB
(0000000108.400000) vcan0 101#F10A662A640708F1
(0000000108.500000) vcan0 102#0E3EA106F47E90F4
(0000000108.500000) vcan0 103#88F6841EA3900EDD
(0000000108.500000) vcan0 101#F60A77296407095C
(0000000108.600000) vcan0 102#0E3EA906587FA07F
(0000000108.600000) vcan0 103#8FF6E61EA3A00E18
(0000000108.600000) vcan0 101#FC0AAA2864080AD7
(0000000108.700000) vcan0 102#0E3EB106BC7FB0BD
(0000000108.700000) vcan0 103#94F6291FA3B00E7D
(0000000108.700000) vcan0 101#0B0BDE2864080BAE
(0000000108.800000) vcan0 102#0E3EB9062080C000
(0000000108.800000) vcan0 103#9AF6641FA4C00EEA
(0000000108.800000) vcan0 101#190B0C2964080CE5
(0000000108.900000) vcan0 102#0E3EC1068480D0FC
(0000000108.900000) vcan0 103#A0F6A41FA4D00E5C
(0000000108.900000) vcan0 101#1E0B0B2964080D7D
(0000000109.000000) vcan0 102#0E3EC906E880E09B
(0000000109.000000) vcan0 103#A9F6F31FA4E00E68
(0000000109.000000) vcan0 101#240B092964080E30
(0000000109.100000) vcan0 102#0E3ED1064C81F075
(0000000109.100000) vcan0 103#B1F64220A4F00ED6
(0000000109.100000) vcan0 101#290B072964080FDD
(0000000109.200000) vcan0 102#0E3ED906B08100FF
(0000000109.200000) vcan0 103#BAF69120A4000EED
(0000000109.200000) vcan0 101#2C0B072964080052
(0000000109.300000) vcan0 102#0E3EE10614821048
(0000000109.300000) vcan0 103#C4F6E020A3100E00
(0000000109.300000) vcan0 101#2C0B07296408014F
(0000000109.400000) vcan0 102#0E3EE9067882202F
(0000000109.400000) vcan0 103#CFF62E21A3200EC3
(0000000109.400000) vcan0 101#2C0B0D29640802CB
(0000000109.500000) vcan0 102#0E3EF006DC8230E7
(0000000109.500000) vcan0 103#DBF67C21A3300E02
(0000000109.500000) vcan0 101#2C0B142964080325
(0000000109.600000) vcan0 102#0E3EF80640834057
(0000000109.600000) vcan0 103#E7F6CB21A3400E43
(0000000109.600000) vcan0 101#2C0B1B296408040A
(0000000109.700000) vcan0 102#0E3E0007A4835075
(0000000109.700000) vcan0 103#F4F61A22A3500E2B
(0000000109.700000) vcan0 101#300B2A2964080550
(0000000109.800000) vcan0 102#0E3E08070884604B
(0000000109.800000) vcan0 103#02F76B22A4600E86
(0000000109.800000) vcan0 101#360B3B2964080620
(0000000109.900000) vcan0 102#0E3E10076C847049
(0000000109.900000) vcan0 103#14F7CA22A4700ED0
(0000000109.900000) vcan0 101#360B3E29640807E2
(0000000110.000000) vcan0 102#0E3E1807D08480A3
(0000000110.000000) vcan0 103#26F72423A4800EA8
(0000000110.000000) vcan0 101#360B412964080895
(0000000110.100000) vcan0 102#0E3E2007348590EC
(0000000110.100000) vcan0 103#36F77423A4900ED4
(0000000110.100000) vcan0 101#360B442964080957
(0000000110.200000) vcan0 102#0E3E28079885A02B
(0000000110.200000) vcan0 103#47F7C423A4A00E4C
(0000000110.200000) vcan0 101#360B472964080ACE
(0000000110.300000) vcan0 102#0E3E3007FC85B029
(0000000110.300000) vcan0 103#5BF71924A4B00EF4
(0000000110.300000) vcan0 101#310B052954080B3E
(0000000110.400000) vcan0 102#0E3E38076086C001
(0000000110.400000) vcan0 103#70F77424A5C00EFC
(0000000110.400000) vcan0 101#220B2F2822080C81
(0000000110.500000) vcan0 102#0E3E4007C486D0FD
(0000000110.500000) vcan0 103#86F7D024A5D00E65
(0000000110.500000) vcan0 101#100B892700080D28
(0000000110.600000) vcan0 102#0E3E48072887E016
(0000000110.600000) vcan0 103#9DF72E25A5E00E30
(0000000110.600000) vcan0 101#F70A4A2700080ED5
(0000000110.700000) vcan0 102#0E3E4F078C87F026
(0000000110.700000) vcan0 103#B2F78625A5F00E22
(0000000110.700000) vcan0 101#D80A262700080F67
(0000000110.800000) vcan0 102#0E3E5707F0870082
(0000000110.800000) vcan0 103#C4F7D325A4000E3A
(0000000110.800000) vcan0 101#AD0A392700080072
(0000000110.900000) vcan0 102#0E3E5E0754881007
(0000000110.900000) vcan0 103#D4F71726A4100E84
(0000000110.900000) vcan0 101#820A4C2700080133
(0000000111.000000) vcan0 102#0E3E6507B8882031
(0000000111.000000) vcan0 103#DFF74326A5200E3B
(0000000111.000000) vcan0 101#570A6027000802E5
(0000000111.100000) vcan0 102#0E3E6C071C89305B
(0000000111.100000) vcan0 103#E9F76E26A5300EE3
(0000000111.100000) vcan0 101#2C0A732700080395
(0000000111.200000) vcan0 102#0E3E720780894028
(0000000111.200000) vcan0 103#F3F79F26A5400EE0
(0000000111.200000) vcan0 101#6E09A126001804C7
(0000000111.300000) vcan0 102#0E3E7807E4895010
(0000000111.300000) vcan0 103#00F8D826A5500E4B
(0000000111.300000) vcan0 101#A208B7250018056D
(0000000111.400000) vcan0 102#0E3E7E07488A6015
(0000000111.400000) vcan0 103#0CF81227A5600EB3
(0000000111.400000) vcan0 101#0E089B250017069F
(0000000111.500000) vcan0 102#0E3E8307AC8A7075
(0000000111.500000) vcan0 103#19F84927A5700E32
(0000000111.500000) vcan0 101#B207432600170714
(0000000111.600000) vcan0 102#0E3E8807108B806D
(0000000111.600000) vcan0 103#25F87C27A5800E4D
(0000000111.600000) vcan0 101#5507EB26001708A4
(0000000111.700000) vcan0 102#0E3E8D07748B9029
(0000000111.700000) vcan0 103#31F8AC27A5900E7B
(0000000111.700000) vcan0 101#F3068426001709C0
(0000000111.800000) vcan0 102#0E3E9107D88BA0B5
(0000000111.800000) vcan0 103#3DF8D827A5A00E04
(0000000111.800000) vcan0 101#8F06AD2500170A32
(0000000111.900000) vcan0 102#0E3E95073C8CB0A2
(0000000111.900000) vcan0 103#49F80228A5B00E48
(0000000111.900000) vcan0 101#2B06D72400170B06
(0000000112.000000) vcan0 102#0E3E9907A08CC0EB
(0000000112.000000) vcan0 103#55F82928A5C00E69
(0000000112.000000) vcan0 101#E405732400150C73
(0000000112.100000) vcan0 102#0E3E9D07048DD029
(0000000112.100000) vcan0 103#61F84F28A5D00E5D
(0000000112.100000) vcan0 101#A0051B2400150DF0
(0000000112.200000) vcan0 102#0E3EA007688DE0BE
(0000000112.200000) vcan0 103#71F87628A4E00E98
(0000000112.200000) vcan0 101#5C05C22300150E7E
(0000000112.300000) vcan0 102#0E3EA307CC8DF03B
(0000000112.300000) vcan0 103#86F8A228A4F00EEC
(0000000112.300000) vcan0 101#17056A2300150F1D
(0000000112.400000) vcan0 102#0E3EA707308E00A7
(0000000112.400000) vcan0 103#A1F8CE28A4000E73
(0000000112.400000) vcan0 101#EF0408230014005D
(0000000112.500000) vcan0 102#0E3EAA07948E1034
(0000000112.500000) vcan0 103#BDF8F528A5100EAC
(0000000112.500000) vcan0 101#E3049F22001401A0
(0000000112.600000) vcan0 102#0E3EAE07F88E2091
(0000000112.600000) vcan0 103#D6F80E29A5200E2E
(0000000112.600000) vcan0 101#D60436220014029A
(0000000112.700000) vcan0 102#0E3EB1075C8F3074
(0000000112.700000) vcan0 103#EFF82229A5300EC0
(0000000112.700000) vcan0 101#C804DC2100030316
(0000000112.800000) vcan0 102#0E3EB407C08F4020
(0000000112.800000) vcan0 103#05F92B29A5400EC8
(0000000112.800000) vcan0 101#B404A621000304E5
(0000000112.900000) vcan0 102#0E3EB807249050AE
(0000000112.900000) vcan0 103#1AF93429A5500E0B
(0000000112.900000) vcan0 101#A40471210203051B
(0000000113.000000) vcan0 102#0E3EBB07889060A0
(0000000113.000000) vcan0 103#2BF93A29A5600E57
(0000000113.000000) vcan0 101#9D043F210903066C
(0000000113.100000) vcan0 102#0E3EBE07EC9070E4
(0000000113.100000) vcan0 103#3CF94029A5700EC7
(0000000113.100000) vcan0 101#96040E210F030704
(0000000113.200000) vcan0 102#0E3EC107509180F9
(0000000113.200000) vcan0 103#51F94529A5800EAD
(0000000113.200000) vcan0 101#880416211703088A
(0000000113.300000) vcan0 102#0E3EC407B491907D
(0000000113.300000) vcan0 103#70F94C29A5900E36
(0000000113.300000) vcan0 101#740455211F0309A8
(0000000113.400000) vcan0 102#0E3EC8071892A0DB
(0000000113.400000) vcan0 103#91F95329A5A00E28
(0000000113.400000) vcan0 101#7404062227030ADE
(0000000113.500000) vcan0 102#0E3ECB077C92B0FE
(0000000113.500000) vcan0 103#B8F95F29A5B00EBE
(0000000113.500000) vcan0 101#8704262330030B43
(0000000113.600000) vcan0 102#0E3ECE07E092C0AA
(0000000113.600000) vcan0 103#DFF96B29A4C00EBF
(0000000113.600000) vcan0 101#9B04452438030C0A
(0000000113.700000) vcan0 102#0E3ED2074493D0F1
(0000000113.700000) vcan0 103#07FA7829A3D00E0F
(0000000113.700000) vcan0 101#AE04652540030DED
(0000000113.800000) vcan0 102#0E3ED507A893E02A
(0000000113.800000) vcan0 103#29FA8629A3E00E25
(0000000113.800000) vcan0 101#D804182545030E80
(0000000113.900000) vcan0 102#0E3ED9070C94F02A
(0000000113.900000) vcan0 103#46FA9529A2F00EA3
(0000000113.900000) vcan0 101#0205AB2449030F50
(0000000114.000000) vcan0 102#0E3EDD07709400A2
(0000000114.000000) vcan0 103#61FAA329A2000EEE
(0000000114.000000) vcan0 101#2A055D244C03002D
(0000000114.100000) vcan0 102#0E3EE007D494101E
(0000000114.100000) vcan0 103#75FAB029A2100EDA
(0000000114.100000) vcan0 101#3E05E92444030155
(0000000114.200000) vcan0 102#0E3EE40738952037
(0000000114.200000) vcan0 103#87FABB29A2200EC1
(0000000114.200000) vcan0 101#560573253C04025F
(0000000114.300000) vcan0 102#0E3EE8079C9530CE
(0000000114.300000) vcan0 103#98FAC729A2300EE2
(0000000114.300000) vcan0 101#8805F1253A040377
(0000000114.400000) vcan0 102#0E3EEC0700964024
(0000000114.400000) vcan0 103#B4FADD29A2400E50
(0000000114.400000) vcan0 101#A505E825390404D2
(0000000114.500000) vcan0 102#0E3EF00764965093
(0000000114.500000) vcan0 103#D5FAF729A1500EE6
(0000000114.500000) vcan0 101#B00563253A040524
(0000000114.600000) vcan0 102#0E3EF407C8966096
(0000000114.600000) vcan0 103#F4FA132AA0600EE8
(0000000114.600000) vcan0 101#BB05DF243C040660
(0000000114.700000) vcan0 102#0E3EF9072C977029
(0000000114.700000) vcan0 103#11FB302AA0700E41
(0000000114.700000) vcan0 101#DB0562254504073E
(0000000114.800000) vcan0 102#0E3EFD0790978001
(0000000114.800000) vcan0 103#2CFB4E2AA0800E35
(0000000114.800000) vcan0 101#04064C265204082A
(0000000114.900000) vcan0 102#0E3E0208F497901D
(0000000114.900000) vcan0 103#45FB6F2AA0900E14
(0000000114.900000) vcan0 101#2C0637275E040964
(0000000115.000000) vcan0 102#0E3E06085898A0BB
(0000000115.000000) vcan0 103#63FB9C2AA0A00E44
(0000000115.000000) vcan0 101#5106A72764040A47
(0000000115.100000) vcan0 102#0E3E0B08BC98B048
(0000000115.100000) vcan0 103#86FBDB2A9FB00EEE
(0000000115.100000) vcan0 101#7306A72764040B8F
(0000000115.200000) vcan0 102#0E3E10082099C0A8
(0000000115.200000) vcan0 103#A8FB182B9FC00E34
(0000000115.200000) vcan0 101#9506D52764040C7B
(0000000115.300000) vcan0 102#0E3E15088499D04C
(0000000115.300000) vcan0 103#B6FB352B9FD00E51
(0000000115.300000) vcan0 101#BD06572964040DD9
(0000000115.400000) vcan0 102#0E3E1A08E899E020
(0000000115.400000) vcan0 103#BFFB4A2B9FE00ED3
(0000000115.400000) vcan0 101#E506D92A64040EC4
(0000000115.500000) vcan0 102#0E3E1F084C9AF010
(0000000115.500000) vcan0 103#CBFB682B9FF00E13
(0000000115.500000) vcan0 101#0D075A2C64040FA9
(0000000115.600000) vcan0 102#0E3E2408B09A000B
(0000000115.600000) vcan0 103#DBFB942B9F000E19
(0000000115.600000) vcan0 101#3307862D640400C8
(0000000115.700000) vcan0 102#0E3E2908149B10D4
(0000000115.700000) vcan0 103#EFFBCA2B9E100EFA
(0000000115.700000) vcan0 101#4C07392C6404016C
(0000000115.800000) vcan0 102#0E3E2F08789B20A5
(0000000115.800000) vcan0 103#01FCFF2B9E200E15
(0000000115.800000) vcan0 101#6507EB2A64040244
(0000000115.900000) vcan0 102#0E3E3408DC9B30B9
(0000000115.900000) vcan0 103#11FC332C9E300E92
(0000000115.900000) vcan0 101#8607CF2A640403DA
(0000000116.000000) vcan0 102#0E3E3A08409C40DD
(0000000116.000000) vcan0 103#20FC682C9E400E8A
(0000000116.000000) vcan0 101#AB07292B64040481
(0000000116.100000) vcan0 102#0E3E3F08A49C5059
(0000000116.100000) vcan0 103#2EFC9D2C9F500EFC
(0000000116.100000) vcan0 101#CF07832B64040505
(0000000116.200000) vcan0 102#0E3E4508089D60B6
(0000000116.200000) vcan0 103#3DFCD72C9F600E5F
(0000000116.200000) vcan0 101#F307DE2B64040696
(0000000116.300000) vcan0 102#0E3E4B086C9D703B
(0000000116.300000) vcan0 103#4CFC122D9F700E40
(0000000116.300000) vcan0 101#1608432C640507B7
(0000000116.400000) vcan0 102#0E3E5108D09D80EB
(0000000116.400000) vcan0 103#5AFC4E2D9F800E7B
(0000000116.400000) vcan0 101#3408C02C64050844
(0000000116.500000) vcan0 102#0E3E5708349E9005
(0000000116.500000) vcan0 103#69FC892D9F900E49
(0000000116.500000) vcan0 101#5108872C64050948
(0000000116.600000) vcan0 102#0E3E5D08989EA016
(0000000116.600000) vcan0 103#76FCBF2D9EA00EAC
(0000000116.600000) vcan0 101#6E08CA2A64050ABB
(0000000116.700000) vcan0 102#0E3E6308FC9EB0B4
(0000000116.700000) vcan0 103#84FCF62D9EB00E89
(0000000116.700000) vcan0 101#8C080D2964050B01
(0000000116.800000) vcan0 102#0E3E6908609FC0D0
(0000000116.800000) vcan0 103#92FC312E9EC00EC5
(0000000116.800000) vcan0 101#A908482964050C49
(0000000116.900000) vcan0 102#0E3E7008C49FD018
(0000000116.900000) vcan0 103#A1FC6D2E9FD00E7C
(0000000116.900000) vcan0 101#C608AF2964050DCF
(0000000117.000000) vcan0 102#0E3E760828A0E0CB
(0000000117.000000) vcan0 103#B0FCAA2E9FE00EEE
(0000000117.000000) vcan0 101#E1081E2A64060E01
(0000000117.100000) vcan0 102#0E3E7C088CA0F053
(0000000117.100000) vcan0 103#BEFCE72E9FF00E6C
(0000000117.100000) vcan0 101#FA08952A64060F7A
(0000000117.200000) vcan0 102#0E3E8308F0A00081
(0000000117.200000) vcan0 103#CEFC312F9F000E28
(0000000117.200000) vcan0 101#0F09042B64060020
(0000000117.300000) vcan0 102#0E3E890854A11055
(0000000117.300000) vcan0 103#E2FC952F9F100E1F
(0000000117.300000) vcan0 101#21096B2B64060171
(0000000117.400000) vcan0 102#0E3E9008B8A12076
(0000000117.400000) vcan0 103#F6FCF82F9F200EF8
(0000000117.400000) vcan0 101#3309D22B64060244
(0000000117.500000) vcan0 102#0E3E97081CA23092
(0000000117.500000) vcan0 103#09FD55309F300EF8
(0000000117.500000) vcan0 101#4809472C64060382
(0000000117.600000) vcan0 102#0E3E9D0880A240BA
(0000000117.600000) vcan0 103#15FD9A309F400E11
(0000000117.600000) vcan0 101#5D09C12C6406041E
(0000000117.700000) vcan0 102#0E3EA408E4A25013
(0000000117.700000) vcan0 103#22FDDE309E500E58
(0000000117.700000) vcan0 101#72093B2D6406059D
(0000000117.800000) vcan0 102#0E3EAB0848A36093
(0000000117.800000) vcan0 103#2AFD11319E600E16
(0000000117.800000) vcan0 101#8409752C640606D4
(0000000117.900000) vcan0 102#0E3EB208ACA3703B
(0000000117.900000) vcan0 103#32FD40319E700ED2
(0000000117.900000) vcan0 101#96098E2B64060764
(0000000118.000000) vcan0 102#0E3EB90810A48096
(0000000118.000000) vcan0 103#3AFD6D319E800E8B
(0000000118.000000) vcan0 101#A709B62A64060891
(0000000118.100000) vcan0 102#0E3EC00874A490A0
(0000000118.100000) vcan0 103#43FDA1319E900EC6
(0000000118.100000) vcan0 101#B409532A64060970
(0000000118.200000) vcan0 102#0E3EC708D8A4A01B
(0000000118.200000) vcan0 103#4BFDD5319FA00E5F
(0000000118.200000) vcan0 101#C009F02964060AD0
(0000000118.300000) vcan0 102#0E3ECE083CA5B011
(0000000118.300000) vcan0 103#57FD1E329FB00E26
(0000000118.300000) vcan0 101#CD098D2964060B33
(0000000118.400000) vcan0 102#0E3ED508A0A5C0BD
(0000000118.400000) vcan0 103#66FD7F329FC00EB2
(0000000118.400000) vcan0 101#E909B72964070CA6
(0000000118.500000) vcan0 102#0E3EDC0804A6D04F
(0000000118.500000) vcan0 103#75FDE1329FD00E83
(0000000118.500000) vcan0 101#070AEE2964070D0C
(0000000118.600000) vcan0 102#0E3EE30868A6E00C
(0000000118.600000) vcan0 103#81FD39339FE00E3A
(0000000118.600000) vcan0 101#1D0A2D2A64070E42
(0000000118.700000) vcan0 102#0E3EEA08CCA6F02A
(0000000118.700000) vcan0 103#8CFD8E339FF00E6F
(0000000118.700000) vcan0 101#320A6D2A64070FF3
(0000000118.800000) vcan0 102#0E3EF20830A70002
(0000000118.800000) vcan0 103#96FDDA339F000E98
(0000000118.800000) vcan0 101#420AA42A640700E1
(0000000118.900000) vcan0 102#0E3EF90894A710F0
(0000000118.900000) vcan0 103#9FFD1E349F100E5E
(0000000118.900000) vcan0 101#4F0AD32A640701A1
(0000000119.000000) vcan0 102#0E3E0009F8A720F3
(0000000119.000000) vcan0 103#A6FD54349F200EFA
(0000000119.000000) vcan0 101#5A0A022B640702AE
(0000000119.100000) vcan0 102#0E3E08095CA8301C
(0000000119.100000) vcan0 103#ABFD83349F300EF1
(0000000119.100000) vcan0 101#650A322B64070316
(0000000119.200000) vcan0 102#0E3E0F09C0A8409C
(0000000119.200000) vcan0 103#B1FDB2349F400E4E
(0000000119.200000) vcan0 101#6F0A632B64070436
(0000000119.300000) vcan0 102#0E3E170924A95012
(0000000119.300000) vcan0 103#B5FDE6349F500E57
(0000000119.300000) vcan0 101#790A9E2B6407057A
(0000000119.400000) vcan0 102#0E3E1E0988A960BF
(0000000119.400000) vcan0 103#BBFD1E359F600EEE
(0000000119.400000) vcan0 101#830AD82B64070662
(0000000119.500000) vcan0 102#0E3E2609ECA9707C
(0000000119.500000) vcan0 103#C1FD72359F700EA6
(0000000119.500000) vcan0 101#8D0A0D2C64070707
(0000000119.600000) vcan0 102#0E3E2D0950AA80FC
(0000000119.600000) vcan0 103#C6FDCA359F800EB1
(0000000119.600000) vcan0 101#970A422C6407088E
(0000000119.700000) vcan0 102#0E3E3509B4AA903E
(0000000119.700000) vcan0 103#CDFD4F369F900E76
(0000000119.700000) vcan0 101#A20A6F2C64070918
(0000000119.800000) vcan0 102#0E3E3D0918ABA0B5
(0000000119.800000) vcan0 103#D1FDC6369FA00E8B
(0000000119.800000) vcan0 101#AD0A9C2C64070A4E
(0000000119.900000) vcan0 102#0E3E44097CABB083
(0000000119.900000) vcan0 103#D5FD2D379FB00E7F
(0000000119.900000) vcan0 101#B90ACA2C64070B93
(0000000120.000000) vcan0 102#0E3E4C09E0ABC07F
(0000000120.000000) vcan0 103#D6FD84379FC00E4C
(0000000120.000000) vcan0 101#C40AEF2C64070C30
(0000000120.100000) vcan0 102#0E3E540944ACD024
(0000000120.100000) vcan0 103#D7FDCA379ED00EA3
(0000000120.100000) vcan0 101#D10A0D2D64070D94
(0000000120.200000) vcan0 102#0E3E5B09A8ACE088
(0000000120.200000) vcan0 103#D8FD03389EE00EF7
(0000000120.200000) vcan0 101#D90A4B2C64070E02
(0000000120.300000) vcan0 102#0E3E63090CADF0A7
(0000000120.300000) vcan0 103#D9FD35389EF00E50
(0000000120.300000) vcan0 101#E20A712B64070F84
(0000000120.400000) vcan0 102#0E3E6B0970AD00ED
(0000000120.400000) vcan0 103#D9FD69389E000E01
(0000000120.400000) vcan0 101#E70AB02A64070040
(0000000120.500000) vcan0 102#0E3E7309D4AD104F
(0000000120.500000) vcan0 103#D8FDA1389E100E23
(0000000120.500000) vcan0 101#EA0A062A640701D6
(0000000120.600000) vcan0 102#0E3E7A0938AE2056
(0000000120.600000) vcan0 103#D7FDE7389E200E40
(0000000120.600000) vcan0 101#ED0A5B296407021C
(0000000120.700000) vcan0 102#0E3E82099CAE3089
(0000000120.700000) vcan0 103#D4FD53399E300E37
(0000000120.700000) vcan0 101#EF0AB02864070392
(0000000120.800000) vcan0 102#0E3E8A0900AF4039
(0000000120.800000) vcan0 103#D0FDBB399E400E7F
(0000000120.800000) vcan0 101#F00A6128640804BF
(0000000120.900000) vcan0 102#0E3E920964AF503B
(0000000120.900000) vcan0 103#CCFD0F3A9E500ECA
(0000000120.900000) vcan0 101#F00A6828640805BF
(0000000121.000000) vcan0 102#0E3E9A09C8AF60FC
(0000000121.000000) vcan0 103#C8FD4F3A9E600EFD
(0000000121.000000) vcan0 101#F00A6C286408062D
(0000000121.100000) vcan0 102#0E3EA1092CB07056
(0000000121.100000) vcan0 103#C3FD7D3A9D700E0B
(0000000121.100000) vcan0 101#F00A642864080747
(0000000121.200000) vcan0 102#0E3EA90990B080BC
(0000000121.200000) vcan0 103#BDFDAD3A9D800EB2
(0000000121.200000) vcan0 101#F00A5C28640808A4
(0000000121.300000) vcan0 102#0E3EB109F4B090BE
(0000000121.300000) vcan0 103#B2FDF83A9D900EF4
(0000000121.300000) vcan0 101#F00A47286408099E
(0000000121.400000) vcan0 102#0E3EB90958B1A035
(0000000121.400000) vcan0 103#A5FD473B9DA00EEF
(0000000121.400000) vcan0 101#F00A2E2864080AFA
(0000000121.500000) vcan0 102#0E3EC009BCB1B0C3
(0000000121.500000) vcan0 103#94FDA53B9DB00E79
(0000000121.500000) vcan0 101#EE0AC62754080B15
(0000000121.600000) vcan0 102#0E3EC80920B2C0EB
(0000000121.600000) vcan0 103#7DFD113C9DC00E80
(0000000121.600000) vcan0 101#E90AB82622080CBE
(0000000121.700000) vcan0 102#0E3ED00984B2D049
(0000000121.700000) vcan0 103#66FD7A3C9DD00E2F
(0000000121.700000) vcan0 101#DD0A012600080D3E
(0000000121.800000) vcan0 102#0E3ED709E8B2E052
(0000000121.800000) vcan0 103#51FDD33C9DE00E49
(0000000121.800000) vcan0 101#C10AFF2500080E24
(0000000121.900000) vcan0 102#0E3EDF094CB3F052
(0000000121.900000) vcan0 103#3DFD2B3D9DF00E8E
(0000000121.900000) vcan0 101#A50AFD2500080F35
(0000000122.000000) vcan0 102#0E3EE609B0B3009D
(0000000122.000000) vcan0 103#29FD803D9D000E97
(0000000122.000000) vcan0 101#880AFE25000800B9
(0000000122.100000) vcan0 102#0E3EEE0914B41028
(0000000122.100000) vcan0 103#1CFDB73D9D100EE5
(0000000122.100000) vcan0 101#620A10260008010D
(0000000122.200000) vcan0 102#0E3EF50978B4201F
(0000000122.200000) vcan0 103#14FDDA3D9D200E00
(0000000122.200000) vcan0 101#3F0A9A2500080291
(0000000122.300000) vcan0 102#0E3EFC09DCB43039
(0000000122.300000) vcan0 103#0DFDF93D9D300EFD
(0000000122.300000) vcan0 101#1E0AA624000803CE
(0000000122.400000) vcan0 102#0E3E030A40B540AB
(0000000122.400000) vcan0 103#03FD223E9D400EF6
(0000000122.400000) vcan0 101#EF09D82300180445
(0000000122.500000) vcan0 102#0E3E090AA4B55053
(0000000122.500000) vcan0 103#F4FC643E9D500EDD
(0000000122.500000) vcan0 101#60091D2400180532
(0000000122.600000) vcan0 102#0E3E0F0A08B66056
(0000000122.600000) vcan0 103#E5FCA63E9D600E90
(0000000122.600000) vcan0 101#D1086224001806B5
(0000000122.700000) vcan0 102#0E3E150A6CB67080
(0000000122.700000) vcan0 103#D7FCE43E9D700E03
(0000000122.700000) vcan0 101#6408942400180719
(0000000122.800000) vcan0 102#0E3E1B0AD0B6800B
(0000000122.800000) vcan0 103#CCFC1B3F9D800E1F
(0000000122.800000) vcan0 101#3D089C240018083D
(0000000122.900000) vcan0 102#0E3E200A34B790FA
(0000000122.900000) vcan0 103#C1FC4F3F9D900E89
(0000000122.900000) vcan0 101#1608A42400180922
(0000000123.000000) vcan0 102#0E3E260A98B7A02B
(0000000123.000000) vcan0 103#B7FC823F9DA00E87
(0000000123.000000) vcan0 101#EF07AD2400180AFB
(0000000123.100000) vcan0 102#0E3E2A0AFCB7B072
(0000000123.100000) vcan0 103#ACFCBB3F9DB00E8D
(0000000123.100000) vcan0 101#5E072F2400180B3B
(0000000123.200000) vcan0 102#0E3E2F0A60B8C085
(0000000123.200000) vcan0 103#A2FCFA3F9CC00EDD
(0000000123.200000) vcan0 101#A4067F2300180C6A
(0000000123.300000) vcan0 102#0E3E330AC4B8D092
(0000000123.300000) vcan0 103#98FC39409CD00E46
(0000000123.300000) vcan0 101#EB05CE2200180DC4
(0000000123.400000) vcan0 102#0E3E360A28B9E0D1
(0000000123.400000) vcan0 103#93FC5C409CE00E33
(0000000123.400000) vcan0 101#8E05BE2200170E75
(0000000123.500000) vcan0 102#0E3E3A0A8CB9F028
(0000000123.500000) vcan0 103#90FC72409CF00EB7
(0000000123.500000) vcan0 101#3905BD2200170F2F
(0000000123.600000) vcan0 102#0E3E3D0AF0B9001E
(0000000123.600000) vcan0 103#90FC81409C000E78
(0000000123.600000) vcan0 101#D60495210015000A
(0000000123.700000) vcan0 102#0E3E400A54BA10E9
(0000000123.700000) vcan0 103#91FC95409C100ECA
(0000000123.700000) vcan0 101#8304B72000140180
(0000000123.800000) vcan0 102#0E3E430AB8BA2087
(0000000123.800000) vcan0 103#92FCB3409C200E4C
(0000000123.800000) vcan0 101#5404A92000140217
(0000000123.900000) vcan0 102#0E3E460A1CBB302F
(0000000123.900000) vcan0 103#94FCD0409C300ECB
(0000000123.900000) vcan0 101#25049A20001403CE
(0000000124.000000) vcan0 102#0E3E490A80BB40D8
(0000000124.000000) vcan0 103#99FCEC409C400EEB
(0000000124.000000) vcan0 101#F703632000130459
(0000000124.100000) vcan0 102#0E3E4B0AE4BB5097
(0000000124.100000) vcan0 103#A1FC04419B500E46
(0000000124.100000) vcan0 101#CC03011F0013052A
(0000000124.200000) vcan0 102#0E3E4E0A48BC6001
(0000000124.200000) vcan0 103#AAFC1A419B600E4A
(0000000124.200000) vcan0 101#A1039F1D001306A6
(0000000124.300000) vcan0 102#0E3E500AACBC70A2
(0000000124.300000) vcan0 103#B5FC2E419C700E0B
(0000000124.300000) vcan0 101#7A03591C00120744
(0000000124.400000) vcan0 102#0E3E530A10BD80CD
(0000000124.400000) vcan0 103#C8FC41419C800E25
(0000000124.400000) vcan0 101#5A03531B001208C7
(0000000124.500000) vcan0 102#0E3E550A74BD9037
(0000000124.500000) vcan0 103#DEFC53419C900EC1
(0000000124.500000) vcan0 101#3A034C1A00120964
(0000000124.600000) vcan0 102#0E3E570AD8BDA053
(0000000124.600000) vcan0 103#F1FC61419CA00EC8
(0000000124.600000) vcan0 101#1D03731900120A4B
(0000000124.700000) vcan0 102#0E3E590A3CBEB0CA
(0000000124.700000) vcan0 103#01FD69419CB00EE4
(0000000124.700000) vcan0 101#0403C51800120B90
(0000000124.800000) vcan0 102#0E3E5B0AA0BEC095
(0000000124.800000) vcan0 103#10FD6F419CC00E4A
(0000000124.800000) vcan0 101#F202121800120CA6
(0000000124.900000) vcan0 102#0E3E5D0A04BFD083
(0000000124.900000) vcan0 103#20FD73419CD00E04
(0000000124.900000) vcan0 101#E5025C1700120D6D
(0000000125.000000) vcan0 102#0E3E5F0A68BFE047
(0000000125.000000) vcan0 103#34FD75419CE00E74
(0000000125.000000) vcan0 101#D402EC1600120E50
(0000000125.100000) vcan0 102#0E3E610ACCBFF045
(0000000125.100000) vcan0 103#48FD76419CF00ECD
(0000000125.100000) vcan0 101#C202831600120F05
(0000000125.200000) vcan0 102#0E3E630A30C000E4
(0000000125.200000) vcan0 103#5CFD78419C000EE9
(0000000125.200000) vcan0 101#B102121600020042
(0000000125.300000) vcan0 102#0E3E650A94C010BE
(0000000125.300000) vcan0 103#70FD74419B100EC1
(0000000125.300000) vcan0 101#A502681500020126
(0000000125.400000) vcan0 102#0E3E670AF8C0207A
(0000000125.400000) vcan0 103#83FD6F419B200E69
(0000000125.400000) vcan0 101#9802BE140002029F
(0000000125.500000) vcan0 102#0E3E680A5CC13071
(0000000125.500000) vcan0 103#93FD68419B300E6F
(0000000125.500000) vcan0 101#8B0214140002039D
(0000000125.600000) vcan0 102#0E3E6A0AC0C1402E
(0000000125.600000) vcan0 103#A2FD5F419B400EEB
(0000000125.600000) vcan0 101#84022314040204B0
(0000000125.700000) vcan0 102#0E3E6C0A24C250C0
(0000000125.700000) vcan0 103#B1FD55419B500EA2
(0000000125.700000) vcan0 101#7E024314090205B7
(0000000125.800000) vcan0 102#0E3E6E0A88C260A4
(0000000125.800000) vcan0 103#BDFD4A419B600E4A
(0000000125.800000) vcan0 101#780264140F02068C
(0000000125.900000) vcan0 102#0E3E6F0AECC27055
(0000000125.900000) vcan0 103#C8FD3F419B700EAD
(0000000125.900000) vcan0 101#6F02131511020791
(0000000126.000000) vcan0 102#0E3E710A50C3807C
(0000000126.000000) vcan0 103#D2FD32419B800E36
(0000000126.000000) vcan0 101#6502FA1513020821
(0000000126.100000) vcan0 102#0E3E730AB4C390F3
(0000000126.100000) vcan0 103#DCFD24419B900E0C
(0000000126.100000) vcan0 101#6C029C1615020933
(0000000126.200000) vcan0 102#0E3E750A18C4A0DB
(0000000126.200000) vcan0 103#E7FD15419BA00E6B
(0000000126.200000) vcan0 101#7B02231717020ACD
(0000000126.300000) vcan0 102#0E3E760A7CC4B0FE
(0000000126.300000) vcan0 103#F1FD06419BB00EE5
(0000000126.300000) vcan0 101#8902A91719020B4A
(0000000126.400000) vcan0 102#0E3E780AE0C4C063
(0000000126.400000) vcan0 103#FBFDF4409BC00E7C
(0000000126.400000) vcan0 101#9C024D181B020C37
(0000000126.500000) vcan0 102#0E3E7A0A44C5D0C0
(0000000126.500000) vcan0 103#05FEE1409BD00E9B
(0000000126.500000) vcan0 101#AF02F4181D020D0F
(0000000126.600000) vcan0 102#0E3E7C0AA8C5E071
(0000000126.600000) vcan0 103#0EFECB409BE00E0D
(0000000126.600000) vcan0 101#C3029A191F020EF4
(0000000126.700000) vcan0 102#0E3E7E0A0CC6F04A
(0000000126.700000) vcan0 103#15FEB9409BF00E51
(0000000126.700000) vcan0 101#D702521A21020F69
(0000000126.800000) vcan0 102#0E3E810A70C60098
(0000000126.800000) vcan0 103#17FEB5409B000ECB
(0000000126.800000) vcan0 101#EC02301B25020020
(0000000126.900000) vcan0 102#0E3E830AD4C61077
(0000000126.900000) vcan0 103#13FEC0409C100EF3
(0000000126.900000) vcan0 101#00030F1C2A0201F1
(0000000127.000000) vcan0 102#0E3E850A38C7208A
(0000000127.000000) vcan0 103#12FEC4409C200EDA
(0000000127.000000) vcan0 101#2A039E1D2C0202EE
(0000000127.100000) vcan0 102#0E3E870A9CC73065
(0000000127.100000) vcan0 103#18FEB2409C300ED7
(0000000127.100000) vcan0 101#5203191F2F0203AA
(0000000127.200000) vcan0 102#0E3E8A0A00C840E5
(0000000127.200000) vcan0 103#22FE97409B400ED6
(0000000127.200000) vcan0 101#7003432032020464
(0000000127.300000) vcan0 102#0E3E8D0A64C85075
(0000000127.300000) vcan0 103#2AFE7E409B500ED0
(0000000127.300000) vcan0 101#8F036E21350205F2
(0000000127.400000) vcan0 102#0E3E8F0AC8C86011
(0000000127.400000) vcan0 103#32FE67409B600E89
(0000000127.400000) vcan0 101#AD039822380206CD
(0000000127.500000) vcan0 102#0E3E920A2CC97040
(0000000127.500000) vcan0 103#3BFE43409B700EC6
(0000000127.500000) vcan0 101#D503E6233B0207BD
(0000000127.600000) vcan0 102#0E3E950A90C980D6
(0000000127.600000) vcan0 103#46FE17409B800E0E
(0000000127.600000) vcan0 101#000441253D0208BE
(0000000127.700000) vcan0 102#0E3E980AF4C990E5
(0000000127.700000) vcan0 103#50FEEF3F9B900EA7
(0000000127.700000) vcan0 101#2B049C2640020974
(0000000127.800000) vcan0 102#0E3E9C0A58CAA034
(0000000127.800000) vcan0 103#54FEDB3F9BA00E95
(0000000127.800000) vcan0 101#5504962643020A75
(0000000127.900000) vcan0 102#0E3E9F0ABCCAB0D1
(0000000127.900000) vcan0 103#56FEC93F9BB00EA1
(0000000127.900000) vcan0 101#8004712647020BEA
(0000000128.000000) vcan0 102#0E3EA20A20CBC091
(0000000128.000000) vcan0 103#59FEB63F9BC00E1A
(0000000128.000000) vcan0 101#AA044C264A020CBC
(0000000128.100000) vcan0 102#0E3EA60A84CBD01F
(0000000128.100000) vcan0 103#5EFE973F9BD00E8B
(0000000128.100000) vcan0 101#D50427264E020D64
(0000000128.200000) vcan0 102#0E3EA90AE8CBE073
(0000000128.200000) vcan0 103#62FE723F9BE00E85
(0000000128.200000) vcan0 101#D8046B264E030EB4
(0000000128.300000) vcan0 102#0E3EAD0A4CCCF004
(0000000128.300000) vcan0 103#65FE4F3F9BF00E38
(0000000128.300000) vcan0 101#D804682751030F14
(0000000128.400000) vcan0 102#0E3EB00AB0CC00BF
(0000000128.400000) vcan0 103#68FE2C3F9B000EDC
(0000000128.400000) vcan0 101#D804DE295903003B
(0000000128.500000) vcan0 102#0E3EB40A14CD107D
(0000000128.500000) vcan0 103#6BFE083F9B100EFB
(0000000128.500000) vcan0 101#0A05E22B5F0301D3
(0000000128.600000) vcan0 102#0E3EB80A78CD20AF
(0000000128.600000) vcan0 103#6EFEE13E9B200EF3
(0000000128.600000) vcan0 101#A605F42C630302D8
(0000000128.700000) vcan0 102#0E3EBD0ADCCD304B
(0000000128.700000) vcan0 103#71FEB93E9B300EA4
(0000000128.700000) vcan0 101#FF055E2C640303E6
(0000000128.800000) vcan0 102#0E3EC10A40CE4066
(0000000128.800000) vcan0 103#74FE903E9B400E67
(0000000128.800000) vcan0 101#3E06252B640304D0
(0000000128.900000) vcan0 102#0E3EC60AA4CE5036
(0000000128.900000) vcan0 103#79FE623E9B500E72
(0000000128.900000) vcan0 101#6806522A630305D5
(0000000129.000000) vcan0 102#0E3ECA0A08CF6008
(0000000129.000000) vcan0 103#80FE233E9B600E60
(0000000129.000000) vcan0 101#6806592A640306B1
(0000000129.100000) vcan0 102#0E3ECF0A6CCF704C
(0000000129.100000) vcan0 103#88FEE73D9B700EB5
(0000000129.100000) vcan0 101#8706DA2A6403077D
(0000000129.200000) vcan0 102#0E3ED40AD0CF80F6
(0000000129.200000) vcan0 103#8FFEB63D9B800EC2
(0000000129.200000) vcan0 101#B2068B2B640308A2
(0000000129.300000) vcan0 102#0E3ED90A34D09012
(0000000129.300000) vcan0 103#95FE913D9B900E6D
(0000000129.300000) vcan0 101#DD063C2C640309A1
(0000000129.400000) vcan0 102#0E3EDE0A98D0A0A9
(0000000129.400000) vcan0 103#9BFE723D9BA00E6E
(0000000129.400000) vcan0 101#1407C72B63040AED
(0000000129.500000) vcan0 102#0E3EE30AFCD0B0B5
(0000000129.500000) vcan0 103#A4FE4E3D9BB00EBD
(0000000129.500000) vcan0 101#4107402B63040B8B
(0000000129.600000) vcan0 102#0E3EE80A60D1C0BB
(0000000129.600000) vcan0 103#B1FE1C3D9AC00E31
(0000000129.600000) vcan0 101#5707C42A64040C33
(0000000129.700000) vcan0 102#0E3EEE0AC4D1D0E1
(0000000129.700000) vcan0 103#BFFEE93C9AD00E55
(0000000129.700000) vcan0 101#6D07482A64040D71
(0000000129.800000) vcan0 102#0E3EF30A28D2E0A3
(0000000129.800000) vcan0 103#D7FE9F3C99E00EAA
(0000000129.800000) vcan0 101#8407ED2964040E4E
(0000000129.900000) vcan0 102#0E3EF90A8CD2F03B
(0000000129.900000) vcan0 103#F3FE513C97F00EBB
(0000000129.900000) vcan0 101#A107872A64040F4F
(0000000130.000000) vcan0 102#0E3EFE0AF0D2000D
(0000000130.000000) vcan0 103#0EFF053C96000E1B
(0000000130.000000) vcan0 101#BF07202B64040038
(0000000130.100000) vcan0 102#0E3E040B54D310D7
(0000000130.100000) vcan0 103#1CFFE23B96100E2E
(0000000130.100000) vcan0 101#DC07B82B640401C9
(0000000130.200000) vcan0 102#0E3E0A0BB8D32011
(0000000130.200000) vcan0 103#29FFBE3B95200E32
(0000000130.200000) vcan0 101#FA07512C640402C6
(0000000130.300000) vcan0 102#0E3E100B1CD4309E
(0000000130.300000) vcan0 103#38FF9B3B95300E7C
(0000000130.300000) vcan0 101#2208582C6405035B
(0000000130.400000) vcan0 102#0E3E160B80D44074
(0000000130.400000) vcan0 103#47FF783B94400E4F
(0000000130.400000) vcan0 101#5008272C64050476
(0000000130.500000) vcan0 102#0E3E1C0BE4D4504C
(0000000130.500000) vcan0 103#5EFF403B94500E95
(0000000130.500000) vcan0 101#79084E2B6405053C
(0000000130.600000) vcan0 102#0E3E220B48D56089
(0000000130.600000) vcan0 103#78FF033B93600E43
(0000000130.600000) vcan0 101#A108332A63050600
(0000000130.700000) vcan0 102#0E3E280BACD57071
(0000000130.700000) vcan0 103#97FFBB3A93700E5D
(0000000130.700000) vcan0 101#C7081F2A630607A8
(0000000130.800000) vcan0 102#0E3E2F0B10D68033
(0000000130.800000) vcan0 103#B5FF723A92800E44
(0000000130.800000) vcan0 101#E9086F2A630608CD
(0000000130.900000) vcan0 102#0E3E350B74D690E5
(0000000130.900000) vcan0 103#CCFF3D3A92900E94
(0000000130.900000) vcan0 101#F608BA2A630609B8
(0000000131.000000) vcan0 102#0E3E3C0BD8D6A048
(0000000131.000000) vcan0 103#E0FF0E3A92A00E10
(0000000131.000000) vcan0 101#0209062B64060AC0
(0000000131.100000) vcan0 102#0E3E420B3CD7B0F9
(0000000131.100000) vcan0 103#F4FFDE3992B00E9C
(0000000131.100000) vcan0 101#0F09522B64060BFF
(0000000131.200000) vcan0 102#0E3E490BA0D7C0BB
(0000000131.200000) vcan0 103#0B00AA3992C00E4E
(0000000131.200000) vcan0 101#1D09A72B64060CE3
(0000000131.300000) vcan0 102#0E3E4F0B04D8D042
(0000000131.300000) vcan0 103#24006D3992D00E7E
(0000000131.300000) vcan0 101#3609472C63060DA7
(0000000131.400000) vcan0 102#0E3E560B68D8E0A1
(0000000131.400000) vcan0 103#3D00313992E00E3A
(0000000131.400000) vcan0 101#5009D92C63060E39
(0000000131.500000) vcan0 102#0E3E5D0BCCD8F053
(0000000131.500000) vcan0 103#5600F63892F00E20
(0000000131.500000) vcan0 101#7109FE2C63060FDC
(0000000131.600000) vcan0 102#0E3E630B30D900DB
(0000000131.600000) vcan0 103#7000BA3892000E23
(0000000131.600000) vcan0 101#9209222D64060017
(0000000131.700000) vcan0 102#0E3E6A0B94D910FD
(0000000131.700000) vcan0 103#8B007A3892100EB7
(0000000131.700000) vcan0 101#9C09B12C640601E5
(0000000131.800000) vcan0 102#0E3E710BF8D920CA
(0000000131.800000) vcan0 103#AB00343892200E90
(0000000131.800000) vcan0 101#9F09EE2B640602DC
(0000000131.900000) vcan0 102#0E3E780B5CDA3038
(0000000131.900000) vcan0 103#CC00E73792300E9F
(0000000131.900000) vcan0 101#BC09892A64060381
(0000000132.000000) vcan0 102#0E3E7F0BC0DA40B8
(0000000132.000000) vcan0 103#EC009B3792400EA9
(0000000132.000000) vcan0 101#DA09242964060440
(0000000132.100000) vcan0 102#0E3E860B24DB5021
(0000000132.100000) vcan0 103#0A01583792500E9A
(0000000132.100000) vcan0 101#F2090829640705AF
(0000000132.200000) vcan0 102#0E3E8E0B88DB60E6
(0000000132.200000) vcan0 103#23011E3792600E45
(0000000132.200000) vcan0 101#080A71296407062E
(0000000132.300000) vcan0 102#0E3E950BECDB705A
(0000000132.300000) vcan0 103#3D01E53691700E02
(0000000132.300000) vcan0 101#1D0ADB2963070775
(0000000132.400000) vcan0 102#0E3E9C0B50DC8023
(0000000132.400000) vcan0 103#5501AD3691800E6B
(0000000132.400000) vcan0 101#300A342A630708FC
(0000000132.500000) vcan0 102#0E3EA30BB4DC902B
(0000000132.500000) vcan0 103#6F01703691900E9B
(0000000132.500000) vcan0 101#400A7C2A63070901
(0000000132.600000) vcan0 102#0E3EAB0B18DDA0A0
(0000000132.600000) vcan0 103#8A01343691A00E54
(0000000132.600000) vcan0 101#4F0AC42A64070A8B
(0000000132.700000) vcan0 102#0E3EB20B7CDDB0C8
(0000000132.700000) vcan0 103#AF01DE3591B00EDF
(0000000132.700000) vcan0 101#5A0A0B2B64070B46
(0000000132.800000) vcan0 102#0E3EBA0BE0DDC034
(0000000132.800000) vcan0 103#D8017F3590C00E75
(0000000132.800000) vcan0 101#5A0A542B64070C18
(0000000132.900000) vcan0 102#0E3EC10B44DED0A2
(0000000132.900000) vcan0 103#F601383590D00E3B
(0000000132.900000) vcan0 101#690A8A2B64070D70
(0000000133.000000) vcan0 102#0E3EC90BA8DEE005
(0000000133.000000) vcan0 103#0F02FC348FE00E1C
(0000000133.000000) vcan0 101#7E0AB82B63070E11
(0000000133.100000) vcan0 102#0E3ED00B0CDFF081
(0000000133.100000) vcan0 103#2802C2348FF00E70
(0000000133.100000) vcan0 101#910AEA2B63070FE5
(0000000133.200000) vcan0 102#0E3ED80B70DF00CB
(0000000133.200000) vcan0 103#3E028E348E000E2A
(0000000133.200000) vcan0 101#A00A252C6407006B
(0000000133.300000) vcan0 102#0E3EDF0BD4DF10FB
(0000000133.300000) vcan0 103#560254348D100E80
(0000000133.300000) vcan0 101#AD0A682C640701A7
(0000000133.400000) vcan0 102#0E3EE70B38E02011
(0000000133.400000) vcan0 103#73020D348C200EF9
(0000000133.400000) vcan0 101#B70ABC2C640702B6
(0000000133.500000) vcan0 102#0E3EEF0B9CE0305D
(0000000133.500000) vcan0 103#9002C7338B300EDB
(0000000133.500000) vcan0 101#C00A032D640703C0
(0000000133.600000) vcan0 102#0E3EF60B00E14069
(0000000133.600000) vcan0 103#AC0284338A400E33
(0000000133.600000) vcan0 101#C60A2B2D640704F6
(0000000133.700000) vcan0 102#0E3EFE0B64E15085
(0000000133.700000) vcan0 103#CF022F3389500E76
(0000000133.700000) vcan0 101#D00A032D64070537
(0000000133.800000) vcan0 102#0E3E060CC8E16025
(0000000133.800000) vcan0 103#FB02C23287600E49
(0000000133.800000) vcan0 101#DB0ABA2C640706A9
(0000000133.900000) vcan0 102#0E3E0D0C2CE27063
(0000000133.900000) vcan0 103#2603563285700EE0
(0000000133.900000) vcan0 101#E50A702C6407077C
(0000000134.000000) vcan0 102#0E3E150C90E28067
(0000000134.000000) vcan0 103#3703293285800E2A
(0000000134.000000) vcan0 101#F00A772B640708B5
(0000000134.100000) vcan0 102#0E3E1D0CF4E2908B
(0000000134.100000) vcan0 103#4503043284900ECA
(0000000134.100000) vcan0 101#FB0A6F2A64070999
(0000000134.200000) vcan0 102#0E3E250C58E3A02F
(0000000134.200000) vcan0 103#5703D43184A00EE0
(0000000134.200000) vcan0 101#060B672964070A7A
(0000000134.300000) vcan0 102#0E3E2D0CBCE3B003
(0000000134.300000) vcan0 103#7003913184B00EF5
(0000000134.300000) vcan0 101#0E0BC22864080BB6
(0000000134.400000) vcan0 102#0E3E350C20E4C0E8
(0000000134.400000) vcan0 103#8E03403183C00EC4
(0000000134.400000) vcan0 101#0E0BF22864080CCA
(0000000134.500000) vcan0 102#0E3E3D0C84E4D0A4
(0000000134.500000) vcan0 103#AB03F23083D00E6E
(0000000134.500000) vcan0 101#0E0B222964080D18
(0000000134.600000) vcan0 102#0E3E450CE8E4E073
(0000000134.600000) vcan0 103#C403A63083E00E86
(0000000134.600000) vcan0 101#1B0B2E2963080EFA
(0000000134.700000) vcan0 102#0E3E4D0C4CE5F073
(0000000134.700000) vcan0 103#E2034C3083F00E50
(0000000134.700000) vcan0 101#2A0B372963080F9F
(0000000134.800000) vcan0 102#0E3E550CB0E50017
(0000000134.800000) vcan0 103#0B04CB2F83000E87
(0000000134.800000) vcan0 101#370B43296308007E
(0000000134.900000) vcan0 102#0E3E5D0C14E6108F
(0000000134.900000) vcan0 103#3604422F82100EB2
(0000000134.900000) vcan0 101#3D0B662963080115
(0000000135.000000) vcan0 102#0E3E650C78E620C7
(0000000135.000000) vcan0 103#5604D72E82200E4D
(0000000135.000000) vcan0 101#430B8A2963080284
(0000000135.100000) vcan0 102#0E3E6D0CDCE6308B
(0000000135.100000) vcan0 103#6B04902E82300E5D
(0000000135.100000) vcan0 101#490BAD296308033B
(0000000135.200000) vcan0 102#0E3E750C40E740D5
(0000000135.200000) vcan0 103#79045E2E82400EDF
(0000000135.200000) vcan0 101#4D0BC1296308049D
(0000000135.300000) vcan0 102#0E3E7D0CA4E750F9
(0000000135.300000) vcan0 103#87042C2E82500EA7
(0000000135.300000) vcan0 101#510BD32964080532
(0000000135.400000) vcan0 102#0E3E850C08E8600E
(0000000135.400000) vcan0 103#9C04E02D82600E2E
(0000000135.400000) vcan0 101#550BE729640806E6
(0000000135.500000) vcan0 102#0E3E8D0C6CE870E2
(0000000135.500000) vcan0 103#B204902D82700E44
(0000000135.500000) vcan0 101#5C0B022A6408076C
(0000000135.600000) vcan0 102#0E3E950CD0E880E6
(0000000135.600000) vcan0 103#C604412D81800E73
(0000000135.600000) vcan0 101#630B1E2A630808FB
(0000000135.700000) vcan0 102#0E3E9D0C34E99086
(0000000135.700000) vcan0 103#DA04F32C81900E80
(0000000135.700000) vcan0 101#6A0B362A630809DF
(0000000135.800000) vcan0 102#0E3EA50C98E9A06E
(0000000135.800000) vcan0 103#EE04A42C82A00E08
(0000000135.800000) vcan0 101#710B492A64080A32
(0000000135.900000) vcan0 102#0E3EAD0CFCE9B082
(0000000135.900000) vcan0 103#0205552C82B00EA8
(0000000135.900000) vcan0 101#780B5D2A64080BFB
(0000000136.000000) vcan0 102#0E3EB60C60EAC0FA
(0000000136.000000) vcan0 103#1505052C82C00EC5
(0000000136.000000) vcan0 101#800B742A64080C0F
(0000000136.100000) vcan0 102#0E3EBE0CC4EAD0B6
(0000000136.100000) vcan0 103#2905B62B82D00E5A
(0000000136.100000) vcan0 101#890B8D2A64080D13
(0000000136.200000) vcan0 102#0E3EC60C28EBE0ED
(0000000136.200000) vcan0 103#3C05662B81E00EC8
(0000000136.200000) vcan0 101#900BA42A63080E54
(0000000136.300000) vcan0 102#0E3ECE0C8CEBF0A1
(0000000136.300000) vcan0 103#5005162B81F00EC6
(0000000136.300000) vcan0 101#930BA92A63080F06
(0000000136.400000) vcan0 102#0E3ED70CF0EB006F
(0000000136.400000) vcan0 103#6305C62A81000EDA
(0000000136.400000) vcan0 101#950BAF2A64080085
(0000000136.500000) vcan0 102#0E3EDF0C54EC10DA
(0000000136.500000) vcan0 103#7505792A81100E74
(0000000136.500000) vcan0 101#980BB42A64080159
(0000000136.600000) vcan0 102#0E3EE70CB8EC2052
(0000000136.600000) vcan0 103#8805292A81200E8B
(0000000136.600000) vcan0 101#9B0BBF2A64080250
(0000000136.700000) vcan0 102#0E3EEF0C1CED3052
(0000000136.700000) vcan0 103#9D05CC2981300EAA
(0000000136.700000) vcan0 101#9E0BCE2A640803A3
(0000000136.800000) vcan0 102#0E3EF80C80ED403C
(0000000136.800000) vcan0 103#B905552980400ED8
(0000000136.800000) vcan0 101#A10BDE2A6308041E
(0000000136.900000) vcan0 102#0E3E000DE4ED50DE
(0000000136.900000) vcan0 103#D505DE2880500E11
(0000000136.900000) vcan0 101#A40BEE2A63080518
(0000000137.000000) vcan0 102#0E3E080D48EE60CD
(0000000137.000000) vcan0 103#EA05852880600EE2
(0000000137.000000) vcan0 101#A60B022B630806A7
(0000000137.100000) vcan0 102#0E3E110DACEE7065
(0000000137.100000) vcan0 103#F4055A2880700EC0
(0000000137.100000) vcan0 101#A80B162B630807E0
(0000000137.200000) vcan0 102#0E3E190D10EF80C3
(0000000137.200000) vcan0 103#FF052E2880800E12
(0000000137.200000) vcan0 101#AA0B2A2B6308080C
(0000000137.300000) vcan0 102#0E3E210D74EF9000
(0000000137.300000) vcan0 103#0D06F02780900E53
(0000000137.300000) vcan0 101#AC0B3D2B63080927
(0000000137.400000) vcan0 102#0E3E290DD8EFA0C7
(0000000137.400000) vcan0 103#2006A02780A00E6A
(0000000137.400000) vcan0 101#AF0B512B63080A7B
(0000000137.500000) vcan0 102#0E3E320D3CF0B0AC
(0000000137.500000) vcan0 103#320652277FB00E94
(0000000137.500000) vcan0 101#B80B622B63080BC0
(0000000137.600000) vcan0 102#0E3E3A0DA0F0C050
(0000000137.600000) vcan0 103#430608277EC00EB7
(0000000137.600000) vcan0 101#C20B732B63080C77
(0000000137.700000) vcan0 102#0E3E430D04F1D08A
(0000000137.700000) vcan0 103#5406BE267DD00E48
(0000000137.700000) vcan0 101#CB0B842B63080D7D
(0000000137.800000) vcan0 102#0E3E4B0D68F1E0ED
(0000000137.800000) vcan0 103#710647267DE00E5C
(0000000137.800000) vcan0 101#CC0B882B63080E16
(0000000137.900000) vcan0 102#0E3E530DCCF1F04F
(0000000137.900000) vcan0 103#9306B5257EF00E33
(0000000137.900000) vcan0 101#CC0B8A2B64080F55
(0000000138.000000) vcan0 102#0E3E5C0D30F2001A
(0000000138.000000) vcan0 103#AC0647257F000E93
(0000000138.000000) vcan0 101#D50BAD2B64080012
(0000000138.100000) vcan0 102#0E3E640D94F21079
(0000000138.100000) vcan0 103#BC06042580100EB1
(0000000138.100000) vcan0 101#DF0BD42B63080140
(0000000138.200000) vcan0 102#0E3E6D0DF8F22074
(0000000138.200000) vcan0 103#C506DD2480200E25
(0000000138.200000) vcan0 101#E30BD72B630802B4
(0000000138.300000) vcan0 102#0E3E750D5CF3309A
(0000000138.300000) vcan0 103#CD06B9247F300EA6
(0000000138.300000) vcan0 101#E70BD62B64080320
(0000000138.400000) vcan0 102#0E3E7E0DC0F340D8
(0000000138.400000) vcan0 103#DF066C247F400E03
(0000000138.400000) vcan0 101#EA0BD72B640804FF
(0000000138.500000) vcan0 102#0E3E860D24F4509E
(0000000138.500000) vcan0 103#F6060C247E500E86
(0000000138.500000) vcan0 101#EA0BE42B630805F9
(0000000138.600000) vcan0 102#0E3E8F0D88F46033
(0000000138.600000) vcan0 103#0907BA237E600E6D
(0000000138.600000) vcan0 101#EB0BEF2B6308064A
(0000000138.700000) vcan0 102#0E3E970DECF47031
(0000000138.700000) vcan0 103#1B076D237E700E83
(0000000138.700000) vcan0 101#F00BEB2B640807E4
(0000000138.800000) vcan0 102#0E3EA00D50F580C4
(0000000138.800000) vcan0 103#2E071C237E800E59
(0000000138.800000) vcan0 101#F40BE82B64080888
(0000000138.900000) vcan0 102#0E3EA80DB4F590E8
(0000000138.900000) vcan0 103#4B079D227E900EBC
(0000000138.900000) vcan0 101#F40BF12B64080966
(0000000139.000000) vcan0 102#0E3EB10D18F6A07F
(0000000139.000000) vcan0 103#68071B227EA00EB7
(0000000139.000000) vcan0 101#F40BFA2B64080A88
(0000000139.100000) vcan0 102#0E3EB90D7CF6B093
(0000000139.100000) vcan0 103#7907D1217EB00E42
(0000000139.100000) vcan0 101#F40B022C64080B85
(0000000139.200000) vcan0 102#0E3EC20DE0F6C061
(0000000139.200000) vcan0 103#8A0787217DC00EBB
(0000000139.200000) vcan0 101#F40B0B2C64080CCB
(0000000139.300000) vcan0 102#0E3ECA0D44F7D061
(0000000139.300000) vcan0 103#960753217DD00EEA
(0000000139.300000) vcan0 101#EB0BE92B64080D6E
(0000000139.400000) vcan0 102#0E3ED30DA8F7E042
(0000000139.400000) vcan0 103#A10726217DE00E1C
(0000000139.400000) vcan0 101#E00BBD2B63080E32
(0000000139.500000) vcan0 102#0E3EDB0D0CF8F0AD
(0000000139.500000) vcan0 103#B007E2207EF00E54
(0000000139.500000) vcan0 101#E00BC42B64080F08
(0000000139.600000) vcan0 102#0E3EE30D70F800C8
(0000000139.600000) vcan0 103#C3078D207F000EF4
(0000000139.600000) vcan0 101#DE0BBE2B64080077
(0000000139.700000) vcan0 102#0E3EEC0DD4F8108F
(0000000139.700000) vcan0 103#D9072B207E100E9D
(0000000139.700000) vcan0 101#DA0BA82B63080106
(0000000139.800000) vcan0 102#0E3EF40D38F9208A
(0000000139.800000) vcan0 103#EF07C91F7E200EF7
(0000000139.800000) vcan0 101#D60B942B63080277
(0000000139.900000) vcan0 102#0E3EFD0D9CF930AC
(0000000139.900000) vcan0 103#0208771F7E300E6A
(0000000139.900000) vcan0 101#D60B8A2B63080392
(0000000140.000000) vcan0 102#0E3E050E00FA40AD
(0000000140.000000) vcan0 103#1608261F7F400E05
(0000000140.000000) vcan0 101#D60B7F2B6308048D
(0000000140.100000) vcan0 102#0E3E0E0E64FA50FF
(0000000140.100000) vcan0 103#2808D51E7F500ED6
(0000000140.100000) vcan0 101#D60B7E2B630805FA
(0000000140.200000) vcan0 102#0E3E160EC8FA60D6
(0000000140.200000) vcan0 103#3A08841E7F600E0F
(0000000140.200000) vcan0 101#D60B7F2B6408063D
(0000000140.300000) vcan0 102#0E3E1E0E2CFB70B6
(0000000140.300000) vcan0 103#4E08321E7F700EB7
(0000000140.300000) vcan0 101#D60B732B640807E2
(0000000140.400000) vcan0 102#0E3E270E90FB8019
(0000000140.400000) vcan0 103#6108E01D7F800E5A
(0000000140.400000) vcan0 101#D60B6B2B640808C0
(0000000140.500000) vcan0 102#0E3E2F0EF4FB90F5
(0000000140.500000) vcan0 103#74088E1D7F900E2B
(0000000140.500000) vcan0 101#D20B7E2B64080985
(0000000140.600000) vcan0 102#0E3E380E58FCA059
(0000000140.600000) vcan0 103#88083D1D7FA00E4A
(0000000140.600000) vcan0 101#CE0B912B64080AA1
(0000000140.700000) vcan0 102#0E3E400EBCFCB0C5
(0000000140.700000) vcan0 103#9B08EB1C7FB00E0E
(0000000140.700000) vcan0 101#CC0B8F2B64080BFE
(0000000140.800000) vcan0 102#0E3E480E20FDC075
(0000000140.800000) vcan0 103#AF08971C7FC00EE8
(0000000140.800000) vcan0 101#CC0B602B64080CAC
(0000000140.900000) vcan0 102#0E3E510E84FDD0BD
(0000000140.900000) vcan0 103#C308471C7FD00E04
(0000000140.900000) vcan0 101#C90B562B64080DCB
(0000000141.000000) vcan0 102#0E3E590EE8FDE0DA
(0000000141.000000) vcan0 103#D408FF1B80E00E73
(0000000141.000000) vcan0 101#C50B592B64080E2B
(0000000141.100000) vcan0 102#0E3E610E4CFEF06D
(0000000141.100000) vcan0 103#E708AF1B80F00E87
(0000000141.100000) vcan0 101#C20B682B57080F59
(0000000141.200000) vcan0 102#0E3E6A0EB0FE0059
(0000000141.200000) vcan0 103#0409381B80000E12
(0000000141.200000) vcan0 101#C20B8F2B2D0800D3
(0000000141.300000) vcan0 102#0E3E720E14FF10B7
(0000000141.300000) vcan0 103#2509AA1A81100E9F
(0000000141.300000) vcan0 101#C20BB52B0308017B
(0000000141.400000) vcan0 102#0E3E7A0E78FF20D0
(0000000141.400000) vcan0 103#3B09511A81200EBC
(0000000141.400000) vcan0 101#A30B182B00080276
(0000000141.500000) vcan0 102#0E3E820EDCFF300F
(0000000141.500000) vcan0 103#4E09001A82300EA3
(0000000141.500000) vcan0 101#820B6B2A000803CA
(0000000141.600000) vcan0 102#0E3E8A0E400041AF
(0000000141.600000) vcan0 103#6109AF1982400E9F
(0000000141.600000) vcan0 101#610BBD29000804E7
(0000000141.700000) vcan0 102#0E3E920EA400516D
(0000000141.700000) vcan0 103#7209691982500EA8
(0000000141.700000) vcan0 101#440B222900080510
(0000000141.800000) vcan0 102#0E3E9A0E080161E6
(0000000141.800000) vcan0 103#7D093B1982600E90
(0000000141.800000) vcan0 101#310BB128000806E5
(0000000141.900000) vcan0 102#0E3EA20E6C017125
(0000000141.900000) vcan0 103#87090F1982700E7F
(0000000141.900000) vcan0 101#1E0B3F28000807FE
(0000000142.000000) vcan0 102#0E3EAA0ED00181CF
(0000000142.000000) vcan0 103#9209E01882800E8C
(0000000142.000000) vcan0 101#000BCA27000808D9
(0000000142.100000) vcan0 102#0E3EB10E34029167
(0000000142.100000) vcan0 103#A909801882900E85
(0000000142.100000) vcan0 101#8F0A412700080995
(0000000142.200000) vcan0 102#0E3EB70E9802A1B6
(0000000142.200000) vcan0 103#C209161883A00EE3
(0000000142.200000) vcan0 101#1D0AB82600080A03
(0000000142.300000) vcan0 102#0E3EBE0EFC02B130
(0000000142.300000) vcan0 103#DA09AF1783B00E45
(0000000142.300000) vcan0 101#AB092E2600080BDC
(0000000142.400000) vcan0 102#0E3EC40E6003C1E4
(0000000142.400000) vcan0 103#E6097E1783C00E3B
(0000000142.400000) vcan0 101#3909B92500180CE5
(0000000142.500000) vcan0 102#0E3EC90EC403D177
(0000000142.500000) vcan0 103#EC09611783D00E75
(0000000142.500000) vcan0 101#C708572500180D7D
(0000000142.600000) vcan0 102#0E3ECF0E2804E13F
(0000000142.600000) vcan0 103#F309431784E00ECE
(0000000142.600000) vcan0 101#5508F62400180EED
(0000000142.700000) vcan0 102#0E3ED40E8C04F123
(0000000142.700000) vcan0 103#FC091B1784F00E20
(0000000142.700000) vcan0 101#E407942400180F95
(0000000142.800000) vcan0 102#0E3ED90EF00401B6
(0000000142.800000) vcan0 103#060AE71684000E05
(0000000142.800000) vcan0 101#77072B2400170002
(0000000142.900000) vcan0 102#0E3EDE0E540511CA
(0000000142.900000) vcan0 103#120AAD1684100E5D
(0000000142.900000) vcan0 101#29078E23001701B0
(0000000143.000000) vcan0 102#0E3EE20EB80521F7
(0000000143.000000) vcan0 103#1D0A771684200E31
(0000000143.000000) vcan0 101#DC06F222001702A3
(0000000143.100000) vcan0 102#0E3EE70E1C0631C7
(0000000143.100000) vcan0 103#230A4F1684300E0A
(0000000143.100000) vcan0 101#8E0655220017038A
(0000000143.200000) vcan0 102#0E3EEB0E8006418E
(0000000143.200000) vcan0 103#280A271684400E3D
(0000000143.200000) vcan0 101#4106C4210015047F
(0000000143.300000) vcan0 102#0E3EEF0EE40651A0
(0000000143.300000) vcan0 103#2B0A051684500E7B
(0000000143.300000) vcan0 101#F205862100150573
(0000000143.400000) vcan0 102#0E3EF30E48076170
(0000000143.400000) vcan0 103#2C0AE11584600E46
(0000000143.400000) vcan0 101#A3054821001506C4
(0000000143.500000) vcan0 102#0E3EF60EAC0771F4
(0000000143.500000) vcan0 103#2D0ABC1584700E76
(0000000143.500000) vcan0 101#6905AC2100150706
(0000000143.600000) vcan0 102#0E3EFA0E10088108
(0000000143.600000) vcan0 103#2B0A971583800EC5
(0000000143.600000) vcan0 101#5805692300150872
(0000000143.700000) vcan0 102#0E3EFE0E74089126
(0000000143.700000) vcan0 103#260A751583900E3E
(0000000143.700000) vcan0 101#47052525001509BE
(0000000143.800000) vcan0 102#0E3E020FD808A15A
(0000000143.800000) vcan0 103#1F0A551583A00E67
(0000000143.800000) vcan0 101#39050A2500040AD5
(0000000143.900000) vcan0 102#0E3E050F3C09B146
(0000000143.900000) vcan0 103#140A351583B00EB8
(0000000143.900000) vcan0 101#2A05C52400040BCB
(0000000144.000000) vcan0 102#0E3E090FA009C10F
(0000000144.000000) vcan0 103#070A161583C00EB2
(0000000144.000000) vcan0 101#1D058D2401030C5E
(0000000144.100000) vcan0 102#0E3E0C0F040AD13F
(0000000144.100000) vcan0 103#F709F61483D00E85
(0000000144.100000) vcan0 101#1305BC2407030D02
(0000000144.200000) vcan0 102#0E3E100F680AE103
(0000000144.200000) vcan0 103#E609D71483E00E0B
(0000000144.200000) vcan0 101#0905EC240E030E06
(0000000144.300000) vcan0 102#0E3E140FCC0AF18D
(0000000144.300000) vcan0 103#D509B91483F00EC6
(0000000144.300000) vcan0 101#FF041E2518030FE0
(0000000144.400000) vcan0 102#0E3E170F300B0182
(0000000144.400000) vcan0 103#C4099D1482000E3B
(0000000144.400000) vcan0 101#F6045025210300F6
(0000000144.500000) vcan0 102#0E3E1A0F940B1111
(0000000144.500000) vcan0 103#B209801482100E12
(0000000144.500000) vcan0 101#ED0482252B0301EE
(0000000144.600000) vcan0 102#0E3E1E0FF80B21B4
(0000000144.600000) vcan0 103#A109611482200E9A
(0000000144.600000) vcan0 101#03055F242E030270
(0000000144.700000) vcan0 102#0E3E220F5C0C319B
(0000000144.700000) vcan0 103#9009421482300EDA
(0000000144.700000) vcan0 101#1C051C23310303C3
(0000000144.800000) vcan0 102#0E3E260FC00C41A5
(0000000144.800000) vcan0 103#8209211482400E12
(0000000144.800000) vcan0 101#3305FB213203047E
(0000000144.900000) vcan0 102#0E3E290F240D51CE
(0000000144.900000) vcan0 103#7709FC1382500E35
(0000000144.900000) vcan0 101#3E05F3212D03056C
(0000000145.000000) vcan0 102#0E3E2D0F880D61CB
(0000000145.000000) vcan0 103#6C09D71381600EFC
(0000000145.000000) vcan0 101#4805EC212703060D
(0000000145.100000) vcan0 102#0E3E310FEC0D717C
(0000000145.100000) vcan0 103#6309AE1381700EB9
(0000000145.100000) vcan0 101#5005F721270407A5
(0000000145.200000) vcan0 102#0E3E350F500E8180
(0000000145.200000) vcan0 103#5E09801380800E33
(0000000145.200000) vcan0 101#50052D223304084B
(0000000145.300000) vcan0 102#0E3E390FB40E9119
(0000000145.300000) vcan0 103#5C09581380900E18
(0000000145.300000) vcan0 101#6005B9223A04097B
(0000000145.400000) vcan0 102#0E3E3D0F180FA150
(0000000145.400000) vcan0 103#5C09361380A00E91
(0000000145.400000) vcan0 101#770567233D040A38
(0000000145.500000) vcan0 102#0E3E410F7C0FB1B9
(0000000145.500000) vcan0 103#5C09141380B00E30
(0000000145.500000) vcan0 101#8D05152441040B36
(0000000145.600000) vcan0 102#0E3E450FE00FC187
(0000000145.600000) vcan0 103#5C09F21280C00E9A
(0000000145.600000) vcan0 101#A305C32444040CB1
(0000000145.700000) vcan0 102#0E3E490F4410D169
(0000000145.700000) vcan0 103#5E09CC1280D00EAD
(0000000145.700000) vcan0 101#CB050D2648040D48
(0000000145.800000) vcan0 102#0E3E4D0FA810E10C
(0000000145.800000) vcan0 103#6209A11280E00EF7
(0000000145.800000) vcan0 101#F80597274C040EAB
(0000000145.900000) vcan0 102#0E3E520F0C11F1E9
(0000000145.900000) vcan0 103#6709731280F00EF1
(0000000145.900000) vcan0 101#2406C5284E040FCF
(0000000146.000000) vcan0 102#0E3E560F70110161
(0000000146.000000) vcan0 103#6D0944127F000E51
(0000000146.000000) vcan0 101#4B0627294F040022
(0000000146.100000) vcan0 102#0E3E5B0FD41111F2
(0000000146.100000) vcan0 103#730916127F100EF8
(0000000146.100000) vcan0 101#73068A29500401EF
(0000000146.200000) vcan0 102#0E3E600F38122110
(0000000146.200000) vcan0 103#7A09EB117F200E37
(0000000146.200000) vcan0 101#9D06502A56040297
(0000000146.300000) vcan0 102#0E3E650F9C1231F4
(0000000146.300000) vcan0 103#8309C0117E300E22
(0000000146.300000) vcan0 101#CA06752B5F040363
(0000000146.400000) vcan0 102#0E3E6A0F0013414F
(0000000146.400000) vcan0 103#8C0992117E400EF0
(0000000146.400000) vcan0 101#EF06822C63040425
(0000000146.500000) vcan0 102#0E3E6F0F6413510B
(0000000146.500000) vcan0 103#970961117E500EE5
(0000000146.500000) vcan0 101#0C07772D640405D2
(0000000146.600000) vcan0 102#0E3E740FC813619C
(0000000146.600000) vcan0 103#A2092F117E600E4F
(0000000146.600000) vcan0 101#2D07342E6404065C
(0000000146.700000) vcan0 102#0E3E790F2C147196
(0000000146.700000) vcan0 103#AF09FC107E700E6C
(0000000146.700000) vcan0 101#6B072E2D640407BB
(0000000146.800000) vcan0 102#0E3E7F0F9014816A
(0000000146.800000) vcan0 103#BD09C9107E800E7D
(0000000146.800000) vcan0 101#99070E2C6404084F
(0000000146.900000) vcan0 102#0E3E840FF41491AB
(0000000146.900000) vcan0 103#CB0996107F900E90
(0000000146.900000) vcan0 101#B707D62A64040970
(0000000147.000000) vcan0 102#0E3E8A0F5815A141
(0000000147.000000) vcan0 103#DB095C107FA00EF7
(0000000147.000000) vcan0 101#D307702A64050A40
(0000000147.100000) vcan0 102#0E3E8F0FBC15B1C5
(0000000147.100000) vcan0 103#F30906107FB00E2C
(0000000147.100000) vcan0 101#EC07D32A64050B8B
(0000000147.200000) vcan0 102#0E3E950F2016C1D7
(0000000147.200000) vcan0 103#0B0AB20F7FC00E42
(0000000147.200000) vcan0 101#0508392B64050CC1
(0000000147.300000) vcan0 102#0E3E9B0F8416D1FA
(0000000147.300000) vcan0 103#190A830F7FD00EB0
(0000000147.300000) vcan0 101#1E08AD2B64050D28
(0000000147.400000) vcan0 102#0E3EA10FE816E166
(0000000147.400000) vcan0 103#240A5F0F7FE00ED1
(0000000147.400000) vcan0 101#3708222C63050ECE
(0000000147.500000) vcan0 102#0E3EA70F4C17F170
(0000000147.500000) vcan0 103#300A360F7FF00EF6
(0000000147.500000) vcan0 101#5808B52B63050F0C
(0000000147.600000) vcan0 102#0E3EAD0FB017012E
(0000000147.600000) vcan0 103#3C0A0C0F7F000E23
(0000000147.600000) vcan0 101#7C08F12A6405008C
(0000000147.700000) vcan0 102#0E3EB30F1418114E
(0000000147.700000) vcan0 103#560AAF0E7F100E8F
(0000000147.700000) vcan0 101#A0082C2A64050116
(0000000147.800000) vcan0 102#0E3EBA0F78182143
(0000000147.800000) vcan0 103#720A4D0E7F200EE1
(0000000147.800000) vcan0 101#C20892296406024E
(0000000147.900000) vcan0 102#0E3EC00FDC18316B
(0000000147.900000) vcan0 103#880AFD0D7F300E22
(0000000147.900000) vcan0 101#D708332A640603EC
(0000000148.000000) vcan0 102#0E3EC60F401941CD
(0000000148.000000) vcan0 103#9B0AB60D7F400E01
(0000000148.000000) vcan0 101#EC08D42A6406042A
(0000000148.100000) vcan0 102#0E3ECD0FA419515F
(0000000148.100000) vcan0 103#A90A7F0D7F500E78
(0000000148.100000) vcan0 101#0409302B640605E6
(0000000148.200000) vcan0 102#0E3ED30F081A61C3
(0000000148.200000) vcan0 103#B50A4F0D80600E9A
(0000000148.200000) vcan0 101#1D09722B63060636
(0000000148.300000) vcan0 102#0E3EDA0F6C1A7145
(0000000148.300000) vcan0 103#C10A210D80700E07
(0000000148.300000) vcan0 101#3609B52B630607C6
(0000000148.400000) vcan0 102#0E3EE10FD01A813E
(0000000148.400000) vcan0 103#CC0AF50C80800E79
(0000000148.400000) vcan0 101#4F094A2C630608E1
(0000000148.500000) vcan0 102#0E3EE70F341B9148
(0000000148.500000) vcan0 103#D70AC90C80900EAC
(0000000148.500000) vcan0 101#6809E62C640609B7
(0000000148.600000) vcan0 102#0E3EEE0F981BA1E5
(0000000148.600000) vcan0 103#E50A930C80A00ED3
(0000000148.600000) vcan0 101#7E093B2C64060A00
(0000000148.700000) vcan0 102#0E3EF50FFC1BB159
(0000000148.700000) vcan0 103#F30A5C0C80B00ECD
(0000000148.700000) vcan0 101#9309752B63060B1C
(0000000148.800000) vcan0 102#0E3EFC0F601CC136
(0000000148.800000) vcan0 103#040B1B0C80C00E13
(0000000148.800000) vcan0 101#A809B12A63060C38
(0000000148.900000) vcan0 102#0E3E0310C41CD1AF
(0000000148.900000) vcan0 103#150BD80B80D00EB5
(0000000148.900000) vcan0 101#B909FE2964060D12
(0000000149.000000) vcan0 102#0E3E0A10281DE12E
(0000000149.000000) vcan0 103#250B950B80E00E95
(0000000149.000000) vcan0 101#C9094C2964060EE5
(0000000149.100000) vcan0 102#0E3E11108C1DF132
(0000000149.100000) vcan0 103#370B510B80F00E2B
(0000000149.100000) vcan0 101#D5094D2964070FDC
(0000000149.200000) vcan0 102#0E3E1810F01D0112
(0000000149.200000) vcan0 103#480B0D0B80000E2E
(0000000149.200000) vcan0 101#DF0993296407004B
(0000000149.300000) vcan0 102#0E3E1F10541E11F6
(0000000149.300000) vcan0 103#5A0BC80A80100E67
(0000000149.300000) vcan0 101#E209A729640701FC
(0000000149.400000) vcan0 102#0E3E2610B81E2114
(0000000149.400000) vcan0 103#6C0B840A80200EFE
(0000000149.400000) vcan0 101#E609B22964070283
(0000000149.500000) vcan0 102#0E3E2D101C1F31AA
(0000000149.500000) vcan0 103#7E0B3E0A80300EE6
(0000000149.500000) vcan0 101#050A122A640703FB
(0000000149.600000) vcan0 102#0E3E3510801F41B8
(0000000149.600000) vcan0 103#900BF80980400EBB
(0000000149.600000) vcan0 101#240A712A630704F0
(0000000149.700000) vcan0 102#0E3E3C10E41F513E
(0000000149.700000) vcan0 103#A30BAE0980500E2E
(0000000149.700000) vcan0 101#430ACF2A630705C8
(0000000149.800000) vcan0 102#0E3E431048206120
(0000000149.800000) vcan0 103#BB0B520980600ED5
(0000000149.800000) vcan0 101#540A132B630706D5
(0000000149.900000) vcan0 102#0E3E4B10AC20710C
(0000000149.900000) vcan0 103#D30BF60880700EC8
(0000000149.900000) vcan0 101#630A532B64070785
(0000000150.000000) vcan0 102#0E3E52101021812E
(0000000150.000000) vcan0 103#E80BA60880800EB8
(0000000150.000000) vcan0 101#720A942B6407086D
(0000000150.100000) vcan0 102#0E3E5A10742191C2
(0000000150.100000) vcan0 103#F60B720880900E53
(0000000150.100000) vcan0 101#810AD52B640709CB
(0000000150.200000) vcan0 102#0E3E6110D821A194
(0000000150.200000) vcan0 103#050C380880A00E2F
(0000000150.200000) vcan0 101#8F0A002C64070A94
(0000000150.300000) vcan0 102#0E3E69103C22B16C
(0000000150.300000) vcan0 103#140CFE0780B00ECA
(0000000150.300000) vcan0 101#9D0A292C63070BDC
(0000000150.400000) vcan0 102#0E3E7110A022C17E
(0000000150.400000) vcan0 103#320C8D0780C00E53
(0000000150.400000) vcan0 101#AB0A552C63070CF8
(0000000150.500000) vcan0 102#0E3E78100423D114
(0000000150.500000) vcan0 103#540C0C0780D00ECC
(0000000150.500000) vcan0 101#B80A992C64070D4F
(0000000150.600000) vcan0 102#0E3E80106823E1E0
(0000000150.600000) vcan0 103#6C0CB20680E00E8E
(0000000150.600000) vcan0 101#C40ADC2C64070E9B
(0000000150.700000) vcan0 102#0E3E8810CC23F1AC
(0000000150.700000) vcan0 103#790C810680F00E26
(0000000150.700000) vcan0 101#D10A0B2D64070FCF
(0000000150.800000) vcan0 102#0E3E8F10302401A3
(0000000150.800000) vcan0 103#820C5F0681000E93
(0000000150.800000) vcan0 101#DD0A322D640700FD
(0000000150.900000) vcan0 102#0E3E971094241101
(0000000150.900000) vcan0 103#8C0C360681100E65
(0000000150.900000) vcan0 101#E80ADF2C6407014A
(0000000151.000000) vcan0 102#0E3E9F10F8242166
(0000000151.000000) vcan0 103#9C0CF50581200EA5
(0000000151.000000) vcan0 101#EF0A812B64070270
(0000000151.100000) vcan0 102#0E3EA7105C253149
(0000000151.100000) vcan0 103#B00CA10580300E8E
(0000000151.100000) vcan0 101#F60A232A6307037A
(0000000151.200000) vcan0 102#0E3EAF10C02541B5
(0000000151.200000) vcan0 103#C50C460580400EEF
(0000000151.200000) vcan0 101#FA0A372963070473
(0000000151.300000) vcan0 102#0E3EB610242651C9
(0000000151.300000) vcan0 103#DA0CE20481500EFB
(0000000151.300000) vcan0 101#FA0AB82864070526
(0000000151.400000) vcan0 102#0E3EBE108826610E
(0000000151.400000) vcan0 103#EE0C870481600E04
(0000000151.400000) vcan0 101#FA0A8028640806FA
(0000000151.500000) vcan0 102#0E3EC610EC267152
(0000000151.500000) vcan0 103#FB0C470480700E0E
(0000000151.500000) vcan0 101#FA0A8E28640807F1
(0000000151.600000) vcan0 102#0E3ECE10502781F4
(0000000151.600000) vcan0 103#070D070480800E27
(0000000151.600000) vcan0 101#FA0A9C2864080870
(0000000151.700000) vcan0 102#0E3ED610B4279136
(0000000151.700000) vcan0 103#120DBC0380900E2F
(0000000151.700000) vcan0 101#FE0AA2286408093D
(0000000152.200000) vcan0 010#020E
(0000000152.200000) vcan0 010#012C
(0000000152.200000) vcan0 102#2C2F00000000A092
(0000000152.200000) vcan0 103#160DAB0382A02CDC
(0000000152.200000) vcan0 101#220B232964080AF5
(0000000152.300000) vcan0 102#2C2F08006400B07E
(0000000152.300000) vcan0 103#210D5D0381B02C4E
(0000000152.300000) vcan0 101#220B112964080B13
(0000000152.400000) vcan0 102#2C2F1000C800C044
(0000000152.400000) vcan0 103#2C0D0F0380C02CA9
(0000000152.400000) vcan0 101#220B012964080CAE
(0000000152.500000) vcan0 102#2C2F18002C01D024
(0000000152.500000) vcan0 103#330DBF0280D02C69
(0000000152.500000) vcan0 101#220B0D2964080D71
(0000000152.600000) vcan0 102#2C2F20009001E0D4
(0000000152.600000) vcan0 103#3A0D710280E02C8D
(0000000152.600000) vcan0 101#220B072964080EF5
(0000000152.700000) vcan0 102#2C2F2800F401F038
(0000000152.700000) vcan0 103#3E0D220280F02C9F
(0000000152.700000) vcan0 101#220BEE2864080F15
(0000000152.800000) vcan0 102#2C2F2F0058020062
(0000000152.800000) vcan0 103#410DD3017F002C64
(0000000152.800000) vcan0 101#220BD52864080048
(0000000152.900000) vcan0 102#2C2F3700BC0210A0
(0000000152.900000) vcan0 103#420D6C017F102C47
(0000000152.900000) vcan0 101#220BC328640801DA
(0000000153.000000) vcan0 102#2C2F3F0020032003
(0000000153.000000) vcan0 103#400DDE0080202C77
(0000000153.000000) vcan0 101#220BC328640802FD
(0000000153.100000) vcan0 102#2C2F4700840330FF
(0000000153.100000) vcan0 103#3D0D840080302CFF
(0000000153.100000) vcan0 101#220BC328640803E0
(0000000153.200000) vcan0 102#2C2F4F00E803408B
(0000000153.200000) vcan0 103#3B0D4B0081402C48
(0000000153.200000) vcan0 101#220BC328640804B3
(0000000153.300000) vcan0 102#2C2F57004C0450D0
(0000000153.300000) vcan0 103#380D120081502C77
(0000000153.300000) vcan0 101#220BC328640805AE
(0000000153.400000) vcan0 102#2C2F5F00B004606F
(0000000153.400000) vcan0 103#340DE2FF81602C38
(0000000153.400000) vcan0 101#190BBB28640806AD
(0000000153.500000) vcan0 102#2C2F670014057040
(0000000153.500000) vcan0 103#2F0DADFF81702CE3
(0000000153.500000) vcan0 101#0F0BB228640807C7
(0000000153.600000) vcan0 102#2C2F6F0078058012
(0000000153.600000) vcan0 103#250D4FFF81802CC0
(0000000153.600000) vcan0 101#0B0BA228600808FD
(0000000153.700000) vcan0 102#2C2F7600DC0590DA
(0000000153.700000) vcan0 103#180DE0FE82902CCB
(0000000153.700000) vcan0 101#080B90285C0809DE
(0000000153.800000) vcan0 102#2C2F7E004006A0E1
(0000000153.800000) vcan0 103#0C0D71FE83A02CF2
(0000000153.800000) vcan0 101#050B7E2858080A72
(0000000153.900000) vcan0 102#2C2F8600A406B05E
(0000000153.900000) vcan0 103#020D17FE83B02C78
(0000000153.900000) vcan0 101#F60A502840080BA4
(0000000154.000000) vcan0 102#2C2F8E000807C0C6
(0000000154.000000) vcan0 103#FC0CE6FD83C02CFE
(0000000154.000000) vcan0 101#E20A15281F080C99
(0000000154.100000) vcan0 102#2C2F95006C07D07A
(0000000154.100000) vcan0 103#F80CC0FD83D02C83
(0000000154.100000) vcan0 101#A00A05270E180D45
(0000000154.200000) vcan0 102#2C2F9C00D007E0CF
(0000000154.200000) vcan0 103#F30C94FD83E02CB3
(0000000154.200000) vcan0 101#490A902506180EC4
(0000000154.300000) vcan0 102#2C2FA3003408F064
(0000000154.300000) vcan0 103#EA0C49FD84F02C41
(0000000154.300000) vcan0 101#EB090D2400180F9A
(0000000154.400000) vcan0 102#2C2FAA00980800FC
(0000000154.400000) vcan0 103#E30C04FD84002C1B
(0000000154.400000) vcan0 101#7A0966220018009A
(0000000154.500000) vcan0 102#2C2FB000FC08102A
(0000000154.500000) vcan0 103#DD0CC6FC84102C8D
(0000000154.500000) vcan0 101#0A09BF20001801E7
(0000000154.600000) vcan0 102#2C2FB50060092021
(0000000154.600000) vcan0 103#D90C8BFC84202C12
(0000000154.600000) vcan0 101#8E082321001802DC
(0000000154.700000) vcan0 102#2C2FBB00C409300C
(0000000154.700000) vcan0 103#D50C4FFC85302C9B
(0000000154.700000) vcan0 101#1108CE2100180350
(0000000154.800000) vcan0 102#2C2FC000280A4062
(0000000154.800000) vcan0 103#D20C14FC85402C86
(0000000154.800000) vcan0 101#94077A2200180450
(0000000154.900000) vcan0 102#2C2FC5008C0A5086
(0000000154.900000) vcan0 103#D10CDEFB85502C3E
(0000000154.900000) vcan0 101#5207922300180576
(0000000155.000000) vcan0 102#2C2FCA00F00A60F2
(0000000155.000000) vcan0 103#D10CAAFB86602C76
(0000000155.000000) vcan0 101#2C07CB24001806C0
(0000000155.100000) vcan0 102#2C2FCF00540B705A
(0000000155.100000) vcan0 103#D50C78FB86702C2D
(0000000155.100000) vcan0 101#FA062F25001807DB
(0000000155.200000) vcan0 102#2C2FD400B80B8098
(0000000155.200000) vcan0 103#DA0C48FB85802C30
(0000000155.200000) vcan0 101#C8069225001808A8
(0000000155.300000) vcan0 102#2C2FD8001C0C9098
(0000000155.300000) vcan0 103#E00C1CFB85902CFE
(0000000155.300000) vcan0 101#9606F62500180938
(0000000155.400000) vcan0 102#2C2FDD00800CA0DF
(0000000155.400000) vcan0 103#EA0CF6FA85A02C14
(0000000155.400000) vcan0 101#8306EC2500170A7C
(0000000155.500000) vcan0 102#2C2FE100E40CB0A9
(0000000155.500000) vcan0 103#F40CD0FA85B02CB8
(0000000155.500000) vcan0 101#7406D22500170B7F
(0000000155.600000) vcan0 102#2C2FE600480DC04D
(0000000155.600000) vcan0 103#030DAAFA85C02CE1
(0000000155.600000) vcan0 101#46062C2500150C5D
(0000000155.700000) vcan0 102#2C2FEA00AC0DD0D4
(0000000155.700000) vcan0 103#150D86FA85D02C3C
(0000000155.700000) vcan0 101#1406742400150D06
(0000000155.800000) vcan0 102#2C2FEE00100EE01D
(0000000155.800000) vcan0 103#280D62FA85E02C05
(0000000155.800000) vcan0 101#E205BB2300150EA5
(0000000155.900000) vcan0 102#2C2FF200740EF0AA
(0000000155.900000) vcan0 103#3E0D41FA85F02CA4
(0000000155.900000) vcan0 101#B905142300140F38
(0000000156.000000) vcan0 102#2C2FF600D80E009A
(0000000156.000000) vcan0 103#580D21FA86002CF6
(0000000156.000000) vcan0 101#A70599220014002D
(0000000156.100000) vcan0 102#2C2FFA003C0F104F
(0000000156.100000) vcan0 103#7E0DFDF987102C5B
(0000000156.100000) vcan0 101#95051F220014011E
(0000000156.200000) vcan0 102#2C2FFD00A00F20DC
(0000000156.200000) vcan0 103#A50DDBF987202CC9
(0000000156.200000) vcan0 101#8305A72100040226
(0000000156.300000) vcan0 102#2C2F01010410303C
(0000000156.300000) vcan0 103#CC0DBCF987302C16
(0000000156.300000) vcan0 101#710532210004033A
(0000000156.400000) vcan0 102#2C2F05016810408A
(0000000156.400000) vcan0 103#EB0DA4F987402C45
(0000000156.400000) vcan0 101#5F05BD20000404C5
(0000000156.500000) vcan0 102#2C2F0901CC105073
(0000000156.500000) vcan0 103#FE0D97F987502CED
(0000000156.500000) vcan0 101#4D054920000405FD
(0000000156.600000) vcan0 102#2C2F0C0130116028
(0000000156.600000) vcan0 103#120E8AF987602C0B
(0000000156.600000) vcan0 101#3905E41F00140642
(0000000156.700000) vcan0 102#2C2F10019411703F
(0000000156.700000) vcan0 103#2E0E7AF987702C41
(0000000156.700000) vcan0 101#1A052E20001407CF
(0000000156.800000) vcan0 102#2C2F1301F81180A4
(0000000156.800000) vcan0 103#4D0E68F987802CCF
(0000000156.800000) vcan0 101#EE042C2000140826
(0000000156.900000) vcan0 102#2C2F17015C1290FE
(0000000156.900000) vcan0 103#6E0E57F987902CA0
(0000000156.900000) vcan0 101#B304D71F001409E7
(0000000157.000000) vcan0 102#2C2F1A01C012A0CE
(0000000157.000000) vcan0 103#8B0E47F987A02CAB
(0000000157.000000) vcan0 101#7B04761F00130A1C
(0000000157.100000) vcan0 102#2C2F1D012413B0D2
(0000000157.100000) vcan0 103#A70E38F987B02C07
(0000000157.100000) vcan0 101#5C04891E00130B92
(0000000157.200000) vcan0 102#2C2F20018813C0F6
(0000000157.200000) vcan0 103#C00E28F987C02CFD
(0000000157.200000) vcan0 101#38047C1D00130CEF
(0000000157.300000) vcan0 102#2C2F2301EC13D0D3
(0000000157.300000) vcan0 103#D80E18F986D02C82
(0000000157.300000) vcan0 101#0E044C1C00130D45
(0000000157.400000) vcan0 102#2C2F25015014E0E3
(0000000157.400000) vcan0 103#ED0E08F986E02C4F
(0000000157.400000) vcan0 101#E603291B00130E1A
(0000000157.500000) vcan0 102#2C2F2801B414F010
(0000000157.500000) vcan0 103#FF0EF5F887F02CD1
(0000000157.500000) vcan0 101#CF03931A00130FD5
(0000000157.600000) vcan0 102#2C2F2A011815000D
(0000000157.600000) vcan0 103#100FE0F887002C08
(0000000157.600000) vcan0 101#B903FD1900130047
(0000000157.700000) vcan0 102#2C2F2D017C15109D
(0000000157.700000) vcan0 103#1E0FC1F887102C16
(0000000157.700000) vcan0 101#A2036619001301D2
(0000000157.800000) vcan0 102#2C2F2F01E01520D1
(0000000157.800000) vcan0 103#2B0FA4F887202CB4
(0000000157.800000) vcan0 101#8D03E118000302C7
(0000000157.900000) vcan0 102#2C2F320144163078
(0000000157.900000) vcan0 103#2E0F93F887302C10
(0000000157.900000) vcan0 101#7E03091900030303
(0000000158.000000) vcan0 102#2C2F3401A81640DA
(0000000158.000000) vcan0 103#310F82F887402C5A
(0000000158.000000) vcan0 101#6E031D19000304B2
(0000000158.100000) vcan0 102#2C2F36010C175079
(0000000158.100000) vcan0 103#2F0F6FF887502C83
(0000000158.100000) vcan0 101#55036F18000305B5
(0000000158.200000) vcan0 102#2C2F39017017600D
(0000000158.200000) vcan0 103#2C0F55F887602C29
(0000000158.200000) vcan0 101#3C03C11700030630
(0000000158.300000) vcan0 102#2C2F3B01D41770E2
(0000000158.300000) vcan0 103#270F38F887702C5E
(0000000158.300000) vcan0 101#320382170203070E
(0000000158.400000) vcan0 102#2C2F3D01381880C5
(0000000158.400000) vcan0 103#210F1AF888802CFC
(0000000158.400000) vcan0 101#2E037517050308A5
(0000000158.500000) vcan0 102#2C2F3F019C18902A
(0000000158.500000) vcan0 103#1A0FFEF788902C0B
(0000000158.500000) vcan0 101#2A03681708030912
(0000000158.600000) vcan0 102#2C2F42010019A0E6
(0000000158.600000) vcan0 103#100FE8F789A02CA2
(0000000158.600000) vcan0 101#2D03B7170D030A1C
(0000000158.700000) vcan0 102#2C2F44016419B01C
(0000000158.700000) vcan0 103#070FD3F789B02CC7
(0000000158.700000) vcan0 101#3103121813030B47
(0000000158.800000) vcan0 102#2C2F4601C819C06B
(0000000158.800000) vcan0 103#FD0EBFF78AC02C7B
(0000000158.800000) vcan0 101#35036F1818030CE5
(0000000158.900000) vcan0 102#2C2F49012C1AD098
(0000000158.900000) vcan0 103#F50EB2F78BD02C3A
(0000000158.900000) vcan0 101#4203EE181D030DBE
(0000000159.000000) vcan0 102#2C2F4B01901AE0E4
(0000000159.000000) vcan0 103#ED0EA5F78CE02CFF
(0000000159.000000) vcan0 101#4E036E1922030E32
(0000000159.100000) vcan0 102#2C2F4D01F41AF01E
(0000000159.100000) vcan0 103#E30E97F78CF02CB1
(0000000159.100000) vcan0 101#5603D31925030F6A
(0000000159.200000) vcan0 102#2C2F5001581B0091
(0000000159.200000) vcan0 103#D40E86F78D002C00
(0000000159.200000) vcan0 101#5E03321A270300AD
(0000000159.300000) vcan0 102#2C2F5201BC1B101E
(0000000159.300000) vcan0 103#C20E73F78E102C1E
(0000000159.300000) vcan0 101#7703C01A2C030197
(0000000159.400000) vcan0 102#2C2F5501201C2074
(0000000159.400000) vcan0 103#AF0E61F78E202CB2
(0000000159.400000) vcan0 101#86036F1B310302DA
(0000000159.500000) vcan0 102#2C2F5701841C309B
(0000000159.500000) vcan0 103#990E53F78E302CF8
(0000000159.500000) vcan0 101#8903401C3403035B
(0000000159.600000) vcan0 102#2C2F5A01E81C4030
(0000000159.600000) vcan0 103#830E47F78E402C59
(0000000159.600000) vcan0 101#8D03101D38030487
(0000000159.700000) vcan0 102#2C2F5D014C1D504C
(0000000159.700000) vcan0 103#6A0E3DF78F502CEE
(0000000159.700000) vcan0 101#B703DE1D3C030588
(0000000159.800000) vcan0 102#2C2F5F01B01D6050
(0000000159.800000) vcan0 103#510E34F790602C4F
(0000000159.800000) vcan0 101#F403A91E3F03061B
(0000000159.900000) vcan0 102#2C2F6201141E7038
(0000000159.900000) vcan0 103#220E2BF791702C09
(0000000159.900000) vcan0 101#13048D1F42030773
(0000000160.000000) vcan0 102#2C2F6501781E8016
(0000000160.000000) vcan0 103#EE0D23F793802C91
(0000000160.000000) vcan0 101#28048A2044030822
(0000000160.100000) vcan0 102#2C2F6901DC1E90EF
(0000000160.100000) vcan0 103#C60D1FF794902CFF
(0000000160.100000) vcan0 101#54041E22480309D9
(0000000160.200000) vcan0 102#2C2F6C01401FA0E4
(0000000160.200000) vcan0 103#A60D1DF795A02CD4
(0000000160.200000) vcan0 101#78040C234A030A8E
(0000000160.300000) vcan0 102#2C2F6F01A41FB001
(0000000160.300000) vcan0 103#8F0D1EF796B02CB2
(0000000160.300000) vcan0 101#93044D234A030B43
(0000000160.400000) vcan0 102#2C2F73010820C0EC
(0000000160.400000) vcan0 103#770D1FF797C02C07
(0000000160.400000) vcan0 101#AF048E2349030CF3
(0000000160.500000) vcan0 102#2C2F76016C20D0A8
(0000000160.500000) vcan0 103#5F0D1FF799D02C07
(0000000160.500000) vcan0 101#CB04CE2349030DA9
(0000000160.600000) vcan0 102#2C2F7A01D020E0C2
(0000000160.600000) vcan0 103#440D20F79AE02C95
(0000000160.600000) vcan0 101#FE0480254F030E89
(0000000160.700000) vcan0 102#2C2F7E013421F060
(0000000160.700000) vcan0 103#280D21F79BF02CCE
(0000000160.700000) vcan0 101#3405642755030F3D
(0000000160.800000) vcan0 102#2C2F81019821000A
(0000000160.800000) vcan0 103#0A0D22F79C002CCD
(0000000160.800000) vcan0 101#6305092959030066
(0000000160.900000) vcan0 102#2C2F8501FC211024
(0000000160.900000) vcan0 103#E20C25F79E102CF5
(0000000160.900000) vcan0 101#8B05692A5B03015E
(0000000161.000000) vcan0 102#2C2F8A0160222014
(0000000161.000000) vcan0 103#BC0C29F7A0202CB1
(0000000161.000000) vcan0 101#B505772B5D0302CE
(0000000161.100000) vcan0 102#2C2F8E01C422309A
(0000000161.100000) vcan0 103#960C2FF7A1302CEC
(0000000161.100000) vcan0 101#E1052B2C60030337
(0000000161.200000) vcan0 102#2C2F920128234039
(0000000161.200000) vcan0 103#6F0C34F7A2402C4A
(0000000161.200000) vcan0 101#0D06DF2C62030420
(0000000161.300000) vcan0 102#2C2F97018C2350DD
(0000000161.300000) vcan0 103#430C3CF7A4502C58
(0000000161.300000) vcan0 101#3806482D64030581
(0000000161.400000) vcan0 102#2C2F9C01F023601C
(0000000161.400000) vcan0 103#F80B4EF7A6602C73
(0000000161.400000) vcan0 101#6106EF2C6403063A
(0000000161.500000) vcan0 102#2C2FA10154247059
(0000000161.500000) vcan0 103#B00B60F7A8702C15
(0000000161.500000) vcan0 101#8B06962C640307F2
(0000000161.600000) vcan0 102#2C2FA601B82480B7
(0000000161.600000) vcan0 103#7F0B6EF7AA802CC1
(0000000161.600000) vcan0 101#B5063D2C640308B5
(0000000161.700000) vcan0 102#2C2FAB011C259068
(0000000161.700000) vcan0 103#4F0B7DF7AC902CF6
(0000000161.700000) vcan0 101#DE06E42B64030997
(0000000161.800000) vcan0 102#2C2FB0018025A0D7
(0000000161.800000) vcan0 103#230B8AF7ADA02C2A
(0000000161.800000) vcan0 101#05072B2C64040AC8
(0000000161.900000) vcan0 102#2C2FB501E425B093
(0000000161.900000) vcan0 103#FA0A98F7ADB02CAB
(0000000161.900000) vcan0 101#29071E2D64040B6C
(0000000162.000000) vcan0 102#2C2FBA014826C098
(0000000162.000000) vcan0 103#CE0AA6F7ABC02C03
(0000000162.000000) vcan0 101#4D07122E64040C9F
(0000000162.100000) vcan0 102#2C2FBF01AC26D01C
(0000000162.100000) vcan0 103#960AB9F7ABD02C90
(0000000162.100000) vcan0 101#6207C12D64040DE7
(0000000162.200000) vcan0 102#2C2FC5011027E0EB
(0000000162.200000) vcan0 103#470AD6F7AEE02C61
(0000000162.200000) vcan0 101#7007D72C64040ED1
(0000000162.300000) vcan0 102#2C2FCA017427F00C
(0000000162.300000) vcan0 103#F809F3F7B1F02CB4
(0000000162.300000) vcan0 101#7E07EC2B64040FDF
(0000000162.400000) vcan0 102#2C2FD001D82700C4
(0000000162.400000) vcan0 103#D20903F8B2002C26
(0000000162.400000) vcan0 101#A607112C640400BF
(0000000162.500000) vcan0 102#2C2FD6013C28105D
(0000000162.500000) vcan0 103#BC090CF8B2102C5E
(0000000162.500000) vcan0 101#D1075A2C64040172
(0000000162.600000) vcan0 102#2C2FDC01A0282066
(0000000162.600000) vcan0 103#A10918F8B2202C9B
(0000000162.600000) vcan0 101#FD07A42C64040204
(0000000162.700000) vcan0 102#2C2FE20104293028
(0000000162.700000) vcan0 103#6F092FF8B2302C75
(0000000162.700000) vcan0 101#2808ED2C640403AC
(0000000162.800000) vcan0 102#2C2FE701682940F4
(0000000162.800000) vcan0 103#3A0949F8B2402C32
(0000000162.800000) vcan0 101#44082F2D6405044C
(0000000162.900000) vcan0 102#2C2FED01CC29506C
(0000000162.900000) vcan0 103#040965F8B2502C52
(0000000162.900000) vcan0 101#51086A2D6405059C
(0000000163.000000) vcan0 102#2C2FF301302A6088
(0000000163.000000) vcan0 103#D00883F8B2602C66
(0000000163.000000) vcan0 101#6A089D2C6405065D
(0000000163.100000) vcan0 102#2C2FFA01942A70AE
(0000000163.100000) vcan0 103#9C08A1F8B2702CA2
(0000000163.100000) vcan0 101#8608AB2B64050751
(0000000163.200000) vcan0 102#2C2F0002F82A8001
(0000000163.200000) vcan0 103#5A08CCF8B2802C1A
(0000000163.200000) vcan0 101#A108BA2A64050812
(0000000163.300000) vcan0 102#2C2F06025C2B9017
(0000000163.300000) vcan0 103#1308FAF8B1902C3D
(0000000163.300000) vcan0 101#BD08C929640509B9
(0000000163.400000) vcan0 102#2C2F0D02C02BA046
(0000000163.400000) vcan0 103#D90720F9B1A02C42
(0000000163.400000) vcan0 101#D608072A64050A0A
(0000000163.500000) vcan0 102#2C2F1302242CB01C
(0000000163.500000) vcan0 103#B1073CF9B1B02CB9
(0000000163.500000) vcan0 101#EF086E2A64050B0D
(0000000163.600000) vcan0 102#2C2F1A02882CC0A2
(0000000163.600000) vcan0 103#8A0757F9B0C02C69
(0000000163.600000) vcan0 101#0809D62A64050CFD
(0000000163.700000) vcan0 102#2C2F2002EC2CD0B5
(0000000163.700000) vcan0 103#610774F9B0D02C87
(0000000163.700000) vcan0 101#19091D2B64060D38
(0000000163.800000) vcan0 102#2C2F2702502DE05A
(0000000163.800000) vcan0 103#2F0799F9B0E02C4C
(0000000163.800000) vcan0 101#2709542B64060E4A
(0000000163.900000) vcan0 102#2C2F2D02B42DF0A2
(0000000163.900000) vcan0 103#FA06BFF9B0F02CEC
(0000000163.900000) vcan0 101#35098B2B64060F7A
(0000000164.000000) vcan0 102#2C2F3402182E0000
(0000000164.000000) vcan0 103#C506E7F9B0002C82
(0000000164.000000) vcan0 101#4309C12B64060026
(0000000164.100000) vcan0 102#2C2F3B027C2E10E7
(0000000164.100000) vcan0 103#91060FFAB0102C88
(0000000164.100000) vcan0 101#4C09F02B64060122
(0000000164.200000) vcan0 102#2C2F4102E02E206C
(0000000164.200000) vcan0 103#5D0638FAB0202CA9
(0000000164.200000) vcan0 101#55091F2C640602C6
(0000000164.300000) vcan0 102#2C2F4802442F3006
(0000000164.300000) vcan0 103#290661FAB0302C10
(0000000164.300000) vcan0 101#5E094E2C640603F5
(0000000164.400000) vcan0 102#2C2F4F02A82F40CE
(0000000164.400000) vcan0 103#F4058BFAB0402C0F
(0000000164.400000) vcan0 101#67097D2C6406046E
(0000000164.500000) vcan0 102#2C2F55020C3050AF
(0000000164.500000) vcan0 103#C005B5FAB0502C3D
(0000000164.500000) vcan0 101#6F09A42C640605EE
(0000000164.600000) vcan0 102#2C2F5C02703060BA
(0000000164.600000) vcan0 103#8D05DEFAB0602C53
(0000000164.600000) vcan0 101#7809C72C6406061E
(0000000164.700000) vcan0 102#2C2F6302D43070D2
(0000000164.700000) vcan0 103#590509FBB0702C8C
(0000000164.700000) vcan0 101#7E09E92C62060702
(0000000164.800000) vcan0 102#2C2F6A0238318066
(0000000164.800000) vcan0 103#1F0538FBB0802C26
(0000000164.800000) vcan0 101#7E09082D5C060812
(0000000164.900000) vcan0 102#2C2F70029C319010
(0000000164.900000) vcan0 103#E60466FBB0902C95
(0000000164.900000) vcan0 101#64099A2C50060950
(0000000165.000000) vcan0 102#2C2F76020032A03D
(0000000165.000000) vcan0 103#B00492FBB0A02CC6
(0000000165.000000) vcan0 101#0909D52A35060A73
(0000000165.100000) vcan0 102#2C2F7C026432B005
(0000000165.100000) vcan0 103#7904BEFBB0B02C81
(0000000165.100000) vcan0 101#AE08102919060B8B
(0000000165.200000) vcan0 102#2C2F8202C832C023
(0000000165.200000) vcan0 103#4304EBFBB0C02CBA
(0000000165.200000) vcan0 101#5C085B2700160C47
(0000000165.300000) vcan0 102#2C2F88022C33D097
(0000000165.300000) vcan0 103#110417FCB0D02C76
(0000000165.300000) vcan0 101#5C08482600160D97
(0000000165.400000) vcan0 102#2C2F8E029033E05E
(0000000165.400000) vcan0 103#E00342FCB0E02C22
(0000000165.400000) vcan0 101#4A08652500160E09
(0000000165.500000) vcan0 102#2C2F9302F433F083
(0000000165.500000) vcan0 103#C10360FCB0F02CB1
(0000000165.500000) vcan0 101#7D07702600160F02
(0000000165.600000) vcan0 102#2C2F97025834004A
(0000000165.600000) vcan0 103#A80379FCAF002C00
(0000000165.600000) vcan0 101#B1067B270016006F
(0000000165.700000) vcan0 102#2C2F9B02BC3410D3
(0000000165.700000) vcan0 103#8F0394FCAF102C80
(0000000165.700000) vcan0 101#55060327001601CC
(0000000165.800000) vcan0 102#2C2F9F02203520B2
(0000000165.800000) vcan0 103#7403B5FCAF202C76
(0000000165.800000) vcan0 101#2D06DD2500160252
(0000000165.900000) vcan0 102#2C2FA30284353064
(0000000165.900000) vcan0 103#5903D6FCAE302C24
(0000000165.900000) vcan0 101#0406B724001603CF
(0000000166.000000) vcan0 102#2C2FA702E83540D2
(0000000166.000000) vcan0 103#3E03F8FCAE402CE7
(0000000166.000000) vcan0 101#DB05912300160498
(0000000166.100000) vcan0 102#2C2FAB024C3650FF
(0000000166.100000) vcan0 103#21032AFDAD502C21
(0000000166.100000) vcan0 101#B705AE22001405D9
(0000000166.200000) vcan0 102#2C2FAF02B0366082
(0000000166.200000) vcan0 103#040361FDAB602CE8
(0000000166.200000) vcan0 101#9E056F22001406C8
(0000000166.300000) vcan0 102#2C2FB302143770D9
(0000000166.300000) vcan0 103#F6027FFDAB702CF1
(0000000166.300000) vcan0 101#85059322020407BF
(0000000166.400000) vcan0 102#2C2FB70278378049
(0000000166.400000) vcan0 103#EE0294FDAA802C43
(0000000166.400000) vcan0 101#6C05E5220404084F
(0000000166.500000) vcan0 102#2C2FBB02DC3790B0
(0000000166.500000) vcan0 103#EB02AAFDAA902CFA
(0000000166.500000) vcan0 101#5B059222080409BB
(0000000166.600000) vcan0 102#2C2FBF024038A03E
(0000000166.600000) vcan0 103#E902C8FDAAA02C0B
(0000000166.600000) vcan0 101#4F05F5210B040A2F
(0000000166.700000) vcan0 102#2C2FC202A438B07D
(0000000166.700000) vcan0 103#E702EDFDA9B02C2C
(0000000166.700000) vcan0 101#4505832111040B9C
(0000000166.800000) vcan0 102#2C2FC6020839C027
(0000000166.800000) vcan0 103#E80214FEA8C02CE0
(0000000166.800000) vcan0 101#400578211E040C27
(0000000166.900000) vcan0 102#2C2FCA026C39D07E
(0000000166.900000) vcan0 103#EC023AFEA7D02C6C
(0000000166.900000) vcan0 101#4005CF212D040D99
(0000000167.000000) vcan0 102#2C2FCE02D039E063
(0000000167.000000) vcan0 103#F1025EFEA6E02C96
(0000000167.000000) vcan0 101#4C05182340040EAE
(0000000167.100000) vcan0 102#2C2FD102343AF07E
(0000000167.100000) vcan0 103#F60285FEA5F02CBB
(0000000167.100000) vcan0 101#5D05892349040F73
(0000000167.200000) vcan0 102#2C2FD502983A004E
(0000000167.200000) vcan0 103#FC02ADFEA3002C82
(0000000167.200000) vcan0 101#720594234E040037
(0000000167.300000) vcan0 102#2C2FD902FC3A1017
(0000000167.300000) vcan0 103#0003D5FEA3102CA5
(0000000167.300000) vcan0 101#910525245204015D
(0000000167.400000) vcan0 102#2C2FDE02603B20C8
(0000000167.400000) vcan0 103#0103FDFEA2202C00
(0000000167.400000) vcan0 101#B705F52454040291
(0000000167.500000) vcan0 102#2C2FE202C43B301E
(0000000167.500000) vcan0 103#010325FFA1302C80
(0000000167.500000) vcan0 101#DE05B22553040331
(0000000167.600000) vcan0 102#2C2FE602283C4091
(0000000167.600000) vcan0 103#FF024FFF9F402C99
(0000000167.600000) vcan0 101#0A063D26470404FC
(0000000167.700000) vcan0 102#2C2FEA028C3C5068
(0000000167.700000) vcan0 103#FA0279FF9D502C54
(0000000167.700000) vcan0 101#2206B52642040581
(0000000167.800000) vcan0 102#2C2FEF02F03C60BF
(0000000167.800000) vcan0 103#F402A5FF9B602C01
(0000000167.800000) vcan0 101#300624274204069F
(0000000167.900000) vcan0 102#2C2FF302543D70E4
(0000000167.900000) vcan0 103#ED02CDFF99702CA9
(0000000167.900000) vcan0 101#3E069227400407ED
(0000000168.000000) vcan0 102#2C2FF802B83D80C8
(0000000168.000000) vcan0 103#E202F5FF97802C46
(0000000168.000000) vcan0 101#51068E2740040897
(0000000168.100000) vcan0 102#2C2FFC021C3E9092
(0000000168.100000) vcan0 103#CF02260095902C32
(0000000168.100000) vcan0 101#6406A827420409CB
(0000000168.200000) vcan0 102#2C2F0103803EA0AC
(0000000168.200000) vcan0 103#AE02650092A02CB4
(0000000168.200000) vcan0 101#7806342849040A09
(0000000168.300000) vcan0 102#2C2F0603E43EB03C
(0000000168.300000) vcan0 103#8F02A2008FB02C18
(0000000168.300000) vcan0 101#8D06F72850040B10
(0000000168.400000) vcan0 102#2C2F0B03483FC07B
(0000000168.400000) vcan0 103#7802C7008DC02C96
(0000000168.400000) vcan0 101#A606462A55040CD1
(0000000168.500000) vcan0 102#2C2F0F03AC3FD095
(0000000168.500000) vcan0 103#6302E3008CD02C55
(0000000168.500000) vcan0 101#C2065A2B5A040D23
(0000000168.600000) vcan0 102#2C2F14031040E092
(0000000168.600000) vcan0 103#4F02FA008CE02CB3
(0000000168.600000) vcan0 101#DE06532C5F040E66
(0000000168.700000) vcan0 102#2C2F19037440F0A1
(0000000168.700000) vcan0 103#3B0212018BF02C7B
(0000000168.700000) vcan0 101#FB064C2D63040F0D
(0000000168.800000) vcan0 102#2C2F1E03D840002F
(0000000168.800000) vcan0 103#1B023A0189002C43
(0000000168.800000) vcan0 101#1F07F32D64040073
(0000000168.900000) vcan0 102#2C2F24033C4110B4
(0000000168.900000) vcan0 103#FB01620187102C22
(0000000168.900000) vcan0 101#4207292E640401A4
(0000000169.000000) vcan0 102#2C2F2903A0412084
(0000000169.000000) vcan0 103#D9018B0186202CD9
(0000000169.000000) vcan0 101#5F07582D640402BC
(0000000169.100000) vcan0 102#2C2F2E0304423060
(0000000169.100000) vcan0 103#B801B50185302C34
(0000000169.100000) vcan0 101#7C07872C6404039A
(0000000169.200000) vcan0 102#2C2F34036842402E
(0000000169.200000) vcan0 103#8F01E80184402C11
(0000000169.200000) vcan0 101#A107432B64040414
(0000000169.300000) vcan0 102#2C2F3903CC4250BD
(0000000169.300000) vcan0 103#6701190284502C24
(0000000169.300000) vcan0 101#C807752A640405E4
(0000000169.400000) vcan0 102#2C2F3F0330436058
(0000000169.400000) vcan0 103#4701410284602C8C
(0000000169.400000) vcan0 101#F407FE2A64040644
(0000000169.500000) vcan0 102#2C2F450394437070
(0000000169.500000) vcan0 103#2D01600284702C4A
(0000000169.500000) vcan0 101#0F08AF2B640507CA
(0000000169.600000) vcan0 102#2C2F4B03F8438043
(0000000169.600000) vcan0 103#16017D0283802C87
(0000000169.600000) vcan0 101#22086F2C640508B0
(0000000169.700000) vcan0 102#2C2F51035C4490CC
(0000000169.700000) vcan0 103#F800A00282902C11
(0000000169.700000) vcan0 101#3808022D64050917
(0000000169.800000) vcan0 102#2C2F5703C044A035
(0000000169.800000) vcan0 103#D300CB0282A02C1D
(0000000169.800000) vcan0 101#4D08962D64050A74
(0000000169.900000) vcan0 102#2C2F5D032445B081
(0000000169.900000) vcan0 103#AC00F70281B02C9C
(0000000169.900000) vcan0 101#63082A2E64050B73
(0000000170.000000) vcan0 102#2C2F63038845C01B
(0000000170.000000) vcan0 103#8300240381C02CF5
(0000000170.000000) vcan0 101#7C08D42B64050C93
(0000000170.100000) vcan0 102#2C2F6903EC45D023
(0000000170.100000) vcan0 103#5A004F0381D02C9F
(0000000170.100000) vcan0 101#9A08E02964050DF0
(0000000170.200000) vcan0 102#2C2F6F035046E03E
(0000000170.200000) vcan0 103#2E007B0382E02C29
(0000000170.200000) vcan0 101#C608EF2964050E77
(0000000170.300000) vcan0 102#2C2F7503B446F028
(0000000170.300000) vcan0 103#EEFFB30382F02C20
(0000000170.300000) vcan0 101#E108302A64060FCB
(0000000170.400000) vcan0 102#2C2F7C03184700FC
(0000000170.400000) vcan0 103#A8FFEF0382002C7C
(0000000170.400000) vcan0 101#F508892A640600B1
(0000000170.500000) vcan0 102#2C2F82037C4710E2
(0000000170.500000) vcan0 103#62FF2B0482102C22
(0000000170.500000) vcan0 101#0809E22A64060132
(0000000170.600000) vcan0 102#2C2F8903E04720B3
(0000000170.600000) vcan0 103#28FF5C0482202CEE
(0000000170.600000) vcan0 101#1D093E2B64060295
(0000000170.700000) vcan0 102#2C2F9003444830D8
(0000000170.700000) vcan0 103#04FF790483302C1F
(0000000170.700000) vcan0 101#4309C12B64060301
(0000000170.800000) vcan0 102#2C2F9603A848407A
(0000000170.800000) vcan0 103#E5FE910483402C35
(0000000170.800000) vcan0 101#5909242C640604D5
(0000000170.900000) vcan0 102#2C2F9D030C4950C4
(0000000170.900000) vcan0 103#C9FEA70484502C91
(0000000170.900000) vcan0 101#5F09672C6406053A
(0000000171.000000) vcan0 102#2C2FA403704960FE
(0000000171.000000) vcan0 103#9EFEC80483602C11
(0000000171.000000) vcan0 101#6D09BE2C6406063E
(0000000171.100000) vcan0 102#2C2FAA03D44970D3
(0000000171.100000) vcan0 103#69FEF20482702C81
(0000000171.100000) vcan0 101#7C09172D640607A5
(0000000171.200000) vcan0 102#2C2FB103384A80C5
(0000000171.200000) vcan0 103#35FE1E0583802C12
(0000000171.200000) vcan0 101#8B09702D6406086C
(0000000171.300000) vcan0 102#2C2FB8039C4A90E3
(0000000171.300000) vcan0 103#02FE4A0583902C3A
(0000000171.300000) vcan0 101#9A09CA2D6406093A
(0000000171.400000) vcan0 102#2C2FBF03004BA03C
(0000000171.400000) vcan0 103#D1FD7A0583A02C3F
(0000000171.400000) vcan0 101#A909702C64060A1E
(0000000171.500000) vcan0 102#2C2FC603644BB00A
(0000000171.500000) vcan0 103#A2FDAB0583B02C5C
(0000000171.500000) vcan0 101#B709E02A64060B1F
(0000000171.600000) vcan0 102#2C2FCD03C84BC060
(0000000171.600000) vcan0 103#76FDDF0583C02CDD
(0000000171.600000) vcan0 101#C509742964070C70
(0000000171.700000) vcan0 102#2C2FD4032C4CD031
(0000000171.700000) vcan0 103#4FFD170683D02C41
(0000000171.700000) vcan0 101#D309762964070DD3
(0000000171.800000) vcan0 102#2C2FDB03904CE0E5
(0000000171.800000) vcan0 103#2CFD540682E02C78
(0000000171.800000) vcan0 101#E209782964070E69
(0000000171.900000) vcan0 102#2C2FE203F44CF04C
(0000000171.900000) vcan0 103#0AFD930682F02CC7
(0000000171.900000) vcan0 101#F0097F2964070F7C
(0000000172.000000) vcan0 102#2C2FE903584D004C
(0000000172.000000) vcan0 103#EDFCD30682002C62
(0000000172.000000) vcan0 101#FD0991296407004A
(0000000172.100000) vcan0 102#2C2FF003BC4D10E4
(0000000172.100000) vcan0 103#D2FC160782102CA2
(0000000172.100000) vcan0 101#090AA329640701A6
(0000000172.200000) vcan0 102#2C2FF803204E20DF
(0000000172.200000) vcan0 103#B7FC600782202C37
(0000000172.200000) vcan0 101#150AB829640702A4
(0000000172.300000) vcan0 102#2C2FFF03844E30EF
(0000000172.300000) vcan0 103#9BFCB40782302CB0
(0000000172.300000) vcan0 101#1B0AEE29640703A8
(0000000172.400000) vcan0 102#2C2F0604E84E4096
(0000000172.400000) vcan0 103#84FC040882402C1A
(0000000172.400000) vcan0 101#200A192A6407043A
(0000000172.500000) vcan0 102#2C2F0D044C4F5028
(0000000172.500000) vcan0 103#74FC490882502C30
(0000000172.500000) vcan0 101#240A382A640705E5
(0000000172.600000) vcan0 102#2C2F1504B04F6079
(0000000172.600000) vcan0 103#65FC8F0882602CC8
(0000000172.600000) vcan0 101#280A562A64070631
(0000000172.700000) vcan0 102#2C2F1C0414507048
(0000000172.700000) vcan0 103#5DFCE20882702C8E
(0000000172.700000) vcan0 101#250A5C2A64070769
(0000000172.800000) vcan0 102#2C2F23047850803E
(0000000172.800000) vcan0 103#55FC320982802C71
(0000000172.800000) vcan0 101#230A622A64070838
(0000000172.900000) vcan0 102#2C2F2A04DC509018
(0000000172.900000) vcan0 103#53FC7B0982902C94
(0000000172.900000) vcan0 101#200A682A64070961
(0000000173.000000) vcan0 102#2C2F31044051A0EB
(0000000173.000000) vcan0 103#51FCC20982A02CFE
(0000000173.000000) vcan0 101#1F0A6E2A64070AAD
(0000000173.100000) vcan0 102#2C2F3904A451B0C7
(0000000173.100000) vcan0 103#50FC070A82B02CCE
(0000000173.100000) vcan0 101#260A6A2A64070B5C
(0000000173.200000) vcan0 102#2C2F40040852C01D
(0000000173.200000) vcan0 103#51FC530A82C02C7C
(0000000173.200000) vcan0 101#2D0A672A64070C92
(0000000173.300000) vcan0 102#2C2F47046C52D08D
(0000000173.300000) vcan0 103#52FC9E0A82D02C3B
(0000000173.300000) vcan0 101#340A622A64070D66
(0000000173.400000) vcan0 102#2C2F4E04D052E038
(0000000173.400000) vcan0 103#54FCE30A82E02C31
(0000000173.400000) vcan0 101#3B0A562A64070E87
(0000000173.500000) vcan0 102#2C2F56043453F0B6
(0000000173.500000) vcan0 103#57FC250B82F02C22
(0000000173.500000) vcan0 101#420A4A2A64070F31
(0000000173.600000) vcan0 102#2C2F5D04985300FA
(0000000173.600000) vcan0 103#5AFC700B82002C88
(0000000173.600000) vcan0 101#420AA8295707003D
(0000000173.700000) vcan0 102#2C2F6404FC531053
(0000000173.700000) vcan0 103#5EFCC80B83102CA1
(0000000173.700000) vcan0 101#390A6A283B0701B2
(0000000173.800000) vcan0 102#2C2F6B046054204E
(0000000173.800000) vcan0 103#64FC320C84202C90
(0000000173.800000) vcan0 101#2A0A3327221702E0
(0000000173.900000) vcan0 102#2C2F7204C4543086
(0000000173.900000) vcan0 103#68FC750C85302C84
(0000000173.900000) vcan0 101#C1094526131703F9
(0000000174.000000) vcan0 102#2C2F7904285540C0
(0000000174.000000) vcan0 103#6CFCA70C86402CCC
(0000000174.000000) vcan0 101#5909562505170497
(0000000174.100000) vcan0 102#2C2F7F048C55509A
(0000000174.100000) vcan0 103#6EFCD20C87502C22
(0000000174.100000) vcan0 101#EC080A25001705B5
(0000000174.200000) vcan0 102#2C2F8404F05560C8
(0000000174.200000) vcan0 103#6FFC020D88602CF7
(0000000174.200000) vcan0 101#7B080A2500170604
(0000000174.300000) vcan0 102#2C2F8A0454567031
(0000000174.300000) vcan0 103#70FC380D89702CA5
(0000000174.300000) vcan0 101#F7071825001707FC
(0000000174.400000) vcan0 102#2C2F8F04B856800B
(0000000174.400000) vcan0 103#6FFC710D8A802CAC
(0000000174.400000) vcan0 101#42074B25001708CB
(0000000174.500000) vcan0 102#2C2F94041C57905B
(0000000174.500000) vcan0 103#6BFCA10D8B902CAC
(0000000174.500000) vcan0 101#D506452500170910
(0000000174.600000) vcan0 102#2C2F98048057A001
(0000000174.600000) vcan0 103#66FCCF0D8BA02CC3
(0000000174.600000) vcan0 101#8A06242500170A38
(0000000174.700000) vcan0 102#2C2F9C04E457B02F
(0000000174.700000) vcan0 103#60FCFD0D8BB02C5F
(0000000174.700000) vcan0 101#3F06032500170BAC
(0000000174.800000) vcan0 102#2C2FA1044858C0A8
(0000000174.800000) vcan0 103#57FC270E8CC02CED
(0000000174.800000) vcan0 101#3606532400170C9C
(0000000174.900000) vcan0 102#2C2FA504AC58D046
(0000000174.900000) vcan0 103#4EFC500E8CD02CD4
(0000000174.900000) vcan0 101#3606902300170D77
(0000000175.000000) vcan0 102#2C2FAA041059E0DE
(0000000175.000000) vcan0 103#45FC750E8DE02CB1
(0000000175.000000) vcan0 101#2D06BA2200140EF7
(0000000175.100000) vcan0 102#2C2FAD047459F04E
(0000000175.100000) vcan0 103#35FC9D0E8EF02C8B
(0000000175.100000) vcan0 101#BB05152100140FCF
(0000000175.200000) vcan0 102#2C2FB104D85900E7
(0000000175.200000) vcan0 103#1FFCCB0E8F002CF1
(0000000175.200000) vcan0 101#4805701F00140021
(0000000175.300000) vcan0 102#2C2FB4043C5A10B7
(0000000175.300000) vcan0 103#0AFCF40E90102C05
(0000000175.300000) vcan0 101#F004EB1D001401FC
(0000000175.400000) vcan0 102#2C2FB804A05A20ED
(0000000175.400000) vcan0 103#FEFB080F91202C88
(0000000175.400000) vcan0 101#DE04BD1C00140238
(0000000175.500000) vcan0 102#2C2FBB04045B3024
(0000000175.500000) vcan0 103#F2FB160F91302C7F
(0000000175.500000) vcan0 101#BF04F01B0014030A
(0000000175.600000) vcan0 102#2C2FBE04685B40F8
(0000000175.600000) vcan0 103#E2FB270F92402C24
(0000000175.600000) vcan0 101#9C04501B00140433
(0000000175.700000) vcan0 102#2C2FC104CC5B500F
(0000000175.700000) vcan0 103#CDFB3B0F93502C00
(0000000175.700000) vcan0 101#7804B11A001405DD
(0000000175.800000) vcan0 102#2C2FC404305C60E1
(0000000175.800000) vcan0 103#B5FB4F0F94602C94
(0000000175.800000) vcan0 101#4D04BD1900140660
(0000000175.900000) vcan0 102#2C2FC704945C7064
(0000000175.900000) vcan0 103#9CFB620F94702CA9
(0000000175.900000) vcan0 101#2804B918001407D0
(0000000176.000000) vcan0 102#2C2FCA04F85C80E9
(0000000176.000000) vcan0 103#82FB700F95802C46
(0000000176.000000) vcan0 101#1304AE1700140805
(0000000176.100000) vcan0 102#2C2FCD045C5D9095
(0000000176.100000) vcan0 103#69FB7B0F95902C1E
(0000000176.100000) vcan0 101#FE03A31600140914
(0000000176.200000) vcan0 102#2C2FCF04C05DA0D9
(0000000176.200000) vcan0 103#4EFB830F96A02C56
(0000000176.200000) vcan0 101#E6033C1704040AC6
(0000000176.300000) vcan0 102#2C2FD204245EB010
(0000000176.300000) vcan0 103#30FB8A0F96B02CF6
(0000000176.300000) vcan0 101#CD030E1809040B97
(0000000176.400000) vcan0 102#2C2FD504885EC0B8
(0000000176.400000) vcan0 103#09FB8D0F96C02C8F
(0000000176.400000) vcan0 101#C2038C180D040C69
(0000000176.500000) vcan0 102#2C2FD704EC5ED0F7
(0000000176.500000) vcan0 103#E1FA900F97D02C76
(0000000176.500000) vcan0 101#C603AE1812040D96
(0000000176.600000) vcan0 102#2C2FDA04505FE0BB
(0000000176.600000) vcan0 103#C8FA900F98E02CD1
(0000000176.600000) vcan0 101#CB03D11818040E94
(0000000176.700000) vcan0 102#2C2FDD04B45FF0EB
(0000000176.700000) vcan0 103#B6FA8E0F98F02C94
(0000000176.700000) vcan0 101#D20301191F040FFA
(0000000176.800000) vcan0 102#2C2FE0041860008B
(0000000176.800000) vcan0 103#A4FA8D0F99002C44
(0000000176.800000) vcan0 101#D90332192604004E
(0000000176.900000) vcan0 102#2C2FE2047C6010C4
(0000000176.900000) vcan0 103#8CFA8A0F99102C46
(0000000176.900000) vcan0 101#E40392192D040101
(0000000177.000000) vcan0 102#2C2FE504E0602057
(0000000177.000000) vcan0 103#6AFA880F9A202C1C
(0000000177.000000) vcan0 101#F803701A340402AC
(0000000177.100000) vcan0 102#2C2FE80444613088
(0000000177.100000) vcan0 103#49FA850F9A302C88
(0000000177.100000) vcan0 101#11044C1B3A040398
(0000000177.200000) vcan0 102#2C2FEB04A86140F5
(0000000177.200000) vcan0 103#2EFA840F9A402CF6
(0000000177.200000) vcan0 101#3904231C3F040429
(0000000177.300000) vcan0 102#2C2FEF040C6250AF
(0000000177.300000) vcan0 103#19FA830F9B502C9E
(0000000177.300000) vcan0 101#6004F91C440405E5
(0000000177.400000) vcan0 102#2C2FF204706260E1
(0000000177.400000) vcan0 103#03FA830F9B602C8E
(0000000177.400000) vcan0 101#8804D01D490406C4
(0000000177.500000) vcan0 102#2C2FF604D462706F
(0000000177.500000) vcan0 103#EDF9820F9C702C01
(0000000177.500000) vcan0 101#B004A71E4E040756
(0000000177.600000) vcan0 102#2C2FF904386380BA
(0000000177.600000) vcan0 103#D1F9830F9C802CE4
(0000000177.600000) vcan0 101#D504811F4F0408DA
(0000000177.700000) vcan0 102#2C2FFD049C639034
(0000000177.700000) vcan0 103#AFF9850F9D902CB7
(0000000177.700000) vcan0 101#F9045E204C0409B6
(0000000177.800000) vcan0 102#2C2F01050064A099
(0000000177.800000) vcan0 103#8CF9890F9DA02C3C
(0000000177.800000) vcan0 101#1D053B2149040A3B
(0000000177.900000) vcan0 102#2C2F04056464B0DD
(0000000177.900000) vcan0 103#68F98F0F9EB02C1C
(0000000177.900000) vcan0 101#3705BD214A040BEF
(0000000178.000000) vcan0 102#2C2F0805C864C0BC
(0000000178.000000) vcan0 103#45F9990F9EC02C31
(0000000178.000000) vcan0 101#4C0515224C040CAB
(0000000178.100000) vcan0 102#2C2F0C052C65D01E
(0000000178.100000) vcan0 103#22F9A50F9FD02CD8
(0000000178.100000) vcan0 101#62056E224F040D2D
(0000000178.200000) vcan0 102#2C2F10059065E09A
(0000000178.200000) vcan0 103#00F9B40FA0E02CE6
(0000000178.200000) vcan0 101#760582234F040EF8
(0000000178.300000) vcan0 102#2C2F1405F465F0B4
(0000000178.300000) vcan0 103#DFF8C50FA1F02CDB
(0000000178.300000) vcan0 101#8A05AD244F040FBE
(0000000178.400000) vcan0 102#2C2F180558660027
(0000000178.400000) vcan0 103#AFF8E90FA1002C32
(0000000178.400000) vcan0 101#AD0563255004004D
(0000000178.500000) vcan0 102#2C2F1C05BC6610C9
(0000000178.500000) vcan0 103#7AF81310A2102C85
(0000000178.500000) vcan0 101#D30509265204011D
(0000000178.600000) vcan0 102#2C2F21052067209A
(0000000178.600000) vcan0 103#4FF83810A2202CAE
(0000000178.600000) vcan0 101#F905AF26540402BB
(0000000178.700000) vcan0 102#2C2F250584673014
(0000000178.700000) vcan0 103#37F85010A2302CE9
(0000000178.700000) vcan0 101#26068727560403DE
(0000000178.800000) vcan0 102#2C2F2A05E867406B
(0000000178.800000) vcan0 103#25F86510A2402C31
(0000000178.800000) vcan0 101#590674285A040496
(0000000178.900000) vcan0 102#2C2F2F054C68502C
(0000000178.900000) vcan0 103#13F87D10A2502C19
(0000000178.900000) vcan0 101#790670295D040546
(0000000179.000000) vcan0 102#2C2F3305B06860C8
(0000000179.000000) vcan0 103#01F89610A3602CE0
(0000000179.000000) vcan0 101#9206752A5F040622
(0000000179.100000) vcan0 102#2C2F380514697076
(0000000179.100000) vcan0 103#E7F7BE10A3702CE4
(0000000179.100000) vcan0 101#AB06792B61040718
(0000000179.200000) vcan0 102#2C2F3D057869808C
(0000000179.200000) vcan0 103#CDF7E610A4802C8D
(0000000179.200000) vcan0 101#C4067D2C6304080C
(0000000179.300000) vcan0 102#2C2F4205DC69907B
(0000000179.300000) vcan0 103#B5F71011A4902C8C
(0000000179.300000) vcan0 101#E906202D64040956
(0000000179.400000) vcan0 102#2C2F4705406AA0E8
(0000000179.400000) vcan0 103#9EF73C11A3A02C9E
(0000000179.400000) vcan0 101#1207962D64040AC6
(0000000179.500000) vcan0 102#2C2F4C05A46AB07A
(0000000179.500000) vcan0 103#8AF76811A3B02C3E
(0000000179.500000) vcan0 101#3907962D64040B81
(0000000179.600000) vcan0 102#2C2F5205086BC06D
(0000000179.600000) vcan0 103#75F7A111A4C02CCB
(0000000179.600000) vcan0 101#5607732C64040C00
(0000000179.700000) vcan0 102#2C2F57056C6BD029
(0000000179.700000) vcan0 103#5CF7F211A4D02C50
(0000000179.700000) vcan0 101#73074F2B64040D5F
(0000000179.800000) vcan0 102#2C2F5D05D06BE022
(0000000179.800000) vcan0 103#46F74112A4E02C48
(0000000179.800000) vcan0 101#9707022B64040E36
(0000000179.900000) vcan0 102#2C2F6205346CF0D3
(0000000179.900000) vcan0 103#36F77712A4F02CBA
(0000000179.900000) vcan0 101#BD07D02A64040F37
(0000000180.000000) vcan0 102#2C2F6805986C00F5
(0000000180.000000) vcan0 103#2FF79612A4002C79
(0000000180.000000) vcan0 101#D007EA2A6405001B
(0000000180.100000) vcan0 102#2C2F6D05FC6C10B1
(0000000180.100000) vcan0 103#2BF7AD12A5102CCD
(0000000180.100000) vcan0 101#D007522B640501E0
(0000000180.200000) vcan0 102#2C2F7305606D209D
(0000000180.200000) vcan0 103#25F7D712A5202C1E
(0000000180.200000) vcan0 101#E807E12B64050271
(0000000180.300000) vcan0 102#2C2F7905C46D3005
(0000000180.300000) vcan0 103#1BF71013A5302C57
(0000000180.300000) vcan0 101#1A08972C6405039F
(0000000180.400000) vcan0 102#2C2F7F05286E4073
(0000000180.400000) vcan0 103#12F74C13A5402C40
(0000000180.400000) vcan0 101#49082B2D6405041F
(0000000180.500000) vcan0 102#2C2F85058C6E5078
(0000000180.500000) vcan0 103#09F78C13A5502CC4
(0000000180.500000) vcan0 101#58082E2C640505A4
(0000000180.600000) vcan0 102#2C2F8B05F06E6066
(0000000180.600000) vcan0 103#00F7CB13A5602C1E
(0000000180.600000) vcan0 101#6708322B640506D1
(0000000180.700000) vcan0 102#2C2F9105546F705C
(0000000180.700000) vcan0 103#F9F60A14A5702CE8
(0000000180.700000) vcan0 101#7608352A640507BE
(0000000180.800000) vcan0 102#2C2F9705B86F80D8
(0000000180.800000) vcan0 103#F1F64814A5802C93
(0000000180.800000) vcan0 101#86084D29640508D1
(0000000180.900000) vcan0 102#2C2F9D051C709057
(0000000180.900000) vcan0 103#EBF67F14A5902CD2
(0000000180.900000) vcan0 101#9A0852296405095C
(0000000181.000000) vcan0 102#2C2FA3058070A0F6
(0000000181.000000) vcan0 103#E5F6B514A5A02C0D
(0000000181.000000) vcan0 101#AF08562964050A2C
(0000000181.100000) vcan0 102#2C2FAA05E470B070
(0000000181.100000) vcan0 103#DDF6FF14A5B02C81
(0000000181.100000) vcan0 101#D808FD2964060B48
(0000000181.200000) vcan0 102#2C2FB0054871C0D2
(0000000181.200000) vcan0 103#D2F66815A6C02C21
(0000000181.200000) vcan0 101#0A09F22A64060CE7
(0000000181.300000) vcan0 102#2C2FB705AC71D082
(0000000181.300000) vcan0 103#C8F6CA15A6D02C72
(0000000181.300000) vcan0 101#2309762B64060D11
(0000000181.400000) vcan0 102#2C2FBD051072E05D
(0000000181.400000) vcan0 103#C1F61116A6E02C1D
(0000000181.400000) vcan0 101#2F09C42B64060E55
(0000000181.500000) vcan0 102#2C2FC4057472F06B
(0000000181.500000) vcan0 103#BBF65816A6F02C4B
(0000000181.500000) vcan0 101#3C09132C64060FBB
(0000000181.600000) vcan0 102#2C2FCB05D8720092
(0000000181.600000) vcan0 103#B4F69F16A6002C42
(0000000181.600000) vcan0 101#4809612C64060005
(0000000181.700000) vcan0 102#2C2FD1053C7310C8
(0000000181.700000) vcan0 103#AEF6E116A6102C81
(0000000181.700000) vcan0 101#5509B02C6406017F
(0000000181.800000) vcan0 102#2C2FD805A073204D
(0000000181.800000) vcan0 103#ABF60117A5202C18
(0000000181.800000) vcan0 101#7D095C2C6406025A
(0000000181.900000) vcan0 102#2C2FDF0504743084
(0000000181.900000) vcan0 103#A8F62317A5302C5E
(0000000181.900000) vcan0 101#A009972B640603E6
(0000000182.000000) vcan0 102#2C2FE605687440B5
(0000000182.000000) vcan0 103#A5F65017A4402C12
(0000000182.000000) vcan0 101#AF09E92964060468
(0000000182.100000) vcan0 102#2C2FED05CC745047
(0000000182.100000) vcan0 103#A0F69017A4502C2E
(0000000182.100000) vcan0 101#BD09CA2864060594
(0000000182.200000) vcan0 102#2C2FF40530756030
(0000000182.200000) vcan0 103#9BF6CF17A3602C8B
(0000000182.200000) vcan0 101#C8091B296406062A
(0000000182.300000) vcan0 102#2C2FFB0594757077
(0000000182.300000) vcan0 103#96F60918A2702CE3
(0000000182.300000) vcan0 101#D2096D2964060737
(0000000182.400000) vcan0 102#2C2F0206F8758066
(0000000182.400000) vcan0 103#91F65018A2802CE3
(0000000182.400000) vcan0 101#E609AB29640708A2
(0000000182.500000) vcan0 102#2C2F09065C769040
(0000000182.500000) vcan0 103#8CF6A618A1902C76
(0000000182.500000) vcan0 101#020AD529640709AA
(0000000182.600000) vcan0 102#2C2F1006C076A02B
(0000000182.600000) vcan0 103#85F61F19A0A02C3B
(0000000182.600000) vcan0 101#1F0AFE2964070ADA
(0000000182.700000) vcan0 102#2C2F18062477B04B
(0000000182.700000) vcan0 103#7FF68919A0B02CE2
(0000000182.700000) vcan0 101#2E0A3E2A64070B4A
(0000000182.800000) vcan0 102#2C2F1F068877C0E3
(0000000182.800000) vcan0 103#7DF6B319A1C02C70
(0000000182.800000) vcan0 101#370A882A64070C42
(0000000182.900000) vcan0 102#2C2F2606EC77D04A
(0000000182.900000) vcan0 103#7AF6DE19A2D02C30
(0000000182.900000) vcan0 101#410AD22A64070D56
(0000000183.000000) vcan0 102#2C2F2E065078E036
(0000000183.000000) vcan0 103#78F6151AA2E02C84
(0000000183.000000) vcan0 101#4D0A0E2B64070EC7
(0000000183.100000) vcan0 102#2C2F3506B478F04A
(0000000183.100000) vcan0 103#76F6591AA3F02CE3
(0000000183.100000) vcan0 101#5C0A3B2B64070FCE
(0000000183.200000) vcan0 102#2C2F3C061879009E
(0000000183.200000) vcan0 103#73F6C21AA3002C31
(0000000183.200000) vcan0 101#690A5E2B64070016
(0000000183.300000) vcan0 102#2C2F44067C7910C2
(0000000183.300000) vcan0 103#70F64B1BA3102CC1
(0000000183.300000) vcan0 101#740A782B640701F4
(0000000183.400000) vcan0 102#2C2F4B06E0792026
(0000000183.400000) vcan0 103#6EF6A81BA4202CF1
(0000000183.400000) vcan0 101#7F0A932B64070252
(0000000183.500000) vcan0 102#2C2F5306447A3050
(0000000183.500000) vcan0 103#6DF6D81BA4302C12
(0000000183.500000) vcan0 101#8B0ADD2B64070306
(0000000183.600000) vcan0 102#2C2F5A06A87A408E
(0000000183.600000) vcan0 103#6EF6F61BA5402C86
(0000000183.600000) vcan0 101#970A362C64070417
(0000000183.700000) vcan0 102#2C2F62060C7B50A1
(0000000183.700000) vcan0 103#6FF6211CA5502CC2
(0000000183.700000) vcan0 101#A10A332C640705D0
(0000000183.800000) vcan0 102#2C2F6A06707B60DE
(0000000183.800000) vcan0 103#6FF65E1CA4602C40
(0000000183.800000) vcan0 101#AB0A352C640706FE
(0000000183.900000) vcan0 102#2C2F7106D47B70C2
(0000000183.900000) vcan0 103#71F6B21CA3702C79
(0000000183.900000) vcan0 101#B10A5B2C6407077A
(0000000184.000000) vcan0 102#2C2F7906387C80A9
(0000000184.000000) vcan0 103#76F6291DA3802C8C
(0000000184.000000) vcan0 101#B70A812C640708E3
(0000000184.100000) vcan0 102#2C2F81069C7C9076
(0000000184.100000) vcan0 103#7AF6A01DA3902CBD
(0000000184.100000) vcan0 101#BD0AA62C6407095C
(0000000184.200000) vcan0 102#2C2F8806007DA0BF
(0000000184.200000) vcan0 103#7EF6DF1DA3A02CD9
(0000000184.200000) vcan0 101#C60AC52C64070AA6
(0000000184.300000) vcan0 102#2C2F9006647DB0BD
(0000000184.300000) vcan0 103#81F6121EA4B02CBC
(0000000184.300000) vcan0 101#CE0AE32C64070BC9
(0000000184.400000) vcan0 102#2C2F9806C87DC069
(0000000184.400000) vcan0 103#84F6461EA4C02C67
(0000000184.400000) vcan0 101#D60A012D64070CC5
(0000000184.500000) vcan0 102#2C2F9F062C7ED0ED
(0000000184.500000) vcan0 103#87F67D1EA4D02CD2
(0000000184.500000) vcan0 101#E30AE52C64070D6F
(0000000184.600000) vcan0 102#2C2FA706907EE01D
(0000000184.600000) vcan0 103#8CF6C31EA3E02CB6
(0000000184.600000) vcan0 101#FC0A3B2C64070EE9
(0000000184.700000) vcan0 102#2C2FAF06F47EF0F1
(0000000184.700000) vcan0 103#93F6191FA3F02C8B
(0000000184.700000) vcan0 101#040B082B64070FAC
(0000000184.800000) vcan0 102#2C2FB706587F00A1
(0000000184.800000) vcan0 103#9EF68B1FA4002C1C
(0000000184.800000) vcan0 101#040B992964070097
(0000000184.900000) vcan0 102#2C2FBF06BC7F108D
(0000000184.900000) vcan0 103#A9F6F91FA4102C94
(0000000184.900000) vcan0 101#040B92286408017D
(0000000185.000000) vcan0 102#2C2FC70620802093
(0000000185.000000) vcan0 103#B1F64520A4202CF7
(0000000185.000000) vcan0 101#040B8B28640802A9
(0000000185.100000) vcan0 102#2C2FCE06848030B5
(0000000185.100000) vcan0 103#B8F68120A4302CC5
(0000000185.100000) vcan0 101#040B8428640803C8
(0000000185.200000) vcan0 102#2C2FD606E880402F
(0000000185.200000) vcan0 103#BFF6B920A4402C38
(0000000185.200000) vcan0 101#040B8F2864080452
(0000000185.300000) vcan0 102#2C2FDE064C81502F
(0000000185.300000) vcan0 103#C6F6EB20A4502CAE
(0000000185.300000) vcan0 101#040BAD286408055A
(0000000185.400000) vcan0 102#2C2FE606B08160BF
(0000000185.400000) vcan0 103#D0F63221A4602CD7
(0000000185.400000) vcan0 101#050BBC28640806A4
(0000000185.500000) vcan0 102#2C2FEE0614827027
(0000000185.500000) vcan0 103#DCF68421A3702C3F
(0000000185.500000) vcan0 101#080BB92864080780
(0000000185.600000) vcan0 102#2C2FF6067882809B
(0000000185.600000) vcan0 103#ECF6E821A3802C97
(0000000185.600000) vcan0 101#0B0BB628640808A0
(0000000185.700000) vcan0 102#2C2FFE06DC8290D7
(0000000185.700000) vcan0 103#02F76422A4902CA5
(0000000185.700000) vcan0 101#0E0BB2286408093C
(0000000185.800000) vcan0 102#2C2F05074083A0C4
(0000000185.800000) vcan0 103#16F7D622A4A02C6C
(0000000185.800000) vcan0 101#100BBB2864080ABE
(0000000185.900000) vcan0 102#2C2F0D07A483B0E8
(0000000185.900000) vcan0 103#22F71223A4B02CF3
(0000000185.900000) vcan0 101#130BC52864080BE2
(0000000186.000000) vcan0 102#2C2F15070884C02B
(0000000186.000000) vcan0 103#2BF74323A4C02C4C
(0000000186.000000) vcan0 101#160BD02864080CB4
(0000000186.100000) vcan0 102#2C2F1D076C84D0C7
(0000000186.100000) vcan0 103#35F77223A4D02C05
(0000000186.100000) vcan0 101#180BD82864080DDF
(0000000186.200000) vcan0 102#2C2F2507D084E037
(0000000186.200000) vcan0 103#3FF79F23A4E02C79
(0000000186.200000) vcan0 101#180BDA2864080E2C
(0000000186.300000) vcan0 102#2C2F2D073485F057
(0000000186.300000) vcan0 103#4CF7D823A4F02CB6
(0000000186.300000) vcan0 101#170BD22861080F93
(0000000186.400000) vcan0 102#2C2F35079885004B
(0000000186.400000) vcan0 103#5EF72524A5002C17
(0000000186.400000) vcan0 101#150BB42857080080
(0000000186.500000) vcan0 102#2C2F3D07FC8510A7
(0000000186.500000) vcan0 103#70F77224A5102CB7
(0000000186.500000) vcan0 101#120B96284D080111
(0000000186.600000) vcan0 102#2C2F440760862046
(0000000186.600000) vcan0 103#82F7BF24A5202C71
(0000000186.600000) vcan0 101#0F0B782844080281
(0000000186.700000) vcan0 102#2C2F4C07C486300A
(0000000186.700000) vcan0 103#95F71025A5302CF1
(0000000186.700000) vcan0 101#080BFA273108034C
(0000000186.800000) vcan0 102#2C2F54072887401C
(0000000186.800000) vcan0 103#A9F76225A4402C5C
(0000000186.800000) vcan0 101#000B53271A080482
(0000000186.900000) vcan0 102#2C2F5C078C875050
(0000000186.900000) vcan0 103#BCF7B225A4502C37
(0000000186.900000) vcan0 101#DE0A6C260818057F
(0000000187.000000) vcan0 102#2C2F6307F087600B
(0000000187.000000) vcan0 103#CCF7F225A4602C61
(0000000187.000000) vcan0 101#7A0AE52405180663
(0000000187.100000) vcan0 102#2C2F6A075488708E
(0000000187.100000) vcan0 103#DBF73326A5702C01
(0000000187.100000) vcan0 101#160A5D23031807FE
(0000000187.200000) vcan0 102#2C2F7007B8888026
(0000000187.200000) vcan0 103#EAF77426A5802CFC
(0000000187.200000) vcan0 101#B109E121001808AA
(0000000187.300000) vcan0 102#2C2F77071C89905A
(0000000187.300000) vcan0 103#F7F7B026A5902C1E
(0000000187.300000) vcan0 101#4409EC200018091F
(0000000187.400000) vcan0 102#2C2F7D078089A061
(0000000187.400000) vcan0 103#04F8EA26A5A02C86
(0000000187.400000) vcan0 101#D608F51F00180A28
(0000000187.500000) vcan0 102#2C2F8207E489B015
(0000000187.500000) vcan0 103#10F82227A5B02CB4
(0000000187.500000) vcan0 101#6908FF1E00180B20
(0000000187.600000) vcan0 102#2C2F8707488AC0BD
(0000000187.600000) vcan0 103#1CF85727A5C02C4B
(0000000187.600000) vcan0 101#DC07E11F00180C90
(0000000187.700000) vcan0 102#2C2F8C07AC8AD02F
(0000000187.700000) vcan0 103#28F88827A5D02C6E
(0000000187.700000) vcan0 101#4907032100180D92
(0000000187.800000) vcan0 102#2C2F9107108BE08D
(0000000187.800000) vcan0 103#34F8B827A5E02C82
(0000000187.800000) vcan0 101#BB06162200180E6B
(0000000187.900000) vcan0 102#2C2F9507748BF0A3
(0000000187.900000) vcan0 103#41F8E627A5F02C6D
(0000000187.900000) vcan0 101#6506752200180F51
(0000000188.000000) vcan0 102#2C2F9907D88B00E4
(0000000188.000000) vcan0 103#4EF81428A5002CFC
(0000000188.000000) vcan0 101#0F06D422001800BB
(0000000188.100000) vcan0 102#2C2F9D073C8C10F3
(0000000188.100000) vcan0 103#5BF83E28A5102CA7
(0000000188.100000) vcan0 101#C605C822001801B0
(0000000188.200000) vcan0 102#2C2FA107A08C2086
(0000000188.200000) vcan0 103#67F85F28A5202C3F
(0000000188.200000) vcan0 101#9D05AB210018029F
(0000000188.300000) vcan0 102#2C2FA507048D3044
(0000000188.300000) vcan0 103#73F87F28A4302C15
(0000000188.300000) vcan0 101#73058D20001803AE
(0000000188.400000) vcan0 102#2C2FA807688D40EF
(0000000188.400000) vcan0 103#83F8A028A4402CB9
(0000000188.400000) vcan0 101#4D05B21F001704DD
(0000000188.500000) vcan0 102#2C2FAC07CC8D5061
(0000000188.500000) vcan0 103#9BF8C428A4502C8D
(0000000188.500000) vcan0 101#2705E01E00170521
(0000000188.600000) vcan0 102#2C2FB007308E6051
(0000000188.600000) vcan0 103#B8F8E928A4602CAD
(0000000188.600000) vcan0 101#0E05621E001406C5
(0000000188.700000) vcan0 102#2C2FB307948E70D4
(0000000188.700000) vcan0 103#D7F80D29A5702C2E
(0000000188.700000) vcan0 101#0205411E0014071C
(0000000188.800000) vcan0 102#2C2FB707F88E8044
(0000000188.800000) vcan0 103#EBF81D29A5802C4F
(0000000188.800000) vcan0 101#EA04141E030408B5
(0000000188.900000) vcan0 102#2C2FBA075C8F909B
(0000000188.900000) vcan0 103#FEF82A29A5902C52
(0000000188.900000) vcan0 101#D104E51D08040988
(0000000189.000000) vcan0 102#2C2FBD07C08FA008
(0000000189.000000) vcan0 103#12F93329A5A02C8D
(0000000189.000000) vcan0 101#BE04D01D0A040AB1
(0000000189.100000) vcan0 102#2C2FC1072490B036
(0000000189.100000) vcan0 103#29F93929A5B02C79
(0000000189.100000) vcan0 101#B204D71D0A040B1C
(0000000189.200000) vcan0 102#2C2FC4078890C04A
(0000000189.200000) vcan0 103#4AF94229A5C02C7D
(0000000189.200000) vcan0 101#B704331E16040C1B
(0000000189.300000) vcan0 102#2C2FC707EC90D06F
(0000000189.300000) vcan0 103#6DF94B29A5D02C35
(0000000189.300000) vcan0 101#C004991E25040D65
(0000000189.400000) vcan0 102#2C2FCB075091E049
(0000000189.400000) vcan0 103#90F95429A5E02C29
(0000000189.400000) vcan0 101#CC040C1F30040EE7
(0000000189.500000) vcan0 102#2C2FCE07B491F0CD
(0000000189.500000) vcan0 103#B2F95D29A4F02CDA
(0000000189.500000) vcan0 101#DE048C1F36040FDF
(0000000189.600000) vcan0 102#2C2FD207189200B0
(0000000189.600000) vcan0 103#D5F96529A4002C5F
(0000000189.600000) vcan0 101#F0040C203D0400AE
(0000000189.700000) vcan0 102#2C2FD6077C92109E
(0000000189.700000) vcan0 103#FEF97529A4102C5F
(0000000189.700000) vcan0 101#1005CC2040040194
(0000000189.800000) vcan0 102#2C2FD907E092207A
(0000000189.800000) vcan0 103#29FA8629A3202CBB
(0000000189.800000) vcan0 101#3705AB2143040216
(0000000189.900000) vcan0 102#2C2FDD07449330B8
(0000000189.900000) vcan0 103#4DFA9729A3302C53
(0000000189.900000) vcan0 101#5E0589224504039F
(0000000190.000000) vcan0 102#2C2FE107A8934096
(0000000190.000000) vcan0 103#6DFAA929A3402C2E
(0000000190.000000) vcan0 101#8305602347040412
(0000000190.100000) vcan0 102#2C2FE5070C9450E1
(0000000190.100000) vcan0 103#88FABB29A3502C84
(0000000190.100000) vcan0 101#8C05D723460405DB
(0000000190.200000) vcan0 102#2C2FE9077094602B
(0000000190.200000) vcan0 103#A4FACE29A2602C71
(0000000190.200000) vcan0 101#95054E2445040662
(0000000190.300000) vcan0 102#2C2FED07D49470A5
(0000000190.300000) vcan0 103#C2FAE629A1702C9D
(0000000190.300000) vcan0 101#9E05C5244404072F
(0000000190.400000) vcan0 102#2C2FF2073895809E
(0000000190.400000) vcan0 103#E0FA002AA0802C83
(0000000190.400000) vcan0 101#A7053C2543040854
(0000000190.500000) vcan0 102#2C2FF6079C959010
(0000000190.500000) vcan0 103#FEFA1D2AA0902CC9
(0000000190.500000) vcan0 101#B8050B2647040934
(0000000190.600000) vcan0 102#2C2FFA070096A09E
(0000000190.600000) vcan0 103#1AFB3B2AA0A02C97
(0000000190.600000) vcan0 101#CE0503274D040A2D
(0000000190.700000) vcan0 102#2C2FFE076496B0B0
(0000000190.700000) vcan0 103#35FB5B2AA0B02C4E
(0000000190.700000) vcan0 101#E305FC2753040B47
(0000000190.800000) vcan0 102#2C2F0208C896C02A
(0000000190.800000) vcan0 103#4FFB7E2AA0C02C1B
(0000000190.800000) vcan0 101#1806032855040CC0
(0000000190.900000) vcan0 102#2C2F07082C97D0E2
(0000000190.900000) vcan0 103#68FBA32AA0D02CB4
(0000000190.900000) vcan0 101#4C06412857040D9B
(0000000191.000000) vcan0 102#2C2F0C089097E083
(0000000191.000000) vcan0 103#7FFBC92A9FE02C11
(0000000191.000000) vcan0 101#77065F295C040EBA
(0000000191.100000) vcan0 102#2C2F1108F497F05E
(0000000191.100000) vcan0 103#96FBF32A9FF02CB6
(0000000191.100000) vcan0 101#A2067C2A61040F3D
(0000000191.200000) vcan0 102#2C2F1508589800CD
(0000000191.200000) vcan0 103#ABFB1E2B9F002C2C
(0000000191.200000) vcan0 101#C4065E2B640400E5
(0000000191.300000) vcan0 102#2C2F1A08BC9810EA
(0000000191.300000) vcan0 103#BFFB4A2B9F102C8C
(0000000191.300000) vcan0 101#DD06012C64040137
(0000000191.400000) vcan0 102#2C2F1F08209920E1
(0000000191.400000) vcan0 103#D2FB792B9E202C04
(0000000191.400000) vcan0 101#0707092D64040212
(0000000191.500000) vcan0 102#2C2F250884993056
(0000000191.500000) vcan0 103#E4FBA92B9E302CE7
(0000000191.500000) vcan0 101#3107822D640403E0
(0000000191.600000) vcan0 102#2C2F2A08E8994029
(0000000191.600000) vcan0 103#F4FBDB2B9E402C11
(0000000191.600000) vcan0 101#5807832C6404047A
(0000000191.700000) vcan0 102#2C2F2F084C9A5019
(0000000191.700000) vcan0 103#04FC0E2C9F502C35
(0000000191.700000) vcan0 101#7F07842B64040579
(0000000191.800000) vcan0 102#2C2F3508B09A609C
(0000000191.800000) vcan0 103#14FC402C9F602CC4
(0000000191.800000) vcan0 101#A607842A6404068A
(0000000191.900000) vcan0 102#2C2F3B08149B70FD
(0000000191.900000) vcan0 103#23FC742C9F702CB2
(0000000191.900000) vcan0 101#C6079B2A640407B4
(0000000192.000000) vcan0 102#2C2F4008789B80A1
(0000000192.000000) vcan0 103#31FCAA2C9F802C17
(0000000192.000000) vcan0 101#E4072D2B6404082A
(0000000192.100000) vcan0 102#2C2F4608DC9B90FB
(0000000192.100000) vcan0 103#3FFCE02C9F902C9E
(0000000192.100000) vcan0 101#FB07C32B640509F5
(0000000192.200000) vcan0 102#2C2F4C08409CA039
(0000000192.200000) vcan0 103#4DFC182D9FA02C94
(0000000192.200000) vcan0 101#0D085A2C64050A49
(0000000192.300000) vcan0 102#2C2F5108A49CB024
(0000000192.300000) vcan0 103#5BFC4F2D9FB02C30
(0000000192.300000) vcan0 101#1A08EF2C64050BB0
(0000000192.400000) vcan0 102#2C2F5708089DC0AA
(0000000192.400000) vcan0 103#6AFC8D2D9FC02CF8
(0000000192.400000) vcan0 101#28080C2D64050CD1
(0000000192.500000) vcan0 102#2C2F5D086C9DD092
(0000000192.500000) vcan0 103#7CFCD92D9FD02CE2
(0000000192.500000) vcan0 101#3908AB2C64050D5C
(0000000192.600000) vcan0 102#2C2F6308D09DE003
(0000000192.600000) vcan0 103#8FFC262E9FE02C38
(0000000192.600000) vcan0 101#4A084B2C64050EE9
(0000000192.700000) vcan0 102#2C2F6908349EF02F
(0000000192.700000) vcan0 103#A1FC722E9FF02C26
(0000000192.700000) vcan0 101#5A08EA2B64050F31
(0000000192.800000) vcan0 102#2C2F6F08989E00CB
(0000000192.800000) vcan0 103#ABFC9A2E9F002CA6
(0000000192.800000) vcan0 101#8508602B64050090
(0000000192.900000) vcan0 102#2C2F7608FC9E10A3
(0000000192.900000) vcan0 103#B5FCC12E9F102C12
(0000000192.900000) vcan0 101#B408D22A64050143
(0000000193.000000) vcan0 102#2C2F7C08609F20D4
(0000000193.000000) vcan0 103#BEFCE82E9F202C3A
(0000000193.000000) vcan0 101#E0085A2A6405023E
(0000000193.100000) vcan0 102#2C2F8208C49F306A
(0000000193.100000) vcan0 103#CCFC262F9F302C0B
(0000000193.100000) vcan0 101#F908C92A64050366
(0000000193.200000) vcan0 102#2C2F890828A04002
(0000000193.200000) vcan0 103#DAFC682F9E402C4C
(0000000193.200000) vcan0 101#1209372B6405044E
(0000000193.300000) vcan0 102#2C2F90088CA050CA
(0000000193.300000) vcan0 103#EDFCC52F9E502CEA
(0000000193.300000) vcan0 101#2B099E2B64060521
(0000000193.400000) vcan0 102#2C2F9608F0A060A3
(0000000193.400000) vcan0 103#02FD30309F602CAF
(0000000193.400000) vcan0 101#4409F52B6406067C
(0000000193.500000) vcan0 102#2C2F9D0854A1701D
(0000000193.500000) vcan0 103#11FD7C309F702C18
(0000000193.500000) vcan0 101#5909422C640607CD
(0000000193.600000) vcan0 102#2C2FA408B8A180CA
(0000000193.600000) vcan0 103#1BFDB6309F802C8D
(0000000193.600000) vcan0 101#6C098A2C6406085F
(0000000193.700000) vcan0 102#2C2FAA081CA29033
(0000000193.700000) vcan0 103#21FDD5309F902C67
(0000000193.700000) vcan0 101#8009D82C6406094C
(0000000193.800000) vcan0 102#2C2FB10880A2A08C
(0000000193.800000) vcan0 103#26FDF4309FA02C83
(0000000193.800000) vcan0 101#9509262D64060AFE
(0000000193.900000) vcan0 102#2C2FB808E4A2B00A
(0000000193.900000) vcan0 103#2FFD29319FB02CDF
(0000000193.900000) vcan0 101#A4094B2C64060B03
(0000000194.000000) vcan0 102#2C2FBF0848A3C0EE
(0000000194.000000) vcan0 103#3BFD70319FC02C48
(0000000194.000000) vcan0 101#B109E52A64060C40
(0000000194.100000) vcan0 102#2C2FC608ACA3D018
(0000000194.100000) vcan0 103#46FDB7319FD02CA5
(0000000194.100000) vcan0 101#BE097F2964060DD5
(0000000194.200000) vcan0 102#2C2FCD0810A4E080
(0000000194.200000) vcan0 103#51FDFC319FE02C05
(0000000194.200000) vcan0 101#CE09EB2864070E53
(0000000194.300000) vcan0 102#2C2FD40874A4F0E8
(0000000194.300000) vcan0 103#5CFD41329FF02C49
(0000000194.300000) vcan0 101#E4093C2964070F8D
(0000000194.400000) vcan0 102#2C2FDB08D8A40011
(0000000194.400000) vcan0 103#68FD8C329F002C00
(0000000194.400000) vcan0 101#F9098C2964070065
(0000000194.500000) vcan0 102#2C2FE2083CA51034
(0000000194.500000) vcan0 103#72FDD6329F102CB7
(0000000194.500000) vcan0 101#0B0AD9296407010F
(0000000194.600000) vcan0 102#2C2FEA08A0A520DB
(0000000194.600000) vcan0 103#7DFD20339F202C45
(0000000194.600000) vcan0 101#1B0A232A6407021B
(0000000194.700000) vcan0 102#2C2FF10804A63013
(0000000194.700000) vcan0 103#87FD63339F302C11
(0000000194.700000) vcan0 101#2A0A6E2A640703BA
(0000000194.800000) vcan0 102#2C2FF80868A6400D
(0000000194.800000) vcan0 103#8FFD9F339F402CB9
(0000000194.800000) vcan0 101#380AA62A64070421
(0000000194.900000) vcan0 102#2C2F0009CCA6504F
(0000000194.900000) vcan0 103#98FDE3339F502C48
(0000000194.900000) vcan0 101#450AC92A640705F0
(0000000195.000000) vcan0 102#2C2F070930A760C0
(0000000195.000000) vcan0 103#A1FD2D349F602C8E
(0000000195.000000) vcan0 101#510AEC2A64070619
(0000000195.100000) vcan0 102#2C2F0E0994A770E6
(0000000195.100000) vcan0 103#AAFD7B349F702C1F
(0000000195.100000) vcan0 101#570A0F2B64070789
(0000000195.200000) vcan0 102#2C2F1609F8A7805A
(0000000195.200000) vcan0 103#B1FDC6349F802CD5
(0000000195.200000) vcan0 101#610A3F2B64070818
(0000000195.300000) vcan0 102#2C2F1D095CA8900B
(0000000195.300000) vcan0 103#B8FD10359F902C40
(0000000195.300000) vcan0 101#6F0A7C2B64070925
(0000000195.400000) vcan0 102#2C2F2509C0A8A0CB
(0000000195.400000) vcan0 103#BEFD59359FA02CD0
(0000000195.400000) vcan0 101#7D0AB82B64070A08
(0000000195.500000) vcan0 102#2C2F2C0924A9B0C1
(0000000195.500000) vcan0 103#C4FDA3359FB02C34
(0000000195.500000) vcan0 101#890AE62B64070BB2
(0000000195.600000) vcan0 102#2C2F340988A9C0FB
(0000000195.600000) vcan0 103#C8FDEE359FC02C93
(0000000195.600000) vcan0 101#940A0E2C64070C40
(0000000195.700000) vcan0 102#2C2F3B09ECA9D01C
(0000000195.700000) vcan0 103#CCFD39369FD02CAD
(0000000195.700000) vcan0 101#9F0A352C64070D8E
(0000000195.800000) vcan0 102#2C2F430950AAE0A7
(0000000195.800000) vcan0 103#CFFD85369FE02C45
(0000000195.800000) vcan0 101#A80A4F2C64070EE2
(0000000195.900000) vcan0 102#2C2F4B09B4AAF08B
(0000000195.900000) vcan0 103#D2FDD1369FF02C6A
(0000000195.900000) vcan0 101#B20A682C64070FE4
(0000000196.000000) vcan0 102#2C2F520918AB00B1
(0000000196.000000) vcan0 103#D4FD1E379F002C06
(0000000196.000000) vcan0 101#BB0A802C640700DA
(0000000196.100000) vcan0 102#2C2F5A097CAB105D
(0000000196.100000) vcan0 103#D5FD6A379F102CEA
(0000000196.100000) vcan0 101#C20AB42C640701DA
(0000000196.200000) vcan0 102#2C2F6109E0AB2023
(0000000196.200000) vcan0 103#D7FDB7379F202C6B
(0000000196.200000) vcan0 101#C80AF22C6407026B
(0000000196.300000) vcan0 102#2C2F690944AC3096
(0000000196.300000) vcan0 103#D7FD0B389F302C79
(0000000196.300000) vcan0 101#CB0A062D6407032A
(0000000196.400000) vcan0 102#2C2F7109A8AC40CC
(0000000196.400000) vcan0 103#D8FD60389F402C99
(0000000196.400000) vcan0 101#CE0A1A2D64070461
(0000000196.500000) vcan0 102#2C2F79090CAD50CC
(0000000196.500000) vcan0 103#D8FDB7389F502C74
(0000000196.500000) vcan0 101#D20A2E2D640705E4
(0000000196.600000) vcan0 102#2C2F800970AD604A
(0000000196.600000) vcan0 103#D6FD1B399E602C86
(0000000196.600000) vcan0 101#D50A112D6407061E
(0000000196.700000) vcan0 102#2C2F8809D4AD7006
(0000000196.700000) vcan0 103#D4FD79399E702C02
(0000000196.700000) vcan0 101#D90AEC2C6407071E
(0000000196.800000) vcan0 102#2C2F900938AE80AE
(0000000196.800000) vcan0 103#D2FDBB399E802C5B
(0000000196.800000) vcan0 101#DC0AC82C640708E5
(0000000196.900000) vcan0 102#2C2F97099CAE909E
(0000000196.900000) vcan0 103#CEFDF3399E902C05
(0000000196.900000) vcan0 101#DC0AAC2C64070913
(0000000197.000000) vcan0 102#2C2F9F0900AFA03D
(0000000197.000000) vcan0 103#C9FD303A9EA02CF2
(0000000197.000000) vcan0 101#DB0A962C64070A36
(0000000197.100000) vcan0 102#2C2FA70964AFB0FE
(0000000197.100000) vcan0 103#C2FD7E3A9DB02C76
(0000000197.100000) vcan0 101#D00ABD2C64070B16
(0000000197.200000) vcan0 102#2C2FAE09C8AFC040
(0000000197.200000) vcan0 103#B9FDCA3A9DC02CD9
(0000000197.200000) vcan0 101#C60AE32C64070C48
(0000000197.300000) vcan0 102#2C2FB6092CB0D095
(0000000197.300000) vcan0 103#ADFD163B9DD02CB0
(0000000197.300000) vcan0 101#BF0AF52C64070D5D
(0000000197.400000) vcan0 102#2C2FBE0990B0E04A
(0000000197.400000) vcan0 103#A0FD623B9DE02C92
(0000000197.400000) vcan0 101#C40AD32C64070EE7
(0000000197.500000) vcan0 102#2C2FC509F4B0F0A8
(0000000197.500000) vcan0 103#92FDAD3B9DF02C8A
(0000000197.500000) vcan0 101#C60ABA2C64070F03
(0000000197.600000) vcan0 102#2C2FCD0958B10016
(0000000197.600000) vcan0 103#82FDFA3B9D002CAB
(0000000197.600000) vcan0 101#C00ABA2C6407006B
(0000000197.700000) vcan0 102#2C2FD509BCB110D4
(0000000197.700000) vcan0 103#71FD453C9D102CD5
(0000000197.700000) vcan0 101#BE0A952C640701C2
(0000000197.800000) vcan0 102#2C2FDC0920B22085
(0000000197.800000) vcan0 103#60FD913C9D202C17
(0000000197.800000) vcan0 101#BE0A582C6307027B
(0000000197.900000) vcan0 102#2C2FE40984B230E6
(0000000197.900000) vcan0 103#4FFDDB3C9D302CAC
(0000000197.900000) vcan0 101#B90AD92B5C0703FB
(0000000198.000000) vcan0 102#2C2FEC09E8B24092
(0000000198.000000) vcan0 103#3FFD253D9D402C97
(0000000198.000000) vcan0 101#B00A4C2B530704B3
(0000000198.100000) vcan0 102#2C2FF3094CB35077
(0000000198.100000) vcan0 103#2EFD6B3D9D502C4E
(0000000198.100000) vcan0 101#810A352A360705CC
(0000000198.200000) vcan0 102#2C2FFA09B0B360A2
(0000000198.200000) vcan0 103#1EFDB13D9D602CA8
(0000000198.200000) vcan0 101#530A1D29180706A2
(0000000198.300000) vcan0 102#2C2F010A14B47080
(0000000198.300000) vcan0 103#0CFDFB3D9D702C23
(0000000198.300000) vcan0 101#040ABD270317076D
(0000000198.400000) vcan0 102#2C2F070A78B480C4
(0000000198.400000) vcan0 103#F7FC583E9D802CFD
(0000000198.400000) vcan0 101#6709A825021708D3
(0000000198.500000) vcan0 102#2C2F0C0ADCB49036
(0000000198.500000) vcan0 103#E1FCB63E9D902C48
(0000000198.500000) vcan0 101#C908932301170944
(0000000198.600000) vcan0 102#2C2F120A40B5A01A
(0000000198.600000) vcan0 103#D1FC013F9DA02CC5
(0000000198.600000) vcan0 101#2C087E2101170AB5
(0000000198.700000) vcan0 102#2C2F170AA4B5B09E
(0000000198.700000) vcan0 103#C8FC293F9DB02CF1
(0000000198.700000) vcan0 101#A407272000170B60
(0000000198.800000) vcan0 102#2C2F1B0A08B6C02B
(0000000198.800000) vcan0 103#C4FC3E3F9DC02C84
(0000000198.800000) vcan0 101#5007A02000170CDB
(0000000198.900000) vcan0 102#2C2F200A6CB6D056
(0000000198.900000) vcan0 103#C0FC523F9DD02CC5
(0000000198.900000) vcan0 101#FD06192100170D24
(0000000199.000000) vcan0 102#2C2F250AD0B6E021
(0000000199.000000) vcan0 103#B8FC7C3F9DE02C09
(0000000199.000000) vcan0 101#AA06922100170E00
(0000000199.100000) vcan0 102#2C2F290A34B7F0F4
(0000000199.100000) vcan0 103#AFFCAA3F9DF02CB9
(0000000199.100000) vcan0 101#4506AA2100160F45
(0000000199.200000) vcan0 102#2C2F2D0A98B700C4
(0000000199.200000) vcan0 103#A6FCD83F9C002C3F
(0000000199.200000) vcan0 101#D90598210016006C
(0000000199.300000) vcan0 102#2C2F300AFCB71019
(0000000199.300000) vcan0 103#9FFC00409C102C64
(0000000199.300000) vcan0 101#7305032200160169
(0000000199.400000) vcan0 102#2C2F340A60B82097
(0000000199.400000) vcan0 103#99FC26409C202CD6
(0000000199.400000) vcan0 101#1B059E23001602D5
(0000000199.500000) vcan0 102#2C2F370AC4B83012
(0000000199.500000) vcan0 103#96FC4E409C302C17
(0000000199.500000) vcan0 101#DC04F42300160382
(0000000199.600000) vcan0 102#2C2F3A0A28B94035
(0000000199.600000) vcan0 103#94FC78409C402CC8
(0000000199.600000) vcan0 101#A704B923001604DB
(0000000199.700000) vcan0 102#2C2F3D0A8CB95005
(0000000199.700000) vcan0 103#92FCA1409C502CE0
(0000000199.700000) vcan0 101#72047D230016053D
(0000000199.800000) vcan0 102#2C2F400AF0B96015
(0000000199.800000) vcan0 103#91FCC5409C602C2D
(0000000199.800000) vcan0 101#3E04282300140649
(0000000199.900000) vcan0 102#2C2F430A54BA7044
(0000000199.900000) vcan0 103#95FCD6409C702CA0
(0000000199.900000) vcan0 101#0F04CC2100140730
(0000000200.000000) vcan0 102#2C2F450AB8BA80C0
(0000000200.000000) vcan0 103#99FCE7409C802CBC
(0000000200.000000) vcan0 101#E003712000140831
(0000000200.100000) vcan0 102#2C2F480A1CBB901F
(0000000200.100000) vcan0 103#9DFCF9409C902C99
(0000000200.100000) vcan0 101#B003161F00140919
(0000000200.200000) vcan0 102#2C2F4A0A80BBA053
(0000000200.200000) vcan0 103#A4FC0C419CA02CD0
(0000000200.200000) vcan0 101#8A03BA1D00120A32
(0000000200.300000) vcan0 102#2C2F4D0AE4BBB0C3
(0000000200.300000) vcan0 103#B0FC21419BB02C57
(0000000200.300000) vcan0 101#6E035E1C00120B03
(0000000200.400000) vcan0 102#2C2F4F0A48BCC04D
(0000000200.400000) vcan0 103#BCFC36419BC02C22
(0000000200.400000) vcan0 101#5103011B00120C23
(0000000200.500000) vcan0 102#2C2F510AACBCD0EE
(0000000200.500000) vcan0 103#CCFC45419BD02C90
(0000000200.500000) vcan0 101#3903171A00120D4F
(0000000200.600000) vcan0 102#2C2F530A10BDE0DE
(0000000200.600000) vcan0 103#DDFC53419BE02C3A
(0000000200.600000) vcan0 101#2303621900120E6C
(0000000200.700000) vcan0 102#2C2F560A74BDF09A
(0000000200.700000) vcan0 103#F4FC60419BF02CFF
(0000000200.700000) vcan0 101#0C03AE1800120FA1
(0000000200.800000) vcan0 102#2C2F580AD8BD0009
(0000000200.800000) vcan0 103#0DFD6B419B002CB4
(0000000200.800000) vcan0 101#F702FE17001200D9
(0000000200.900000) vcan0 102#2C2F5A0A3CBE1052
(0000000200.900000) vcan0 103#26FD71419B102C17
(0000000200.900000) vcan0 101#E90293170012018A
(0000000201.000000) vcan0 102#2C2F5C0AA0BE20AB
(0000000201.000000) vcan0 103#40FD78419C202C23
(0000000201.000000) vcan0 101#DC0228170012028A
(0000000201.100000) vcan0 102#2C2F5D0A04BF30B6
(0000000201.100000) vcan0 103#4FFD79419C302CA1
(0000000201.100000) vcan0 101#CE02BD160012031B
(0000000201.200000) vcan0 102#2C2F5F0A68BF4061
(0000000201.200000) vcan0 103#5BFD78419C402C30
(0000000201.200000) vcan0 101#C002521600120448
(0000000201.300000) vcan0 102#2C2F610ACCBF5063
(0000000201.300000) vcan0 103#68FD76419C502CA3
(0000000201.300000) vcan0 101#AE0248160002051C
(0000000201.400000) vcan0 102#2C2F630A30C060F7
(0000000201.400000) vcan0 103#79FD72419C602C33
(0000000201.400000) vcan0 101#99026C1600020617
(0000000201.500000) vcan0 102#2C2F650A94C070AD
(0000000201.500000) vcan0 103#8BFD6B419C702C67
(0000000201.500000) vcan0 101#8902A81601020735
(0000000201.600000) vcan0 102#2C2F670AF8C0805C
(0000000201.600000) vcan0 103#9FFD5E419B802C2F
(0000000201.600000) vcan0 101#85022517060208A9
(0000000201.700000) vcan0 102#2C2F680A5CC19057
(0000000201.700000) vcan0 103#B3FD51419B902C33
(0000000201.700000) vcan0 101#8102A2170A0209FF
(0000000201.800000) vcan0 102#2C2F6A0AC0C1A01B
(0000000201.800000) vcan0 103#C4FD42419BA02C24
(0000000201.800000) vcan0 101#840269170D020A13
(0000000201.900000) vcan0 102#2C2F6C0A24C2B0F5
(0000000201.900000) vcan0 103#D3FD34419BB02C76
(0000000201.900000) vcan0 101#890217170F020B4D
(0000000202.000000) vcan0 102#2C2F6E0A88C2C082
(0000000202.000000) vcan0 103#DCFD28419BC02C2D
(0000000202.000000) vcan0 101#9502E31715020C2D
(0000000202.100000) vcan0 102#2C2F700AECC2D0E1
(0000000202.100000) vcan0 103#E5FD1C419BD02C5A
(0000000202.100000) vcan0 101#A202D6181B020DF9
(0000000202.200000) vcan0 102#2C2F720A50C3E0D1
(0000000202.200000) vcan0 103#EDFD0F419BE02C19
(0000000202.200000) vcan0 101#AC02AD191F020E3D
(0000000202.300000) vcan0 102#2C2F740AB4C3F0EB
(0000000202.300000) vcan0 103#F4FD01419BF02C8D
(0000000202.300000) vcan0 101#B402671A21020FCF
(0000000202.400000) vcan0 102#2C2F760A18C40043
(0000000202.400000) vcan0 103#FDFDF2409B002C50
(0000000202.400000) vcan0 101#BD021E1B22020047
(0000000202.500000) vcan0 102#2C2F780A7CC410CE
(0000000202.500000) vcan0 103#04FEE3409B102C8C
(0000000202.500000) vcan0 101#CA02B61B2602014F
(0000000202.600000) vcan0 102#2C2F7A0AE0C42082
(0000000202.600000) vcan0 103#09FED8409B202C4D
(0000000202.600000) vcan0 101#D6024E1C2A020270
(0000000202.700000) vcan0 102#2C2F7C0A44C53094
(0000000202.700000) vcan0 103#0EFECE409B302CF8
(0000000202.700000) vcan0 101#E202E61C2E020341
(0000000202.800000) vcan0 102#2C2F7E0AA8C54083
(0000000202.800000) vcan0 103#12FEC5409B402C18
(0000000202.800000) vcan0 101#0303B11D300204EF
(0000000202.900000) vcan0 102#2C2F800A0CC650E9
(0000000202.900000) vcan0 103#17FEB8409B502C80
(0000000202.900000) vcan0 101#2603831E320205EB
(0000000203.000000) vcan0 102#2C2F830A70C6605F
(0000000203.000000) vcan0 103#1BFEAA409B602CC0
(0000000203.000000) vcan0 101#4903541F340206E0
(0000000203.100000) vcan0 102#2C2F850AD4C67005
(0000000203.100000) vcan0 103#24FE8F409B702CE0
(0000000203.100000) vcan0 101#6C03262037020749
(0000000203.200000) vcan0 102#2C2F880A38C78004
(0000000203.200000) vcan0 103#2FFE6F409B802C4A
(0000000203.200000) vcan0 101#890349213A0208EC
(0000000203.300000) vcan0 102#2C2F8B0A9CC79081
(0000000203.300000) vcan0 103#3AFE4F409B902CB2
(0000000203.300000) vcan0 101#A50377223E0209A0
(0000000203.400000) vcan0 102#2C2F8D0A00C8A0DB
(0000000203.400000) vcan0 103#42FE32409BA02CB1
(0000000203.400000) vcan0 101#C003A62341020A69
(0000000203.500000) vcan0 102#2C2F910A64C8B06C
(0000000203.500000) vcan0 103#49FE15409BB02CFA
(0000000203.500000) vcan0 101#E103E72444020BCE
(0000000203.600000) vcan0 102#2C2F940AC8C8C010
(0000000203.600000) vcan0 103#4DFEFA3F9BC02C2A
(0000000203.600000) vcan0 101#11045C2647020C95
(0000000203.700000) vcan0 102#2C2F980A2CC9D0C5
(0000000203.700000) vcan0 103#51FEDF3F9BD02C82
(0000000203.700000) vcan0 101#4004D1274A020D21
(0000000203.800000) vcan0 102#2C2F9C0A90C9E0D8
(0000000203.800000) vcan0 103#56FEC43F9BE02CEA
(0000000203.800000) vcan0 101#6F0445294D020E32
(0000000203.900000) vcan0 102#2C2F9F0AF4C9F0FD
(0000000203.900000) vcan0 103#5AFEA83F9BF02C79
(0000000203.900000) vcan0 101#9E04BA2A51020F9C
(0000000204.000000) vcan0 102#2C2FA30A58CA0041
(0000000204.000000) vcan0 103#5EFE8D3F9B002CEC
(0000000204.000000) vcan0 101#CE042E2C540200D8
(0000000204.100000) vcan0 102#2C2FA70ABCCA10AF
(0000000204.100000) vcan0 103#62FE723F9B102CDA
(0000000204.100000) vcan0 101#FD04A32D5702016E
(0000000204.200000) vcan0 102#2C2FAB0A20CB20B9
(0000000204.200000) vcan0 103#65FE4D3F9B202CC6
(0000000204.200000) vcan0 101#2D05182F5A0202AE
(0000000204.300000) vcan0 102#2C2FAF0A84CB3037
(0000000204.300000) vcan0 103#68FE273F9B302C69
(0000000204.300000) vcan0 101#5A05F12E5D020342
(0000000204.400000) vcan0 102#2C2FB30AE8CB4018
(0000000204.400000) vcan0 103#6CFEFF3E9B402C93
(0000000204.400000) vcan0 101#8605092E60020425
(0000000204.500000) vcan0 102#2C2FB70A4CCC506F
(0000000204.500000) vcan0 103#6FFED73E9B502C76
(0000000204.500000) vcan0 101#B205222D630205B9
(0000000204.600000) vcan0 102#2C2FBB0AB0CC6065
(0000000204.600000) vcan0 103#73FEA63E9B602C6F
(0000000204.600000) vcan0 101#E905792C6403062F
(0000000204.700000) vcan0 102#2C2FC00A14CD706B
(0000000204.700000) vcan0 103#79FE6D3E9B702CC6
(0000000204.700000) vcan0 101#2D06112C640307C7
(0000000204.800000) vcan0 102#2C2FC40A78CD80FB
(0000000204.800000) vcan0 103#7EFE353E9B802CAC
(0000000204.800000) vcan0 101#7106A92B6403082F
(0000000204.900000) vcan0 102#2C2FC90ADCCD9068
(0000000204.900000) vcan0 103#83FE053E9B902C78
(0000000204.900000) vcan0 101#9406702B64030959
(0000000205.000000) vcan0 102#2C2FCE0A40CEA02F
(0000000205.000000) vcan0 103#87FEE53D9BA02C17
(0000000205.000000) vcan0 101#A8064A2B64030A9F
(0000000205.100000) vcan0 102#2C2FD30AA4CEB032
(0000000205.100000) vcan0 103#8CFEC53D9BB02C57
(0000000205.100000) vcan0 101#C506FD2B64040B2B
(0000000205.200000) vcan0 102#2C2FD80A08CFC014
(0000000205.200000) vcan0 103#93FE9E3D9BC02C21
(0000000205.200000) vcan0 101#E606122D64040C98
(0000000205.300000) vcan0 102#2C2FDD0A6CCFD050
(0000000205.300000) vcan0 103#9DFE703D9BD02CFF
(0000000205.300000) vcan0 101#0207AA2D64040DC1
(0000000205.400000) vcan0 102#2C2FE20AD0CFE0AB
(0000000205.400000) vcan0 103#A9FE3B3D9AE02C58
(0000000205.400000) vcan0 101#0E07112D64040E98
(0000000205.500000) vcan0 102#2C2FE70A34D0F038
(0000000205.500000) vcan0 103#B6FE073D99F02C68
(0000000205.500000) vcan0 101#1B07792C64040FBC
(0000000205.600000) vcan0 102#2C2FEC0A98D00074
(0000000205.600000) vcan0 103#C5FED43C99002C14
(0000000205.600000) vcan0 101#59070F2B64040046
(0000000205.700000) vcan0 102#2C2FF20AFCD01017
(0000000205.700000) vcan0 103#D5FEA03C98102C93
(0000000205.700000) vcan0 101#9407462A640401DD
(0000000205.800000) vcan0 102#2C2FF70A60D1201C
(0000000205.800000) vcan0 103#E8FE6B3C98202C17
(0000000205.800000) vcan0 101#B707412B640402E4
(0000000205.900000) vcan0 102#2C2FFD0AC4D13084
(0000000205.900000) vcan0 103#FBFE363C98302C24
(0000000205.900000) vcan0 101#D707102C640503EB
(0000000206.000000) vcan0 102#2C2F030B28D2408B
(0000000206.000000) vcan0 103#10FF003C96402C2B
(0000000206.000000) vcan0 101#F007742C640504B2
(0000000206.100000) vcan0 102#2C2F080B8CD25079
(0000000206.100000) vcan0 103#25FFCA3B95502C1A
(0000000206.100000) vcan0 101#0908D82C6405056C
(0000000206.200000) vcan0 102#2C2F0E0BF0D26010
(0000000206.200000) vcan0 103#3BFF933B94602C80
(0000000206.200000) vcan0 101#2608462C640506A3
(0000000206.300000) vcan0 102#2C2F140B54D3702A
(0000000206.300000) vcan0 103#52FF5C3B94702CCA
(0000000206.300000) vcan0 101#4308962B6405079D
(0000000206.400000) vcan0 102#2C2F1A0BB8D380D9
(0000000206.400000) vcan0 103#69FF253B93802CEC
(0000000206.400000) vcan0 101#6008E62A64050883
(0000000206.500000) vcan0 102#2C2F210B1CD490FD
(0000000206.500000) vcan0 103#81FFED3A93902CCC
(0000000206.500000) vcan0 101#7D08362A64050993
(0000000206.600000) vcan0 102#2C2F270B80D4A004
(0000000206.600000) vcan0 103#9AFFB33A93A02CE6
(0000000206.600000) vcan0 101#9A089E2964050A05
(0000000206.700000) vcan0 102#2C2F2D0BE4D4B03C
(0000000206.700000) vcan0 103#B2FF7B3A92B02CAB
(0000000206.700000) vcan0 101#B908242A64050B85
(0000000206.800000) vcan0 102#2C2F340B48D5C020
(0000000206.800000) vcan0 103#C9FF443A92C02CEE
(0000000206.800000) vcan0 101#D808AB2A64050C65
(0000000206.900000) vcan0 102#2C2F3A0BACD5D06D
(0000000206.900000) vcan0 103#E1FF0C3A92D02C0F
(0000000206.900000) vcan0 101#F608322B64050D5B
(0000000207.000000) vcan0 102#2C2F410B10D6E068
(0000000207.000000) vcan0 103#FCFFCD3992E02CFD
(0000000207.000000) vcan0 101#1709892B64060E66
(0000000207.100000) vcan0 102#2C2F470B74D6F092
(0000000207.100000) vcan0 103#15008F3992F02C94
(0000000207.100000) vcan0 101#3A09AB2B64060FE7
(0000000207.200000) vcan0 102#2C2F4E0BD8D6000A
(0000000207.200000) vcan0 103#2E00543992002C0E
(0000000207.200000) vcan0 101#5209BD2B640600B0
(0000000207.300000) vcan0 102#2C2F540B3CD71050
(0000000207.300000) vcan0 103#46001B3992102C3A
(0000000207.300000) vcan0 101#5F09BD2B6406014B
(0000000207.400000) vcan0 102#2C2F5B0BA0D720B4
(0000000207.400000) vcan0 103#6200DB3892202CDC
(0000000207.400000) vcan0 101#6F094A2C640602D6
(0000000207.500000) vcan0 102#2C2F620B04D8301E
(0000000207.500000) vcan0 103#7D009A3892302C78
(0000000207.500000) vcan0 101#7F09EB2C640603FA
(0000000207.600000) vcan0 102#2C2F690B68D840D4
(0000000207.600000) vcan0 103#A300433892402CDB
(0000000207.600000) vcan0 101#9209C62C64060436
(0000000207.700000) vcan0 102#2C2F700BCCD8501C
(0000000207.700000) vcan0 103#CB00E83792502C4F
(0000000207.700000) vcan0 101#A709CC2B6406059E
(0000000207.800000) vcan0 102#2C2F770B30D96093
(0000000207.800000) vcan0 103#F3008D3792602C0B
(0000000207.800000) vcan0 101#BD09D22A6406060D
(0000000207.900000) vcan0 102#2C2F7E0B94D970B5
(0000000207.900000) vcan0 103#0D01543792702C1E
(0000000207.900000) vcan0 101#D209162A640707B8
(0000000208.000000) vcan0 102#2C2F850BF8D980CA
(0000000208.000000) vcan0 103#2101263792802C4C
(0000000208.000000) vcan0 101#E60978296407084E
(0000000208.100000) vcan0 102#2C2F8C0B5CDA9038
(0000000208.100000) vcan0 103#3501F73692902C8D
(0000000208.100000) vcan0 101#FA098929640709A8
(0000000208.200000) vcan0 102#2C2F930BC0DAA032
(0000000208.200000) vcan0 103#4F01BB3691A02CFD
(0000000208.200000) vcan0 101#0F0AED2964070A33
(0000000208.300000) vcan0 102#2C2F9A0B24DBB038
(0000000208.300000) vcan0 103#69017E3691B02C96
(0000000208.300000) vcan0 101#210A432A64070B0E
(0000000208.400000) vcan0 102#2C2FA20B88DBC0C3
(0000000208.400000) vcan0 103#8401403691C02C72
(0000000208.400000) vcan0 101#2C0A752A64070CF5
(0000000208.500000) vcan0 102#2C2FA90BECDBD091
(0000000208.500000) vcan0 103#9E01063691D02CE9
(0000000208.500000) vcan0 101#370AA82A64070D9E
(0000000208.600000) vcan0 102#2C2FB00B50DCE033
(0000000208.600000) vcan0 103#BC01C13591E02CF0
(0000000208.600000) vcan0 101#440AD52A64070E4E
(0000000208.700000) vcan0 102#2C2FB80BB4DCF01F
(0000000208.700000) vcan0 103#E401653590F02C29
(0000000208.700000) vcan0 101#560AFC2A64070F8C
(0000000208.800000) vcan0 102#2C2FBF0B18DD00DD
(0000000208.800000) vcan0 103#1202F7348E002CEE
(0000000208.800000) vcan0 101#680A232B64070053
(0000000208.900000) vcan0 102#2C2FC70B7CDD1081
(0000000208.900000) vcan0 103#3602A1348E102C4C
(0000000208.900000) vcan0 101#780A5C2B6407013B
(0000000209.000000) vcan0 102#2C2FCE0BE0DD2004
(0000000209.000000) vcan0 103#480277348E202CB7
(0000000209.000000) vcan0 101#870A9C2B64070255
(0000000209.100000) vcan0 102#2C2FD60B44DE3072
(0000000209.100000) vcan0 103#59024D348D302CE7
(0000000209.100000) vcan0 101#960ADC2B64070333
(0000000209.200000) vcan0 102#2C2FDD0BA8DE4078
(0000000209.200000) vcan0 103#6C0221348D402CB2
(0000000209.200000) vcan0 101#A50A1C2C64070419
(0000000209.300000) vcan0 102#2C2FE50B0CDF5057
(0000000209.300000) vcan0 103#8702DE338B502C3D
(0000000209.300000) vcan0 101#AA0A472C640705E0
(0000000209.400000) vcan0 102#2C2FED0B70DF6028
(0000000209.400000) vcan0 103#A50295338A602CF0
(0000000209.400000) vcan0 101#AA0A682C6407067A
(0000000209.500000) vcan0 102#2C2FF40BD4DF70E0
(0000000209.500000) vcan0 103#C3024C3388702C6A
(0000000209.500000) vcan0 101#AE0A8B2C640707CD
(0000000209.600000) vcan0 102#2C2FFC0B38E08010
(0000000209.600000) vcan0 103#E002053387802C04
(0000000209.600000) vcan0 101#BA0AAF2C640708D2
(0000000209.700000) vcan0 102#2C2F040C9CE0903B
(0000000209.700000) vcan0 103#FC02BD3286902CDB
(0000000209.700000) vcan0 101#C60AD32C6407090E
(0000000209.800000) vcan0 102#2C2F0B0C00E1A093
(0000000209.800000) vcan0 103#2B03453285A02C7C
(0000000209.800000) vcan0 101#D30AF82C64070AAC
(0000000209.900000) vcan0 102#2C2F130C64E1B091
(0000000209.900000) vcan0 103#5903D03184B02C5D
(0000000209.900000) vcan0 101#E00A1C2D64070BD5
(0000000210.000000) vcan0 102#2C2F1B0CC8E1C045
(0000000210.000000) vcan0 103#78037B3183C02CE5
(0000000210.000000) vcan0 101#EA0AFC2C64070C0E
(0000000210.100000) vcan0 102#2C2F230C2CE2D092
(0000000210.100000) vcan0 103#9003393183D02CD8
(0000000210.100000) vcan0 101#F20A932C64070D5A
(0000000210.200000) vcan0 102#2C2F2B0C90E2E04D
(0000000210.200000) vcan0 103#A703F83083E02C0A
(0000000210.200000) vcan0 101#FB0A1E2C64070E79
(0000000210.300000) vcan0 102#2C2F320CF4E2F025
(0000000210.300000) vcan0 103#B903C83083F02C29
(0000000210.300000) vcan0 101#010B222B64070FFA
(0000000210.400000) vcan0 102#2C2F3A0C58E3009B
(0000000210.400000) vcan0 103#C8039D3083002C30
(0000000210.400000) vcan0 101#070B272A640700D0
(0000000210.500000) vcan0 102#2C2F420CBCE31007
(0000000210.500000) vcan0 103#D603753083102C36
(0000000210.500000) vcan0 101#0D0B2B29640701DD
(0000000210.600000) vcan0 102#2C2F4A0C20E42011
(0000000210.600000) vcan0 103#EE032C3083202C9F
(0000000210.600000) vcan0 101#190B262964080221
(0000000210.700000) vcan0 102#2C2F520C84E430B3
(0000000210.700000) vcan0 103#0704DE2F82302CFE
(0000000210.700000) vcan0 101#250B4229640803BA
(0000000210.800000) vcan0 102#2C2F5A0CE8E440C7
(0000000210.800000) vcan0 103#2A046B2F82402C8F
(0000000210.800000) vcan0 101#310B5A29640804A0
(0000000210.900000) vcan0 102#2C2F620C4CE550E8
(0000000210.900000) vcan0 103#5504DD2E82502C9F
(0000000210.900000) vcan0 101#3C0B6E29640805C1
(0000000211.000000) vcan0 102#2C2F6A0CB0E56057
(0000000211.000000) vcan0 103#6404A82E82602CBA
(0000000211.000000) vcan0 101#470B822964080664
(0000000211.100000) vcan0 102#2C2F720C14E67021
(0000000211.100000) vcan0 103#7304742E82702CA9
(0000000211.100000) vcan0 101#530B972964080798
(0000000211.200000) vcan0 102#2C2F7A0C78E68073
(0000000211.200000) vcan0 103#7F044B2E82802CA3
(0000000211.200000) vcan0 101#570BD829640808A9
(0000000211.300000) vcan0 102#2C2F820CDCE690AC
(0000000211.300000) vcan0 103#90040D2E82902CA5
(0000000211.300000) vcan0 101#5C0B1F2A6408098C
(0000000211.400000) vcan0 102#2C2F8A0C40E7A00F
(0000000211.400000) vcan0 103#A504C02D82A02C28
(0000000211.400000) vcan0 101#600B472A64080AC0
(0000000211.500000) vcan0 102#2C2F930CA4E7B0A7
(0000000211.500000) vcan0 103#BC046A2D82B02CEB
(0000000211.500000) vcan0 101#650B502A64080B0C
(0000000211.600000) vcan0 102#2C2F9B0C08E8C0D0
(0000000211.600000) vcan0 103#D0041A2D82C02C7A
(0000000211.600000) vcan0 101#6A0B592A64080C1E
(0000000211.700000) vcan0 102#2C2FA30C6CE8D013
(0000000211.700000) vcan0 103#E404CB2C82D02CD4
(0000000211.700000) vcan0 101#6E0B622A64080D8C
(0000000211.800000) vcan0 102#2C2FAB0CD0E8E0CC
(0000000211.800000) vcan0 103#F9047C2C82E02C4D
(0000000211.800000) vcan0 101#730B6A2A64080E83
(0000000211.900000) vcan0 102#2C2FB30C34E9F042
(0000000211.900000) vcan0 103#0C052F2C82F02CED
(0000000211.900000) vcan0 101#7B0B6B2A64080F26
(0000000212.000000) vcan0 102#2C2FBB0C98E900B0
(0000000212.000000) vcan0 103#1E05E52B82002CE7
(0000000212.000000) vcan0 101#830B6C2A640800ED
(0000000212.100000) vcan0 102#2C2FC40CFCE910E7
(0000000212.100000) vcan0 103#3505872B82102C83
(0000000212.100000) vcan0 101#8A0B782A64080124
(0000000212.200000) vcan0 102#2C2FCC0C60EA20DC
(0000000212.200000) vcan0 103#52050D2B82202CFD
(0000000212.200000) vcan0 101#910B892A64080276
(0000000212.300000) vcan0 102#2C2FD40CC4EA307E
(0000000212.300000) vcan0 103#6E05942A81302CE5
(0000000212.300000) vcan0 101#970B9B2A64080382
(0000000212.400000) vcan0 102#2C2FDC0C28EB4086
(0000000212.400000) vcan0 103#83053E2A81402C79
(0000000212.400000) vcan0 101#9C0BA62A64080463
(0000000212.500000) vcan0 102#2C2FE50C8CEB508F
(0000000212.500000) vcan0 103#8C05152A81502C99
(0000000212.500000) vcan0 101#9F0BA92A640805E5
(0000000212.600000) vcan0 102#2C2FED0CF0EB60F0
(0000000212.600000) vcan0 103#9605ED2981602CD7
(0000000212.600000) vcan0 101#A30BAD2A6408061A
(0000000212.700000) vcan0 102#2C2FF50C54EC70AB
(0000000212.700000) vcan0 103#A705A62981702CBE
(0000000212.700000) vcan0 101#AB0BD22A64080719
(0000000212.800000) vcan0 102#2C2FFE0CB8EC8087
(0000000212.800000) vcan0 103#BE05442981802CC3
(0000000212.800000) vcan0 101#B50B062B64080860
(0000000212.900000) vcan0 102#2C2F060D1CED9089
(0000000212.900000) vcan0 103#D605DA2881902C52
(0000000212.900000) vcan0 101#B80B1D2B640809BC
(0000000213.000000) vcan0 102#2C2F0E0D80EDA066
(0000000213.000000) vcan0 103#EF056F2880A02C96
(0000000213.000000) vcan0 101#B80B282B64080A6B
(0000000213.100000) vcan0 102#2C2F170DE4EDB00E
(0000000213.100000) vcan0 103#0006262880B02C26
(0000000213.100000) vcan0 101#B90B332B64080B0C
(0000000213.200000) vcan0 102#2C2F1F0D48EEC00E
(0000000213.200000) vcan0 103#0C06F52780C02C32
(0000000213.200000) vcan0 101#BB0B412B64080C81
(0000000213.300000) vcan0 102#2C2F270DACEED00D
(0000000213.300000) vcan0 103#1706C32780D02C44
(0000000213.300000) vcan0 101#BE0B4F2B64080DBE
(0000000213.400000) vcan0 102#2C2F300D10EFE00C
(0000000213.400000) vcan0 103#2606822780E02CFB
(0000000213.400000) vcan0 101#C10B5D2B64080EF7
(0000000213.500000) vcan0 102#2C2F380D74EFF0E0
(0000000213.500000) vcan0 103#3B062C2780F02CE4
(0000000213.500000) vcan0 101#C60B762B64080F6C
(0000000213.600000) vcan0 102#2C2F410DD8EF00C8
(0000000213.600000) vcan0 103#5006D22680002C9A
(0000000213.600000) vcan0 101#CC0B8F2B64080031
(0000000213.700000) vcan0 102#2C2F490D3CF010F3
(0000000213.700000) vcan0 103#620686267E102C07
(0000000213.700000) vcan0 101#D30B5A2B64080144
(0000000213.800000) vcan0 102#2C2F510DA0F020F2
(0000000213.800000) vcan0 103#740637267D202C46
(0000000213.800000) vcan0 101#D60B562B64080295
(0000000213.900000) vcan0 102#2C2F5A0D04F1304C
(0000000213.900000) vcan0 103#8806E3257E302C31
(0000000213.900000) vcan0 101#D60B862B640803DA
(0000000214.000000) vcan0 102#2C2F620D68F14017
(0000000214.000000) vcan0 103#9C068A257F402C06
(0000000214.000000) vcan0 101#D60B992B6408041B
(0000000214.100000) vcan0 102#2C2F6B0DCCF15031
(0000000214.100000) vcan0 103#B10632257F502C40
(0000000214.100000) vcan0 101#D60BA82B64080543
(0000000214.200000) vcan0 102#2C2F730D30F260B4
(0000000214.200000) vcan0 103#C606DA247F602C90
(0000000214.200000) vcan0 101#D60BB52B64080622
(0000000214.300000) vcan0 102#2C2F7B0D94F270F8
(0000000214.300000) vcan0 103#D90686247F702C72
(0000000214.300000) vcan0 101#D60BC22B64080784
(0000000214.400000) vcan0 102#2C2F840DF8F28032
(0000000214.400000) vcan0 103#EC0633247E802C2E
(0000000214.400000) vcan0 101#D60BCF2B64080897
(0000000214.500000) vcan0 102#2C2F8C0D5CF39032
(0000000214.500000) vcan0 103#FD06ED237E902CCE
(0000000214.500000) vcan0 101#DA0BC32B640809F3
(0000000214.600000) vcan0 102#2C2F950DC0F3A059
(0000000214.600000) vcan0 103#0D07A6237EA02CB6
(0000000214.600000) vcan0 101#E00BAB2B64080A43
(0000000214.700000) vcan0 102#2C2F9D0D24F4B08C
(0000000214.700000) vcan0 103#2A072B237EB02C68
(0000000214.700000) vcan0 101#E00BB12B64080B13
(0000000214.800000) vcan0 102#2C2FA60D88F4C0C9
(0000000214.800000) vcan0 103#4C0796227EC02C18
(0000000214.800000) vcan0 101#E00BB72B64080C21
(0000000214.900000) vcan0 102#2C2FAE0DECF4D025
(0000000214.900000) vcan0 103#5E0748227ED02CEB
(0000000214.900000) vcan0 101#E30BC42B64080DD5
(0000000215.000000) vcan0 102#2C2FB70D50F5E032
(0000000215.000000) vcan0 103#6A0716227EE02CF2
(0000000215.000000) vcan0 101#E70BD42B64080E75
(0000000215.100000) vcan0 102#2C2FBF0DB4F5F01E
(0000000215.100000) vcan0 103#7507E6217EF02C8A
(0000000215.100000) vcan0 101#EA0BE22B64080FC0
(0000000215.200000) vcan0 102#2C2FC80D18F600F4
(0000000215.200000) vcan0 103#8007B5217E002C3A
(0000000215.200000) vcan0 101#EA0BEB2B64080066
(0000000215.300000) vcan0 102#2C2FD00D7CF610F6
(0000000215.300000) vcan0 103#920765217E102CDF
(0000000215.300000) vcan0 101#EA0BF22B64080188
(0000000215.400000) vcan0 102#2C2FD80DE0F62019
(0000000215.400000) vcan0 103#A5070E217E202CD1
(0000000215.400000) vcan0 101#EA0BF92B64080266
(0000000215.500000) vcan0 102#2C2FE10D44F7305C
(0000000215.500000) vcan0 103#B807BA207E302C1E
(0000000215.500000) vcan0 101#EA0BFF2B6408031A
(0000000215.600000) vcan0 102#2C2FE90DA8F740E8
(0000000215.600000) vcan0 103#CB0767207E402C20
(0000000215.600000) vcan0 101#EA0BF52B640804EA
(0000000215.700000) vcan0 102#2C2FF20D0CF85057
(0000000215.700000) vcan0 103#DF0712207E502C2B
(0000000215.700000) vcan0 101#EA0BE92B640805DB
(0000000215.800000) vcan0 102#2C2FFA0D70F86028
(0000000215.800000) vcan0 103#FC07951F7E602C4D
(0000000215.800000) vcan0 101#EA0BDD2B64080666
(0000000215.900000) vcan0 102#2C2F030ED4F87027
(0000000215.900000) vcan0 103#1908171F7F702C60
(0000000215.900000) vcan0 101#EA0BD12B640807B9
(0000000216.000000) vcan0 102#2C2F0B0E38F980F9
(0000000216.000000) vcan0 103#2808D31E7F802C9D
(0000000216.000000) vcan0 101#E70BB92B640808CD
(0000000216.100000) vcan0 102#2C2F140E9CF99050
(0000000216.100000) vcan0 103#35089A1E7F902CF4
(0000000216.100000) vcan0 101#E20B9F2B64080944
(0000000216.200000) vcan0 102#2C2F1C0E00FAA06B
(0000000216.200000) vcan0 103#4208631E7FA02C3D
(0000000216.200000) vcan0 101#DD0B8A2B64080AD8
(0000000216.300000) vcan0 102#2C2F250E64FAB0C2
(0000000216.300000) vcan0 103#52081F1E7FB02C42
(0000000216.300000) vcan0 101#D70B772B64080B96
(0000000216.400000) vcan0 102#2C2F2D0EC8FAC016
(0000000216.400000) vcan0 103#6608CA1D7FC02CE1
(0000000216.400000) vcan0 101#D60B732B64080C2D
(0000000216.500000) vcan0 102#2C2F350E2CFBD098
(0000000216.500000) vcan0 103#7B08731D80D02C15
(0000000216.500000) vcan0 101#D60B702B64080D8E
(0000000216.600000) vcan0 102#2C2F3E0E90FBE0F9
(0000000216.600000) vcan0 103#8F08211D80E02CB1
(0000000216.600000) vcan0 101#D00B572B64080EB0
(0000000216.700000) vcan0 102#2C2F460EF4FBF0A5
(0000000216.700000) vcan0 103#A208D01C7FF02CE6
(0000000216.700000) vcan0 101#C90B3A2B64080F6D
(0000000216.800000) vcan0 102#2C2F4E0E58FC00AE
(0000000216.800000) vcan0 103#B6087E1C7E002CAF
(0000000216.800000) vcan0 101#C20B1D2B64080029
(0000000216.900000) vcan0 102#2C2F570EBCFC1006
(0000000216.900000) vcan0 103#C9082D1C7E102C80
(0000000216.900000) vcan0 101#BE0B082B640801B6
(0000000217.000000) vcan0 102#2C2F5F0E20FD20A5
(0000000217.000000) vcan0 103#DD08DC1B7F202C13
(0000000217.000000) vcan0 101#B90BF32A640802D8
(0000000217.100000) vcan0 102#2C2F670E84FD30C6
(0000000217.100000) vcan0 103#F0088B1B80302C5A
(0000000217.100000) vcan0 101#B40BD72A64080357
(0000000217.200000) vcan0 102#2C2F700EE8FD4020
(0000000217.200000) vcan0 103#03093B1B80402C75
(0000000217.200000) vcan0 101#AD0BB92A6408047A
(0000000217.300000) vcan0 102#2C2F780E4CFE50B8
(0000000217.300000) vcan0 103#1609EA1A80502CE9
(0000000217.300000) vcan0 101#A20BA22A6408051C
(0000000217.400000) vcan0 102#2C2F800EB0FE6094
(0000000217.400000) vcan0 103#2909991A81602C23
(0000000217.400000) vcan0 101#980B8A2A64080633
(0000000217.500000) vcan0 102#2C2F880E14FF7094
(0000000217.500000) vcan0 103#3C09491A81702C48
(0000000217.500000) vcan0 101#8E0B702A64080774
(0000000217.600000) vcan0 102#2C2F910E78FF8042
(0000000217.600000) vcan0 103#5009F91981802C16
(0000000217.600000) vcan0 101#870B512A63080861
(0000000217.700000) vcan0 102#2C2F990EDCFF900E
(0000000217.700000) vcan0 103#6309A51981902C20
(0000000217.700000) vcan0 101#800B322A63080912
(0000000217.800000) vcan0 102#2C2FA10E4000A192
(0000000217.800000) vcan0 103#78094D1981A02C67
(0000000217.800000) vcan0 101#7A0BFC295E080A49
(0000000217.900000) vcan0 102#2C2FA90EA400B1BE
(0000000217.900000) vcan0 103#8E09F51882B02CC3
(0000000217.900000) vcan0 101#760BAD2954080BFB
(0000000218.000000) vcan0 102#2C2FB10E0801C1C8
(0000000218.000000) vcan0 103#A2099E1883C02C24
(0000000218.000000) vcan0 101#690B352948180C51
(0000000218.100000) vcan0 102#2C2FB90E6C01D124
(0000000218.100000) vcan0 103#B009631883D02CA8
(0000000218.100000) vcan0 101#080B192733180D9E
(0000000218.200000) vcan0 102#2C2FC00ED001E121
(0000000218.200000) vcan0 103#BE09271883E02C42
(0000000218.200000) vcan0 101#A70AFD241F180E25
(0000000218.300000) vcan0 102#2C2FC70E3402F1A5
(0000000218.300000) vcan0 103#CC09E91783F02C86
(0000000218.300000) vcan0 101#460AE1220A180FA1
(0000000218.400000) vcan0 102#2C2FCD0E98020183
(0000000218.400000) vcan0 103#DB09AA1783002C72
(0000000218.400000) vcan0 101#BC099421001800CB
(0000000218.500000) vcan0 102#2C2FD30EFC0211E0
(0000000218.500000) vcan0 103#EA096E1784102CCE
(0000000218.500000) vcan0 101#09091E2100180115
(0000000218.600000) vcan0 102#2C2FD90E60032197
(0000000218.600000) vcan0 103#F609391784202C77
(0000000218.600000) vcan0 101#5B08BF20001802BC
(0000000218.700000) vcan0 102#2C2FDE0EC40331A7
(0000000218.700000) vcan0 103#030A001784302CA6
(0000000218.700000) vcan0 101#DE074821001803F4
(0000000218.800000) vcan0 102#2C2FE30E2804411A
(0000000218.800000) vcan0 103#100AB91684402C5F
(0000000218.800000) vcan0 101#6107D1210018045C
(0000000218.900000) vcan0 102#2C2FE70E8C045194
(0000000218.900000) vcan0 103#1E0A6E1684502CB3
(0000000218.900000) vcan0 101#E4065A22001805C2
(0000000219.000000) vcan0 102#2C2FEC0EF0046155
(0000000219.000000) vcan0 103#260A3D1684602CB9
(0000000219.000000) vcan0 101#9806CE220018062E
(0000000219.100000) vcan0 102#2C2FF00E5405710E
(0000000219.100000) vcan0 103#2A0A211684702C9A
(0000000219.100000) vcan0 101#7F062F2300180727
(0000000219.200000) vcan0 102#2C2FF50EB8058134
(0000000219.200000) vcan0 103#2D0A061684802C3C
(0000000219.200000) vcan0 101#62067623001808AF
(0000000219.300000) vcan0 102#2C2FF90E1C069119
(0000000219.300000) vcan0 103#2D0AEE1584902C38
(0000000219.300000) vcan0 101#1B06B522001809AA
(0000000219.400000) vcan0 102#2C2FFD0E8006A134
(0000000219.400000) vcan0 103#2E0ACD1583A02CEB
(0000000219.400000) vcan0 101#D405F42100180A2B
(0000000219.500000) vcan0 102#2C2F010FE406B163
(0000000219.500000) vcan0 103#2C0AA71583B02C18
(0000000219.500000) vcan0 101#AA05A22101150B9B
(0000000219.600000) vcan0 102#2C2F050F4807C139
(0000000219.600000) vcan0 103#240A7F1583C02CC4
(0000000219.600000) vcan0 101#8C05832102150C53
(0000000219.700000) vcan0 102#2C2F080FAC07D1CA
(0000000219.700000) vcan0 103#1B0A581583D02C30
(0000000219.700000) vcan0 101#6E05632103150D16
(0000000219.800000) vcan0 102#2C2F0C0F1008E174
(0000000219.800000) vcan0 103#120A311583E02C3D
(0000000219.800000) vcan0 101#5005442105150E29
(0000000219.900000) vcan0 102#2C2F100F7408F1C3
(0000000219.900000) vcan0 103#060A0F1583F02C60
(0000000219.900000) vcan0 101#3E05FF2007040F27
(0000000220.000000) vcan0 102#2C2F140FD80801F3
(0000000220.000000) vcan0 103#F709F31483002C70
(0000000220.000000) vcan0 101#3105A9200A040055
(0000000220.100000) vcan0 102#2C2F170F3C09115A
(0000000220.100000) vcan0 103#E809D61483102C3F
(0000000220.100000) vcan0 101#2305A8200F0401A8
(0000000220.200000) vcan0 102#2C2F1B0FA0092100
(0000000220.200000) vcan0 103#D509B81483202C86
(0000000220.200000) vcan0 101#0F0585211B0402B1
(0000000220.300000) vcan0 102#2C2F1E0F040A3130
(0000000220.300000) vcan0 103#C109981482302CAC
(0000000220.300000) vcan0 101#06051F2228040353
(0000000220.400000) vcan0 102#2C2F220F680A41DE
(0000000220.400000) vcan0 103#AE09781482402C17
(0000000220.400000) vcan0 101#1B050D223B0404F1
(0000000220.500000) vcan0 102#2C2F260FCC0A5150
(0000000220.500000) vcan0 103#9C09591482502C64
(0000000220.500000) vcan0 101#3105FB214D0405EE
(0000000220.600000) vcan0 102#2C2F2A0F300B6116
(0000000220.600000) vcan0 103#8B09361482602CB0
(0000000220.600000) vcan0 101#4D055222540406A4
(0000000220.700000) vcan0 102#2C2F2E0F940B7198
(0000000220.700000) vcan0 103#7E09111481702CDF
(0000000220.700000) vcan0 101#71051A234F040739
(0000000220.800000) vcan0 102#2C2F320FF80B8191
(0000000220.800000) vcan0 103#7009EB1381802CF8
(0000000220.800000) vcan0 101#9505E2234904081A
(0000000220.900000) vcan0 102#2C2F360F5C0C91E6
(0000000220.900000) vcan0 103#6809C51381902CF0
(0000000220.900000) vcan0 101#A705152443040908
(0000000221.000000) vcan0 102#2C2F3A0FC00CA1BC
(0000000221.000000) vcan0 103#62099E1380A02C6E
(0000000221.000000) vcan0 101#B20501243D040AB8
(0000000221.100000) vcan0 102#2C2F3E0F240DB11E
(0000000221.100000) vcan0 103#5D09751380B02CE4
(0000000221.100000) vcan0 101#BD05ED2338040B3B
(0000000221.200000) vcan0 102#2C2F420F880DC1CF
(0000000221.200000) vcan0 103#5B094B1380C02C25
(0000000221.200000) vcan0 101#CD05FA243E040C74
(0000000221.300000) vcan0 102#2C2F460FEC0DD1E1
(0000000221.300000) vcan0 103#5B09241380D02CB3
(0000000221.300000) vcan0 101#DD052E2646040D54
(0000000221.400000) vcan0 102#2C2F4A0F500EE15F
(0000000221.400000) vcan0 103#5C09FC1280E02C44
(0000000221.400000) vcan0 101#F20533274A040E91
(0000000221.500000) vcan0 102#2C2F4F0FB40EF1DB
(0000000221.500000) vcan0 103#5E09D21280F02C9D
(0000000221.500000) vcan0 101#0B0605284A040F46
(0000000221.600000) vcan0 102#2C2F530F180F013E
(0000000221.600000) vcan0 103#6109A5127F002C40
(0000000221.600000) vcan0 101#2406D6284A040022
(0000000221.700000) vcan0 102#2C2F580F7C0F116C
(0000000221.700000) vcan0 103#660978127F102C80
(0000000221.700000) vcan0 101#41068F294E04014D
(0000000221.800000) vcan0 102#2C2F5C0FE00F2141
(0000000221.800000) vcan0 103#6C0949127F202C6C
(0000000221.800000) vcan0 101#5C06482A5204022A
(0000000221.900000) vcan0 102#2C2F610F441031EA
(0000000221.900000) vcan0 103#72091B127F302CC5
(0000000221.900000) vcan0 101#7906012B56040375
(0000000222.000000) vcan0 102#2C2F660FA8104122
(0000000222.000000) vcan0 103#7A09EB117F402C15
(0000000222.000000) vcan0 101#9F06BA2B5C04042F
(0000000222.100000) vcan0 102#2C2F6B0F0C1151FD
(0000000222.100000) vcan0 103#8309BC117E502C72
(0000000222.100000) vcan0 101#C706732C6304057C
(0000000222.200000) vcan0 102#2C2F700F701161D2
(0000000222.200000) vcan0 103#8D098B117E602C96
(0000000222.200000) vcan0 101#F206012D640406CA
(0000000222.300000) vcan0 102#2C2F750FD4117136
(0000000222.300000) vcan0 103#990959117E702C74
(0000000222.300000) vcan0 101#1C07E42C640407BF
(0000000222.400000) vcan0 102#2C2F7A0F3812817B
(0000000222.400000) vcan0 103#A50926117E802C37
(0000000222.400000) vcan0 101#3F07192B64040843
(0000000222.500000) vcan0 102#2C2F7F0F9C12919F
(0000000222.500000) vcan0 103#B209F3107E902CA4
(0000000222.500000) vcan0 101#6207E229640409A2
(0000000222.600000) vcan0 102#2C2F850F0013A17B
(0000000222.600000) vcan0 103#C009BE107EA02CE0
(0000000222.600000) vcan0 101#85072C2A64040A0B
(0000000222.700000) vcan0 102#2C2F8A0F6413B19C
(0000000222.700000) vcan0 103#CE0989107EB02C71
(0000000222.700000) vcan0 101#A807852A64050B2C
(0000000222.800000) vcan0 102#2C2F900FC813C172
(0000000222.800000) vcan0 103#DE0953107FC02C9D
(0000000222.800000) vcan0 101#C907082B64050C85
(0000000222.900000) vcan0 102#2C2F950F2C14D10F
(0000000222.900000) vcan0 103#ED091D107FD02C91
(0000000222.900000) vcan0 101#EA078A2B64050DE7
(0000000223.000000) vcan0 102#2C2F9B0F9014E1B1
(0000000223.000000) vcan0 103#FD09E50F7FE02C40
(0000000223.000000) vcan0 101#0408542C64050EA4
(0000000223.100000) vcan0 102#2C2FA10FF414F1A6
(0000000223.100000) vcan0 103#0D0AAD0F7FF02C7F
(0000000223.100000) vcan0 101#1D08282D64050F60
(0000000223.200000) vcan0 102#2C2FA70F5815010E
(0000000223.200000) vcan0 103#1D0A740F7F002C6B
(0000000223.200000) vcan0 101#3D08322D640500F9
(0000000223.300000) vcan0 102#2C2FAD0FBC1511F6
(0000000223.300000) vcan0 103#2F0A3B0F7F102C50
(0000000223.300000) vcan0 101#6308632C64050104
(0000000223.400000) vcan0 102#2C2FB30F20162142
(0000000223.400000) vcan0 103#400A010F7F202CF0
(0000000223.400000) vcan0 101#8A08932B640502DB
(0000000223.500000) vcan0 102#2C2FBA0F84163164
(0000000223.500000) vcan0 103#520ABF0E7F302CC0
(0000000223.500000) vcan0 101#B108C42A640503C2
(0000000223.600000) vcan0 102#2C2FC00FE8164174
(0000000223.600000) vcan0 103#650A7D0E7F402CDB
(0000000223.600000) vcan0 101#D5080A2A640504E3
(0000000223.700000) vcan0 102#2C2FC70F4C175108
(0000000223.700000) vcan0 103#7A0A300E7F502CBD
(0000000223.700000) vcan0 101#E608462A64050592
(0000000223.800000) vcan0 102#2C2FCD0FB0176163
(0000000223.800000) vcan0 103#8E0AE40D7F602CE1
(0000000223.800000) vcan0 101#F708822A64050658
(0000000223.900000) vcan0 102#2C2FD30F14187103
(0000000223.900000) vcan0 103#A00A9F0D7F702C42
(0000000223.900000) vcan0 101#0B09E92A64060752
(0000000224.000000) vcan0 102#2C2FDA0F7818813B
(0000000224.000000) vcan0 103#B00A620D7F802C22
(0000000224.000000) vcan0 101#2109652B64060892
(0000000224.100000) vcan0 102#2C2FE10FDC1891E6
(0000000224.100000) vcan0 103#BC0A370D80902C8D
(0000000224.100000) vcan0 101#3809E02B64060945
(0000000224.200000) vcan0 102#2C2FE70F4019A153
(0000000224.200000) vcan0 103#C70A0C0D80A02C97
(0000000224.200000) vcan0 101#4E093C2C64060ADD
(0000000224.300000) vcan0 102#2C2FEE0FA419B115
(0000000224.300000) vcan0 103#D60AD00C80B02CCA
(0000000224.300000) vcan0 101#6409222B64060BCB
(0000000224.400000) vcan0 102#2C2FF50F081AC145
(0000000224.400000) vcan0 103#E70A8F0C7FC02C69
(0000000224.400000) vcan0 101#7A09082A64060CDF
(0000000224.500000) vcan0 102#2C2FFC0F6C1AD1C3
(0000000224.500000) vcan0 103#F70A4C0C7FD02C66
(0000000224.500000) vcan0 101#9109EE2864060DDC
(0000000224.600000) vcan0 102#2C2F0310D01AE1C9
(0000000224.600000) vcan0 103#080B0A0C7FE02CEA
(0000000224.600000) vcan0 101#A109712864060E9C
(0000000224.700000) vcan0 102#2C2F0A10341BF1C3
(0000000224.700000) vcan0 103#190BC70B80F02C54
(0000000224.700000) vcan0 101#AC09982864060F07
(0000000224.800000) vcan0 102#2C2F1110981B0161
(0000000224.800000) vcan0 103#2B0B840B80002CFB
(0000000224.800000) vcan0 101#B709BF28640600FA
(0000000224.900000) vcan0 102#2C2F1810FC1B11E7
(0000000224.900000) vcan0 103#3B0B410B80102C95
(0000000224.900000) vcan0 101#CE090B2964070108
(0000000225.000000) vcan0 102#2C2F1F10601C218D
(0000000225.000000) vcan0 103#4C0BFF0A80202C55
(0000000225.000000) vcan0 101#ED09682964070247
(0000000225.100000) vcan0 102#2C2F2610C41C3184
(0000000225.100000) vcan0 103#5E0BB70A80302C0A
(0000000225.100000) vcan0 101#010ABD29640703B6
(0000000225.200000) vcan0 102#2C2F2D10281D41C2
(0000000225.200000) vcan0 103#740B630A80402CC1
(0000000225.200000) vcan0 101#110A0D2A640704EA
(0000000225.300000) vcan0 102#2C2F34108C1D510A
(0000000225.300000) vcan0 103#8A0B0E0A80502C2B
(0000000225.300000) vcan0 101#200A5D2A6407050D
(0000000225.400000) vcan0 102#2C2F3C10F01D6175
(0000000225.400000) vcan0 103#9F0BBE0980602CD1
(0000000225.400000) vcan0 101#2E0A8E2A640706C7
(0000000225.500000) vcan0 102#2C2F4310541E7156
(0000000225.500000) vcan0 103#B00B7C0980702C3E
(0000000225.500000) vcan0 101#3A0A9E2A640707E4
(0000000225.600000) vcan0 102#2C2F4A10B81E81AE
(0000000225.600000) vcan0 103#C00B3E0980802C9F
(0000000225.600000) vcan0 101#470AB62A64070807
(0000000225.700000) vcan0 102#2C2F52101C1F9140
(0000000225.700000) vcan0 103#D00B040980902C1E
(0000000225.700000) vcan0 101#560A172B640709EB
(0000000225.800000) vcan0 102#2C2F5910801FA111
(0000000225.800000) vcan0 103#DF0BCA0880A02CB4
(0000000225.800000) vcan0 101#650A762B64070AC9
(0000000225.900000) vcan0 102#2C2F6010E41FB1B8
(0000000225.900000) vcan0 103#F20B820880B02C61
(0000000225.900000) vcan0 101#740AB22B64070B39
(0000000226.000000) vcan0 102#2C2F68104820C10E
(0000000226.000000) vcan0 103#050C3A0880C02CD9
(0000000226.000000) vcan0 101#820AEF2B64070CC9
(0000000226.100000) vcan0 102#2C2F6F10AC20D15E
(0000000226.100000) vcan0 103#180CF10780D02C2F
(0000000226.100000) vcan0 101#8F0A1F2C64070D55
(0000000226.200000) vcan0 102#2C2F77101021E123
(0000000226.200000) vcan0 103#2B0CA80780E02CB3
(0000000226.200000) vcan0 101#990A302C64070EA5
(0000000226.300000) vcan0 102#2C2F7F107421F1CF
(0000000226.300000) vcan0 103#3E0C5E0780F02C78
(0000000226.300000) vcan0 101#A30A472C64070FBD
(0000000226.400000) vcan0 102#2C2F8610D82101C4
(0000000226.400000) vcan0 103#510C150780002C21
(0000000226.400000) vcan0 101#AE0A6E2C6407003C
(0000000226.500000) vcan0 102#2C2F8E103C22113C
(0000000226.500000) vcan0 103#650CCB0680102CF3
(0000000226.500000) vcan0 101#B90A962C640701F2
(0000000226.600000) vcan0 102#2C2F9610A022213D
(0000000226.600000) vcan0 103#780C810680202C51
(0000000226.600000) vcan0 101#C40ABE2C6407028D
(0000000226.700000) vcan0 102#2C2F9D1004233183
(0000000226.700000) vcan0 103#8B0C370680302CC6
(0000000226.700000) vcan0 101#CD0AF02C64070396
(0000000226.800000) vcan0 102#2C2FA510682341D8
(0000000226.800000) vcan0 103#9E0CEC0581402CCE
(0000000226.800000) vcan0 101#D40A282D6407044B
(0000000226.900000) vcan0 102#2C2FAD10CC235194
(0000000226.900000) vcan0 103#B00CA10581502C23
(0000000226.900000) vcan0 101#DB0A5F2D640705B1
(0000000227.000000) vcan0 102#2C2FB5103024613C
(0000000227.000000) vcan0 103#C10C550581602C91
(0000000227.000000) vcan0 101#E50A7D2D64070654
(0000000227.100000) vcan0 102#2C2FBC109424711A
(0000000227.100000) vcan0 103#D30C070581702C83
(0000000227.100000) vcan0 101#EF0A972D640707FF
(0000000227.200000) vcan0 102#2C2FC410F82481F8
(0000000227.200000) vcan0 103#E30CBC0481802CEF
(0000000227.200000) vcan0 101#F90A0C2C640708B7
(0000000227.300000) vcan0 102#2C2FCC105C2591F8
(0000000227.300000) vcan0 103#F10C7A0482902C09
(0000000227.300000) vcan0 101#040B482A640709E0
(0000000227.400000) vcan0 102#2C2FD410C025A1F9
(0000000227.400000) vcan0 103#FE0C370482A02CA3
(0000000227.400000) vcan0 101#0E0BA92864070A9F
(0000000227.500000) vcan0 102#2C2FDC102426B101
(0000000227.500000) vcan0 103#0B0DE80383B02C99
(0000000227.500000) vcan0 101#150BB02864070BFD
(0000000228.000000) vcan0 010#022C
(0000000228.000000) vcan0 010#0300
